{
"type": "FeatureCollection",
"name": "wafs-southern-densified",
"crs": { "type": "name", "properties": { "name": "urn:ogc:def:crs:OGC:1.3:CRS84" } },
"xy_coordinate_resolution": 1e-10,
"features": [
{ "type": "Feature", "properties": { "fid": 1, "chart": "J" }, "geometry": { "type": "Polygon", "coordinates": [ [ [ -178.2, -3.3 ], [ -178.1407529779, -3.343881245 ], [ -178.0814156185, -3.3877322535 ], [ -178.0219878426, -3.4315527722 ], [ -177.9624695716, -3.4753425471 ], [ -177.9028607273, -3.5191013236 ], [ -177.8431612322, -3.5628288463 ], [ -177.7833710091, -3.6065248595 ], [ -177.7234899818, -3.6501891065 ], [ -177.6635180742, -3.6938213304 ], [ -177.603455211, -3.7374212732 ], [ -177.5433013175, -3.7809886766 ], [ -177.4830563195, -3.8245232817 ], [ -177.4227201433, -3.8680248289 ], [ -177.362292716, -3.9114930578 ], [ -177.301773965, -3.9549277078 ], [ -177.2411638186, -3.9983285172 ], [ -177.1804622056, -4.0416952241 ], [ -177.1196690552, -4.0850275658 ], [ -177.0587842975, -4.1283252791 ], [ -176.997807863, -4.1715880999 ], [ -176.9367396831, -4.2148157639 ], [ -176.8755796895, -4.258008006 ], [ -176.8143278146, -4.3011645604 ], [ -176.7529839918, -4.3442851609 ], [ -176.6915481546, -4.3873695406 ], [ -176.6300202374, -4.430417432 ], [ -176.5684001754, -4.4734285671 ], [ -176.5066879043, -4.5164026771 ], [ -176.4448833604, -4.5593394927 ], [ -176.3829864808, -4.6022387443 ], [ -176.3209972032, -4.6451001612 ], [ -176.258915466, -4.6879234726 ], [ -176.1967412082, -4.7307084067 ], [ -176.1344743697, -4.7734546914 ], [ -176.072114891, -4.816162054 ], [ -176.0096627131, -4.8588302211 ], [ -175.947117778, -4.9014589188 ], [ -175.8844800282, -4.9440478727 ], [ -175.8217494071, -4.9865968076 ], [ -175.7589258587, -5.0291054479 ], [ -175.6960093278, -5.0715735174 ], [ -175.6329997597, -5.1140007395 ], [ -175.5698971008, -5.1563868368 ], [ -175.5067012981, -5.1987315313 ], [ -175.4434122992, -5.2410345448 ], [ -175.3800300526, -5.2832955982 ], [ -175.3165545075, -5.3255144119 ], [ -175.252985614, -5.3676907059 ], [ -175.1893233229, -5.4098241995 ], [ -175.1255675856, -5.4519146117 ], [ -175.0617183546, -5.4939616605 ], [ -174.9977755829, -5.5359650639 ], [ -174.9337392244, -5.577924539 ], [ -174.869609234, -5.6198398024 ], [ -174.8053855671, -5.6617105704 ], [ -174.74106818, -5.7035365584 ], [ -174.67665703, -5.7453174817 ], [ -174.6121520749, -5.7870530546 ], [ -174.5475532736, -5.8287429914 ], [ -174.4828605857, -5.8703870055 ], [ -174.4180739718, -5.9119848099 ], [ -174.3531933931, -5.9535361171 ], [ -174.2882188118, -5.995040639 ], [ -174.223150191, -6.0364980872 ], [ -174.1579874945, -6.0779081726 ], [ -174.0927306871, -6.1192706057 ], [ -174.0273797345, -6.1605850964 ], [ -173.9619346032, -6.2018513542 ], [ -173.8963952606, -6.2430690881 ], [ -173.830761675, -6.2842380066 ], [ -173.7650338156, -6.3253578177 ], [ -173.6992116525, -6.3664282289 ], [ -173.6332951567, -6.4074489472 ], [ -173.5672843002, -6.4484196793 ], [ -173.5011790557, -6.4893401312 ], [ -173.4349793972, -6.5302100085 ], [ -173.3686852992, -6.5710290164 ], [ -173.3022967375, -6.6117968595 ], [ -173.2358136886, -6.6525132422 ], [ -173.1692361301, -6.6931778682 ], [ -173.1025640405, -6.7337904407 ], [ -173.0357973993, -6.7743506628 ], [ -172.9689361868, -6.8148582367 ], [ -172.9019803846, -6.8553128645 ], [ -172.834929975, -6.8957142478 ], [ -172.7677849413, -6.9360620876 ], [ -172.700545268, -6.9763560846 ], [ -172.6332109404, -7.016595939 ], [ -172.5657819449, -7.0567813507 ], [ -172.4982582689, -7.0969120192 ], [ -172.4306399008, -7.1369876432 ], [ -172.36292683, -7.1770079216 ], [ -172.2951190469, -7.2169725523 ], [ -172.2272165431, -7.2568812332 ], [ -172.159219311, -7.2967336616 ], [ -172.0911273444, -7.3365295345 ], [ -172.0229406376, -7.3762685484 ], [ -171.9546591866, -7.4159503995 ], [ -171.886282988, -7.4555747836 ], [ -171.8178120396, -7.4951413962 ], [ -171.7492463403, -7.5346499321 ], [ -171.6805858901, -7.5741000862 ], [ -171.6118306901, -7.6134915526 ], [ -171.5429807425, -7.6528240253 ], [ -171.4740360504, -7.6920971978 ], [ -171.4049966184, -7.7313107635 ], [ -171.3358624517, -7.770464415 ], [ -171.2666335572, -7.8095578449 ], [ -171.1973099424, -7.8485907454 ], [ -171.1278916162, -7.8875628083 ], [ -171.0583785886, -7.9264737251 ], [ -170.9887708709, -7.9653231869 ], [ -170.9190684751, -8.0041108846 ], [ -170.8492714148, -8.0428365087 ], [ -170.7793797046, -8.0814997493 ], [ -170.7093933603, -8.1201002963 ], [ -170.6393123987, -8.1586378394 ], [ -170.569136838, -8.1971120678 ], [ -170.4988666975, -8.2355226704 ], [ -170.4285019976, -8.273869336 ], [ -170.3580427601, -8.3121517529 ], [ -170.2874890079, -8.3503696093 ], [ -170.216840765, -8.3885225929 ], [ -170.1460980567, -8.4266103914 ], [ -170.0752609097, -8.464632692 ], [ -170.0043293515, -8.5025891817 ], [ -169.9333034113, -8.5404795473 ], [ -169.8621831191, -8.5783034754 ], [ -169.7909685066, -8.6160606521 ], [ -169.7196596065, -8.6537507636 ], [ -169.6482564526, -8.6913734955 ], [ -169.5767590802, -8.7289285334 ], [ -169.5051675258, -8.7664155627 ], [ -169.4334818273, -8.8038342684 ], [ -169.3617020235, -8.8411843355 ], [ -169.289828155, -8.8784654486 ], [ -169.2178602632, -8.9156772921 ], [ -169.1457983912, -8.9528195503 ], [ -169.0736425831, -8.9898919073 ], [ -169.0013928844, -9.0268940469 ], [ -168.9290493421, -9.0638256529 ], [ -168.8566120042, -9.1006864087 ], [ -168.7840809202, -9.1374759977 ], [ -168.711456141, -9.1741941031 ], [ -168.6387377188, -9.2108404078 ], [ -168.5659257069, -9.2474145947 ], [ -168.4930201603, -9.2839163465 ], [ -168.4200211351, -9.3203453457 ], [ -168.3469286888, -9.3567012748 ], [ -168.2737428805, -9.392983816 ], [ -168.2004637703, -9.4291926515 ], [ -168.1270914199, -9.4653274633 ], [ -168.0536258924, -9.5013879332 ], [ -167.9800672522, -9.5373737432 ], [ -167.9064155651, -9.5732845749 ], [ -167.8326708982, -9.6091201099 ], [ -167.7588333203, -9.6448800297 ], [ -167.6849029013, -9.6805640157 ], [ -167.6108797127, -9.7161717493 ], [ -167.5367638273, -9.7517029117 ], [ -167.4625553194, -9.7871571841 ], [ -167.3882542646, -9.8225342476 ], [ -167.3138607402, -9.8578337834 ], [ -167.2393748247, -9.8930554724 ], [ -167.1647965982, -9.9281989956 ], [ -167.090126142, -9.963264034 ], [ -167.0153635391, -9.9982502686 ], [ -166.9405088739, -10.0331573801 ], [ -166.8655622322, -10.0679850495 ], [ -166.7905237015, -10.1027329576 ], [ -166.7153933704, -10.1374007853 ], [ -166.6401713292, -10.1719882135 ], [ -166.5648576697, -10.2064949231 ], [ -166.4894524852, -10.2409205949 ], [ -166.4139558703, -10.2752649098 ], [ -166.3383679214, -10.3095275488 ], [ -166.2626887362, -10.3437081928 ], [ -166.1869184139, -10.3778065229 ], [ -166.1110570553, -10.4118222202 ], [ -166.0351047627, -10.4457549657 ], [ -165.9590616399, -10.4796044406 ], [ -165.8829277924, -10.5133703262 ], [ -165.8067033268, -10.5470523039 ], [ -165.7303883517, -10.5806500549 ], [ -165.6539829771, -10.6141632609 ], [ -165.5774873143, -10.6475916035 ], [ -165.5009014765, -10.6809347643 ], [ -165.4242255783, -10.7141924251 ], [ -165.3474597359, -10.7473642679 ], [ -165.2706040669, -10.7804499747 ], [ -165.1936586908, -10.8134492278 ], [ -165.1166237283, -10.8463617094 ], [ -165.0394993019, -10.879187102 ], [ -164.9622855357, -10.9119250883 ], [ -164.8849825553, -10.9445753511 ], [ -164.8075904878, -10.9771375732 ], [ -164.7301094622, -11.0096114379 ], [ -164.6525396087, -11.0419966284 ], [ -164.5748810595, -11.0742928283 ], [ -164.497133948, -11.1064997213 ], [ -164.4192984096, -11.1386169912 ], [ -164.341374581, -11.1706443223 ], [ -164.2633626008, -11.2025813988 ], [ -164.1852626089, -11.2344279053 ], [ -164.1070747471, -11.2661835266 ], [ -164.0287991587, -11.2978479477 ], [ -163.9504359886, -11.3294208541 ], [ -163.8719853835, -11.3609019311 ], [ -163.7934474915, -11.3922908646 ], [ -163.7148224626, -11.4235873408 ], [ -163.6361104482, -11.454791046 ], [ -163.5573116015, -11.4859016668 ], [ -163.4784260773, -11.5169188903 ], [ -163.3994540322, -11.5478424036 ], [ -163.3203956241, -11.5786718943 ], [ -163.241251013, -11.6094070504 ], [ -163.1620203603, -11.64004756 ], [ -163.0827038291, -11.6705931118 ], [ -163.0033015841, -11.7010433945 ], [ -162.9238137919, -11.7313980975 ], [ -162.8442406206, -11.7616569103 ], [ -162.7645822401, -11.7918195229 ], [ -162.6848388217, -11.8218856257 ], [ -162.6050105388, -11.8518549094 ], [ -162.5250975661, -11.8817270651 ], [ -162.4451000803, -11.9115017842 ], [ -162.3650182596, -11.9411787589 ], [ -162.284852284, -11.9707576813 ], [ -162.2046023351, -12.0002382442 ], [ -162.1242685962, -12.0296201408 ], [ -162.0438512524, -12.0589030648 ], [ -161.9633504904, -12.0880867101 ], [ -161.8827664987, -12.1171707715 ], [ -161.8020994674, -12.1461549437 ], [ -161.7213495885, -12.1750389223 ], [ -161.6405170555, -12.2038224033 ], [ -161.5596020636, -12.232505083 ], [ -161.47860481, -12.2610866583 ], [ -161.3975254932, -12.2895668268 ], [ -161.3163643139, -12.3179452863 ], [ -161.235121474, -12.3462217353 ], [ -161.1537971775, -12.3743958728 ], [ -161.07239163, -12.4024673983 ], [ -160.9909050388, -12.4304360119 ], [ -160.909337613, -12.4583014142 ], [ -160.8276895634, -12.4860633063 ], [ -160.7459611024, -12.5137213901 ], [ -160.6641524442, -12.5412753678 ], [ -160.5822638049, -12.5687249425 ], [ -160.5002954021, -12.5960698175 ], [ -160.4182474552, -12.6233096971 ], [ -160.3361201854, -12.6504442859 ], [ -160.2539138155, -12.6774732893 ], [ -160.1716285702, -12.7043964133 ], [ -160.0892646758, -12.7312133645 ], [ -160.0068223605, -12.7579238502 ], [ -159.9243018539, -12.7845275782 ], [ -159.8417033876, -12.8110242572 ], [ -159.759027195, -12.8374135964 ], [ -159.6762735111, -12.8636953058 ], [ -159.5934425725, -12.8898690959 ], [ -159.5105346177, -12.9159346781 ], [ -159.4275498871, -12.9418917644 ], [ -159.3444886224, -12.9677400675 ], [ -159.2613510675, -12.9934793009 ], [ -159.1781374677, -13.0191091788 ], [ -159.0948480702, -13.0446294161 ], [ -159.0114831238, -13.0700397284 ], [ -158.9280428791, -13.0953398323 ], [ -158.8445275885, -13.1205294449 ], [ -158.7609375061, -13.1456082841 ], [ -158.6772728877, -13.1705760688 ], [ -158.5935339907, -13.1954325185 ], [ -158.5097210745, -13.2201773534 ], [ -158.4258344, -13.2448102948 ], [ -158.3418742299, -13.2693310646 ], [ -158.2578408286, -13.2937393856 ], [ -158.1737344624, -13.3180349815 ], [ -158.089555399, -13.3422175766 ], [ -158.005303908, -13.3662868964 ], [ -157.9209802608, -13.3902426669 ], [ -157.8365847303, -13.4140846152 ], [ -157.7521175913, -13.4378124693 ], [ -157.6675791203, -13.4614259579 ], [ -157.5829695953, -13.4849248107 ], [ -157.4982892964, -13.5083087583 ], [ -157.4135385049, -13.5315775323 ], [ -157.3287175042, -13.554730865 ], [ -157.2438265792, -13.5777684897 ], [ -157.1588660167, -13.6006901409 ], [ -157.073836105, -13.6234955537 ], [ -156.988737134, -13.6461844643 ], [ -156.9035693957, -13.6687566098 ], [ -156.8183331834, -13.6912117283 ], [ -156.7330287922, -13.713549559 ], [ -156.6476565189, -13.7357698419 ], [ -156.562216662, -13.757872318 ], [ -156.4767095217, -13.7798567296 ], [ -156.3911353997, -13.8017228195 ], [ -156.3054945996, -13.8234703321 ], [ -156.2197874265, -13.8450990123 ], [ -156.1340141873, -13.8666086063 ], [ -156.0481751904, -13.8879988614 ], [ -155.9622707459, -13.9092695259 ], [ -155.8763011656, -13.9304203491 ], [ -155.790266763, -13.9514510813 ], [ -155.704167853, -13.972361474 ], [ -155.6180047525, -13.9931512799 ], [ -155.5317777798, -14.0138202526 ], [ -155.4454872547, -14.0343681469 ], [ -155.359133499, -14.0547947185 ], [ -155.2727168358, -14.0750997246 ], [ -155.18623759, -14.0952829233 ], [ -155.099696088, -14.1153440738 ], [ -155.0130926578, -14.1352829365 ], [ -154.9264276291, -14.1550992729 ], [ -154.8397013331, -14.1747928459 ], [ -154.7529141028, -14.1943634193 ], [ -154.6660662724, -14.2138107582 ], [ -154.579158178, -14.2331346288 ], [ -154.4921901572, -14.2523347985 ], [ -154.4051625492, -14.271411036 ], [ -154.3180756945, -14.2903631112 ], [ -154.2309299357, -14.3091907951 ], [ -154.1437256163, -14.3278938601 ], [ -154.0564630819, -14.3464720796 ], [ -153.9691426793, -14.3649252285 ], [ -153.881764757, -14.3832530827 ], [ -153.794329665, -14.4014554195 ], [ -153.7068377548, -14.4195320175 ], [ -153.6192893793, -14.4374826565 ], [ -153.5316848932, -14.4553071176 ], [ -153.4440246525, -14.4730051831 ], [ -153.3563090146, -14.4905766368 ], [ -153.2685383387, -14.5080212636 ], [ -153.1807129852, -14.5253388497 ], [ -153.0928333161, -14.5425291829 ], [ -153.0048996949, -14.5595920521 ], [ -152.9169124865, -14.5765272475 ], [ -152.8288720572, -14.5933345607 ], [ -152.7407787749, -14.6100137847 ], [ -152.6526330089, -14.6265647138 ], [ -152.5644351298, -14.6429871437 ], [ -152.4761855097, -14.6592808714 ], [ -152.3878845223, -14.6754456953 ], [ -152.2995325425, -14.6914814154 ], [ -152.2111299465, -14.7073878327 ], [ -152.1226771123, -14.7231647498 ], [ -152.0341744188, -14.7388119709 ], [ -151.9456222467, -14.7543293013 ], [ -151.8570209778, -14.7697165478 ], [ -151.7683709953, -14.7849735188 ], [ -151.679672684, -14.8001000239 ], [ -151.5909264297, -14.8150958743 ], [ -151.5021326197, -14.8299608826 ], [ -151.4132916426, -14.8446948629 ], [ -151.3244038884, -14.8592976307 ], [ -151.2354697484, -14.8737690029 ], [ -151.146489615, -14.8881087981 ], [ -151.0574638822, -14.9023168362 ], [ -150.968392945, -14.9163929387 ], [ -150.8792771999, -14.9303369284 ], [ -150.7901170446, -14.9441486298 ], [ -150.7009128779, -14.957827869 ], [ -150.6116651001, -14.9713744732 ], [ -150.5223741126, -14.9847882717 ], [ -150.4330403179, -14.9980690947 ], [ -150.34366412, -15.0112167745 ], [ -150.254245924, -15.0242311447 ], [ -150.1647861361, -15.0371120403 ], [ -150.0752851638, -15.0498592981 ], [ -149.9857434156, -15.0624727563 ], [ -149.8961613015, -15.0749522548 ], [ -149.8065392324, -15.0872976349 ], [ -149.7168776203, -15.0995087398 ], [ -149.6271768786, -15.1115854138 ], [ -149.5374374217, -15.1235275033 ], [ -149.447659665, -15.1353348559 ], [ -149.3578440251, -15.147007321 ], [ -149.2679909198, -15.1585447495 ], [ -149.1781007678, -15.1699469941 ], [ -149.088173989, -15.181213909 ], [ -148.9982110043, -15.19234535 ], [ -148.9082122357, -15.2033411744 ], [ -148.8181781063, -15.2142012416 ], [ -148.72810904, -15.224925412 ], [ -148.6380054619, -15.2355135483 ], [ -148.5478677982, -15.2459655143 ], [ -148.457696476, -15.2562811757 ], [ -148.3674919231, -15.2664604001 ], [ -148.2772545689, -15.2765030562 ], [ -148.1869848431, -15.2864090149 ], [ -148.0966831768, -15.2961781486 ], [ -148.0063500018, -15.3058103312 ], [ -147.9159857511, -15.3153054386 ], [ -147.8255908583, -15.3246633481 ], [ -147.735165758, -15.3338839389 ], [ -147.6447108859, -15.3429670919 ], [ -147.5542266782, -15.3519126896 ], [ -147.4637135724, -15.3607206162 ], [ -147.3731720065, -15.3693907578 ], [ -147.2826024196, -15.3779230019 ], [ -147.1920052513, -15.3863172381 ], [ -147.1013809425, -15.3945733575 ], [ -147.0107299345, -15.402691253 ], [ -146.9200526695, -15.4106708191 ], [ -146.8293495906, -15.4185119523 ], [ -146.7386211416, -15.4262145507 ], [ -146.647867767, -15.4337785141 ], [ -146.5570899121, -15.4412037441 ], [ -146.4662880229, -15.4484901441 ], [ -146.3754625462, -15.4556376193 ], [ -146.2846139294, -15.4626460765 ], [ -146.1937426207, -15.4695154244 ], [ -146.1028490689, -15.4762455735 ], [ -146.0119337234, -15.4828364359 ], [ -145.9209970345, -15.4892879256 ], [ -145.8300394529, -15.4955999586 ], [ -145.7390614299, -15.5017724522 ], [ -145.6480634178, -15.5078053258 ], [ -145.557045869, -15.5136985007 ], [ -145.4660092368, -15.5194518998 ], [ -145.3749539751, -15.5250654478 ], [ -145.2838805381, -15.5305390712 ], [ -145.1927893807, -15.5358726984 ], [ -145.1016809585, -15.5410662596 ], [ -145.0105557273, -15.5461196867 ], [ -144.9194141437, -15.5510329136 ], [ -144.8282566646, -15.5558058758 ], [ -144.7370837475, -15.5604385107 ], [ -144.6458958502, -15.5649307577 ], [ -144.5546934312, -15.5692825577 ], [ -144.4634769492, -15.5734938537 ], [ -144.3722468636, -15.5775645903 ], [ -144.2810036339, -15.5814947142 ], [ -144.1897477202, -15.5852841737 ], [ -144.0984795829, -15.5889329191 ], [ -144.0071996829, -15.5924409023 ], [ -143.9159084813, -15.5958080774 ], [ -143.8246064395, -15.5990344 ], [ -143.7332940196, -15.6021198277 ], [ -143.6419716835, -15.6050643199 ], [ -143.5506398938, -15.6078678379 ], [ -143.4592991132, -15.6105303449 ], [ -143.3679498048, -15.6130518057 ], [ -143.2765924317, -15.6154321873 ], [ -143.1852274576, -15.6176714583 ], [ -143.0938553461, -15.6197695891 ], [ -143.0024765613, -15.6217265522 ], [ -142.9110915672, -15.6235423218 ], [ -142.8197008284, -15.625216874 ], [ -142.7283048094, -15.6267501868 ], [ -142.6369039747, -15.6281422399 ], [ -142.5454987893, -15.629393015 ], [ -142.4540897182, -15.6305024956 ], [ -142.3626772265, -15.6314706671 ], [ -142.2712617793, -15.6322975168 ], [ -142.179843842, -15.6329830338 ], [ -142.0884238799, -15.6335272089 ], [ -141.9970023585, -15.6339300351 ], [ -141.9055797433, -15.6341915071 ], [ -141.8141564997, -15.6343116213 ], [ -141.7227330933, -15.6342903762 ], [ -141.6313099896, -15.6341277722 ], [ -141.5398876542, -15.6338238112 ], [ -141.4484665526, -15.6333784975 ], [ -141.3570471502, -15.6327918367 ], [ -141.2656299125, -15.6320638366 ], [ -141.1742153048, -15.6311945069 ], [ -141.0828037923, -15.630183859 ], [ -140.9913958403, -15.6290319062 ], [ -140.8999919138, -15.6277386637 ], [ -140.8085924778, -15.6263041485 ], [ -140.717197997, -15.6247283795 ], [ -140.6258089362, -15.6230113775 ], [ -140.5344257597, -15.621153165 ], [ -140.443048932, -15.6191537666 ], [ -140.3516789171, -15.6170132086 ], [ -140.260316179, -15.6147315192 ], [ -140.1689611813, -15.6123087284 ], [ -140.0776143874, -15.609744868 ], [ -139.9862762607, -15.6070399719 ], [ -139.894947264, -15.6041940756 ], [ -139.8036278599, -15.6012072166 ], [ -139.7123185109, -15.5980794341 ], [ -139.621019679, -15.5948107693 ], [ -139.5297318259, -15.5914012651 ], [ -139.4384554131, -15.5878509663 ], [ -139.3471909016, -15.5841599197 ], [ -139.2559387521, -15.5803281737 ], [ -139.1646994249, -15.5763557787 ], [ -139.07347338, -15.5722427867 ], [ -138.9822610769, -15.5679892519 ], [ -138.8910629746, -15.56359523 ], [ -138.799879532, -15.5590607786 ], [ -138.7087112071, -15.5543859574 ], [ -138.6175584578, -15.5495708275 ], [ -138.5264217414, -15.5446154521 ], [ -138.4353015148, -15.5395198962 ], [ -138.3441982342, -15.5342842264 ], [ -138.2531123554, -15.5289085114 ], [ -138.1620443337, -15.5233928216 ], [ -138.0709946239, -15.5177372291 ], [ -137.9799636802, -15.511941808 ], [ -137.8889519562, -15.506006634 ], [ -137.7979599049, -15.4999317847 ], [ -137.7069879788, -15.4937173395 ], [ -137.6160366297, -15.4873633797 ], [ -137.5251063088, -15.4808699881 ], [ -137.4341974669, -15.4742372495 ], [ -137.3433105537, -15.4674652505 ], [ -137.2524460186, -15.4605540793 ], [ -137.1616043102, -15.4535038261 ], [ -137.0707858765, -15.4463145828 ], [ -136.9799911647, -15.4389864429 ], [ -136.8892206213, -15.4315195019 ], [ -136.7984746921, -15.423913857 ], [ -136.7077538222, -15.4161696069 ], [ -136.6170584559, -15.4082868525 ], [ -136.5263890367, -15.4002656961 ], [ -136.4357460075, -15.3921062418 ], [ -136.3451298103, -15.3838085957 ], [ -136.2545408862, -15.3753728652 ], [ -136.1639796757, -15.3667991599 ], [ -136.0734466183, -15.3580875908 ], [ -135.9829421527, -15.3492382707 ], [ -135.8924667169, -15.3402513141 ], [ -135.8020207478, -15.3311268374 ], [ -135.7116046816, -15.3218649584 ], [ -135.6212189536, -15.3124657969 ], [ -135.5308639981, -15.3029294742 ], [ -135.4405402487, -15.2932561135 ], [ -135.3502481378, -15.2834458393 ], [ -135.259988097, -15.2734987784 ], [ -135.1697605571, -15.2634150586 ], [ -135.0795659477, -15.2531948099 ], [ -134.9894046976, -15.2428381637 ], [ -134.8992772346, -15.2323452532 ], [ -134.8091839855, -15.2217162132 ], [ -134.7191253759, -15.2109511801 ], [ -134.6291018308, -15.200050292 ], [ -134.5391137738, -15.1890136888 ], [ -134.4491616276, -15.1778415118 ], [ -134.359245814, -15.166533904 ], [ -134.2693667534, -15.1550910101 ], [ -134.1795248656, -15.1435129765 ], [ -134.0897205688, -15.1317999509 ], [ -133.9999542806, -15.1199520829 ], [ -133.9102264171, -15.1079695237 ], [ -133.8205373936, -15.0958524259 ], [ -133.7308876241, -15.0836009439 ], [ -133.6412775214, -15.0712152337 ], [ -133.5517074975, -15.0586954525 ], [ -133.4621779628, -15.0460417597 ], [ -133.3726893268, -15.0332543157 ], [ -133.2832419979, -15.0203332828 ], [ -133.1938363831, -15.0072788248 ], [ -133.1044728883, -14.994091107 ], [ -133.0151519183, -14.9807702962 ], [ -132.9258738766, -14.9673165609 ], [ -132.8366391654, -14.9537300709 ], [ -132.7474481857, -14.9400109978 ], [ -132.6583013374, -14.9261595145 ], [ -132.569199019, -14.9121757956 ], [ -132.4801416278, -14.898060017 ], [ -132.3911295599, -14.8838123562 ], [ -132.30216321, -14.8694329924 ], [ -132.2132429715, -14.8549221058 ], [ -132.1243692366, -14.8402798786 ], [ -132.0355423962, -14.8255064942 ], [ -131.9467628398, -14.8106021375 ], [ -131.8580309556, -14.7955669949 ], [ -131.7693471305, -14.7804012542 ], [ -131.6807117501, -14.7651051047 ], [ -131.5921251986, -14.7496787371 ], [ -131.5035878588, -14.7341223435 ], [ -131.4151001122, -14.7184361176 ], [ -131.3266623388, -14.7026202544 ], [ -131.2382749175, -14.6866749502 ], [ -131.1499382256, -14.6706004029 ], [ -131.0616526389, -14.6543968117 ], [ -130.9734185321, -14.6380643772 ], [ -130.8852362782, -14.6216033014 ], [ -130.7971062489, -14.6050137876 ], [ -130.7090288145, -14.5882960406 ], [ -130.6210043439, -14.5714502665 ], [ -130.5330332044, -14.5544766728 ], [ -130.4451157619, -14.5373754681 ], [ -130.3572523809, -14.5201468627 ], [ -130.2694434246, -14.502791068 ], [ -130.1816892543, -14.4853082968 ], [ -130.0939902301, -14.4676987633 ], [ -130.0063467107, -14.4499626827 ], [ -129.9187590531, -14.4321002719 ], [ -129.8312276128, -14.4141117489 ], [ -129.7437527441, -14.3959973328 ], [ -129.6563347994, -14.3777572444 ], [ -129.5689741298, -14.3593917054 ], [ -129.4816710848, -14.340900939 ], [ -129.3944260123, -14.3222851694 ], [ -129.307239259, -14.3035446224 ], [ -129.2201111696, -14.2846795247 ], [ -129.1330420875, -14.2656901044 ], [ -129.0460323546, -14.2465765909 ], [ -128.959082311, -14.2273392145 ], [ -128.8721922955, -14.2079782071 ], [ -128.7853626451, -14.1884938016 ], [ -128.6985936954, -14.168886232 ], [ -128.6118857804, -14.1491557336 ], [ -128.5252392324, -14.129302543 ], [ -128.4386543821, -14.1093268977 ], [ -128.3521315587, -14.0892290365 ], [ -128.2656710899, -14.0690091993 ], [ -128.1792733015, -14.0486676273 ], [ -128.0929385178, -14.0282045627 ], [ -128.0066670618, -14.0076202488 ], [ -127.9204592543, -13.98691493 ], [ -127.8343154149, -13.9660888519 ], [ -127.7482358615, -13.9451422612 ], [ -127.6622209103, -13.9240754056 ], [ -127.5762708758, -13.9028885341 ], [ -127.4903860709, -13.8815818964 ], [ -127.404566807, -13.8601557436 ], [ -127.3188133937, -13.8386103278 ], [ -127.233126139, -13.816945902 ], [ -127.1475053492, -13.7951627205 ], [ -127.0619513288, -13.7732610382 ], [ -126.976464381, -13.7512411115 ], [ -126.8910448071, -13.7291031976 ], [ -126.8056929066, -13.7068475547 ], [ -126.7204089777, -13.6844744421 ], [ -126.6351933164, -13.6619841199 ], [ -126.5500462176, -13.6393768493 ], [ -126.464967974, -13.6166528926 ], [ -126.379958877, -13.5938125129 ], [ -126.295019216, -13.5708559743 ], [ -126.210149279, -13.5477835418 ], [ -126.125349352, -13.5245954815 ], [ -126.0406197196, -13.5012920602 ], [ -125.9559606645, -13.4778735459 ], [ -125.8713724677, -13.4543402073 ], [ -125.7868554087, -13.4306923141 ], [ -125.7024097649, -13.4069301368 ], [ -125.6180358125, -13.3830539469 ], [ -125.5337338255, -13.3590640168 ], [ -125.4495040765, -13.3349606197 ], [ -125.3653468363, -13.3107440297 ], [ -125.2812623739, -13.2864145217 ], [ -125.1972509567, -13.2619723715 ], [ -125.1133128503, -13.2374178557 ], [ -125.0294483187, -13.2127512519 ], [ -124.945657624, -13.1879728382 ], [ -124.8619410266, -13.1630828939 ], [ -124.7782987854, -13.1380816987 ], [ -124.6947311572, -13.1129695334 ], [ -124.6112383975, -13.0877466794 ], [ -124.5278207597, -13.0624134191 ], [ -124.4444784956, -13.0369700354 ], [ -124.3612118554, -13.0114168122 ], [ -124.2780210875, -12.9857540341 ], [ -124.1949064383, -12.9599819862 ], [ -124.1118681529, -12.9341009547 ], [ -124.0289064743, -12.9081112262 ], [ -123.9460216441, -12.8820130884 ], [ -123.8632139018, -12.8558068293 ], [ -123.7804834855, -12.8294927379 ], [ -123.6978306315, -12.8030711038 ], [ -123.615255574, -12.7765422172 ], [ -123.5327585461, -12.7499063691 ], [ -123.4503397785, -12.7231638511 ], [ -123.3679995008, -12.6963149554 ], [ -123.2857379403, -12.6693599751 ], [ -123.203555323, -12.6422992037 ], [ -123.1214518728, -12.6151329354 ], [ -123.0394278123, -12.587861465 ], [ -122.957483362, -12.5604850881 ], [ -122.8756187407, -12.5330041005 ], [ -122.7938341658, -12.5054187991 ], [ -122.7121298525, -12.4777294811 ], [ -122.6305060146, -12.4499364443 ], [ -122.5489628642, -12.4220399872 ], [ -122.4675006114, -12.3940404086 ], [ -122.3861194648, -12.3659380083 ], [ -122.3048196312, -12.3377330862 ], [ -122.2236013156, -12.309425943 ], [ -122.1424647215, -12.2810168799 ], [ -122.0614100504, -12.2525061985 ], [ -121.9804375024, -12.2238942012 ], [ -121.8995472755, -12.1951811906 ], [ -121.8187395664, -12.1663674699 ], [ -121.7380145697, -12.1374533429 ], [ -121.6573724786, -12.1084391138 ], [ -121.5768134843, -12.0793250872 ], [ -121.4963377766, -12.0501115684 ], [ -121.4159455434, -12.0207988628 ], [ -121.3356369708, -11.9913872767 ], [ -121.2554122436, -11.9618771164 ], [ -121.1752715444, -11.932268689 ], [ -121.0952150544, -11.9025623017 ], [ -121.015242953, -11.8727582625 ], [ -120.9353554181, -11.8428568795 ], [ -120.8555526256, -11.8128584612 ], [ -120.77583475, -11.7827633168 ], [ -120.6962019638, -11.7525717555 ], [ -120.6166544382, -11.7222840873 ], [ -120.5371923424, -11.6919006221 ], [ -120.457815844, -11.6614216706 ], [ -120.378525109, -11.6308475435 ], [ -120.2993203018, -11.6001785521 ], [ -120.2202015849, -11.5694150079 ], [ -120.1411691192, -11.5385572228 ], [ -120.0622230642, -11.5076055091 ], [ -119.9833635773, -11.4765601792 ], [ -119.9045908147, -11.445421546 ], [ -119.8259049305, -11.4141899226 ], [ -119.7473060775, -11.3828656224 ], [ -119.6687944067, -11.3514489592 ], [ -119.5903700675, -11.3199402469 ], [ -119.5120332075, -11.2883397998 ], [ -119.433783973, -11.2566479324 ], [ -119.3556225083, -11.2248649595 ], [ -119.2775489563, -11.1929911962 ], [ -119.1995634582, -11.1610269576 ], [ -119.1216661536, -11.1289725594 ], [ -119.0438571804, -11.0968283172 ], [ -118.966136675, -11.0645945469 ], [ -118.8885047721, -11.0322715648 ], [ -118.8109616049, -10.9998596871 ], [ -118.7335073049, -10.9673592305 ], [ -118.6561420019, -10.9347705116 ], [ -118.5788658244, -10.9020938474 ], [ -118.501678899, -10.869329555 ], [ -118.4245813509, -10.8364779516 ], [ -118.3475733036, -10.8035393547 ], [ -118.2706548792, -10.7705140818 ], [ -118.193826198, -10.7374024506 ], [ -118.1170873789, -10.7042047791 ], [ -118.040438539, -10.6709213851 ], [ -117.9638797943, -10.6375525867 ], [ -117.8874112587, -10.6040987023 ], [ -117.8110330448, -10.5705600501 ], [ -117.7347452638, -10.5369369485 ], [ -117.658548025, -10.5032297162 ], [ -117.5824414365, -10.4694386716 ], [ -117.5064256047, -10.4355641335 ], [ -117.4305006344, -10.4016064207 ], [ -117.354666629, -10.367565852 ], [ -117.2789236903, -10.3334427463 ], [ -117.2032719187, -10.2992374225 ], [ -117.127711413, -10.2649501997 ], [ -117.0522422704, -10.2305813968 ], [ -116.9768645867, -10.196131333 ], [ -116.9015784563, -10.1616003274 ], [ -116.8263839719, -10.126988699 ], [ -116.7512812249, -10.092296767 ], [ -116.6762703051, -10.0575248505 ], [ -116.6013513008, -10.0226732687 ], [ -116.5265242989, -9.9877423407 ], [ -116.4517893849, -9.9527323856 ], [ -116.3771466426, -9.9176437225 ], [ -116.3025961546, -9.8824766705 ], [ -116.2281380018, -9.8472315486 ], [ -116.1537722639, -9.8119086759 ], [ -116.079499019, -9.7765083713 ], [ -116.0053183439, -9.7410309536 ], [ -115.9312303137, -9.7054767418 ], [ -115.8572350024, -9.6698460546 ], [ -115.7833324823, -9.6341392108 ], [ -115.7095228245, -9.598356529 ], [ -115.6358060985, -9.5624983277 ], [ -115.5621823726, -9.5265649254 ], [ -115.4886517135, -9.4905566405 ], [ -115.4152141867, -9.4544737913 ], [ -115.3418698561, -9.4183166959 ], [ -115.2686187843, -9.3820856724 ], [ -115.1954610327, -9.3457810387 ], [ -115.122396661, -9.3094031126 ], [ -115.0494257277, -9.2729522119 ], [ -114.9765482901, -9.2364286541 ], [ -114.9037644039, -9.1998327565 ], [ -114.8310741235, -9.1631648365 ], [ -114.758477502, -9.1264252112 ], [ -114.6859745911, -9.0896141974 ], [ -114.6135654413, -9.052732112 ], [ -114.5412501017, -9.0157792716 ], [ -114.46902862, -8.9787559927 ], [ -114.3969010426, -8.9416625914 ], [ -114.3248674148, -8.9044993839 ], [ -114.2529277802, -8.867266686 ], [ -114.1810821816, -8.8299648135 ], [ -114.10933066, -8.7925940817 ], [ -114.0376732554, -8.7551548061 ], [ -113.9661100065, -8.7176473015 ], [ -113.8946409508, -8.6800718829 ], [ -113.8232661242, -8.6424288649 ], [ -113.7519855617, -8.6047185618 ], [ -113.6807992968, -8.5669412879 ], [ -113.6097073619, -8.5290973569 ], [ -113.5387097881, -8.4911870826 ], [ -113.4678066052, -8.4532107784 ], [ -113.3969978418, -8.4151687575 ], [ -113.3262835254, -8.3770613326 ], [ -113.2556636821, -8.3388888166 ], [ -113.1851383368, -8.3006515217 ], [ -113.1147075133, -8.26234976 ], [ -113.044371234, -8.2239838434 ], [ -112.9741295204, -8.1855540833 ], [ -112.9039823925, -8.147060791 ], [ -112.8339298693, -8.1085042774 ], [ -112.7639719685, -8.0698848532 ], [ -112.6941087068, -8.0312028286 ], [ -112.6243400995, -7.9924585138 ], [ -112.5546661609, -7.9536522184 ], [ -112.485086904, -7.9147842519 ], [ -112.4156023409, -7.8758549232 ], [ -112.3462124823, -7.8368645412 ], [ -112.2769173378, -7.7978134143 ], [ -112.2077169159, -7.7587018505 ], [ -112.1386112242, -7.7195301575 ], [ -112.0696002687, -7.6802986429 ], [ -112.0006840547, -7.6410076135 ], [ -111.9318625862, -7.6016573762 ], [ -111.8631358661, -7.5622482372 ], [ -111.7945038963, -7.5227805025 ], [ -111.7259666775, -7.4832544777 ], [ -111.6575242093, -7.443670468 ], [ -111.5891764904, -7.4040287783 ], [ -111.5209235182, -7.3643297132 ], [ -111.4527652891, -7.3245735766 ], [ -111.3847017985, -7.2847606722 ], [ -111.3167330408, -7.2448913035 ], [ -111.2488590092, -7.2049657733 ], [ -111.1810796959, -7.1649843842 ], [ -111.113395092, -7.1249474382 ], [ -111.0458051878, -7.0848552371 ], [ -110.9783099723, -7.0447080822 ], [ -110.9109094336, -7.0045062744 ], [ -110.8436035589, -6.9642501141 ], [ -110.7763923341, -6.9239399015 ], [ -110.7092757444, -6.8835759361 ], [ -110.6422537739, -6.8431585171 ], [ -110.5753264055, -6.8026879432 ], [ -110.5084936215, -6.7621645129 ], [ -110.4417554028, -6.721588524 ], [ -110.3751117298, -6.6809602739 ], [ -110.3085625815, -6.6402800597 ], [ -110.2421079361, -6.5995481778 ], [ -110.175747771, -6.5587649244 ], [ -110.1094820624, -6.517930595 ], [ -110.0433107858, -6.4770454849 ], [ -109.9772339154, -6.4361098888 ], [ -109.9112514249, -6.3951241009 ], [ -109.8453632868, -6.354088415 ], [ -109.7795694728, -6.3130031243 ], [ -109.7138699536, -6.2718685217 ], [ -109.648264699, -6.2306848995 ], [ -109.582753678, -6.1894525495 ], [ -109.5173368586, -6.1481717632 ], [ -109.4520142079, -6.1068428313 ], [ -109.3867856922, -6.0654660444 ], [ -109.3216512769, -6.0240416922 ], [ -109.2566109265, -5.9825700641 ], [ -109.1916646046, -5.9410514491 ], [ -109.126812274, -5.8994861354 ], [ -109.0620538967, -5.857874411 ], [ -108.9973894336, -5.8162165633 ], [ -108.9328188451, -5.774512879 ], [ -108.8683420905, -5.7327636445 ], [ -108.8039591283, -5.6909691456 ], [ -108.7396699164, -5.6491296676 ], [ -108.6754744115, -5.6072454952 ], [ -108.6113725699, -5.5653169128 ], [ -108.5473643468, -5.5233442039 ], [ -108.4834496966, -5.4813276518 ], [ -108.419628573, -5.439267539 ], [ -108.355900929, -5.3971641478 ], [ -108.2922667167, -5.3550177596 ], [ -108.2287258872, -5.3128286555 ], [ -108.1652783913, -5.2705971158 ], [ -108.1019241786, -5.2283234207 ], [ -108.0386631983, -5.1860078493 ], [ -107.9754953984, -5.1436506806 ], [ -107.9124207265, -5.1012521928 ], [ -107.8494391295, -5.0588126636 ], [ -107.7865505531, -5.0163323701 ], [ -107.7237549428, -4.973811589 ], [ -107.6610522431, -4.9312505962 ], [ -107.5984423978, -4.8886496672 ], [ -107.5359253499, -4.8460090768 ], [ -107.4735010418, -4.8033290995 ], [ -107.4111694153, -4.7606100089 ], [ -107.3489304112, -4.7178520782 ], [ -107.2867839698, -4.67505558 ], [ -107.2247300307, -4.6322207863 ], [ -107.1627685327, -4.5893479685 ], [ -107.1008994142, -4.5464373974 ], [ -107.0391226124, -4.5034893434 ], [ -106.9774380644, -4.4605040761 ], [ -106.9158457063, -4.4174818646 ], [ -106.8543454736, -4.3744229773 ], [ -106.7929373012, -4.3313276822 ], [ -106.7316211232, -4.2881962465 ], [ -106.6703968733, -4.2450289371 ], [ -106.6092644843, -4.2018260199 ], [ -106.5482238886, -4.1585877605 ], [ -106.4872750178, -4.1153144239 ], [ -106.4264178029, -4.0720062743 ], [ -106.3656521744, -4.0286635753 ], [ -106.304978062, -3.9852865902 ], [ -106.2443953949, -3.9418755814 ], [ -106.1839041018, -3.8984308108 ], [ -106.1235041105, -3.8549525396 ], [ -106.0631953486, -3.8114410285 ], [ -106.0029777427, -3.7678965376 ], [ -105.9428512191, -3.7243193262 ], [ -105.8828157034, -3.6807096531 ], [ -105.8228711207, -3.6370677766 ], [ -105.7630173955, -3.5933939543 ], [ -105.7032544517, -3.549688443 ], [ -105.6435822127, -3.505951499 ], [ -105.5840006013, -3.4621833782 ], [ -105.5245095397, -3.4183843355 ], [ -105.4651089497, -3.3745546254 ], [ -105.4057987524, -3.3306945018 ], [ -105.3465788685, -3.2868042177 ], [ -105.2874492181, -3.2428840259 ], [ -105.2284097208, -3.1989341781 ], [ -105.1694602956, -3.1549549257 ], [ -105.1106008612, -3.1109465194 ], [ -105.0518313355, -3.0669092092 ], [ -104.993151636, -3.0228432444 ], [ -104.9345616799, -2.9787488739 ], [ -104.8760613836, -2.9346263457 ], [ -104.8176506631, -2.8904759073 ], [ -104.7593294341, -2.8462978056 ], [ -104.7010976116, -2.8020922867 ], [ -104.6429551102, -2.7578595962 ], [ -104.5849018439, -2.7135999791 ], [ -104.5269377266, -2.6693136795 ], [ -104.4690626712, -2.6250009411 ], [ -104.4112765907, -2.5806620069 ], [ -104.3535793971, -2.5362971192 ], [ -104.2959710024, -2.4919065197 ], [ -104.2384513178, -2.4474904494 ], [ -104.1810202545, -2.4030491487 ], [ -104.1236777227, -2.3585828573 ], [ -104.0664236326, -2.3140918143 ], [ -104.0092578938, -2.2695762582 ], [ -103.9521804155, -2.2250364268 ], [ -103.8951911064, -2.1804725571 ], [ -103.838289875, -2.1358848856 ], [ -103.7814766292, -2.0912736483 ], [ -103.7247512765, -2.0466390801 ], [ -103.6681137241, -2.0019814157 ], [ -103.6115638787, -1.9573008889 ], [ -103.5551016466, -1.9125977329 ], [ -103.4987269339, -1.8678721803 ], [ -103.442439646, -1.8231244629 ], [ -103.3862396882, -1.778354812 ], [ -103.3301269653, -1.7335634581 ], [ -103.2741013817, -1.6887506311 ], [ -103.2181628414, -1.6439165604 ], [ -103.1623112482, -1.5990614745 ], [ -103.1065465055, -1.5541856014 ], [ -103.0508685161, -1.5092891683 ], [ -102.9952771827, -1.4643724018 ], [ -102.9397724076, -1.4194355279 ], [ -102.8843540927, -1.3744787719 ], [ -102.8290221397, -1.3295023584 ], [ -102.7737764496, -1.2845065114 ], [ -102.7186169236, -1.2394914543 ], [ -102.663543462, -1.1944574095 ], [ -102.6085559653, -1.1494045993 ], [ -102.5536543334, -1.1043332448 ], [ -102.4988384658, -1.0592435667 ], [ -102.4441082619, -1.014135785 ], [ -102.3894636206, -0.9690101191 ], [ -102.3349044407, -0.9238667876 ], [ -102.2804306206, -0.8787060085 ], [ -102.2260420582, -0.8335279993 ], [ -102.1717386515, -0.7883329764 ], [ -102.1175202978, -0.7431211561 ], [ -102.0633868945, -0.6978927536 ], [ -102.0093383384, -0.6526479836 ], [ -101.9553745261, -0.6073870602 ], [ -101.9014953541, -0.5621101966 ], [ -101.8477007184, -0.5168176057 ], [ -101.7939905149, -0.4715094995 ], [ -101.740364639, -0.4261860892 ], [ -101.6868229862, -0.3808475857 ], [ -101.6333654513, -0.3354941989 ], [ -101.5799919292, -0.2901261383 ], [ -101.5267023145, -0.2447436126 ], [ -101.4734965013, -0.1993468298 ], [ -101.4203743837, -0.1539359973 ], [ -101.3673358555, -0.1085113219 ], [ -101.3143808102, -0.0630730096 ], [ -101.2615091412, -0.0176212658 ], [ -101.2087207415, 0.0278437047 ], [ -101.1560155039, 0.0733216978 ], [ -101.1033933212, 0.1188125102 ], [ -101.0508540856, 0.1643159391 ], [ -100.9983976893, 0.2098317824 ], [ -100.9460240244, 0.2553598386 ], [ -100.8937329826, 0.3008999069 ], [ -100.8415244554, 0.3464517874 ], [ -100.7893983342, 0.3920152804 ], [ -100.73735451, 0.4375901873 ], [ -100.6853928739, 0.4831763098 ], [ -100.6335133165, 0.5287734505 ], [ -100.5817157284, 0.5743814126 ], [ -100.53, 0.62 ], [ -100.4845737052, 0.5680926075 ], [ -100.4390655667, 0.5161743412 ], [ -100.3934754208, 0.4642453565 ], [ -100.3478031034, 0.4123058095 ], [ -100.3020484505, 0.360355857 ], [ -100.2562112976, 0.3083956566 ], [ -100.2102914802, 0.2564253666 ], [ -100.1642888338, 0.2044451461 ], [ -100.1182031934, 0.152455155 ], [ -100.072034394, 0.100455554 ], [ -100.0257822705, 0.0484465045 ], [ -99.9794466576, -0.0035718314 ], [ -99.9330273897, -0.0555992907 ], [ -99.8865243013, -0.1076357097 ], [ -99.8399372264, -0.1596809238 ], [ -99.7932659992, -0.2117347679 ], [ -99.7465104535, -0.2637970757 ], [ -99.699670423, -0.3158676805 ], [ -99.6527457414, -0.3679464146 ], [ -99.605736242, -0.4200331097 ], [ -99.5586417583, -0.4721275964 ], [ -99.5114621232, -0.5242297048 ], [ -99.4641971698, -0.5763392642 ], [ -99.416846731, -0.6284561029 ], [ -99.3694106395, -0.6805800485 ], [ -99.3218887279, -0.7327109279 ], [ -99.2742808286, -0.784848567 ], [ -99.226586774, -0.8369927912 ], [ -99.1788063962, -0.8891434248 ], [ -99.1309395274, -0.9413002914 ], [ -99.0829859994, -0.9934632138 ], [ -99.0349456441, -1.045632014 ], [ -98.9868182931, -1.0978065132 ], [ -98.9386037782, -1.1499865317 ], [ -98.8903019306, -1.2021718891 ], [ -98.8419125818, -1.2543624042 ], [ -98.7934355629, -1.3065578948 ], [ -98.7448707052, -1.358758178 ], [ -98.6962178396, -1.4109630702 ], [ -98.647476797, -1.4631723866 ], [ -98.5986474083, -1.5153859421 ], [ -98.5497295041, -1.5676035502 ], [ -98.500722915, -1.6198250241 ], [ -98.4516274716, -1.6720501758 ], [ -98.4024430043, -1.7242788166 ], [ -98.3531693434, -1.776510757 ], [ -98.3038063191, -1.8287458066 ], [ -98.2543537617, -1.8809837741 ], [ -98.2048115011, -1.9332244676 ], [ -98.1551793674, -1.9854676941 ], [ -98.1054571905, -2.0377132598 ], [ -98.0556448001, -2.0899609702 ], [ -98.0057420262, -2.1422106298 ], [ -97.9557486983, -2.1944620423 ], [ -97.9056646461, -2.2467150106 ], [ -97.8554896992, -2.2989693367 ], [ -97.8052236871, -2.3512248217 ], [ -97.7548664391, -2.4034812659 ], [ -97.7044177848, -2.4557384688 ], [ -97.6538775534, -2.5079962288 ], [ -97.6032455742, -2.5602543438 ], [ -97.5525216765, -2.6125126105 ], [ -97.5017056894, -2.6647708249 ], [ -97.4507974421, -2.7170287822 ], [ -97.3997967637, -2.7692862766 ], [ -97.3487034833, -2.8215431015 ], [ -97.2975174299, -2.8737990493 ], [ -97.2462384326, -2.9260539118 ], [ -97.1948663203, -2.9783074795 ], [ -97.1434009221, -3.0305595425 ], [ -97.0918420668, -3.0828098897 ], [ -97.0401895833, -3.1350583092 ], [ -96.9884433007, -3.1873045883 ], [ -96.9366030478, -3.2395485133 ], [ -96.8846686536, -3.2917898697 ], [ -96.8326399468, -3.3440284421 ], [ -96.7805167565, -3.3962640141 ], [ -96.7282989115, -3.4484963686 ], [ -96.6759862408, -3.5007252875 ], [ -96.6235785732, -3.5529505517 ], [ -96.5710757376, -3.6051719415 ], [ -96.5184775632, -3.6573892361 ], [ -96.4657838787, -3.7096022138 ], [ -96.4129945133, -3.761810652 ], [ -96.3601092959, -3.8140143273 ], [ -96.3071280555, -3.8662130153 ], [ -96.2540506214, -3.9184064908 ], [ -96.2008768226, -3.9705945276 ], [ -96.1476064883, -4.0227768986 ], [ -96.0942394477, -4.0749533758 ], [ -96.0407755301, -4.1271237304 ], [ -95.9872145649, -4.1792877325 ], [ -95.9335563813, -4.2314451515 ], [ -95.8798008089, -4.2835957557 ], [ -95.8259476771, -4.3357393126 ], [ -95.7719968157, -4.3878755888 ], [ -95.7179480541, -4.4400043499 ], [ -95.6638012221, -4.4921253606 ], [ -95.6095561496, -4.5442383847 ], [ -95.5552126665, -4.5963431852 ], [ -95.5007706028, -4.6484395239 ], [ -95.4462297885, -4.700527162 ], [ -95.3915900539, -4.7526058595 ], [ -95.3368512291, -4.8046753757 ], [ -95.2820131448, -4.8567354687 ], [ -95.2270756312, -4.9087858961 ], [ -95.1720385192, -4.9608264142 ], [ -95.1169016393, -5.0128567784 ], [ -95.0616648226, -5.0648767434 ], [ -95.0063279, -5.1168860627 ], [ -94.9508907026, -5.1688844892 ], [ -94.8953530617, -5.2208717744 ], [ -94.8397148087, -5.2728476694 ], [ -94.7839757752, -5.3248119239 ], [ -94.7281357929, -5.376764287 ], [ -94.6721946938, -5.4287045067 ], [ -94.6161523097, -5.4806323301 ], [ -94.560008473, -5.5325475032 ], [ -94.5037630159, -5.5844497714 ], [ -94.4474157711, -5.636338879 ], [ -94.3909665713, -5.6882145691 ], [ -94.3344152494, -5.7400765843 ], [ -94.2777616385, -5.791924666 ], [ -94.2210055719, -5.8437585547 ], [ -94.1641468831, -5.89557799 ], [ -94.1071854059, -5.9473827104 ], [ -94.050120974, -5.9991724537 ], [ -93.9929534218, -6.0509469566 ], [ -93.9356825835, -6.1027059548 ], [ -93.8783082937, -6.1544491833 ], [ -93.8208303873, -6.2061763758 ], [ -93.7632486993, -6.2578872653 ], [ -93.705563065, -6.3095815839 ], [ -93.6477733199, -6.3612590625 ], [ -93.5898792998, -6.4129194312 ], [ -93.5318808408, -6.4645624191 ], [ -93.4737777793, -6.5161877546 ], [ -93.4155699517, -6.5677951647 ], [ -93.357257195, -6.6193843758 ], [ -93.2988393463, -6.6709551131 ], [ -93.2403162431, -6.7225071012 ], [ -93.181687723, -6.7740400633 ], [ -93.1229536241, -6.825553722 ], [ -93.0641137847, -6.8770477987 ], [ -93.0051680435, -6.9285220141 ], [ -92.9461162394, -6.9799760877 ], [ -92.8869582116, -7.0314097382 ], [ -92.8276937998, -7.0828226832 ], [ -92.7683228439, -7.1342146396 ], [ -92.7088451842, -7.185585323 ], [ -92.6492606613, -7.2369344483 ], [ -92.5895691162, -7.2882617295 ], [ -92.5297703901, -7.3395668793 ], [ -92.4698643248, -7.3908496098 ], [ -92.4098507623, -7.4421096319 ], [ -92.3497295451, -7.4933466557 ], [ -92.289500516, -7.5445603903 ], [ -92.2291635182, -7.5957505438 ], [ -92.1687183952, -7.6469168234 ], [ -92.1081649912, -7.6980589353 ], [ -92.0475031504, -7.7491765848 ], [ -91.9867327178, -7.8002694761 ], [ -91.9258535386, -7.8513373127 ], [ -91.8648654585, -7.9023797969 ], [ -91.8037683234, -7.9533966301 ], [ -91.7425619802, -8.0043875129 ], [ -91.6812462756, -8.0553521448 ], [ -91.6198210572, -8.1062902243 ], [ -91.5582861729, -8.1572014491 ], [ -91.496641471, -8.2080855158 ], [ -91.4348868005, -8.2589421202 ], [ -91.3730220106, -8.3097709569 ], [ -91.3110469513, -8.3605717199 ], [ -91.2489614727, -8.411344102 ], [ -91.1867654258, -8.462087795 ], [ -91.1244586619, -8.5128024899 ], [ -91.0620410329, -8.5634878768 ], [ -90.9995123911, -8.6141436447 ], [ -90.9368725894, -8.6647694817 ], [ -90.8741214814, -8.7153650749 ], [ -90.8112589209, -8.7659301106 ], [ -90.7482847627, -8.816464274 ], [ -90.6851988617, -8.8669672495 ], [ -90.6220010736, -8.9174387203 ], [ -90.5586912548, -8.967878369 ], [ -90.4952692621, -9.018285877 ], [ -90.4317349529, -9.0686609248 ], [ -90.3680881853, -9.1190031921 ], [ -90.3043288179, -9.1693123575 ], [ -90.2404567099, -9.2195880988 ], [ -90.1764717213, -9.2698300926 ], [ -90.1123737125, -9.320038015 ], [ -90.0481625448, -9.3702115407 ], [ -89.9838380798, -9.4203503437 ], [ -89.9194001802, -9.4704540971 ], [ -89.8548487089, -9.520522473 ], [ -89.7901835298, -9.5705551425 ], [ -89.7254045073, -9.620551776 ], [ -89.6605115066, -9.6705120426 ], [ -89.5955043936, -9.7204356109 ], [ -89.5303830347, -9.7703221482 ], [ -89.4651472972, -9.8201713212 ], [ -89.3997970492, -9.8699827954 ], [ -89.3343321593, -9.9197562356 ], [ -89.2687524969, -9.9694913054 ], [ -89.2030579323, -10.0191876678 ], [ -89.1372483365, -10.0688449847 ], [ -89.071323581, -10.1184629172 ], [ -89.0052835383, -10.1680411253 ], [ -88.9391280818, -10.2175792683 ], [ -88.8728570855, -10.2670770045 ], [ -88.8064704242, -10.3165339912 ], [ -88.7399679735, -10.3659498849 ], [ -88.6733496099, -10.4153243413 ], [ -88.6066152106, -10.464657015 ], [ -88.5397646539, -10.5139475598 ], [ -88.4727978185, -10.5631956285 ], [ -88.4057145844, -10.6124008733 ], [ -88.3385148322, -10.661562945 ], [ -88.2711984434, -10.7106814941 ], [ -88.2037653004, -10.7597561698 ], [ -88.1362152865, -10.8087866205 ], [ -88.0685482858, -10.8577724938 ], [ -88.0007641835, -10.9067134363 ], [ -87.9328628656, -10.9556090939 ], [ -87.8648442189, -11.0044591114 ], [ -87.7967081314, -11.053263133 ], [ -87.7284544918, -11.1020208018 ], [ -87.6600831898, -11.15073176 ], [ -87.5915941162, -11.1993956492 ], [ -87.5229871626, -11.2480121099 ], [ -87.4542622217, -11.2965807818 ], [ -87.3854191871, -11.3451013038 ], [ -87.3164579535, -11.3935733139 ], [ -87.2473784165, -11.4419964492 ], [ -87.1781804728, -11.4903703461 ], [ -87.10886402, -11.53869464 ], [ -87.0394289569, -11.5869689656 ], [ -86.9698751833, -11.6351929565 ], [ -86.9002026, -11.6833662459 ], [ -86.8304111088, -11.7314884657 ], [ -86.7605006128, -11.7795592473 ], [ -86.690471016, -11.8275782211 ], [ -86.6203222236, -11.8755450167 ], [ -86.5500541419, -11.923459263 ], [ -86.4796666781, -11.971320588 ], [ -86.4091597408, -12.0191286188 ], [ -86.3385332397, -12.0668829819 ], [ -86.2677870856, -12.1145833028 ], [ -86.1969211903, -12.1622292063 ], [ -86.125935467, -12.2098203163 ], [ -86.0548298301, -12.2573562561 ], [ -85.9836041948, -12.304836648 ], [ -85.912258478, -12.3522611136 ], [ -85.8407925976, -12.3996292738 ], [ -85.7692064725, -12.4469407486 ], [ -85.6975000232, -12.4941951573 ], [ -85.6256731712, -12.5413921183 ], [ -85.5537258394, -12.5885312495 ], [ -85.4816579517, -12.6356121677 ], [ -85.4094694337, -12.6826344892 ], [ -85.3371602118, -12.7295978295 ], [ -85.2647302141, -12.7765018033 ], [ -85.1921793697, -12.8233460245 ], [ -85.1195076093, -12.8701301064 ], [ -85.0467148646, -12.9168536614 ], [ -84.9738010689, -12.9635163014 ], [ -84.9007661567, -13.0101176374 ], [ -84.8276100639, -13.0566572796 ], [ -84.7543327279, -13.1031348378 ], [ -84.6809340872, -13.1495499207 ], [ -84.6074140819, -13.1959021365 ], [ -84.5337726534, -13.2421910928 ], [ -84.4600097446, -13.2884163963 ], [ -84.3861252998, -13.3345776532 ], [ -84.3121192646, -13.3806744687 ], [ -84.2379915863, -13.4267064476 ], [ -84.1637422134, -13.4726731941 ], [ -84.0893710959, -13.5185743113 ], [ -84.0148781856, -13.5644094022 ], [ -83.9402634353, -13.6101780686 ], [ -83.8655267996, -13.655879912 ], [ -83.7906682346, -13.7015145332 ], [ -83.7156876979, -13.7470815322 ], [ -83.6405851485, -13.7925805085 ], [ -83.565360547, -13.8380110609 ], [ -83.4900138558, -13.8833727877 ], [ -83.4145450385, -13.9286652863 ], [ -83.3389540605, -13.9738881538 ], [ -83.2632408887, -14.0190409866 ], [ -83.1874054917, -14.0641233803 ], [ -83.1114478396, -14.1091349301 ], [ -83.0353679042, -14.1540752307 ], [ -82.9591656588, -14.1989438759 ], [ -82.8828410786, -14.2437404591 ], [ -82.8063941401, -14.2884645733 ], [ -82.7298248219, -14.3331158106 ], [ -82.6531331039, -14.3776937628 ], [ -82.5763189679, -14.422198021 ], [ -82.4993823973, -14.4666281758 ], [ -82.4223233773, -14.5109838172 ], [ -82.3451418948, -14.5552645348 ], [ -82.2678379383, -14.5994699177 ], [ -82.1904114983, -14.6435995541 ], [ -82.1128625668, -14.6876530323 ], [ -82.0351911378, -14.7316299395 ], [ -81.9573972069, -14.7755298628 ], [ -81.8794807716, -14.8193523886 ], [ -81.8014418311, -14.8630971029 ], [ -81.7232803867, -14.9067635912 ], [ -81.644996441, -14.9503514386 ], [ -81.566589999, -14.9938602296 ], [ -81.4880610672, -15.0372895483 ], [ -81.4094096541, -15.0806389785 ], [ -81.3306357701, -15.1239081032 ], [ -81.2517394272, -15.1670965054 ], [ -81.1727206398, -15.2102037674 ], [ -81.0935794237, -15.253229471 ], [ -81.0143157969, -15.296173198 ], [ -80.9349297794, -15.3390345293 ], [ -80.8554213928, -15.3818130458 ], [ -80.775790661, -15.4245083278 ], [ -80.6960376098, -15.4671199552 ], [ -80.6161622667, -15.5096475077 ], [ -80.5361646616, -15.5520905644 ], [ -80.4560448261, -15.5944487044 ], [ -80.3758027938, -15.636721506 ], [ -80.2954386006, -15.6789085476 ], [ -80.2149522841, -15.7210094069 ], [ -80.1343438841, -15.7630236615 ], [ -80.0536134426, -15.8049508886 ], [ -79.9727610033, -15.8467906652 ], [ -79.8917866124, -15.888542568 ], [ -79.8106903178, -15.9302061731 ], [ -79.7294721698, -15.9717810568 ], [ -79.6481322206, -16.0132667948 ], [ -79.5666705246, -16.0546629626 ], [ -79.4850871384, -16.0959691355 ], [ -79.4033821206, -16.1371848885 ], [ -79.3215555321, -16.1783097965 ], [ -79.2396074359, -16.2193434341 ], [ -79.1575378971, -16.2602853755 ], [ -79.0753469831, -16.3011351951 ], [ -78.9930347635, -16.3418924666 ], [ -78.91060131, -16.3825567639 ], [ -78.8280466966, -16.4231276606 ], [ -78.7453709996, -16.4636047301 ], [ -78.6625742973, -16.5039875456 ], [ -78.5796566705, -16.5442756804 ], [ -78.4966182022, -16.5844687073 ], [ -78.4134589776, -16.6245661993 ], [ -78.3301790842, -16.6645677289 ], [ -78.2467786118, -16.7044728689 ], [ -78.1632576526, -16.7442811918 ], [ -78.079616301, -16.78399227 ], [ -77.9958546538, -16.8236056758 ], [ -77.91197281, -16.8631209815 ], [ -77.8279708711, -16.9025377593 ], [ -77.7438489409, -16.9418555814 ], [ -77.6596071256, -16.9810740199 ], [ -77.5752455336, -17.0201926468 ], [ -77.490764276, -17.0592110344 ], [ -77.406163466, -17.0981287546 ], [ -77.3214432195, -17.1369453794 ], [ -77.2366036544, -17.1756604811 ], [ -77.1516448914, -17.2142736316 ], [ -77.0665670535, -17.2527844031 ], [ -76.9813702662, -17.2911923679 ], [ -76.8960546574, -17.3294970981 ], [ -76.8106203573, -17.367698166 ], [ -76.725067499, -17.405795144 ], [ -76.6393962176, -17.4437876047 ], [ -76.5536066511, -17.4816751205 ], [ -76.4676989397, -17.5194572641 ], [ -76.3816732263, -17.5571336084 ], [ -76.2955296563, -17.5947037263 ], [ -76.2092683775, -17.6321671908 ], [ -76.1228895403, -17.6695235752 ], [ -76.0363932978, -17.7067724529 ], [ -75.9497798055, -17.7439133975 ], [ -75.8630492214, -17.7809459828 ], [ -75.7762017062, -17.8178697826 ], [ -75.6892374232, -17.8546843713 ], [ -75.6021565382, -17.8913893232 ], [ -75.5149592197, -17.927984213 ], [ -75.4276456388, -17.9644686155 ], [ -75.340215969, -18.000842106 ], [ -75.2526703867, -18.0371042598 ], [ -75.1650090708, -18.0732546527 ], [ -75.0772322028, -18.1092928607 ], [ -74.9893399671, -18.14521846 ], [ -74.9013325504, -18.1810310274 ], [ -74.8132101423, -18.2167301398 ], [ -74.724972935, -18.2523153745 ], [ -74.6366211234, -18.2877863092 ], [ -74.5481549051, -18.323142522 ], [ -74.4595744803, -18.3583835912 ], [ -74.3708800519, -18.3935090956 ], [ -74.2820718258, -18.4285186146 ], [ -74.1931500102, -18.4634117278 ], [ -74.1041148163, -18.4981880151 ], [ -74.0149664579, -18.5328470572 ], [ -73.9257051516, -18.567388435 ], [ -73.8363311168, -18.60181173 ], [ -73.7468445754, -18.6361165241 ], [ -73.6572457523, -18.6703023997 ], [ -73.5675348751, -18.7043689397 ], [ -73.4777121742, -18.7383157276 ], [ -73.3877778827, -18.7721423474 ], [ -73.2977322364, -18.8058483836 ], [ -73.2075754741, -18.8394334214 ], [ -73.1173078373, -18.8728970462 ], [ -73.0269295701, -18.9062388445 ], [ -72.9364409198, -18.9394584031 ], [ -72.8458421362, -18.9725553094 ], [ -72.755133472, -19.0055291515 ], [ -72.6643151826, -19.0383795181 ], [ -72.5733875265, -19.0711059986 ], [ -72.4823507648, -19.103708183 ], [ -72.3912051614, -19.1361856621 ], [ -72.2999509833, -19.1685380273 ], [ -72.2085885, -19.2007648706 ], [ -72.1171179841, -19.2328657849 ], [ -72.0255397109, -19.2648403638 ], [ -71.9338539587, -19.2966882015 ], [ -71.8420610085, -19.3284088932 ], [ -71.7501611442, -19.3600020347 ], [ -71.6581546526, -19.3914672225 ], [ -71.5660418233, -19.4228040542 ], [ -71.473822949, -19.4540121279 ], [ -71.3814983249, -19.4850910428 ], [ -71.2890682493, -19.5160403986 ], [ -71.1965330234, -19.5468597963 ], [ -71.1038929511, -19.5775488373 ], [ -71.0111483395, -19.6081071242 ], [ -70.9182994982, -19.6385342605 ], [ -70.82534674, -19.6688298503 ], [ -70.7322903804, -19.698993499 ], [ -70.6391307378, -19.7290248128 ], [ -70.5458681337, -19.7589233986 ], [ -70.4525028922, -19.7886888647 ], [ -70.3590353405, -19.8183208201 ], [ -70.2654658085, -19.8478188749 ], [ -70.1717946293, -19.87718264 ], [ -70.0780221386, -19.9064117277 ], [ -69.9841486752, -19.9355057509 ], [ -69.8901745807, -19.964464324 ], [ -69.7961001995, -19.9932870621 ], [ -69.7019258792, -20.0219735814 ], [ -69.6076519699, -20.0505234995 ], [ -69.513278825, -20.0789364348 ], [ -69.4188068005, -20.1072120069 ], [ -69.3242362554, -20.1353498366 ], [ -69.2295675517, -20.1633495458 ], [ -69.1348010541, -20.1912107576 ], [ -69.0399371303, -20.2189330961 ], [ -68.9449761509, -20.2465161868 ], [ -68.8499184894, -20.2739596563 ], [ -68.7547645221, -20.3012631325 ], [ -68.6595146283, -20.3284262445 ], [ -68.5641691902, -20.3554486225 ], [ -68.4687285927, -20.3823298981 ], [ -68.3731932238, -20.4090697043 ], [ -68.2775634742, -20.435667675 ], [ -68.1818397376, -20.4621234459 ], [ -68.0860224105, -20.4884366536 ], [ -67.9901118924, -20.5146069362 ], [ -67.8941085855, -20.5406339331 ], [ -67.7980128949, -20.5665172852 ], [ -67.7018252286, -20.5922566347 ], [ -67.6055459974, -20.6178516249 ], [ -67.5091756152, -20.643301901 ], [ -67.4127144983, -20.6686071093 ], [ -67.3161630662, -20.6937668975 ], [ -67.2195217411, -20.7187809149 ], [ -67.122790948, -20.7436488122 ], [ -67.0259711149, -20.7683702416 ], [ -66.9290626725, -20.7929448566 ], [ -66.8320660541, -20.8173723125 ], [ -66.7349816963, -20.8416522659 ], [ -66.6378100381, -20.865784375 ], [ -66.5405515214, -20.8897682994 ], [ -66.4432065911, -20.9136037005 ], [ -66.3457756945, -20.9372902412 ], [ -66.248259282, -20.9608275858 ], [ -66.1506578067, -20.9842154003 ], [ -66.0529717243, -21.0074533524 ], [ -65.9552014936, -21.0305411114 ], [ -65.8573475757, -21.0534783481 ], [ -65.7594104348, -21.0762647351 ], [ -65.6613905378, -21.0988999466 ], [ -65.5632883541, -21.1213836584 ], [ -65.465104356, -21.1437155482 ], [ -65.3668390185, -21.1658952952 ], [ -65.2684928193, -21.1879225804 ], [ -65.1700662387, -21.2097970865 ], [ -65.0715597598, -21.231518498 ], [ -64.9729738683, -21.2530865011 ], [ -64.8743090526, -21.2745007839 ], [ -64.7755658037, -21.2957610361 ], [ -64.6767446154, -21.3168669493 ], [ -64.5778459838, -21.3378182169 ], [ -64.4788704081, -21.3586145342 ], [ -64.3798183897, -21.3792555982 ], [ -64.2806904328, -21.3997411077 ], [ -64.1814870442, -21.4200707637 ], [ -64.0822087332, -21.4402442687 ], [ -63.9828560117, -21.4602613273 ], [ -63.8834293941, -21.4801216459 ], [ -63.7839293975, -21.4998249329 ], [ -63.6843565414, -21.5193708986 ], [ -63.5847113479, -21.5387592553 ], [ -63.4849943415, -21.5579897171 ], [ -63.3852060493, -21.5770620001 ], [ -63.2853470009, -21.5959758226 ], [ -63.1854177282, -21.6147309046 ], [ -63.0854187658, -21.6333269683 ], [ -62.9853506506, -21.6517637378 ], [ -62.8852139219, -21.6700409394 ], [ -62.7850091215, -21.6881583012 ], [ -62.6847367936, -21.7061155534 ], [ -62.5843974848, -21.7239124285 ], [ -62.4839917439, -21.7415486609 ], [ -62.3835201222, -21.7590239871 ], [ -62.2829831735, -21.7763381457 ], [ -62.1823814537, -21.7934908773 ], [ -62.081715521, -21.810481925 ], [ -61.980985936, -21.8273110336 ], [ -61.8801932616, -21.8439779502 ], [ -61.7793380629, -21.8604824243 ], [ -61.6784209074, -21.8768242073 ], [ -61.5774423645, -21.8930030527 ], [ -61.4764030063, -21.9090187165 ], [ -61.3753034066, -21.9248709568 ], [ -61.2741441417, -21.9405595337 ], [ -61.1729257901, -21.9560842098 ], [ -61.0716489321, -21.9714447499 ], [ -60.9703141507, -21.9866409209 ], [ -60.8689220304, -22.001672492 ], [ -60.7674731582, -22.0165392349 ], [ -60.6659681231, -22.0312409232 ], [ -60.5644075161, -22.0457773332 ], [ -60.4627919303, -22.0601482432 ], [ -60.3611219608, -22.074353434 ], [ -60.2593982046, -22.0883926885 ], [ -60.157621261, -22.1022657921 ], [ -60.0557917309, -22.1159725326 ], [ -59.9539102174, -22.1295127001 ], [ -59.8519773254, -22.142886087 ], [ -59.7499936618, -22.1560924881 ], [ -59.6479598354, -22.1691317006 ], [ -59.5458764567, -22.1820035241 ], [ -59.4437441382, -22.1947077607 ], [ -59.3415634943, -22.2072442146 ], [ -59.239335141, -22.2196126928 ], [ -59.1370596963, -22.2318130046 ], [ -59.0347377798, -22.2438449615 ], [ -58.932370013, -22.2557083779 ], [ -58.8299570189, -22.2674030703 ], [ -58.7274994226, -22.2789288577 ], [ -58.6249978505, -22.2902855619 ], [ -58.5224529308, -22.3014730067 ], [ -58.4198652934, -22.3124910187 ], [ -58.3172355698, -22.3233394271 ], [ -58.214564393, -22.3340180633 ], [ -58.1118523976, -22.3445267613 ], [ -58.00910022, -22.3548653579 ], [ -57.9063084977, -22.3650336921 ], [ -57.8034778701, -22.3750316057 ], [ -57.7006089779, -22.3848589427 ], [ -57.5977024632, -22.3945155501 ], [ -57.4947589698, -22.4040012771 ], [ -57.3917791426, -22.4133159757 ], [ -57.2887636281, -22.4224595003 ], [ -57.1857130741, -22.4314317082 ], [ -57.0826281298, -22.4402324589 ], [ -56.9795094456, -22.4488616147 ], [ -56.8763576734, -22.4573190405 ], [ -56.7731734663, -22.4656046038 ], [ -56.6699574784, -22.4737181747 ], [ -56.5667103655, -22.4816596261 ], [ -56.4634327842, -22.4894288332 ], [ -56.3601253924, -22.4970256741 ], [ -56.2567888493, -22.5044500294 ], [ -56.153423815, -22.5117017826 ], [ -56.0500309509, -22.5187808195 ], [ -55.9466109193, -22.5256870288 ], [ -55.8431643839, -22.5324203018 ], [ -55.7396920089, -22.5389805325 ], [ -55.6361944599, -22.5453676176 ], [ -55.5326724034, -22.5515814564 ], [ -55.4291265069, -22.557621951 ], [ -55.3255574386, -22.563489006 ], [ -55.2219658679, -22.5691825289 ], [ -55.1183524649, -22.5747024298 ], [ -55.0147179005, -22.5800486217 ], [ -54.9110628467, -22.58522102 ], [ -54.8073879761, -22.590219543 ], [ -54.703693962, -22.5950441117 ], [ -54.5999814786, -22.5996946498 ], [ -54.4962512008, -22.6041710838 ], [ -54.3925038042, -22.6084733428 ], [ -54.288739965, -22.6126013588 ], [ -54.1849603601, -22.6165550664 ], [ -54.0811656671, -22.620334403 ], [ -53.977356564, -22.6239393088 ], [ -53.8735337296, -22.6273697266 ], [ -53.7696978429, -22.6306256021 ], [ -53.6658495839, -22.6337068837 ], [ -53.5619896326, -22.6366135225 ], [ -53.4581186698, -22.6393454725 ], [ -53.3542373766, -22.6419026903 ], [ -53.2503464344, -22.6442851353 ], [ -53.1464465253, -22.6464927699 ], [ -53.0425383314, -22.6485255588 ], [ -52.9386225353, -22.65038347 ], [ -52.83469982, -22.6520664739 ], [ -52.7307708684, -22.6535745437 ], [ -52.6268363642, -22.6549076556 ], [ -52.5228969908, -22.6560657884 ], [ -52.4189534321, -22.6570489236 ], [ -52.315006372, -22.6578570458 ], [ -52.2110564947, -22.658490142 ], [ -52.1071044845, -22.6589482022 ], [ -52.0031510255, -22.6592312191 ], [ -51.8991968022, -22.6593391883 ], [ -51.7952424989, -22.6592721079 ], [ -51.6912888001, -22.6590299792 ], [ -51.5873363902, -22.6586128058 ], [ -51.4833859534, -22.6580205946 ], [ -51.3794381741, -22.6572533548 ], [ -51.2754937363, -22.6563110986 ], [ -51.1715533241, -22.655193841 ], [ -51.0676176212, -22.6539015997 ], [ -50.9636873115, -22.6524343954 ], [ -50.8597630783, -22.6507922511 ], [ -50.7558456049, -22.6489751931 ], [ -50.6519355741, -22.6469832501 ], [ -50.5480336687, -22.6448164538 ], [ -50.4441405709, -22.6424748385 ], [ -50.3402569628, -22.6399584414 ], [ -50.236383526, -22.6372673024 ], [ -50.1325209417, -22.6344014642 ], [ -50.0286698906, -22.6313609722 ], [ -49.9248310531, -22.6281458746 ], [ -49.8210051091, -22.6247562225 ], [ -49.7171927378, -22.6211920694 ], [ -49.613394618, -22.6174534719 ], [ -49.5096114282, -22.6135404892 ], [ -49.4058438457, -22.6094531832 ], [ -49.3020925478, -22.6051916187 ], [ -49.1983582108, -22.600755863 ], [ -49.0946415105, -22.5961459865 ], [ -48.9909431219, -22.5913620619 ], [ -48.8872637193, -22.586404165 ], [ -48.7836039764, -22.5812723741 ], [ -48.6799645659, -22.5759667703 ], [ -48.5763461598, -22.5704874374 ], [ -48.4727494294, -22.564834462 ], [ -48.3691750449, -22.5590079332 ], [ -48.265623676, -22.5530079431 ], [ -48.162095991, -22.5468345862 ], [ -48.0585926578, -22.5404879599 ], [ -47.9551143429, -22.5339681642 ], [ -47.8516617122, -22.5272753018 ], [ -47.7482354304, -22.5204094781 ], [ -47.644836161, -22.5133708012 ], [ -47.5414645669, -22.5061593818 ], [ -47.4381213095, -22.4987753333 ], [ -47.3348070494, -22.4912187718 ], [ -47.2315224459, -22.483489816 ], [ -47.1282681572, -22.4755885872 ], [ -47.0250448402, -22.4675152095 ], [ -46.921853151, -22.4592698094 ], [ -46.818693744, -22.4508525163 ], [ -46.7155672726, -22.442263462 ], [ -46.6124743889, -22.433502781 ], [ -46.5094157437, -22.4245706104 ], [ -46.4063919865, -22.4154670901 ], [ -46.3034037654, -22.4061923621 ], [ -46.2004517271, -22.3967465716 ], [ -46.0975365171, -22.3871298658 ], [ -45.9946587793, -22.377342395 ], [ -45.8918191563, -22.3673843117 ], [ -45.7890182891, -22.3572557711 ], [ -45.6862568172, -22.3469569308 ], [ -45.5835353789, -22.3364879513 ], [ -45.4808546107, -22.3258489953 ], [ -45.3782151475, -22.3150402282 ], [ -45.2756176228, -22.3040618177 ], [ -45.1730626685, -22.2929139344 ], [ -45.0705509147, -22.281596751 ], [ -44.9680829902, -22.2701104429 ], [ -44.8656595218, -22.258455188 ], [ -44.7632811347, -22.2466311667 ], [ -44.6609484526, -22.2346385616 ], [ -44.5586620973, -22.2224775582 ], [ -44.4564226888, -22.2101483441 ], [ -44.3542308455, -22.1976511095 ], [ -44.2520871839, -22.184986047 ], [ -44.1499923187, -22.1721533516 ], [ -44.0479468629, -22.1591532208 ], [ -43.9459514274, -22.1459858543 ], [ -43.8440066216, -22.1326514544 ], [ -43.7421130526, -22.1191502259 ], [ -43.640271326, -22.1054823755 ], [ -43.5384820451, -22.0916481128 ], [ -43.4367458115, -22.0776476495 ], [ -43.3350632247, -22.0634811996 ], [ -43.2334348823, -22.0491489795 ], [ -43.13186138, -22.0346512081 ], [ -43.0303433111, -22.0199881062 ], [ -42.9288812674, -22.0051598974 ], [ -42.8274758381, -21.9901668072 ], [ -42.7261276107, -21.9750090637 ], [ -42.6248371705, -21.9596868969 ], [ -42.5236051007, -21.9442005395 ], [ -42.4224319822, -21.9285502261 ], [ -42.321318394, -21.9127361937 ], [ -42.2202649128, -21.8967586816 ], [ -42.1192721131, -21.8806179311 ], [ -42.0183405674, -21.8643141859 ], [ -41.9174708456, -21.8478476918 ], [ -41.8166635159, -21.8312186968 ], [ -41.7159191437, -21.8144274512 ], [ -41.6152382926, -21.7974742073 ], [ -41.5146215235, -21.7803592196 ], [ -41.4140693954, -21.7630827448 ], [ -41.3135824647, -21.7456450416 ], [ -41.2131612856, -21.7280463709 ], [ -41.11280641, -21.7102869958 ], [ -41.0125183874, -21.6923671812 ], [ -40.9122977648, -21.6742871945 ], [ -40.8121450871, -21.6560473049 ], [ -40.7120608964, -21.6376477835 ], [ -40.6120457329, -21.6190889039 ], [ -40.5121001338, -21.6003709413 ], [ -40.4122246344, -21.5814941732 ], [ -40.3124197671, -21.5624588789 ], [ -40.2126860622, -21.5432653399 ], [ -40.1130240472, -21.5239138396 ], [ -40.0134342474, -21.5044046632 ], [ -39.9139171853, -21.4847380982 ], [ -39.8144733812, -21.4649144337 ], [ -39.7151033525, -21.444933961 ], [ -39.6158076144, -21.4247969731 ], [ -39.5165866794, -21.404503765 ], [ -39.4174410574, -21.3840546338 ], [ -39.3183712557, -21.363449878 ], [ -39.2193777791, -21.3426897985 ], [ -39.1204611299, -21.3217746977 ], [ -39.0216218075, -21.30070488 ], [ -38.9228603088, -21.2794806514 ], [ -38.8241771283, -21.2581023201 ], [ -38.7255727575, -21.2365701958 ], [ -38.6270476854, -21.2148845902 ], [ -38.5286023985, -21.1930458164 ], [ -38.4302373803, -21.1710541898 ], [ -38.3319531119, -21.148910027 ], [ -38.2337500716, -21.1266136468 ], [ -38.1356287349, -21.1041653695 ], [ -38.0375895748, -21.0815655171 ], [ -37.9396330615, -21.0588144133 ], [ -37.8417596624, -21.0359123835 ], [ -37.7439698422, -21.0128597548 ], [ -37.6462640629, -20.9896568559 ], [ -37.5486427838, -20.9663040172 ], [ -37.4511064613, -20.9428015707 ], [ -37.3536555491, -20.91914985 ], [ -37.2562904982, -20.8953491903 ], [ -37.1590117567, -20.8713999284 ], [ -37.06181977, -20.8473024026 ], [ -36.9647149808, -20.8230569528 ], [ -36.8676978287, -20.7986639206 ], [ -36.7707687508, -20.7741236488 ], [ -36.6739281812, -20.7494364821 ], [ -36.5771765514, -20.7246027664 ], [ -36.4805142898, -20.6996228492 ], [ -36.3839418222, -20.6744970794 ], [ -36.2874595714, -20.6492258076 ], [ -36.1910679575, -20.6238093855 ], [ -36.0947673977, -20.5982481665 ], [ -35.9985583064, -20.5725425053 ], [ -35.9024410951, -20.546692758 ], [ -35.8064161724, -20.5206992822 ], [ -35.7104839441, -20.4945624367 ], [ -35.6146448132, -20.4682825818 ], [ -35.5188991797, -20.441860079 ], [ -35.4232474408, -20.4152952914 ], [ -35.327689991, -20.3885885831 ], [ -35.2322272215, -20.3617403198 ], [ -35.136859521, -20.3347508682 ], [ -35.0415872752, -20.3076205965 ], [ -34.9464108669, -20.2803498741 ], [ -34.8513306761, -20.2529390716 ], [ -34.7563470797, -20.2253885608 ], [ -34.6614604519, -20.197698715 ], [ -34.566671164, -20.1698699083 ], [ -34.4719795844, -20.1419025163 ], [ -34.3773860785, -20.1137969156 ], [ -34.2828910088, -20.0855534841 ], [ -34.1884947352, -20.0571726007 ], [ -34.0941976143, -20.0286546456 ], [ -34.0, -20.0 ], [ -33.9696839617, -20.0890863788 ], [ -33.9392679259, -20.1782529984 ], [ -33.9087514143, -20.2674997766 ], [ -33.8781339456, -20.3568266296 ], [ -33.8474150356, -20.4462334728 ], [ -33.816594197, -20.5357202199 ], [ -33.7856709397, -20.6252867836 ], [ -33.7546447703, -20.7149330754 ], [ -33.7235151925, -20.8046590055 ], [ -33.692281707, -20.8944644827 ], [ -33.6609438113, -20.9843494146 ], [ -33.6295009999, -21.0743137076 ], [ -33.5979527639, -21.1643572666 ], [ -33.5662985916, -21.2544799954 ], [ -33.5345379679, -21.3446817964 ], [ -33.5026703744, -21.4349625706 ], [ -33.4706952897, -21.5253222178 ], [ -33.4386121891, -21.6157606365 ], [ -33.4064205444, -21.7062777236 ], [ -33.3741198244, -21.7968733748 ], [ -33.3417094943, -21.8875474846 ], [ -33.3091890162, -21.9782999458 ], [ -33.2765578485, -22.0691306501 ], [ -33.2438154466, -22.1600394876 ], [ -33.2109612621, -22.2510263471 ], [ -33.1779947434, -22.3420911159 ], [ -33.1449153352, -22.4332336801 ], [ -33.1117224789, -22.5244539241 ], [ -33.0784156123, -22.6157517311 ], [ -33.0449941696, -22.7071269825 ], [ -33.0114575813, -22.7985795587 ], [ -32.9778052746, -22.8901093384 ], [ -32.9440366728, -22.9817161986 ], [ -32.9101511955, -23.0734000153 ], [ -32.8761482588, -23.1651606626 ], [ -32.842027275, -23.2569980133 ], [ -32.8077876526, -23.3489119386 ], [ -32.7734287964, -23.4409023082 ], [ -32.7389501072, -23.5329689902 ], [ -32.7043509822, -23.6251118513 ], [ -32.6696308146, -23.7173307565 ], [ -32.6347889937, -23.8096255693 ], [ -32.599824905, -23.9019961516 ], [ -32.5647379299, -23.9944423638 ], [ -32.5295274459, -24.0869640645 ], [ -32.4941928263, -24.1795611109 ], [ -32.4587334407, -24.2722333584 ], [ -32.4231486543, -24.364980661 ], [ -32.3874378282, -24.4578028709 ], [ -32.3516003197, -24.5506998386 ], [ -32.3156354816, -24.643671413 ], [ -32.2795426625, -24.7367174414 ], [ -32.243321207, -24.8298377693 ], [ -32.2069704551, -24.9230322407 ], [ -32.1704897428, -25.0163006976 ], [ -32.1338784017, -25.1096429804 ], [ -32.0971357588, -25.2030589279 ], [ -32.060261137, -25.296548377 ], [ -32.0232538546, -25.390111163 ], [ -31.9861132254, -25.4837471192 ], [ -31.9488385589, -25.5774560774 ], [ -31.9114291598, -25.6712378674 ], [ -31.8738843283, -25.7650923173 ], [ -31.8362033602, -25.8590192533 ], [ -31.7983855464, -25.9530184998 ], [ -31.7604301732, -26.0470898796 ], [ -31.7223365221, -26.1412332133 ], [ -31.6841038701, -26.2354483198 ], [ -31.6457314891, -26.3297350162 ], [ -31.6072186463, -26.4240931175 ], [ -31.5685646042, -26.518522437 ], [ -31.5297686201, -26.613022786 ], [ -31.4908299465, -26.7075939739 ], [ -31.451747831, -26.8022358081 ], [ -31.4125215159, -26.8969480942 ], [ -31.3731502389, -26.9917306357 ], [ -31.3336332321, -27.0865832341 ], [ -31.2939697229, -27.181505689 ], [ -31.2541589331, -27.2764977981 ], [ -31.2142000796, -27.3715593567 ], [ -31.174092374, -27.4666901584 ], [ -31.1338350224, -27.5618899948 ], [ -31.0934272258, -27.6571586551 ], [ -31.0528681797, -27.7524959268 ], [ -31.0121570741, -27.847901595 ], [ -30.9712930937, -27.9433754429 ], [ -30.9302754175, -28.0389172516 ], [ -30.8891032191, -28.1345267999 ], [ -30.8477756664, -28.2302038646 ], [ -30.8062919217, -28.3259482202 ], [ -30.7646511416, -28.4217596392 ], [ -30.722852477, -28.5176378918 ], [ -30.680895073, -28.613582746 ], [ -30.6387780688, -28.7095939675 ], [ -30.5965005979, -28.80567132 ], [ -30.5540617877, -28.9018145647 ], [ -30.5114607597, -28.9980234607 ], [ -30.4686966294, -29.0942977648 ], [ -30.4257685063, -29.1906372313 ], [ -30.3826754938, -29.2870416124 ], [ -30.3394166889, -29.383510658 ], [ -30.2959911827, -29.4800441154 ], [ -30.2523980599, -29.5766417298 ], [ -30.2086363989, -29.6733032439 ], [ -30.1647052718, -29.770028398 ], [ -30.1206037443, -29.86681693 ], [ -30.0763308755, -29.9636685754 ], [ -30.0318857182, -30.0605830671 ], [ -29.9872673185, -30.1575601358 ], [ -29.9424747159, -30.2545995096 ], [ -29.8975069434, -30.3517009139 ], [ -29.8523630271, -30.4488640719 ], [ -29.8070419863, -30.5460887041 ], [ -29.7615428336, -30.6433745284 ], [ -29.7158645748, -30.7407212602 ], [ -29.6700062085, -30.8381286123 ], [ -29.6239667266, -30.935596295 ], [ -29.5777451137, -31.0331240158 ], [ -29.5313403475, -31.1307114796 ], [ -29.4847513984, -31.2283583887 ], [ -29.4379772298, -31.3260644426 ], [ -29.3910167975, -31.4238293382 ], [ -29.3438690502, -31.5216527696 ], [ -29.2965329292, -31.6195344283 ], [ -29.2490073682, -31.7174740029 ], [ -29.2012912937, -31.8154711792 ], [ -29.1533836242, -31.9135256403 ], [ -29.105283271, -32.0116370664 ], [ -29.0569891374, -32.1098051349 ], [ -29.008500119, -32.2080295204 ], [ -28.9598151038, -32.3063098944 ], [ -28.9109329717, -32.4046459258 ], [ -28.8618525947, -32.5030372802 ], [ -28.8125728369, -32.6014836206 ], [ -28.7630925542, -32.6999846068 ], [ -28.7134105945, -32.7985398958 ], [ -28.6635257972, -32.8971491413 ], [ -28.613436994, -32.9958119944 ], [ -28.5631430076, -33.0945281026 ], [ -28.5126426529, -33.1932971108 ], [ -28.4619347359, -33.2921186606 ], [ -28.4110180543, -33.3909923903 ], [ -28.3598913971, -33.4899179354 ], [ -28.3085535447, -33.5888949279 ], [ -28.2570032687, -33.6879229969 ], [ -28.2052393319, -33.787001768 ], [ -28.1532604883, -33.8861308637 ], [ -28.1010654827, -33.9853099033 ], [ -28.0486530513, -34.0845385027 ], [ -27.9960219208, -34.1838162744 ], [ -27.9431708089, -34.2831428277 ], [ -27.890098424, -34.3825177686 ], [ -27.8368034654, -34.4819406994 ], [ -27.7832846226, -34.5814112193 ], [ -27.7295405759, -34.6809289238 ], [ -27.6755699961, -34.7804934052 ], [ -27.6213715443, -34.8801042521 ], [ -27.5669438719, -34.9797610496 ], [ -27.5122856204, -35.0794633793 ], [ -27.4573954216, -35.1792108192 ], [ -27.4022718973, -35.2790029437 ], [ -27.3469136595, -35.3788393235 ], [ -27.2913193097, -35.4787195258 ], [ -27.2354874395, -35.5786431138 ], [ -27.1794166303, -35.6786096474 ], [ -27.1231054529, -35.7786186824 ], [ -27.0665524679, -35.878669771 ], [ -27.0097562253, -35.9787624615 ], [ -26.9527152646, -36.0788962985 ], [ -26.8954281145, -36.1790708226 ], [ -26.837893293, -36.2792855705 ], [ -26.7801093073, -36.3795400752 ], [ -26.7220746536, -36.4798338654 ], [ -26.663787817, -36.580166466 ], [ -26.6052472719, -36.680537398 ], [ -26.5464514809, -36.780946178 ], [ -26.4873988958, -36.881392319 ], [ -26.4280879569, -36.9818753293 ], [ -26.3685170928, -37.0823947136 ], [ -26.308684721, -37.1829499721 ], [ -26.2485892468, -37.2835406009 ], [ -26.1882290643, -37.3841660918 ], [ -26.1276025554, -37.4848259324 ], [ -26.0667080903, -37.5855196059 ], [ -26.005544027, -37.6862465911 ], [ -25.9441087115, -37.7870063627 ], [ -25.8824004775, -37.8877983905 ], [ -25.8204176466, -37.9886221404 ], [ -25.7581585278, -38.0894770734 ], [ -25.6956214176, -38.1903626462 ], [ -25.6328046, -38.2912783107 ], [ -25.5697063463, -38.3922235144 ], [ -25.506324915, -38.4931977002 ], [ -25.4426585516, -38.5942003062 ], [ -25.3787054887, -38.6952307657 ], [ -25.3144639458, -38.7962885076 ], [ -25.2499321292, -38.8973729556 ], [ -25.185108232, -38.9984835288 ], [ -25.1199904336, -39.0996196413 ], [ -25.0545769001, -39.2007807026 ], [ -24.9888657841, -39.3019661169 ], [ -24.9228552243, -39.4031752835 ], [ -24.8565433456, -39.5044075968 ], [ -24.789928259, -39.605662446 ], [ -24.7230080615, -39.7069392152 ], [ -24.6557808358, -39.8082372835 ], [ -24.5882446507, -39.9095560245 ], [ -24.5203975602, -40.0108948068 ], [ -24.4522376042, -40.1122529937 ], [ -24.3837628078, -40.2136299431 ], [ -24.3149711814, -40.3150250076 ], [ -24.2458607208, -40.4164375342 ], [ -24.1764294068, -40.5178668646 ], [ -24.106675205, -40.619312335 ], [ -24.036596066, -40.720773276 ], [ -23.9661899254, -40.8222490126 ], [ -23.8954547029, -40.9237388642 ], [ -23.8243883032, -41.0252421444 ], [ -23.7529886151, -41.1267581611 ], [ -23.681253512, -41.2282862165 ], [ -23.6091808512, -41.3298256067 ], [ -23.5367684741, -41.4313756223 ], [ -23.4640142062, -41.5329355477 ], [ -23.3909158566, -41.6345046613 ], [ -23.3174712184, -41.7360822354 ], [ -23.2436780681, -41.8376675366 ], [ -23.1695341656, -41.9392598249 ], [ -23.0950372544, -42.0408583542 ], [ -23.020185061, -42.1424623724 ], [ -22.9449752951, -42.2440711209 ], [ -22.8694056495, -42.3456838346 ], [ -22.7934737996, -42.4472997423 ], [ -22.717177404, -42.5489180661 ], [ -22.6405141034, -42.6505380217 ], [ -22.5634815214, -42.7521588182 ], [ -22.486077264, -42.8537796579 ], [ -22.4082989191, -42.9553997367 ], [ -22.3301440571, -43.0570182436 ], [ -22.2516102302, -43.1586343606 ], [ -22.1726949728, -43.2602472632 ], [ -22.0933958008, -43.3618561197 ], [ -22.0137102118, -43.4634600915 ], [ -21.933635685, -43.565058333 ], [ -21.8531696809, -43.6666499913 ], [ -21.7723096415, -43.7682342066 ], [ -21.6910529899, -43.8698101117 ], [ -21.6093971299, -43.971376832 ], [ -21.5273394467, -44.0729334859 ], [ -21.4448773061, -44.1744791839 ], [ -21.3620080544, -44.2760130294 ], [ -21.2787290187, -44.377534118 ], [ -21.1950375065, -44.4790415378 ], [ -21.1109308054, -44.5805343692 ], [ -21.0264061834, -44.6820116848 ], [ -20.9414608883, -44.7834725494 ], [ -20.8560921482, -44.8849160199 ], [ -20.7702971708, -44.9863411452 ], [ -20.6840731434, -45.0877469662 ], [ -20.5974172331, -45.1891325158 ], [ -20.5103265862, -45.2904968185 ], [ -20.4227983286, -45.3918388908 ], [ -20.3348295652, -45.4931577407 ], [ -20.2464173801, -45.5944523678 ], [ -20.1575588364, -45.6957217633 ], [ -20.0682509759, -45.7969649099 ], [ -19.9784908194, -45.8981807817 ], [ -19.888275366, -45.9993683439 ], [ -19.7976015937, -46.1005265531 ], [ -19.7064664585, -46.2016543571 ], [ -19.614866895, -46.3027506946 ], [ -19.5227998157, -46.4038144955 ], [ -19.4302621115, -46.5048446804 ], [ -19.3372506509, -46.6058401609 ], [ -19.2437622806, -46.7067998393 ], [ -19.1497938246, -46.8077226085 ], [ -19.0553420849, -46.9086073521 ], [ -18.9604038409, -47.0094529442 ], [ -18.8649758494, -47.1102582492 ], [ -18.7690548445, -47.2110221219 ], [ -18.6726375377, -47.3117434075 ], [ -18.5757206174, -47.4124209412 ], [ -18.4783007491, -47.5130535483 ], [ -18.3803745752, -47.6136400441 ], [ -18.2819387151, -47.7141792338 ], [ -18.1829897649, -47.8146699126 ], [ -18.0835242972, -47.915110865 ], [ -17.9835388613, -48.0155008656 ], [ -17.883029983, -48.1158386783 ], [ -17.7819941645, -48.2161230564 ], [ -17.6804278843, -48.3163527428 ], [ -17.5783275973, -48.4165264693 ], [ -17.4756897344, -48.5166429573 ], [ -17.3725107027, -48.616700917 ], [ -17.2687868855, -48.7166990476 ], [ -17.1645146418, -48.8166360373 ], [ -17.0596903067, -48.916510563 ], [ -16.9543101912, -49.0163212903 ], [ -16.848370582, -49.1160668733 ], [ -16.7418677418, -49.2157459549 ], [ -16.6347979086, -49.3153571661 ], [ -16.5271572965, -49.4148991262 ], [ -16.4189420951, -49.5143704429 ], [ -16.3101484696, -49.6137697118 ], [ -16.2007725607, -49.7130955165 ], [ -16.0908104847, -49.8123464287 ], [ -15.9802583336, -49.9115210075 ], [ -15.8691121747, -50.0106178 ], [ -15.7573680508, -50.1096353407 ], [ -15.6450219805, -50.2085721516 ], [ -15.5320699575, -50.3074267422 ], [ -15.4185079513, -50.406197609 ], [ -15.3043319069, -50.5048832358 ], [ -15.1895377446, -50.6034820934 ], [ -15.0741213605, -50.7019926394 ], [ -14.9580786262, -50.8004133185 ], [ -14.841405389, -50.8987425618 ], [ -14.7240974717, -50.9969787872 ], [ -14.606150673, -51.0951203989 ], [ -14.4875607673, -51.1931657877 ], [ -14.3683235047, -51.2911133304 ], [ -14.2484346115, -51.3889613901 ], [ -14.1278897897, -51.4867083159 ], [ -14.0066847176, -51.5843524428 ], [ -13.8848150494, -51.6818920915 ], [ -13.7622764159, -51.7793255687 ], [ -13.6390644239, -51.8766511662 ], [ -13.515174657, -51.9738671617 ], [ -13.3906026754, -52.0709718179 ], [ -13.2653440159, -52.167963383 ], [ -13.1393941924, -52.26484009 ], [ -13.0127486957, -52.3616001571 ], [ -12.885402994, -52.4582417874 ], [ -12.7573525328, -52.5547631685 ], [ -12.6285927353, -52.6511624729 ], [ -12.4991190024, -52.7474378575 ], [ -12.3689267133, -52.8435874635 ], [ -12.238011225, -52.9396094166 ], [ -12.1063678735, -53.0355018263 ], [ -11.973991973, -53.1312627866 ], [ -11.8408788172, -53.2268903751 ], [ -11.7070236787, -53.3223826532 ], [ -11.5724218097, -53.4177376661 ], [ -11.4370684425, -53.5129534425 ], [ -11.3009587892, -53.6080279946 ], [ -11.1640880428, -53.7029593178 ], [ -11.0264513768, -53.7977453908 ], [ -10.888043946, -53.8923841755 ], [ -10.7488608867, -53.9868736165 ], [ -10.6088973174, -54.0812116413 ], [ -10.4681483387, -54.1753961605 ], [ -10.3266090341, -54.2694250667 ], [ -10.1842744703, -54.3632962356 ], [ -10.0411396975, -54.4570075249 ], [ -9.8971997504, -54.5505567747 ], [ -9.752449648, -54.6439418072 ], [ -9.6068843946, -54.7371604268 ], [ -9.4604989801, -54.8302104195 ], [ -9.3132883808, -54.9230895536 ], [ -9.1652475594, -55.0157955786 ], [ -9.0163714665, -55.1083262258 ], [ -8.8666550401, -55.2006792082 ], [ -8.7160932072, -55.2928522198 ], [ -8.5646808839, -55.3848429362 ], [ -8.4124129763, -55.4766490138 ], [ -8.259284381, -55.5682680904 ], [ -8.105289986, -55.6596977846 ], [ -7.9504246713, -55.7509356958 ], [ -7.7946833099, -55.8419794043 ], [ -7.6380607681, -55.9328264709 ], [ -7.480551907, -56.0234744371 ], [ -7.3221515827, -56.1139208248 ], [ -7.1628546475, -56.2041631362 ], [ -7.0026559507, -56.294198854 ], [ -6.8415503395, -56.3840254407 ], [ -6.67953266, -56.4736403393 ], [ -6.5165977581, -56.5630409727 ], [ -6.3527404805, -56.6522247436 ], [ -6.1879556757, -56.7411890347 ], [ -6.0222381953, -56.8299312085 ], [ -5.8555828946, -56.9184486071 ], [ -5.6879846342, -57.0067385523 ], [ -5.5194382808, -57.0947983455 ], [ -5.3499387085, -57.1826252677 ], [ -5.1794808, -57.2702165791 ], [ -5.008059448, -57.3575695194 ], [ -4.8356695561, -57.4446813078 ], [ -4.6623060403, -57.5315491427 ], [ -4.4879638305, -57.6181702015 ], [ -4.3126378713, -57.7045416411 ], [ -4.1363231243, -57.7906605975 ], [ -3.9590145687, -57.8765241857 ], [ -3.7807072031, -57.9621295 ], [ -3.601396047, -58.0474736135 ], [ -3.4210761425, -58.1325535787 ], [ -3.2397425554, -58.2173664268 ], [ -3.0573903772, -58.3019091683 ], [ -2.8740147268, -58.3861787925 ], [ -2.6896107518, -58.4701722679 ], [ -2.5041736307, -58.553886542 ], [ -2.3176985741, -58.6373185411 ], [ -2.130180827, -58.720465171 ], [ -1.9416156704, -58.8033233161 ], [ -1.751998423, -58.8858898404 ], [ -1.5613244437, -58.9681615866 ], [ -1.3695891328, -59.0501353769 ], [ -1.1767879345, -59.1318080126 ], [ -0.9829163386, -59.2131762744 ], [ -0.7879698829, -59.2942369222 ], [ -0.5919441551, -59.3749866956 ], [ -0.394834795, -59.4554223133 ], [ -0.1966374965, -59.5355404741 ], [ 0.0026519898, -59.6153378562 ], [ 0.2030378547, -59.6948111175 ], [ 0.4045242279, -59.7739568962 ], [ 0.6071151758, -59.8527718101 ], [ 0.8108146988, -59.9312524575 ], [ 1.0156267293, -60.0093954168 ], [ 1.221555129, -60.0871972469 ], [ 1.4286036865, -60.1646544873 ], [ 1.6367761145, -60.2417636584 ], [ 1.8460760476, -60.3185212613 ], [ 2.0565070396, -60.3949237785 ], [ 2.2680725604, -60.4709676736 ], [ 2.4807759941, -60.5466493919 ], [ 2.6946206356, -60.6219653604 ], [ 2.9096096881, -60.6969119882 ], [ 3.1257462602, -60.7714856663 ], [ 3.3430333633, -60.8456827686 ], [ 3.5614739085, -60.9194996514 ], [ 3.7810707036, -60.9929326543 ], [ 4.0018264507, -61.0659781001 ], [ 4.2237437426, -61.138632295 ], [ 4.44682506, -61.2108915296 ], [ 4.6710727686, -61.2827520782 ], [ 4.8964891161, -61.3542102 ], [ 5.1230762288, -61.4252621392 ], [ 5.3508361087, -61.4959041252 ], [ 5.5797706305, -61.5661323728 ], [ 5.8098815379, -61.6359430834 ], [ 6.0411704411, -61.7053324445 ], [ 6.2736388131, -61.7742966305 ], [ 6.5072879867, -61.8428318034 ], [ 6.7421191512, -61.9109341128 ], [ 6.978133349, -61.9785996964 ], [ 7.2153314725, -62.0458246808 ], [ 7.4537142609, -62.1126051818 ], [ 7.6932822964, -62.1789373049 ], [ 7.9340360017, -62.2448171458 ], [ 8.1759756358, -62.3102407909 ], [ 8.4191012914, -62.3752043182 ], [ 8.663412891, -62.4397037974 ], [ 8.908910184, -62.5037352905 ], [ 9.1555927433, -62.567294853 ], [ 9.4034599617, -62.6303785338 ], [ 9.652511049, -62.6929823761 ], [ 9.9027450283, -62.7551024183 ], [ 10.154160733, -62.8167346943 ], [ 10.4067568034, -62.8778752343 ], [ 10.6605316834, -62.9385200655 ], [ 10.9154836176, -62.9986652129 ], [ 11.1716106476, -63.0583066999 ], [ 11.4289106091, -63.1174405491 ], [ 11.6873811288, -63.176062783 ], [ 11.9470196209, -63.2341694249 ], [ 12.2078232848, -63.2917564995 ], [ 12.4697891011, -63.348820034 ], [ 12.7329138293, -63.4053560586 ], [ 12.9971940048, -63.4613606075 ], [ 13.2626259355, -63.5168297198 ], [ 13.5292056995, -63.5717594401 ], [ 13.7969291422, -63.6261458199 ], [ 14.0657918735, -63.6799849178 ], [ 14.3357892649, -63.7332728012 ], [ 14.6069164475, -63.7860055465 ], [ 14.8791683092, -63.8381792404 ], [ 15.1525394919, -63.889789981 ], [ 15.42702439, -63.9408338784 ], [ 15.7026171473, -63.9913070559 ], [ 15.9793116553, -64.041205651 ], [ 16.257101551, -64.0905258163 ], [ 16.5359802151, -64.1392637206 ], [ 16.8159407698, -64.18741555 ], [ 17.0969760772, -64.2349775087 ], [ 17.3790787377, -64.2819458203 ], [ 17.6622410883, -64.3283167288 ], [ 17.9464552016, -64.3740864996 ], [ 18.2317128837, -64.4192514207 ], [ 18.5180056738, -64.4638078035 ], [ 18.8053248429, -64.5077519845 ], [ 19.0936613926, -64.5510803256 ], [ 19.3830060546, -64.5937892159 ], [ 19.6733492903, -64.6358750727 ], [ 19.9646812895, -64.6773343422 ], [ 20.2569919712, -64.7181635011 ], [ 20.5502709822, -64.7583590575 ], [ 20.8445076981, -64.7979175522 ], [ 21.1396912226, -64.8368355597 ], [ 21.4358103885, -64.8751096895 ], [ 21.7328537573, -64.9127365871 ], [ 22.0308096208, -64.9497129351 ], [ 22.329666001, -64.9860354546 ], [ 22.6294106515, -65.0217009063 ], [ 22.9300310586, -65.0567060914 ], [ 23.2315144425, -65.0910478529 ], [ 23.5338477586, -65.124723077 ], [ 23.8370176996, -65.1577286937 ], [ 24.1410106969, -65.1900616785 ], [ 24.445812923, -65.221719053 ], [ 24.7514102931, -65.2526978866 ], [ 25.0577884684, -65.2829952971 ], [ 25.3649328576, -65.312608452 ], [ 25.6728286207, -65.3415345698 ], [ 25.9814606711, -65.3697709208 ], [ 26.290813679, -65.3973148282 ], [ 26.6008720752, -65.4241636694 ], [ 26.9116200538, -65.4503148769 ], [ 27.2230415764, -65.4757659392 ], [ 27.5351203757, -65.500514402 ], [ 27.84783996, -65.5245578694 ], [ 28.1611836166, -65.5478940044 ], [ 28.4751344173, -65.5705205303 ], [ 28.789675222, -65.5924352313 ], [ 29.104788684, -65.6136359539 ], [ 29.4204572549, -65.6341206075 ], [ 29.7366631896, -65.6538871651 ], [ 30.0533885515, -65.6729336647 ], [ 30.3706152182, -65.6912582097 ], [ 30.688324887, -65.70885897 ], [ 31.0064990804, -65.7257341826 ], [ 31.3251191524, -65.7418821526 ], [ 31.6441662945, -65.7573012536 ], [ 31.9636215416, -65.7719899289 ], [ 32.2834657788, -65.7859466918 ], [ 32.6036797474, -65.7991701264 ], [ 32.924244052, -65.8116588882 ], [ 33.2451391669, -65.8234117049 ], [ 33.5663454431, -65.8344273768 ], [ 33.8878431152, -65.8447047772 ], [ 34.2096123087, -65.8542428533 ], [ 34.5316330469, -65.8630406264 ], [ 34.8538852582, -65.8710971923 ], [ 35.1763487837, -65.8784117219 ], [ 35.4990033845, -65.8849834617 ], [ 35.8218287492, -65.8908117338 ], [ 36.1448045015, -65.8958959363 ], [ 36.467910208, -65.9002355438 ], [ 36.7911253858, -65.9038301076 ], [ 37.11442951, -65.9066792556 ], [ 37.437802022, -65.9087826928 ], [ 37.761222337, -65.9101402012 ], [ 38.084669852, -65.9107516404 ], [ 38.4081239535, -65.9106169468 ], [ 38.7315640254, -65.9097361344 ], [ 39.0549694573, -65.9081092946 ], [ 39.3783196516, -65.9057365958 ], [ 39.7015940322, -65.9026182838 ], [ 40.0247720517, -65.8987546815 ], [ 40.3478331996, -65.8941461886 ], [ 40.6707570098, -65.8887932816 ], [ 40.9935230688, -65.8826965135 ], [ 41.3161110227, -65.8758565137 ], [ 41.6385005855, -65.8682739874 ], [ 41.9606715462, -65.8599497155 ], [ 42.2826037767, -65.8508845543 ], [ 42.6042772388, -65.8410794347 ], [ 42.9256719918, -65.8305353625 ], [ 43.2467681998, -65.819253417 ], [ 43.5675461386, -65.8072347515 ], [ 43.887986203, -65.7944805919 ], [ 44.2080689134, -65.7809922366 ], [ 44.5277749231, -65.7667710561 ], [ 44.8470850245, -65.7518184917 ], [ 45.1659801561, -65.7361360556 ], [ 45.4844414087, -65.7197253298 ], [ 45.8024500315, -65.7025879654 ], [ 46.1199874388, -65.684725682 ], [ 46.4370352156, -65.666140267 ], [ 46.7535751235, -65.6468335744 ], [ 47.0695891066, -65.6268075248 ], [ 47.3850592969, -65.6060641035 ], [ 47.6999680196, -65.5846053607 ], [ 48.0142977986, -65.5624334098 ], [ 48.3280313612, -65.5395504269 ], [ 48.6411516434, -65.5159586499 ], [ 48.953641794, -65.4916603773 ], [ 49.2654851799, -65.4666579676 ], [ 49.5766653896, -65.4409538378 ], [ 49.8871662383, -65.4145504631 ], [ 50.1969717711, -65.3874503752 ], [ 50.5060662669, -65.3596561616 ], [ 50.8144342426, -65.3311704648 ], [ 51.122060456, -65.3019959805 ], [ 51.4289299091, -65.2721354575 ], [ 51.7350278513, -65.2415916958 ], [ 52.0403397823, -65.2103675459 ], [ 52.3448514545, -65.1784659076 ], [ 52.6485488759, -65.1458897289 ], [ 52.9514183121, -65.1126420049 ], [ 53.2534462888, -65.0787257769 ], [ 53.5546195931, -65.0441441305 ], [ 53.8549252761, -65.0089001956 ], [ 54.1543506537, -64.9729971441 ], [ 54.4528833087, -64.9364381897 ], [ 54.7505110914, -64.8992265862 ], [ 55.0472221211, -64.8613656264 ], [ 55.343004787, -64.8228586413 ], [ 55.6378477483, -64.7837089985 ], [ 55.9317399358, -64.7439201012 ], [ 56.2246705511, -64.7034953874 ], [ 56.5166290679, -64.6624383281 ], [ 56.8076052313, -64.6207524266 ], [ 57.0975890579, -64.5784412175 ], [ 57.3865708358, -64.5355082651 ], [ 57.6745411239, -64.4919571624 ], [ 57.9614907515, -64.4477915303 ], [ 58.2474108177, -64.4030150161 ], [ 58.5322926902, -64.3576312925 ], [ 58.8161280048, -64.3116440568 ], [ 59.098908664, -64.2650570291 ], [ 59.380626836, -64.217873952 ], [ 59.661274953, -64.170098589 ], [ 59.9408457101, -64.1217347235 ], [ 60.2193320635, -64.0727861581 ], [ 60.4967272291, -64.0232567129 ], [ 60.7730246801, -63.9731502252 ], [ 61.0482181457, -63.922470548 ], [ 61.3223016088, -63.8712215489 ], [ 61.5952693039, -63.8194071095 ], [ 61.8671157151, -63.7670311242 ], [ 62.1378355732, -63.7140974992 ], [ 62.4074238544, -63.6606101515 ], [ 62.6758757767, -63.6065730081 ], [ 62.9431867981, -63.5519900049 ], [ 63.2093526138, -63.496865086 ], [ 63.4743691535, -63.4412022024 ], [ 63.7382325787, -63.3850053117 ], [ 64.0009392796, -63.3282783765 ], [ 64.262485873, -63.2710253643 ], [ 64.5228691984, -63.213250246 ], [ 64.7820863159, -63.1549569955 ], [ 65.0401345027, -63.0961495886 ], [ 65.2970112502, -63.0368320024 ], [ 65.5527142608, -62.9770082144 ], [ 65.807241445, -62.9166822018 ], [ 66.060590918, -62.8558579409 ], [ 66.3127609967, -62.7945394057 ], [ 66.5637501963, -62.7327305683 ], [ 66.8135572272, -62.6704353969 ], [ 67.0621809917, -62.6076578563 ], [ 67.3096205807, -62.5444019065 ], [ 67.5558752704, -62.4806715021 ], [ 67.8009445191, -62.416470592 ], [ 68.0448279636, -62.3518031185 ], [ 68.2875254164, -62.2866730167 ], [ 68.5290368617, -62.221084214 ], [ 68.7693624526, -62.1550406296 ], [ 69.0085025078, -62.0885461737 ], [ 69.2464575077, -62.0216047471 ], [ 69.4832280917, -61.9542202407 ], [ 69.7188150547, -61.8863965349 ], [ 69.9532193436, -61.818137499 ], [ 70.1864420542, -61.7494469911 ], [ 70.4184844281, -61.6803288573 ], [ 70.649347849, -61.610786931 ], [ 70.8790338397, -61.5408250332 ], [ 71.1075440591, -61.4704469715 ], [ 71.3348802987, -61.3996565397 ], [ 71.5610444792, -61.3284575176 ], [ 71.7860386481, -61.2568536705 ], [ 72.0098649757, -61.1848487491 ], [ 72.2325257528, -61.1124464887 ], [ 72.4540233869, -61.0396506089 ], [ 72.6743603996, -60.9664648138 ], [ 72.8935394235, -60.8928927911 ], [ 73.111563199, -60.818938212 ], [ 73.3284345717, -60.7446047309 ], [ 73.5441564893, -60.6698959852 ], [ 73.7587319985, -60.5948155948 ], [ 73.9721642424, -60.5193671622 ], [ 74.1844564578, -60.4435542719 ], [ 74.3956119719, -60.3673804904 ], [ 74.6056342002, -60.2908493656 ], [ 74.8145266432, -60.2139644273 ], [ 75.022292884, -60.1367291862 ], [ 75.228936586, -60.0591471343 ], [ 75.4344614894, -59.9812217443 ], [ 75.6388714095, -59.9029564698 ], [ 75.8421702338, -59.8243547447 ], [ 76.0443619196, -59.7454199836 ], [ 76.2454504914, -59.6661555811 ], [ 76.4454400388, -59.586564912 ], [ 76.6443347136, -59.5066513311 ], [ 76.8421387282, -59.4264181732 ], [ 77.0388563526, -59.3458687525 ], [ 77.2344919128, -59.2650063632 ], [ 77.4290497881, -59.183834279 ], [ 77.622534409, -59.102355753 ], [ 77.8149502552, -59.0205740178 ], [ 78.0063018537, -58.9384922852 ], [ 78.1965937763, -58.8561137465 ], [ 78.3858306379, -58.773441572 ], [ 78.5740170944, -58.6904789112 ], [ 78.7611578409, -58.607228893 ], [ 78.9472576096, -58.5236946251 ], [ 79.132321168, -58.4398791944 ], [ 79.3163533175, -58.3557856669 ], [ 79.4993588909, -58.2714170875 ], [ 79.6813427511, -58.1867764802 ], [ 79.8623097893, -58.101866848 ], [ 80.0422649236, -58.016691173 ], [ 80.2212130967, -57.9312524163 ], [ 80.399159275, -57.8455535179 ], [ 80.5761084467, -57.7595973972 ], [ 80.7520656203, -57.6733869522 ], [ 80.9270358232, -57.5869250605 ], [ 81.1010241001, -57.5002145785 ], [ 81.2740355118, -57.4132583419 ], [ 81.4460751337, -57.3260591656 ], [ 81.6171480543, -57.2386198437 ], [ 81.7872593741, -57.1509431498 ], [ 81.9564142042, -57.0630318366 ], [ 82.1246176652, -56.9748886365 ], [ 82.2918748857, -56.8865162609 ], [ 82.4581910014, -56.7979174014 ], [ 82.6235711537, -56.7090947285 ], [ 82.7880204888, -56.620050893 ], [ 82.9515441563, -56.5307885249 ], [ 83.1141473086, -56.4413102344 ], [ 83.2758350992, -56.3516186114 ], [ 83.4366126824, -56.2617162258 ], [ 83.5964852117, -56.1716056276 ], [ 83.7554578393, -56.0812893469 ], [ 83.9135357149, -55.9907698939 ], [ 84.070723985, -55.9000497594 ], [ 84.2270277917, -55.8091314144 ], [ 84.3824522722, -55.7180173104 ], [ 84.5370025578, -55.6267098795 ], [ 84.6906837732, -55.5352115345 ], [ 84.8435010355, -55.4435246691 ], [ 84.9954594536, -55.3516516578 ], [ 85.1465641276, -55.259594856 ], [ 85.2968201479, -55.1673566004 ], [ 85.4462325946, -55.0749392086 ], [ 85.5948065368, -54.9823449799 ], [ 85.7425470318, -54.8895761947 ], [ 85.889459125, -54.796635115 ], [ 86.0355478486, -54.7035239845 ], [ 86.1808182217, -54.6102450286 ], [ 86.325275249, -54.5168004545 ], [ 86.4689239212, -54.4231924515 ], [ 86.6117692135, -54.3294231908 ], [ 86.7538160858, -54.2354948261 ], [ 86.8950694819, -54.141409493 ], [ 87.0355343292, -54.0471693098 ], [ 87.1752155379, -53.9527763773 ], [ 87.314118001, -53.858232779 ], [ 87.4522465938, -53.763540581 ], [ 87.5896061733, -53.6687018324 ], [ 87.7262015779, -53.5737185653 ], [ 87.8620376272, -53.4785927951 ], [ 87.9971191212, -53.3833265201 ], [ 88.1314508407, -53.2879217223 ], [ 88.2650375463, -53.1923803669 ], [ 88.3978839782, -53.096704403 ], [ 88.5299948565, -53.0008957631 ], [ 88.6613748799, -52.9049563638 ], [ 88.7920287265, -52.8088881056 ], [ 88.9219610527, -52.7126928729 ], [ 89.0511764935, -52.6163725346 ], [ 89.179679662, -52.5199289437 ], [ 89.3074751491, -52.4233639376 ], [ 89.4345675237, -52.3266793385 ], [ 89.5609613321, -52.2298769531 ], [ 89.6866610979, -52.1329585728 ], [ 89.811671322, -52.0359259742 ], [ 89.9359964823, -51.9387809186 ], [ 90.0596410335, -51.8415251526 ], [ 90.1826094071, -51.7441604081 ], [ 90.304906011, -51.6466884024 ], [ 90.4265352298, -51.5491108381 ], [ 90.5475014242, -51.4514294037 ], [ 90.6678089314, -51.3536457731 ], [ 90.7874620645, -51.2557616062 ], [ 90.9064651128, -51.1577785489 ], [ 91.0248223414, -51.0596982332 ], [ 91.1425379913, -50.9615222771 ], [ 91.2596162795, -50.8632522851 ], [ 91.3760613986, -50.7648898479 ], [ 91.4918775168, -50.6664365428 ], [ 91.6070687782, -50.5678939339 ], [ 91.7216393023, -50.4692635719 ], [ 91.8355931842, -50.3705469942 ], [ 91.9489344948, -50.2717457255 ], [ 92.0616672802, -50.1728612772 ], [ 92.1737955622, -50.0738951482 ], [ 92.285323338, -49.9748488245 ], [ 92.3962545804, -49.8757237795 ], [ 92.5065932376, -49.7765214743 ], [ 92.6163432335, -49.6772433573 ], [ 92.7255084674, -49.5778908648 ], [ 92.834092814, -49.478465421 ], [ 92.9421001239, -49.3789684377 ], [ 93.0495342229, -49.2794013151 ], [ 93.1563989128, -49.1797654413 ], [ 93.2626979707, -49.0800621926 ], [ 93.3684351497, -48.9802929338 ], [ 93.4736141784, -48.8804590181 ], [ 93.5782387614, -48.780561787 ], [ 93.682312579, -48.6806025709 ], [ 93.7858392875, -48.5805826888 ], [ 93.8888225189, -48.4805034485 ], [ 93.9912658815, -48.3803661468 ], [ 94.0931729595, -48.2801720695 ], [ 94.1945473134, -48.1799224915 ], [ 94.2953924798, -48.0796186768 ], [ 94.3957119715, -47.9792618789 ], [ 94.4955092779, -47.8788533405 ], [ 94.5947878647, -47.778394294 ], [ 94.693551174, -47.6778859612 ], [ 94.7918026249, -47.5773295535 ], [ 94.8895456128, -47.4767262724 ], [ 94.98678351, -47.3760773088 ], [ 95.0835196658, -47.2753838439 ], [ 95.1797574063, -47.1746470487 ], [ 95.2755000348, -47.0738680845 ], [ 95.3707508317, -46.9730481026 ], [ 95.4655130546, -46.8721882448 ], [ 95.5597899386, -46.771289643 ], [ 95.6535846961, -46.6703534198 ], [ 95.7469005172, -46.5693806882 ], [ 95.8397405696, -46.4683725518 ], [ 95.9321079987, -46.3673301051 ], [ 96.0240059279, -46.2662544331 ], [ 96.1154374586, -46.1651466119 ], [ 96.2064056703, -46.0640077084 ], [ 96.2969136206, -45.9628387806 ], [ 96.3869643455, -45.8616408776 ], [ 96.4765608595, -45.7604150396 ], [ 96.5657061555, -45.6591622982 ], [ 96.6544032052, -45.5578836761 ], [ 96.7426549591, -45.4565801877 ], [ 96.8304643464, -45.3552528386 ], [ 96.9178342756, -45.2539026263 ], [ 97.0047676342, -45.1525305395 ], [ 97.0912672888, -45.051137559 ], [ 97.1773360857, -44.9497246572 ], [ 97.2629768505, -44.8482927983 ], [ 97.3481923884, -44.7468429385 ], [ 97.4329854844, -44.6453760261 ], [ 97.5173589033, -44.5438930012 ], [ 97.6013153899, -44.4423947962 ], [ 97.6848576693, -44.3408823357 ], [ 97.7679884464, -44.2393565366 ], [ 97.8507104069, -44.1378183079 ], [ 97.9330262166, -44.0362685513 ], [ 98.0149385221, -43.9347081609 ], [ 98.0964499508, -43.8331380232 ], [ 98.1775631106, -43.7315590173 ], [ 98.2582805907, -43.6299720151 ], [ 98.3386049611, -43.5283778812 ], [ 98.4185387734, -43.4267774728 ], [ 98.4980845601, -43.3251716403 ], [ 98.5772448354, -43.2235612266 ], [ 98.6560220951, -43.1219470679 ], [ 98.7344188164, -43.0203299933 ], [ 98.8124374588, -42.9187108249 ], [ 98.8900804634, -42.8170903782 ], [ 98.9673502533, -42.7154694616 ], [ 99.0442492342, -42.6138488771 ], [ 99.1207797937, -42.5122294198 ], [ 99.1969443021, -42.4106118781 ], [ 99.272745112, -42.3089970342 ], [ 99.348184559, -42.2073856635 ], [ 99.4232649612, -42.105778535 ], [ 99.4979886197, -42.0041764113 ], [ 99.5723578189, -41.9025800488 ], [ 99.6463748259, -41.8009901974 ], [ 99.7200418914, -41.699407601 ], [ 99.7933612495, -41.5978329972 ], [ 99.8663351176, -41.4962671173 ], [ 99.938965697, -41.3947106869 ], [ 100.0112551725, -41.2931644252 ], [ 100.0832057129, -41.1916290458 ], [ 100.154819471, -41.090105256 ], [ 100.2260985837, -40.9885937575 ], [ 100.297045172, -40.8870952461 ], [ 100.3676613414, -40.7856104118 ], [ 100.4379491819, -40.6841399387 ], [ 100.5079107677, -40.5826845057 ], [ 100.5775481581, -40.4812447856 ], [ 100.6468633969, -40.3798214457 ], [ 100.7158585131, -40.278415148 ], [ 100.7845355203, -40.1770265489 ], [ 100.8528964176, -40.0756562991 ], [ 100.9209431892, -39.9743050443 ], [ 100.9886778046, -39.8729734245 ], [ 101.0561022189, -39.7716620747 ], [ 101.1232183727, -39.6703716243 ], [ 101.1900281921, -39.5691026977 ], [ 101.2565335894, -39.4678559142 ], [ 101.3227364624, -39.3666318876 ], [ 101.388638695, -39.2654312269 ], [ 101.4542421575, -39.1642545361 ], [ 101.5195487059, -39.0631024139 ], [ 101.584560183, -38.9619754542 ], [ 101.6492784178, -38.860874246 ], [ 101.7137052259, -38.7597993732 ], [ 101.7778424093, -38.6587514152 ], [ 101.8416917572, -38.5577309463 ], [ 101.9052550451, -38.4567385361 ], [ 101.9685340359, -38.3557747495 ], [ 102.0315304794, -38.2548401466 ], [ 102.0942461123, -38.153935283 ], [ 102.1566826588, -38.0530607095 ], [ 102.2188418304, -37.9522169724 ], [ 102.2807253261, -37.8514046136 ], [ 102.3423348323, -37.7506241702 ], [ 102.403672023, -37.6498761749 ], [ 102.46473856, -37.5491611562 ], [ 102.5255360931, -37.448479638 ], [ 102.5860662598, -37.3478321396 ], [ 102.6463306856, -37.2472191765 ], [ 102.7063309843, -37.1466412595 ], [ 102.7660687578, -37.0460988951 ], [ 102.8255455962, -36.9455925859 ], [ 102.8847630781, -36.84512283 ], [ 102.9437227705, -36.7446901214 ], [ 103.0024262292, -36.6442949501 ], [ 103.0608749983, -36.5439378019 ], [ 103.119070611, -36.4436191583 ], [ 103.1770145891, -36.3433394972 ], [ 103.2347084433, -36.2430992923 ], [ 103.2921536736, -36.1428990131 ], [ 103.3493517688, -36.0427391255 ], [ 103.406304207, -35.9426200913 ], [ 103.4630124556, -35.8425423685 ], [ 103.5194779714, -35.7425064111 ], [ 103.5757022004, -35.6425126694 ], [ 103.6316865785, -35.5425615899 ], [ 103.6874325309, -35.4426536153 ], [ 103.7429414726, -35.3427891846 ], [ 103.7982148083, -35.2429687331 ], [ 103.8532539328, -35.1431926923 ], [ 103.9080602306, -35.0434614901 ], [ 103.9626350763, -34.9437755509 ], [ 104.0169798344, -34.8441352954 ], [ 104.07109586, -34.7445411407 ], [ 104.124984498, -34.6449935004 ], [ 104.1786470839, -34.5454927846 ], [ 104.2320849435, -34.4460393999 ], [ 104.2852993932, -34.3466337494 ], [ 104.3382917398, -34.2472762327 ], [ 104.3910632809, -34.1479672463 ], [ 104.4436153045, -34.048707183 ], [ 104.4959490898, -33.9494964322 ], [ 104.5480659067, -33.8503353803 ], [ 104.5999670157, -33.7512244101 ], [ 104.6516536689, -33.6521639012 ], [ 104.7031271089, -33.5531542299 ], [ 104.7543885699, -33.4541957694 ], [ 104.805439277, -33.3552888895 ], [ 104.8562804467, -33.256433957 ], [ 104.9069132869, -33.1576313354 ], [ 104.9573389969, -33.0588813851 ], [ 105.0075587674, -32.9601844634 ], [ 105.0575737807, -32.8615409244 ], [ 105.1073852109, -32.7629511193 ], [ 105.1569942235, -32.6644153961 ], [ 105.2064019759, -32.5659340998 ], [ 105.2556096175, -32.4675075726 ], [ 105.3046182892, -32.3691361533 ], [ 105.3534291243, -32.2708201782 ], [ 105.4020432477, -32.1725599803 ], [ 105.4504617768, -32.0743558899 ], [ 105.4986858207, -31.9762082342 ], [ 105.546716481, -31.8781173377 ], [ 105.5945548516, -31.7800835221 ], [ 105.6422020185, -31.6821071059 ], [ 105.6896590604, -31.5841884053 ], [ 105.7369270481, -31.4863277333 ], [ 105.7840070452, -31.3885254003 ], [ 105.8309001077, -31.2907817138 ], [ 105.8776072844, -31.1930969788 ], [ 105.9241296167, -31.0954714975 ], [ 105.9704681386, -30.9979055692 ], [ 106.0166238771, -30.9003994907 ], [ 106.062597852, -30.8029535562 ], [ 106.1083910761, -30.7055680572 ], [ 106.1540045551, -30.6082432826 ], [ 106.1994392877, -30.5109795185 ], [ 106.2446962657, -30.4137770486 ], [ 106.2897764741, -30.3166361541 ], [ 106.334680891, -30.2195571136 ], [ 106.379410488, -30.122540203 ], [ 106.4239662296, -30.025585696 ], [ 106.4683490739, -29.9286938634 ], [ 106.5125599725, -29.8318649739 ], [ 106.5565998702, -29.7350992936 ], [ 106.6004697056, -29.638397086 ], [ 106.6441704106, -29.5417586126 ], [ 106.687702911, -29.4451841319 ], [ 106.7310681258, -29.3486739006 ], [ 106.7742669683, -29.2522281725 ], [ 106.8173003451, -29.1558471995 ], [ 106.8601691569, -29.0595312309 ], [ 106.9028742981, -28.9632805137 ], [ 106.9454166571, -28.8670952925 ], [ 106.9877971161, -28.77097581 ], [ 107.0300165516, -28.6749223061 ], [ 107.0720758339, -28.5789350187 ], [ 107.1139758274, -28.4830141836 ], [ 107.1557173908, -28.387160034 ], [ 107.197301377, -28.2913728013 ], [ 107.2387286329, -28.1956527144 ], [ 107.28, -28.1 ], [ 107.3878915843, -28.1366324673 ], [ 107.4959385619, -28.1730982818 ], [ 107.6041404986, -28.209396852 ], [ 107.7124969545, -28.2455275878 ], [ 107.8210074841, -28.2814898999 ], [ 107.9296716363, -28.3172832007 ], [ 108.0384889541, -28.3529069038 ], [ 108.147458975, -28.388360424 ], [ 108.2565812306, -28.4236431776 ], [ 108.3658552468, -28.4587545822 ], [ 108.4752805439, -28.4936940569 ], [ 108.5848566363, -28.5284610223 ], [ 108.6945830327, -28.5630549002 ], [ 108.8044592362, -28.5974751141 ], [ 108.9144847439, -28.631721089 ], [ 109.0246590472, -28.6657922515 ], [ 109.1349816318, -28.6996880295 ], [ 109.2454519775, -28.733407853 ], [ 109.3560695584, -28.766951153 ], [ 109.4668338428, -28.8003173628 ], [ 109.5777442932, -28.8335059168 ], [ 109.6888003662, -28.8665162516 ], [ 109.8000015127, -28.8993478052 ], [ 109.9113471778, -28.9320000174 ], [ 110.0228368007, -28.9644723301 ], [ 110.1344698149, -28.9967641866 ], [ 110.2462456481, -29.0288750322 ], [ 110.358163722, -29.0608043143 ], [ 110.4702234526, -29.0925514819 ], [ 110.5824242502, -29.124115986 ], [ 110.6947655191, -29.1554972797 ], [ 110.8072466578, -29.1866948178 ], [ 110.9198670593, -29.2177080575 ], [ 111.0326261103, -29.2485364577 ], [ 111.145523192, -29.2791794794 ], [ 111.2585576798, -29.309636586 ], [ 111.3717289432, -29.3399072427 ], [ 111.4850363459, -29.3699909169 ], [ 111.5984792459, -29.3998870783 ], [ 111.7120569954, -29.4295951986 ], [ 111.8257689407, -29.4591147521 ], [ 111.9396144224, -29.4884452149 ], [ 112.0535927754, -29.5175860657 ], [ 112.1677033288, -29.5465367853 ], [ 112.2819454059, -29.5752968572 ], [ 112.3963183243, -29.6038657668 ], [ 112.5108213959, -29.6322430022 ], [ 112.6254539266, -29.6604280539 ], [ 112.7402152171, -29.6884204147 ], [ 112.8551045619, -29.71621958 ], [ 112.9701212502, -29.7438250478 ], [ 113.0852645651, -29.7712363183 ], [ 113.2005337845, -29.7984528946 ], [ 113.3159281802, -29.8254742822 ], [ 113.4314470186, -29.8522999894 ], [ 113.5470895606, -29.8789295269 ], [ 113.6628550611, -29.9053624082 ], [ 113.7787427697, -29.9315981495 ], [ 113.8947519303, -29.9576362696 ], [ 114.0108817813, -29.9834762904 ], [ 114.1271315555, -30.009117736 ], [ 114.2435004801, -30.0345601339 ], [ 114.359987777, -30.0598030141 ], [ 114.4765926623, -30.0848459094 ], [ 114.5933143469, -30.1096883557 ], [ 114.710152036, -30.1343298918 ], [ 114.8271049296, -30.1587700592 ], [ 114.9441722221, -30.1830084025 ], [ 115.0613531026, -30.2070444694 ], [ 115.1786467547, -30.2308778105 ], [ 115.2960523568, -30.2545079794 ], [ 115.4135690819, -30.2779345329 ], [ 115.5311960976, -30.3011570308 ], [ 115.6489325665, -30.324175036 ], [ 115.7667776457, -30.3469881146 ], [ 115.884730487, -30.3695958359 ], [ 116.0027902373, -30.3919977722 ], [ 116.120956038, -30.4141934994 ], [ 116.2392270256, -30.4361825963 ], [ 116.3576023314, -30.4579646451 ], [ 116.4760810814, -30.4795392313 ], [ 116.5946623969, -30.5009059437 ], [ 116.7133453938, -30.5220643744 ], [ 116.8321291833, -30.5430141191 ], [ 116.9510128714, -30.5637547765 ], [ 117.0699955592, -30.5842859491 ], [ 117.1890763431, -30.6046072427 ], [ 117.3082543144, -30.6247182665 ], [ 117.4275285595, -30.6446186332 ], [ 117.5468981601, -30.6643079592 ], [ 117.6663621932, -30.6837858642 ], [ 117.785919731, -30.7030519717 ], [ 117.9055698408, -30.7221059085 ], [ 118.0253115854, -30.7409473052 ], [ 118.145144023, -30.7595757961 ], [ 118.2650662072, -30.777991019 ], [ 118.3850771868, -30.7961926154 ], [ 118.5051760064, -30.8141802306 ], [ 118.6253617059, -30.8319535136 ], [ 118.7456333209, -30.849512117 ], [ 118.8659898824, -30.8668556973 ], [ 118.9864304171, -30.8839839147 ], [ 119.1069539476, -30.9008964335 ], [ 119.2275594919, -30.9175929213 ], [ 119.3482460639, -30.9340730501 ], [ 119.4690126732, -30.9503364955 ], [ 119.5898583255, -30.9663829369 ], [ 119.7107820221, -30.9822120578 ], [ 119.8317827603, -30.9978235456 ], [ 119.9528595336, -31.0132170917 ], [ 120.0740113311, -31.0283923913 ], [ 120.1952371383, -31.0433491437 ], [ 120.3165359366, -31.0580870523 ], [ 120.4379067039, -31.0726058244 ], [ 120.5593484138, -31.0869051714 ], [ 120.6808600366, -31.1009848089 ], [ 120.8024405385, -31.1148444563 ], [ 120.9240888825, -31.1284838374 ], [ 121.0458040276, -31.1419026799 ], [ 121.1675849294, -31.1551007158 ], [ 121.2894305401, -31.1680776813 ], [ 121.4113398082, -31.1808333166 ], [ 121.533311679, -31.1933673662 ], [ 121.6553450944, -31.2056795788 ], [ 121.7774389929, -31.2177697074 ], [ 121.8995923099, -31.2296375091 ], [ 122.0218039775, -31.2412827454 ], [ 122.1440729247, -31.252705182 ], [ 122.2663980774, -31.2639045889 ], [ 122.3887783585, -31.2748807405 ], [ 122.5112126877, -31.2856334153 ], [ 122.6336999822, -31.2961623965 ], [ 122.7562391559, -31.3064674713 ], [ 122.87882912, -31.3165484315 ], [ 123.0014687832, -31.3264050732 ], [ 123.1241570511, -31.3360371968 ], [ 123.246892827, -31.3454446073 ], [ 123.3696750113, -31.354627114 ], [ 123.492502502, -31.3635845307 ], [ 123.6153741948, -31.3723166756 ], [ 123.7382889826, -31.3808233713 ], [ 123.8612457562, -31.389104445 ], [ 123.9842434041, -31.3971597283 ], [ 124.1072808125, -31.4049890574 ], [ 124.2303568653, -31.4125922728 ], [ 124.3534704444, -31.4199692199 ], [ 124.4766204297, -31.4271197481 ], [ 124.5998056989, -31.4340437118 ], [ 124.7230251278, -31.4407409697 ], [ 124.8462775906, -31.4472113851 ], [ 124.9695619592, -31.4534548259 ], [ 125.0928771041, -31.4594711647 ], [ 125.2162218939, -31.4652602784 ], [ 125.3395951957, -31.4708220487 ], [ 125.4629958748, -31.4761563619 ], [ 125.5864227953, -31.4812631088 ], [ 125.7098748195, -31.4861421849 ], [ 125.8333508086, -31.4907934903 ], [ 125.9568496223, -31.4952169297 ], [ 126.080370119, -31.4994124125 ], [ 126.2039111561, -31.5033798528 ], [ 126.3274715896, -31.5071191692 ], [ 126.4510502746, -31.5106302849 ], [ 126.574646065, -31.5139131281 ], [ 126.698257814, -31.5169676313 ], [ 126.8218843737, -31.5197937318 ], [ 126.9455245955, -31.5223913717 ], [ 127.06917733, -31.5247604977 ], [ 127.192841427, -31.526901061 ], [ 127.3165157358, -31.5288130178 ], [ 127.440199105, -31.5304963287 ], [ 127.563890383, -31.5319509592 ], [ 127.6875884173, -31.5331768794 ], [ 127.8112920553, -31.5341740641 ], [ 127.9350001441, -31.5349424928 ], [ 128.0587115304, -31.5354821498 ], [ 128.182425061, -31.5357930239 ], [ 128.3061395822, -31.5358751087 ], [ 128.4298539404, -31.5357284027 ], [ 128.5535669822, -31.5353529087 ], [ 128.6772775541, -31.5347486345 ], [ 128.8009845026, -31.5339155925 ], [ 128.9246866747, -31.5328537998 ], [ 129.0483829175, -31.5315632783 ], [ 129.1720720784, -31.5300440545 ], [ 129.2957530052, -31.5282961595 ], [ 129.4194245464, -31.5263196293 ], [ 129.5430855506, -31.5241145045 ], [ 129.6667348675, -31.5216808303 ], [ 129.7903713469, -31.5190186567 ], [ 129.9139938397, -31.5161280384 ], [ 130.0376011976, -31.5130090347 ], [ 130.1611922728, -31.5096617096 ], [ 130.2847659188, -31.5060861318 ], [ 130.4083209898, -31.5022823745 ], [ 130.5318563412, -31.4982505159 ], [ 130.6553708293, -31.4939906385 ], [ 130.7788633119, -31.4895028296 ], [ 130.9023326477, -31.4847871812 ], [ 131.0257776968, -31.4798437898 ], [ 131.1491973207, -31.4746727567 ], [ 131.2725903822, -31.4692741876 ], [ 131.3959557458, -31.4636481931 ], [ 131.5192922772, -31.4577948882 ], [ 131.642598844, -31.4517143924 ], [ 131.7658743153, -31.4454068302 ], [ 131.889117562, -31.4388723302 ], [ 132.0123274566, -31.4321110258 ], [ 132.1355028738, -31.4251230551 ], [ 132.2586426899, -31.4179085606 ], [ 132.3817457833, -31.4104676893 ], [ 132.5048110343, -31.4028005928 ], [ 132.6278373254, -31.3949074273 ], [ 132.7508235413, -31.3867883533 ], [ 132.8737685687, -31.3784435361 ], [ 132.9966712967, -31.3698731453 ], [ 133.1195306168, -31.3610773549 ], [ 133.2423454227, -31.3520563436 ], [ 133.3651146106, -31.3428102944 ], [ 133.4878370793, -31.3333393948 ], [ 133.61051173, -31.3236438368 ], [ 133.7331374666, -31.3137238166 ], [ 133.8557131956, -31.303579535 ], [ 133.9782378264, -31.2932111972 ], [ 134.1007102709, -31.2826190126 ], [ 134.223129444, -31.2718031952 ], [ 134.3454942635, -31.2607639632 ], [ 134.4678036502, -31.2495015392 ], [ 134.5900565276, -31.23801615 ], [ 134.7122518227, -31.2263080268 ], [ 134.8343884652, -31.2143774052 ], [ 134.9564653882, -31.2022245248 ], [ 135.0784815279, -31.1898496298 ], [ 135.2004358238, -31.1772529683 ], [ 135.3223272188, -31.1644347929 ], [ 135.4441546591, -31.1513953602 ], [ 135.5659170941, -31.1381349312 ], [ 135.6876134771, -31.1246537709 ], [ 135.8092427646, -31.1109521484 ], [ 135.9308039168, -31.0970303373 ], [ 136.0522958975, -31.0828886149 ], [ 136.1737176741, -31.0685272629 ], [ 136.2950682177, -31.0539465669 ], [ 136.4163465034, -31.0391468167 ], [ 136.5375515098, -31.0241283061 ], [ 136.6586822196, -31.0088913327 ], [ 136.7797376192, -30.9934361986 ], [ 136.9007166991, -30.9777632095 ], [ 137.0216184537, -30.9618726752 ], [ 137.1424418816, -30.9457649094 ], [ 137.2631859852, -30.9294402298 ], [ 137.3838497713, -30.912898958 ], [ 137.5044322508, -30.8961414194 ], [ 137.6249324387, -30.8791679434 ], [ 137.7453493543, -30.8619788631 ], [ 137.8656820213, -30.8445745156 ], [ 137.9859294677, -30.8269552416 ], [ 138.1060907258, -30.8091213858 ], [ 138.2261648324, -30.7910732965 ], [ 138.3461508286, -30.7728113258 ], [ 138.4660477603, -30.7543358295 ], [ 138.5858546777, -30.7356471671 ], [ 138.7055706356, -30.7167457018 ], [ 138.8251946934, -30.6976318005 ], [ 138.9447259153, -30.6783058335 ], [ 139.0641633701, -30.6587681749 ], [ 139.1835061312, -30.6390192024 ], [ 139.3027532769, -30.6190592971 ], [ 139.4219038902, -30.5988888439 ], [ 139.540957059, -30.5785082308 ], [ 139.6599118761, -30.5579178498 ], [ 139.778767439, -30.5371180958 ], [ 139.8975228503, -30.5161093676 ], [ 140.0161772174, -30.4948920672 ], [ 140.1347296529, -30.4734666 ], [ 140.2531792742, -30.4518333748 ], [ 140.371525204, -30.4299928037 ], [ 140.4897665696, -30.4079453022 ], [ 140.607902504, -30.385691289 ], [ 140.725932145, -30.3632311862 ], [ 140.8438546354, -30.3405654188 ], [ 140.9616691237, -30.3176944155 ], [ 141.079374763, -30.2946186079 ], [ 141.1969707122, -30.2713384307 ], [ 141.314456135, -30.2478543218 ], [ 141.4318302007, -30.2241667225 ], [ 141.5490920838, -30.2002760767 ], [ 141.6662409642, -30.1761828318 ], [ 141.783276027, -30.1518874379 ], [ 141.9001964628, -30.1273903482 ], [ 142.0170014677, -30.1026920191 ], [ 142.1336902429, -30.0777929097 ], [ 142.2502619955, -30.052693482 ], [ 142.3667159376, -30.0273942012 ], [ 142.4830512872, -30.0018955351 ], [ 142.5992672675, -29.9761979545 ], [ 142.7153631074, -29.9503019328 ], [ 142.8313380412, -29.9242079466 ], [ 142.9471913088, -29.8979164748 ], [ 143.0629221559, -29.8714279994 ], [ 143.1785298333, -29.8447430049 ], [ 143.294013598, -29.8178619787 ], [ 143.4093727121, -29.7907854106 ], [ 143.5246064436, -29.7635137933 ], [ 143.6397140662, -29.7360476219 ], [ 143.754694859, -29.7083873941 ], [ 143.8695481071, -29.6805336103 ], [ 143.984273101, -29.6524867732 ], [ 144.098869137, -29.6242473884 ], [ 144.2133355172, -29.5958159634 ], [ 144.3276715494, -29.5671930086 ], [ 144.4418765469, -29.5383790366 ], [ 144.555949829, -29.5093745625 ], [ 144.6698907207, -29.4801801036 ], [ 144.7836985526, -29.4507961798 ], [ 144.8973726613, -29.421223313 ], [ 145.0109123889, -29.3914620276 ], [ 145.1243170835, -29.3615128502 ], [ 145.2375860988, -29.3313763095 ], [ 145.3507187946, -29.3010529365 ], [ 145.4637145361, -29.2705432645 ], [ 145.5765726945, -29.2398478286 ], [ 145.6892926468, -29.2089671663 ], [ 145.8018737758, -29.1779018172 ], [ 145.91431547, -29.1466523227 ], [ 146.0266171239, -29.1152192265 ], [ 146.1387781376, -29.0836030741 ], [ 146.2507979172, -29.0518044131 ], [ 146.3626758745, -29.019823793 ], [ 146.4744114272, -28.9876617653 ], [ 146.5860039988, -28.9553188832 ], [ 146.6974530184, -28.922795702 ], [ 146.8087579212, -28.8900927786 ], [ 146.9199181481, -28.857210672 ], [ 147.0309331458, -28.8241499427 ], [ 147.1418023668, -28.7909111531 ], [ 147.2525252695, -28.7574948674 ], [ 147.3631013179, -28.7239016513 ], [ 147.4735299819, -28.6901320723 ], [ 147.5838107374, -28.6561866995 ], [ 147.6939430656, -28.6220661038 ], [ 147.8039264541, -28.5877708574 ], [ 147.9137603957, -28.5533015342 ], [ 148.0234443894, -28.5186587098 ], [ 148.1329779396, -28.4838429611 ], [ 148.2423605568, -28.4488548665 ], [ 148.3515917571, -28.4136950059 ], [ 148.4606710622, -28.3783639607 ], [ 148.5695979997, -28.3428623136 ], [ 148.678372103, -28.3071906488 ], [ 148.786992911, -28.2713495518 ], [ 148.8954599684, -28.2353396093 ], [ 149.0037728257, -28.1991614094 ], [ 149.111931039, -28.1628155417 ], [ 149.2199341699, -28.1263025966 ], [ 149.3277817861, -28.089623166 ], [ 149.4354734604, -28.0527778431 ], [ 149.5430087717, -28.0157672219 ], [ 149.6503873044, -27.978591898 ], [ 149.7576086483, -27.9412524677 ], [ 149.8646723991, -27.9037495286 ], [ 149.971578158, -27.8660836795 ], [ 150.0783255316, -27.8282555199 ], [ 150.1849141323, -27.7902656507 ], [ 150.2913435779, -27.7521146734 ], [ 150.3976134919, -27.7138031908 ], [ 150.5037235031, -27.6753318064 ], [ 150.6096732459, -27.6367011248 ], [ 150.7154623603, -27.5979117514 ], [ 150.8210904915, -27.5589642925 ], [ 150.9265572905, -27.5198593551 ], [ 151.0318624135, -27.4805975473 ], [ 151.1370055221, -27.4411794778 ], [ 151.2419862835, -27.401605756 ], [ 151.3468043701, -27.3618769922 ], [ 151.4514594599, -27.3219937974 ], [ 151.5559512359, -27.2819567832 ], [ 151.6602793867, -27.241766562 ], [ 151.7644436062, -27.2014237467 ], [ 151.8684435935, -27.1609289509 ], [ 151.972279053, -27.120282789 ], [ 152.0759496944, -27.0794858755 ], [ 152.1794552326, -27.038538826 ], [ 152.2827953878, -26.9974422562 ], [ 152.3859698852, -26.9561967825 ], [ 152.4889784555, -26.9148030218 ], [ 152.5918208341, -26.8732615914 ], [ 152.6944967621, -26.8315731091 ], [ 152.7970059851, -26.7897381931 ], [ 152.8993482544, -26.7477574619 ], [ 153.0015233259, -26.7056315345 ], [ 153.1035309608, -26.6633610301 ], [ 153.2053709252, -26.6209465685 ], [ 153.3070429903, -26.5783887695 ], [ 153.4085469322, -26.5356882534 ], [ 153.5098825321, -26.4928456406 ], [ 153.611049576, -26.4498615519 ], [ 153.7120478548, -26.4067366081 ], [ 153.8128771644, -26.3634714305 ], [ 153.9135373056, -26.3200666403 ], [ 154.0140280839, -26.276522859 ], [ 154.1143493096, -26.2328407082 ], [ 154.214500798, -26.1890208096 ], [ 154.314482369, -26.145063785 ], [ 154.4142938474, -26.1009702564 ], [ 154.5139350626, -26.0567408456 ], [ 154.6134058486, -26.0123761746 ], [ 154.7127060444, -25.9678768654 ], [ 154.8118354933, -25.92324354 ], [ 154.9107940436, -25.8784768203 ], [ 155.0095815477, -25.8335773282 ], [ 155.1081978632, -25.7885456855 ], [ 155.2066428516, -25.743382514 ], [ 155.3049163795, -25.6980884353 ], [ 155.4030183176, -25.6526640709 ], [ 155.5009485413, -25.6071100422 ], [ 155.5987069303, -25.5614269704 ], [ 155.6962933689, -25.5156154766 ], [ 155.7937077455, -25.4696761815 ], [ 155.8909499533, -25.4236097058 ], [ 155.9880198894, -25.3774166698 ], [ 156.0849174556, -25.3310976936 ], [ 156.1816425577, -25.2846533972 ], [ 156.2781951059, -25.2380844 ], [ 156.3745750147, -25.1913913213 ], [ 156.4707822026, -25.1445747801 ], [ 156.5668165926, -25.0976353948 ], [ 156.6626781116, -25.0505737838 ], [ 156.7583666908, -25.0033905649 ], [ 156.8538822653, -24.9560863554 ], [ 156.9492247744, -24.9086617725 ], [ 157.0443941617, -24.8611174328 ], [ 157.1393903743, -24.8134539524 ], [ 157.2342133638, -24.7656719471 ], [ 157.3288630854, -24.717772032 ], [ 157.4233394986, -24.6697548219 ], [ 157.5176425664, -24.621620931 ], [ 157.6117722561, -24.5733709731 ], [ 157.7057285386, -24.5250055613 ], [ 157.7995113888, -24.4765253081 ], [ 157.8931207852, -24.4279308257 ], [ 157.9865567103, -24.3792227254 ], [ 158.0798191502, -24.3304016182 ], [ 158.1729080949, -24.2814681143 ], [ 158.265823538, -24.2324228232 ], [ 158.3585654766, -24.1832663539 ], [ 158.4511339118, -24.1339993146 ], [ 158.5435288481, -24.0846223132 ], [ 158.6357502936, -24.0351359563 ], [ 158.72779826, -23.9855408503 ], [ 158.8196727626, -23.9358376007 ], [ 158.91137382, -23.8860268123 ], [ 159.0029014546, -23.836109089 ], [ 159.0942556919, -23.7860850342 ], [ 159.1854365612, -23.7359552504 ], [ 159.2764440949, -23.6857203392 ], [ 159.367278329, -23.6353809016 ], [ 159.4579393026, -23.5849375378 ], [ 159.5484270583, -23.5343908469 ], [ 159.6387416421, -23.4837414274 ], [ 159.7288831029, -23.432989877 ], [ 159.8188514932, -23.3821367923 ], [ 159.9086468686, -23.3311827693 ], [ 159.9982692877, -23.2801284029 ], [ 160.0877188126, -23.2289742871 ], [ 160.1769955082, -23.1777210152 ], [ 160.2660994428, -23.1263691794 ], [ 160.3550306876, -23.074919371 ], [ 160.4437893168, -23.0233721804 ], [ 160.5323754078, -22.971728197 ], [ 160.6207890409, -22.9199880092 ], [ 160.7090302994, -22.8681522046 ], [ 160.7970992694, -22.8162213695 ], [ 160.8849960403, -22.7641960894 ], [ 160.972720704, -22.7120769489 ], [ 161.0602733554, -22.6598645313 ], [ 161.1476540923, -22.6075594192 ], [ 161.2348630152, -22.5551621938 ], [ 161.3219002276, -22.5026734354 ], [ 161.4087658355, -22.4500937234 ], [ 161.4954599478, -22.3974236358 ], [ 161.5819826762, -22.3446637499 ], [ 161.6683341347, -22.2918146416 ], [ 161.7545144404, -22.2388768858 ], [ 161.8405237129, -22.1858510564 ], [ 161.9263620742, -22.1327377259 ], [ 162.0120296492, -22.079537466 ], [ 162.097526565, -22.0262508471 ], [ 162.1828529517, -21.9728784383 ], [ 162.2680089415, -21.9194208079 ], [ 162.3529946692, -21.8658785228 ], [ 162.4378102722, -21.8122521487 ], [ 162.5224558902, -21.7585422503 ], [ 162.6069316652, -21.7047493909 ], [ 162.6912377419, -21.6508741327 ], [ 162.775374267, -21.5969170368 ], [ 162.8593413898, -21.5428786629 ], [ 162.9431392619, -21.4887595695 ], [ 163.026768037, -21.4345603141 ], [ 163.1102278711, -21.3802814526 ], [ 163.1935189227, -21.32592354 ], [ 163.2766413521, -21.2714871299 ], [ 163.3595953222, -21.2169727745 ], [ 163.4423809977, -21.162381025 ], [ 163.5249985458, -21.1077124312 ], [ 163.6074481355, -21.0529675415 ], [ 163.6897299381, -20.9981469032 ], [ 163.7718441269, -20.9432510623 ], [ 163.8537908772, -20.8882805634 ], [ 163.9355703664, -20.8332359498 ], [ 164.0171827739, -20.7781177635 ], [ 164.0986282811, -20.7229265453 ], [ 164.1799070712, -20.6676628344 ], [ 164.2610193295, -20.6123271691 ], [ 164.3419652433, -20.5569200859 ], [ 164.4227450014, -20.5014421202 ], [ 164.5033587949, -20.4458938061 ], [ 164.5838068166, -20.3902756762 ], [ 164.6640892609, -20.3345882618 ], [ 164.7442063244, -20.2788320928 ], [ 164.8241582051, -20.2230076979 ], [ 164.903945103, -20.1671156041 ], [ 164.9835672197, -20.1111563373 ], [ 165.0630247586, -20.055130422 ], [ 165.1423179248, -19.9990383811 ], [ 165.2214469251, -19.9428807364 ], [ 165.3004119677, -19.8866580079 ], [ 165.3792132627, -19.8303707146 ], [ 165.4578510217, -19.7740193739 ], [ 165.536325458, -19.7176045018 ], [ 165.6146367863, -19.6611266129 ], [ 165.692785223, -19.6045862203 ], [ 165.7707709858, -19.5479838359 ], [ 165.8485942941, -19.4913199698 ], [ 165.9262553688, -19.434595131 ], [ 166.0037544322, -19.3778098269 ], [ 166.0810917079, -19.3209645636 ], [ 166.1582674213, -19.2640598455 ], [ 166.2352817988, -19.2070961758 ], [ 166.3121350684, -19.1500740561 ], [ 166.3888274595, -19.0929939866 ], [ 166.4653592026, -19.035856466 ], [ 166.5417305299, -18.9786619917 ], [ 166.6179416746, -18.9214110594 ], [ 166.6939928713, -18.8641041634 ], [ 166.769884356, -18.8067417967 ], [ 166.8456163656, -18.7493244506 ], [ 166.9211891386, -18.691852615 ], [ 166.9966029146, -18.6343267783 ], [ 167.0718579342, -18.5767474275 ], [ 167.1469544396, -18.5191150481 ], [ 167.2218926736, -18.4614301241 ], [ 167.2966728807, -18.4036931378 ], [ 167.3712953062, -18.3459045704 ], [ 167.4457601965, -18.2880649013 ], [ 167.5200677993, -18.2301746085 ], [ 167.5942183631, -18.1722341685 ], [ 167.6682121377, -18.1142440563 ], [ 167.7420493738, -18.0562047454 ], [ 167.8157303231, -17.9981167077 ], [ 167.8892552385, -17.9399804139 ], [ 167.9626243735, -17.8817963328 ], [ 168.0358379831, -17.823564932 ], [ 168.1088963227, -17.7652866773 ], [ 168.1817996491, -17.7069620332 ], [ 168.2545482197, -17.6485914627 ], [ 168.327142293, -17.5901754271 ], [ 168.3995821282, -17.5317143863 ], [ 168.4718679856, -17.4732087987 ], [ 168.5440001262, -17.4146591212 ], [ 168.6159788118, -17.3560658091 ], [ 168.6878043053, -17.2974293162 ], [ 168.75947687, -17.2387500948 ], [ 168.8309967703, -17.1800285956 ], [ 168.9023642713, -17.1212652679 ], [ 168.9735796388, -17.0624605594 ], [ 169.0446431394, -17.0036149164 ], [ 169.1155550405, -16.9447287833 ], [ 169.18631561, -16.8858026035 ], [ 169.2569251168, -16.8268368184 ], [ 169.3273838303, -16.7678318682 ], [ 169.3976920206, -16.7087881914 ], [ 169.4678499584, -16.6497062251 ], [ 169.5378579152, -16.5905864046 ], [ 169.6077161631, -16.5314291641 ], [ 169.6774249747, -16.4722349359 ], [ 169.7469846233, -16.4130041509 ], [ 169.8163953827, -16.3537372385 ], [ 169.8856575274, -16.2944346265 ], [ 169.9547713324, -16.2350967412 ], [ 170.0237370733, -16.1757240075 ], [ 170.0925550262, -16.1163168486 ], [ 170.1612254676, -16.0568756862 ], [ 170.2297486747, -15.9974009405 ], [ 170.2981249251, -15.9378930301 ], [ 170.3663544969, -15.8783523723 ], [ 170.4344376688, -15.8187793826 ], [ 170.5023747197, -15.7591744751 ], [ 170.5701659291, -15.6995380623 ], [ 170.637811577, -15.6398705554 ], [ 170.7053119437, -15.5801723637 ], [ 170.77266731, -15.5204438954 ], [ 170.839877957, -15.4606855567 ], [ 170.9069441663, -15.4008977528 ], [ 170.9738662197, -15.3410808869 ], [ 171.0406443996, -15.281235361 ], [ 171.1072789885, -15.2213615755 ], [ 171.1737702695, -15.1614599292 ], [ 171.2401185258, -15.1015308194 ], [ 171.3063240411, -15.0415746419 ], [ 171.3723870993, -14.9815917911 ], [ 171.4383079845, -14.9215826598 ], [ 171.5040869813, -14.8615476391 ], [ 171.5697243745, -14.8014871189 ], [ 171.6352204491, -14.7414014874 ], [ 171.7005754903, -14.6812911314 ], [ 171.7657897837, -14.621156436 ], [ 171.830863615, -14.560997785 ], [ 171.8957972703, -14.5008155607 ], [ 171.9605910356, -14.4406101436 ], [ 172.0252451975, -14.380381913 ], [ 172.0897600424, -14.3201312467 ], [ 172.1541358571, -14.2598585209 ], [ 172.2183729285, -14.1995641101 ], [ 172.2824715437, -14.1392483877 ], [ 172.34643199, -14.0789117254 ], [ 172.4102545546, -14.0185544934 ], [ 172.4739395252, -13.9581770604 ], [ 172.5374871893, -13.8977797937 ], [ 172.6008978347, -13.837363059 ], [ 172.6641717492, -13.7769272206 ], [ 172.7273092207, -13.7164726412 ], [ 172.7903105373, -13.6559996823 ], [ 172.8531759871, -13.5955087036 ], [ 172.9159058581, -13.5350000634 ], [ 172.9785004387, -13.4744741187 ], [ 173.0409600171, -13.4139312248 ], [ 173.1032848817, -13.3533717356 ], [ 173.1654753207, -13.2927960037 ], [ 173.2275316225, -13.23220438 ], [ 173.2894540755, -13.171597214 ], [ 173.3512429682, -13.1109748538 ], [ 173.4128985889, -13.050337646 ], [ 173.4744212259, -12.9896859358 ], [ 173.5358111677, -12.9290200668 ], [ 173.5970687026, -12.8683403812 ], [ 173.658194119, -12.8076472199 ], [ 173.719187705, -12.7469409222 ], [ 173.7800497489, -12.6862218259 ], [ 173.840780539, -12.6254902676 ], [ 173.9013803632, -12.5647465822 ], [ 173.9618495097, -12.5039911033 ], [ 174.0221882664, -12.4432241629 ], [ 174.0823969211, -12.3824460919 ], [ 174.1424757618, -12.3216572195 ], [ 174.202425076, -12.2608578735 ], [ 174.2622451514, -12.2000483803 ], [ 174.3219362755, -12.1392290649 ], [ 174.3814987355, -12.0784002509 ], [ 174.4409328188, -12.0175622604 ], [ 174.5002388124, -11.9567154142 ], [ 174.5594170032, -11.8958600315 ], [ 174.6184676782, -11.8349964303 ], [ 174.677391124, -11.7741249271 ], [ 174.7361876271, -11.713245837 ], [ 174.7948574738, -11.6523594737 ], [ 174.8534009503, -11.5914661494 ], [ 174.9118183426, -11.5305661752 ], [ 174.9701099366, -11.4696598604 ], [ 175.0282760178, -11.4087475133 ], [ 175.0863168717, -11.3478294405 ], [ 175.1442327835, -11.2869059474 ], [ 175.2020240383, -11.225977338 ], [ 175.2596909209, -11.1650439149 ], [ 175.3172337159, -11.1041059792 ], [ 175.3746527076, -11.0431638309 ], [ 175.4319481803, -10.9822177684 ], [ 175.4891204178, -10.9212680888 ], [ 175.5461697038, -10.8603150879 ], [ 175.6030963218, -10.7993590601 ], [ 175.6599005549, -10.7384002983 ], [ 175.7165826861, -10.6774390943 ], [ 175.7731429981, -10.6164757383 ], [ 175.8295817733, -10.5555105195 ], [ 175.8858992937, -10.4945437253 ], [ 175.9420958414, -10.4335756422 ], [ 175.9981716979, -10.372606555 ], [ 176.0541271444, -10.3116367474 ], [ 176.109962462, -10.2506665017 ], [ 176.1656779315, -10.1896960988 ], [ 176.2212738332, -10.1287258184 ], [ 176.2767504474, -10.0677559387 ], [ 176.3321080537, -10.0067867369 ], [ 176.3873469318, -9.9458184885 ], [ 176.4424673607, -9.8848514679 ], [ 176.4974696195, -9.8238859483 ], [ 176.5523539867, -9.7629222013 ], [ 176.6071207404, -9.7019604974 ], [ 176.6617701586, -9.6410011058 ], [ 176.7163025188, -9.5800442943 ], [ 176.7707180982, -9.5190903296 ], [ 176.8250171739, -9.4581394768 ], [ 176.8792000221, -9.3971919999 ], [ 176.9332669192, -9.3362481618 ], [ 176.987218141, -9.2753082238 ], [ 177.0410539629, -9.214372446 ], [ 177.09477466, -9.1534410874 ], [ 177.1483805071, -9.0925144056 ], [ 177.2018717786, -9.031592657 ], [ 177.2552487483, -8.9706760965 ], [ 177.3085116901, -8.9097649782 ], [ 177.361660877, -8.8488595544 ], [ 177.414696582, -8.7879600767 ], [ 177.4676190775, -8.727066795 ], [ 177.5204286356, -8.6661799582 ], [ 177.573125528, -8.6052998139 ], [ 177.625710026, -8.5444266084 ], [ 177.6781824004, -8.4835605869 ], [ 177.7305429219, -8.4227019933 ], [ 177.7827918604, -8.3618510702 ], [ 177.8349294857, -8.301008059 ], [ 177.886956067, -8.2401732001 ], [ 177.9388718731, -8.1793467324 ], [ 177.9906771726, -8.1185288937 ], [ 178.0423722334, -8.0577199205 ], [ 178.0939573232, -7.9969200484 ], [ 178.1454327091, -7.9361295114 ], [ 178.1967986578, -7.8753485425 ], [ 178.2480554358, -7.8145773736 ], [ 178.2992033088, -7.7538162351 ], [ 178.3502425424, -7.6930653565 ], [ 178.4011734015, -7.6323249661 ], [ 178.4519961507, -7.5715952909 ], [ 178.5027110543, -7.5108765566 ], [ 178.5533183757, -7.4501689881 ], [ 178.6038183784, -7.3894728088 ], [ 178.6542113251, -7.3287882411 ], [ 178.7044974782, -7.2681155062 ], [ 178.7546770995, -7.207454824 ], [ 178.8047504505, -7.1468064136 ], [ 178.8547177921, -7.0861704925 ], [ 178.904579385, -7.0255472774 ], [ 178.9543354891, -6.9649369836 ], [ 179.0039863641, -6.9043398255 ], [ 179.0535322691, -6.8437560163 ], [ 179.1029734628, -6.7831857678 ], [ 179.1523102034, -6.7226292911 ], [ 179.2015427485, -6.6620867958 ], [ 179.2506713556, -6.6015584905 ], [ 179.2996962812, -6.5410445829 ], [ 179.3486177819, -6.4805452792 ], [ 179.3974361133, -6.4200607848 ], [ 179.4461515309, -6.3595913038 ], [ 179.4947642895, -6.2991370393 ], [ 179.5432746436, -6.2386981933 ], [ 179.5916828469, -6.1782749665 ], [ 179.639989153, -6.1178675589 ], [ 179.6881938148, -6.0574761689 ], [ 179.7362970847, -5.9971009943 ], [ 179.7842992148, -5.9367422316 ], [ 179.8322004564, -5.8764000761 ], [ 179.8800010605, -5.8160747222 ], [ 179.9277012777, -5.7557663632 ], [ 179.9753013579, -5.6954751913 ], [ -179.9771984494, -5.6352013976 ], [ -179.9297978952, -5.5749451721 ], [ -179.8824967309, -5.514706704 ], [ -179.8352947087, -5.4544861811 ], [ -179.7881915809, -5.3942837903 ], [ -179.7411871006, -5.3340997176 ], [ -179.6942810212, -5.2739341477 ], [ -179.6474730969, -5.2137872644 ], [ -179.600763082, -5.1536592504 ], [ -179.5541507317, -5.0935502874 ], [ -179.5076358014, -5.0334605561 ], [ -179.4612180471, -4.9733902361 ], [ -179.4148972255, -4.9133395061 ], [ -179.3686730935, -4.8533085435 ], [ -179.3225454087, -4.7932975251 ], [ -179.2765139292, -4.7333066264 ], [ -179.2305784135, -4.6733360219 ], [ -179.1847386207, -4.6133858852 ], [ -179.1389943105, -4.5534563889 ], [ -179.093345243, -4.4935477044 ], [ -179.0477911787, -4.4336600023 ], [ -179.0023318788, -4.3737934523 ], [ -178.956967105, -4.3139482228 ], [ -178.9116966195, -4.2541244815 ], [ -178.866520185, -4.1943223949 ], [ -178.8214375646, -4.1345421287 ], [ -178.7764485221, -4.0747838476 ], [ -178.7315528218, -4.0150477152 ], [ -178.6867502284, -3.9553338943 ], [ -178.6420405071, -3.8956425466 ], [ -178.5974234239, -3.8359738329 ], [ -178.552898745, -3.7763279131 ], [ -178.5084662372, -3.7167049459 ], [ -178.464125668, -3.6571050894 ], [ -178.4198768052, -3.5975285006 ], [ -178.3757194172, -3.5379753355 ], [ -178.331653273, -3.4784457492 ], [ -178.287678142, -3.4189398958 ], [ -178.2437937941, -3.3594579286 ], [ -178.2, -3.3 ] ] ] } },
{ "type": "Feature", "properties": { "fid": 2, "chart": "K" }, "geometry": { "type": "Polygon", "coordinates": [ [ [ 55.82, 12.92 ], [ 55.8619500861, 12.884456583 ], [ 55.9039532557, 12.8489157562 ], [ 55.9460095647, 12.8133776223 ], [ 55.9881190683, 12.7778422841 ], [ 56.030281822, 12.7423098451 ], [ 56.0724978812, 12.7067804087 ], [ 56.1147673011, 12.6712540789 ], [ 56.1570901368, 12.6357309598 ], [ 56.1994664433, 12.6002111562 ], [ 56.2418962757, 12.5646947728 ], [ 56.2843796887, 12.529181915 ], [ 56.3269167371, 12.4936726882 ], [ 56.3695074756, 12.4581671983 ], [ 56.4121519587, 12.4226655516 ], [ 56.4548502409, 12.3871678545 ], [ 56.4976023766, 12.351674214 ], [ 56.5404084199, 12.3161847372 ], [ 56.5832684251, 12.2806995316 ], [ 56.6261824461, 12.2452187052 ], [ 56.669150537, 12.209742366 ], [ 56.7121727516, 12.1742706226 ], [ 56.7552491435, 12.1388035838 ], [ 56.7983797664, 12.1033413588 ], [ 56.8415646738, 12.067884057 ], [ 56.8848039191, 12.0324317884 ], [ 56.9280975555, 11.9969846631 ], [ 56.9714456363, 11.9615427915 ], [ 57.0148482144, 11.9261062845 ], [ 57.0583053428, 11.8906752532 ], [ 57.1018170744, 11.8552498092 ], [ 57.1453834617, 11.8198300641 ], [ 57.1890045574, 11.7844161302 ], [ 57.232680414, 11.74900812 ], [ 57.2764110837, 11.7136061462 ], [ 57.3201966187, 11.6782103221 ], [ 57.3640370713, 11.642820761 ], [ 57.4079324932, 11.6074375767 ], [ 57.4518829363, 11.5720608835 ], [ 57.4958884523, 11.5366907958 ], [ 57.5399490928, 11.5013274283 ], [ 57.5840649093, 11.4659708963 ], [ 57.6282359529, 11.4306213151 ], [ 57.672462275, 11.3952788007 ], [ 57.7167439264, 11.359943469 ], [ 57.7610809582, 11.3246154367 ], [ 57.805473421, 11.2892948204 ], [ 57.8499213656, 11.2539817374 ], [ 57.8944248423, 11.2186763051 ], [ 57.9389839014, 11.1833786413 ], [ 57.9835985933, 11.148088864 ], [ 58.028268968, 11.1128070919 ], [ 58.0729950753, 11.0775334437 ], [ 58.1177769649, 11.0422680386 ], [ 58.1626146866, 11.0070109959 ], [ 58.2075082898, 10.9717624356 ], [ 58.2524578237, 10.9365224777 ], [ 58.2974633376, 10.9012912427 ], [ 58.3425248804, 10.8660688514 ], [ 58.3876425009, 10.8308554251 ], [ 58.4328162479, 10.795651085 ], [ 58.47804617, 10.7604559531 ], [ 58.5233323153, 10.7252701515 ], [ 58.5686747323, 10.6900938027 ], [ 58.6140734688, 10.6549270294 ], [ 58.6595285729, 10.6197699548 ], [ 58.7050400922, 10.5846227024 ], [ 58.7506080743, 10.5494853961 ], [ 58.7962325665, 10.5143581599 ], [ 58.8419136162, 10.4792411183 ], [ 58.8876512702, 10.4441343961 ], [ 58.9334455756, 10.4090381186 ], [ 58.979296579, 10.3739524111 ], [ 59.0252043269, 10.3388773994 ], [ 59.0711688657, 10.3038132098 ], [ 59.1171902415, 10.2687599687 ], [ 59.1632685004, 10.233717803 ], [ 59.2094036882, 10.1986868396 ], [ 59.2555958505, 10.1636672063 ], [ 59.3018450327, 10.1286590307 ], [ 59.3481512801, 10.0936624409 ], [ 59.3945146378, 10.0586775656 ], [ 59.4409351507, 10.0237045335 ], [ 59.4874128634, 9.9887434736 ], [ 59.5339478205, 9.9537945156 ], [ 59.5805400663, 9.9188577892 ], [ 59.627189645, 9.8839334246 ], [ 59.6738966004, 9.8490215522 ], [ 59.7206609762, 9.8141223028 ], [ 59.7674828161, 9.7792358076 ], [ 59.8143621633, 9.744362198 ], [ 59.8612990609, 9.7095016058 ], [ 59.908293552, 9.6746541632 ], [ 59.9553456791, 9.6398200026 ], [ 60.0024554849, 9.6049992568 ], [ 60.0496230117, 9.5701920589 ], [ 60.0968483014, 9.5353985424 ], [ 60.1441313961, 9.500618841 ], [ 60.1914723374, 9.4658530889 ], [ 60.2388711668, 9.4311014205 ], [ 60.2863279255, 9.3963639706 ], [ 60.3338426545, 9.3616408742 ], [ 60.3814153947, 9.3269322668 ], [ 60.4290461866, 9.2922382841 ], [ 60.4767350707, 9.2575590622 ], [ 60.524482087, 9.2228947376 ], [ 60.5722872755, 9.1882454469 ], [ 60.6201506758, 9.1536113272 ], [ 60.6680723275, 9.1189925159 ], [ 60.7160522698, 9.0843891508 ], [ 60.7640905416, 9.0498013698 ], [ 60.8121871818, 9.0152293113 ], [ 60.8603422289, 8.9806731141 ], [ 60.9085557212, 8.9461329171 ], [ 60.9568276967, 8.9116088596 ], [ 61.0051581933, 8.8771010815 ], [ 61.0535472486, 8.8426097225 ], [ 61.1019948998, 8.8081349231 ], [ 61.1505011841, 8.7736768239 ], [ 61.1990661384, 8.7392355658 ], [ 61.2476897992, 8.7048112901 ], [ 61.2963722028, 8.6704041385 ], [ 61.3451133855, 8.6360142528 ], [ 61.3939133829, 8.6016417753 ], [ 61.4427722308, 8.5672868485 ], [ 61.4916899644, 8.5329496154 ], [ 61.5406666189, 8.4986302191 ], [ 61.589702229, 8.4643288032 ], [ 61.6387968292, 8.4300455115 ], [ 61.687950454, 8.3957804881 ], [ 61.7371631372, 8.3615338777 ], [ 61.7864349128, 8.3273058248 ], [ 61.835765814, 8.2930964747 ], [ 61.8851558743, 8.2589059727 ], [ 61.9346051264, 8.2247344647 ], [ 61.9841136032, 8.1905820967 ], [ 62.033681337, 8.1564490149 ], [ 62.0833083598, 8.1223353663 ], [ 62.1329947037, 8.0882412976 ], [ 62.1827404001, 8.0541669563 ], [ 62.2325454802, 8.0201124899 ], [ 62.2824099752, 7.9860780464 ], [ 62.3323339157, 7.9520637741 ], [ 62.3823173321, 7.9180698214 ], [ 62.4323602545, 7.8840963373 ], [ 62.4824627129, 7.8501434709 ], [ 62.5326247367, 7.8162113718 ], [ 62.5828463552, 7.7823001896 ], [ 62.6331275974, 7.7484100745 ], [ 62.6834684919, 7.7145411769 ], [ 62.733869067, 7.6806936475 ], [ 62.7843293509, 7.6468676373 ], [ 62.8348493712, 7.6130632976 ], [ 62.8854291555, 7.5792807801 ], [ 62.9360687309, 7.5455202366 ], [ 62.9867681241, 7.5117818194 ], [ 63.0375273617, 7.4780656811 ], [ 63.0883464699, 7.4443719743 ], [ 63.1392254747, 7.4107008524 ], [ 63.1901644015, 7.3770524686 ], [ 63.2411632756, 7.3434269767 ], [ 63.2922221219, 7.3098245308 ], [ 63.3433409652, 7.2762452851 ], [ 63.3945198295, 7.2426893942 ], [ 63.445758739, 7.2091570132 ], [ 63.4970577172, 7.175648297 ], [ 63.5484167875, 7.1421634014 ], [ 63.5998359728, 7.1087024819 ], [ 63.6513152957, 7.0752656948 ], [ 63.7028547786, 7.0418531964 ], [ 63.7544544434, 7.0084651433 ], [ 63.8061143117, 6.9751016925 ], [ 63.8578344049, 6.9417630012 ], [ 63.9096147438, 6.908449227 ], [ 63.9614553491, 6.8751605276 ], [ 64.0133562411, 6.8418970611 ], [ 64.0653174395, 6.808658986 ], [ 64.117338964, 6.7754464608 ], [ 64.1694208337, 6.7422596446 ], [ 64.2215630676, 6.7090986965 ], [ 64.273765684, 6.6759637761 ], [ 64.3260287012, 6.6428550431 ], [ 64.3783521369, 6.6097726575 ], [ 64.4307360085, 6.5767167798 ], [ 64.483180333, 6.5436875706 ], [ 64.5356851271, 6.5106851906 ], [ 64.5882504072, 6.4777098012 ], [ 64.6408761892, 6.4447615637 ], [ 64.6935624886, 6.4118406398 ], [ 64.7463093206, 6.3789471915 ], [ 64.7991167001, 6.3460813812 ], [ 64.8519846414, 6.3132433712 ], [ 64.9049131588, 6.2804333243 ], [ 64.9579022658, 6.2476514037 ], [ 65.0109519757, 6.2148977727 ], [ 65.0640623015, 6.1821725947 ], [ 65.1172332556, 6.1494760338 ], [ 65.1704648503, 6.1168082539 ], [ 65.2237570972, 6.0841694194 ], [ 65.2771100078, 6.0515596951 ], [ 65.3305235929, 6.0189792456 ], [ 65.3839978631, 5.9864282363 ], [ 65.4375328287, 5.9539068324 ], [ 65.4911284993, 5.9214151997 ], [ 65.5447848843, 5.8889535041 ], [ 65.5985019927, 5.8565219116 ], [ 65.652279833, 5.8241205888 ], [ 65.7061184134, 5.7917497023 ], [ 65.7600177415, 5.7594094189 ], [ 65.8139778247, 5.7270999059 ], [ 65.86799867, 5.6948213306 ], [ 65.9220802837, 5.6625738606 ], [ 65.976222672, 5.630357664 ], [ 66.0304258404, 5.5981729087 ], [ 66.0846897943, 5.5660197632 ], [ 66.1390145384, 5.533898396 ], [ 66.193400077, 5.501808976 ], [ 66.2478464142, 5.4697516724 ], [ 66.3023535534, 5.4377266543 ], [ 66.3569214978, 5.4057340914 ], [ 66.4115502499, 5.3737741534 ], [ 66.466239812, 5.3418470103 ], [ 66.5209901858, 5.3099528325 ], [ 66.5758013727, 5.2780917902 ], [ 66.6306733736, 5.2462640543 ], [ 66.6856061889, 5.2144697957 ], [ 66.7405998185, 5.1827091855 ], [ 66.7956542622, 5.150982395 ], [ 66.8507695189, 5.1192895958 ], [ 66.9059455873, 5.0876309598 ], [ 66.9611824656, 5.0560066589 ], [ 67.0164801515, 5.0244168654 ], [ 67.0718386424, 4.9928617517 ], [ 67.127257935, 4.9613414905 ], [ 67.1827380257, 4.9298562547 ], [ 67.2382789103, 4.8984062173 ], [ 67.2938805844, 4.8669915516 ], [ 67.3495430429, 4.8356124311 ], [ 67.4052662802, 4.8042690295 ], [ 67.4610502903, 4.7729615206 ], [ 67.516895067, 4.7416900787 ], [ 67.572800603, 4.710454878 ], [ 67.6287668912, 4.6792560929 ], [ 67.6847939236, 4.6480938982 ], [ 67.7408816917, 4.6169684687 ], [ 67.7970301869, 4.5858799796 ], [ 67.8532393996, 4.5548286061 ], [ 67.9095093201, 4.5238145235 ], [ 67.9658399381, 4.4928379077 ], [ 68.0222312428, 4.4618989344 ], [ 68.0786832228, 4.4309977796 ], [ 68.1351958664, 4.4001346195 ], [ 68.1917691612, 4.3693096304 ], [ 68.2484030945, 4.338522989 ], [ 68.3050976529, 4.307774872 ], [ 68.3618528227, 4.2770654562 ], [ 68.4186685896, 4.2463949187 ], [ 68.4755449387, 4.2157634368 ], [ 68.5324818547, 4.1851711878 ], [ 68.5894793217, 4.1546183494 ], [ 68.6465373236, 4.1241050993 ], [ 68.7036558433, 4.0936316153 ], [ 68.7608348634, 4.0631980757 ], [ 68.8180743662, 4.0328046585 ], [ 68.8753743331, 4.0024515421 ], [ 68.9327347453, 3.9721389052 ], [ 68.9901555833, 3.9418669264 ], [ 69.047636827, 3.9116357845 ], [ 69.1051784559, 3.8814456585 ], [ 69.1627804491, 3.8512967276 ], [ 69.2204427849, 3.821189171 ], [ 69.2781654411, 3.7911231682 ], [ 69.3359483952, 3.7610988987 ], [ 69.393791624, 3.7311165422 ], [ 69.4516951037, 3.7011762787 ], [ 69.50965881, 3.671278288 ], [ 69.5676827181, 3.6414227502 ], [ 69.6257668027, 3.6116098457 ], [ 69.6839110379, 3.5818397547 ], [ 69.7421153971, 3.5521126578 ], [ 69.8003798535, 3.5224287356 ], [ 69.8587043793, 3.4927881688 ], [ 69.9170889465, 3.4631911383 ], [ 69.9755335265, 3.433637825 ], [ 70.03403809, 3.4041284101 ], [ 70.0926026071, 3.3746630748 ], [ 70.1512270476, 3.3452420004 ], [ 70.2099113805, 3.3158653682 ], [ 70.2686555743, 3.2865333599 ], [ 70.327459597, 3.2572461571 ], [ 70.3863234159, 3.2280039415 ], [ 70.4452469979, 3.198806895 ], [ 70.5042303092, 3.1696551995 ], [ 70.5632733155, 3.1405490369 ], [ 70.6223759818, 3.1114885896 ], [ 70.6815382726, 3.0824740395 ], [ 70.7407601518, 3.0535055692 ], [ 70.8000415829, 3.0245833609 ], [ 70.8593825284, 2.9957075971 ], [ 70.9187829507, 2.9668784604 ], [ 70.9782428113, 2.9380961334 ], [ 71.0377620712, 2.9093607988 ], [ 71.0973406908, 2.8806726394 ], [ 71.1569786299, 2.8520318381 ], [ 71.2166758478, 2.8234385777 ], [ 71.2764323029, 2.7948930413 ], [ 71.3362479535, 2.7663954119 ], [ 71.3961227568, 2.7379458726 ], [ 71.4560566698, 2.7095446067 ], [ 71.5160496486, 2.6811917972 ], [ 71.5761016488, 2.6528876276 ], [ 71.6362126255, 2.6246322811 ], [ 71.696382533, 2.5964259412 ], [ 71.7566113253, 2.5682687912 ], [ 71.8168989553, 2.5401610146 ], [ 71.8772453758, 2.512102795 ], [ 71.9376505386, 2.4840943159 ], [ 71.9981143951, 2.4561357609 ], [ 72.058636896, 2.4282273137 ], [ 72.1192179915, 2.4003691578 ], [ 72.1798576309, 2.3725614769 ], [ 72.2405557632, 2.3448044549 ], [ 72.3013123366, 2.3170982754 ], [ 72.3621272988, 2.2894431221 ], [ 72.4230005966, 2.2618391789 ], [ 72.4839321764, 2.2342866295 ], [ 72.544921984, 2.2067856577 ], [ 72.6059699645, 2.1793364474 ], [ 72.6670760623, 2.1519391823 ], [ 72.7282402212, 2.1245940462 ], [ 72.7894623845, 2.0973012231 ], [ 72.8507424946, 2.0700608967 ], [ 72.9120804935, 2.0428732509 ], [ 72.9734763225, 2.0157384694 ], [ 73.0349299222, 1.988656736 ], [ 73.0964412326, 1.9616282346 ], [ 73.158010193, 1.9346531489 ], [ 73.2196367421, 1.9077316626 ], [ 73.281320818, 1.8808639596 ], [ 73.343062358, 1.8540502235 ], [ 73.4048612989, 1.8272906381 ], [ 73.4667175769, 1.8005853869 ], [ 73.5286311272, 1.7739346536 ], [ 73.5906018848, 1.7473386218 ], [ 73.6526297838, 1.720797475 ], [ 73.7147147576, 1.6943113969 ], [ 73.7768567391, 1.6678805707 ], [ 73.8390556604, 1.64150518 ], [ 73.9013114529, 1.6151854082 ], [ 73.9636240476, 1.5889214385 ], [ 74.0259933746, 1.5627134542 ], [ 74.0884193634, 1.5365616386 ], [ 74.1509019429, 1.5104661747 ], [ 74.2134410412, 1.4844272457 ], [ 74.2760365857, 1.4584450347 ], [ 74.3386885035, 1.4325197244 ], [ 74.4013967205, 1.4066514979 ], [ 74.4641611623, 1.3808405379 ], [ 74.5269817537, 1.3550870272 ], [ 74.5898584189, 1.3293911483 ], [ 74.6527910812, 1.3037530839 ], [ 74.7157796636, 1.2781730164 ], [ 74.7788240881, 1.2526511281 ], [ 74.8419242761, 1.2271876015 ], [ 74.9050801484, 1.2017826186 ], [ 74.968291625, 1.1764363615 ], [ 75.0315586254, 1.1511490122 ], [ 75.0948810682, 1.1259207526 ], [ 75.1582588715, 1.1007517645 ], [ 75.2216919525, 1.0756422296 ], [ 75.2851802281, 1.0505923292 ], [ 75.348723614, 1.025602245 ], [ 75.4123220256, 1.0006721581 ], [ 75.4759753774, 0.9758022498 ], [ 75.5396835834, 0.950992701 ], [ 75.6034465567, 0.9262436928 ], [ 75.6672642099, 0.9015554058 ], [ 75.7311364548, 0.8769280208 ], [ 75.7950632025, 0.8523617182 ], [ 75.8590443634, 0.8278566784 ], [ 75.9230798472, 0.8034130816 ], [ 75.9871695631, 0.7790311079 ], [ 76.0513134192, 0.7547109371 ], [ 76.1155113234, 0.730452749 ], [ 76.1797631825, 0.7062567233 ], [ 76.2440689027, 0.6821230392 ], [ 76.3084283897, 0.6580518762 ], [ 76.3728415482, 0.6340434132 ], [ 76.4373082824, 0.6100978292 ], [ 76.5018284958, 0.586215303 ], [ 76.566402091, 0.562396013 ], [ 76.6310289701, 0.5386401378 ], [ 76.6957090344, 0.5149478554 ], [ 76.7604421847, 0.4913193438 ], [ 76.8252283207, 0.467754781 ], [ 76.8900673417, 0.4442543444 ], [ 76.9549591461, 0.4208182116 ], [ 77.0199036319, 0.3974465597 ], [ 77.0849006961, 0.3741395658 ], [ 77.1499502351, 0.3508974065 ], [ 77.2150521445, 0.3277202586 ], [ 77.2802063194, 0.3046082984 ], [ 77.3454126539, 0.281561702 ], [ 77.4106710417, 0.2585806454 ], [ 77.4759813755, 0.2356653042 ], [ 77.5413435475, 0.212815854 ], [ 77.6067574491, 0.19003247 ], [ 77.6722229711, 0.1673153272 ], [ 77.7377400034, 0.1446646003 ], [ 77.8033084352, 0.1220804639 ], [ 77.8689281552, 0.0995630923 ], [ 77.9345990512, 0.0771126594 ], [ 78.0003210104, 0.0547293391 ], [ 78.0660939192, 0.0324133049 ], [ 78.1319176633, 0.0101647299 ], [ 78.1977921277, -0.0120162126 ], [ 78.2637171967, -0.0341293501 ], [ 78.3296927539, -0.0561745101 ], [ 78.3957186821, -0.0781515204 ], [ 78.4617948635, -0.1000602091 ], [ 78.5279211795, -0.1219004045 ], [ 78.5940975109, -0.1436719353 ], [ 78.6603237376, -0.1653746305 ], [ 78.726599739, -0.1870083193 ], [ 78.7929253936, -0.2085728312 ], [ 78.8593005793, -0.230067996 ], [ 78.9257251732, -0.2514936438 ], [ 78.9921990517, -0.2728496052 ], [ 79.0587220906, -0.2941357107 ], [ 79.125294165, -0.3153517915 ], [ 79.191915149, -0.336497679 ], [ 79.2585849163, -0.3575732047 ], [ 79.3253033397, -0.3785782008 ], [ 79.3920702913, -0.3995124994 ], [ 79.4588856427, -0.4203759334 ], [ 79.5257492645, -0.4411683356 ], [ 79.5926610268, -0.4618895393 ], [ 79.6596207989, -0.4825393784 ], [ 79.7266284492, -0.5031176866 ], [ 79.7936838458, -0.5236242985 ], [ 79.8607868558, -0.5440590486 ], [ 79.9279373456, -0.5644217721 ], [ 79.9951351809, -0.5847123043 ], [ 80.0623802269, -0.604930481 ], [ 80.1296723478, -0.6250761383 ], [ 80.1970114073, -0.6451491127 ], [ 80.2643972682, -0.6651492412 ], [ 80.3318297927, -0.6850763608 ], [ 80.3993088424, -0.7049303093 ], [ 80.4668342779, -0.7247109246 ], [ 80.5344059595, -0.7444180451 ], [ 80.6020237464, -0.7640515096 ], [ 80.6696874973, -0.7836111572 ], [ 80.7373970701, -0.8030968275 ], [ 80.8051523222, -0.8225083604 ], [ 80.87295311, -0.8418455963 ], [ 80.9407992895, -0.8611083759 ], [ 81.0086907156, -0.8802965404 ], [ 81.076627243, -0.8994099314 ], [ 81.1446087253, -0.9184483908 ], [ 81.2126350156, -0.9374117611 ], [ 81.2807059661, -0.9562998851 ], [ 81.3488214286, -0.975112606 ], [ 81.4169812541, -0.9938497676 ], [ 81.4851852926, -1.0125112139 ], [ 81.5534333939, -1.0310967896 ], [ 81.6217254067, -1.0496063395 ], [ 81.6900611792, -1.0680397092 ], [ 81.758440559, -1.0863967445 ], [ 81.8268633927, -1.1046772917 ], [ 81.8953295264, -1.1228811977 ], [ 81.9638388057, -1.1410083096 ], [ 82.0323910751, -1.1590584753 ], [ 82.1009861787, -1.1770315427 ], [ 82.1696239599, -1.1949273607 ], [ 82.2383042612, -1.2127457782 ], [ 82.3070269248, -1.2304866449 ], [ 82.3757917917, -1.2481498108 ], [ 82.4445987028, -1.2657351264 ], [ 82.5134474978, -1.2832424428 ], [ 82.5823380161, -1.3006716115 ], [ 82.6512700962, -1.3180224844 ], [ 82.7202435759, -1.3352949141 ], [ 82.7892582926, -1.3524887535 ], [ 82.8583140828, -1.3696038562 ], [ 82.9274107823, -1.3866400761 ], [ 82.9965482263, -1.4035972678 ], [ 83.0657262494, -1.4204752862 ], [ 83.1349446855, -1.4372739869 ], [ 83.2042033677, -1.4539932259 ], [ 83.2735021285, -1.4706328598 ], [ 83.3428408, -1.4871927457 ], [ 83.4122192132, -1.5036727412 ], [ 83.4816371987, -1.5200727045 ], [ 83.5510945864, -1.5363924942 ], [ 83.6205912056, -1.5526319697 ], [ 83.6901268848, -1.5687909905 ], [ 83.759701452, -1.5848694172 ], [ 83.8293147344, -1.6008671104 ], [ 83.8989665588, -1.6167839317 ], [ 83.9686567509, -1.632619743 ], [ 84.0383851363, -1.6483744068 ], [ 84.1081515395, -1.6640477863 ], [ 84.1779557847, -1.679639745 ], [ 84.2477976952, -1.6951501471 ], [ 84.3176770938, -1.7105788576 ], [ 84.3875938027, -1.7259257417 ], [ 84.4575476434, -1.7411906653 ], [ 84.5275384366, -1.7563734951 ], [ 84.5975660027, -1.771474098 ], [ 84.6676301613, -1.7864923419 ], [ 84.7377307313, -1.8014280949 ], [ 84.8078675312, -1.8162812261 ], [ 84.8780403786, -1.8310516047 ], [ 84.9482490906, -1.845739101 ], [ 85.0184934838, -1.8603435855 ], [ 85.088773374, -1.8748649297 ], [ 85.1590885766, -1.8893030053 ], [ 85.2294389061, -1.9036576849 ], [ 85.2998241766, -1.9179288416 ], [ 85.3702442017, -1.9321163491 ], [ 85.440698794, -1.9462200818 ], [ 85.5111877658, -1.9602399148 ], [ 85.5817109288, -1.9741757235 ], [ 85.6522680941, -1.9880273843 ], [ 85.722859072, -2.0017947741 ], [ 85.7934836724, -2.0154777703 ], [ 85.8641417046, -2.0290762512 ], [ 85.9348329772, -2.0425900955 ], [ 86.0055572984, -2.0560191827 ], [ 86.0763144757, -2.0693633929 ], [ 86.1471043159, -2.0826226068 ], [ 86.2179266255, -2.0957967059 ], [ 86.2887812102, -2.1088855722 ], [ 86.3596678752, -2.1218890885 ], [ 86.4305864251, -2.1348071381 ], [ 86.5015366641, -2.1476396051 ], [ 86.5725183956, -2.1603863743 ], [ 86.6435314226, -2.173047331 ], [ 86.7145755474, -2.1856223613 ], [ 86.7856505719, -2.1981113521 ], [ 86.8567562974, -2.2105141906 ], [ 86.9278925246, -2.2228307652 ], [ 86.9990590536, -2.2350609645 ], [ 87.0702556842, -2.2472046781 ], [ 87.1414822154, -2.2592617962 ], [ 87.2127384457, -2.2712322097 ], [ 87.2840241732, -2.2831158101 ], [ 87.3553391954, -2.2949124899 ], [ 87.4266833092, -2.3066221419 ], [ 87.4980563111, -2.3182446599 ], [ 87.5694579969, -2.3297799383 ], [ 87.6408881621, -2.3412278722 ], [ 87.7123466015, -2.3525883575 ], [ 87.7838331096, -2.3638612908 ], [ 87.85534748, -2.3750465693 ], [ 87.9268895062, -2.3861440911 ], [ 87.9984589811, -2.3971537548 ], [ 88.0700556968, -2.40807546 ], [ 88.1416794453, -2.4189091068 ], [ 88.213330018, -2.4296545962 ], [ 88.2850072055, -2.4403118298 ], [ 88.3567107984, -2.4508807101 ], [ 88.4284405865, -2.4613611401 ], [ 88.5001963591, -2.4717530239 ], [ 88.5719779052, -2.4820562659 ], [ 88.6437850132, -2.4922707717 ], [ 88.7156174711, -2.5023964473 ], [ 88.7874750664, -2.5124331997 ], [ 88.8593575861, -2.5223809364 ], [ 88.9312648167, -2.532239566 ], [ 89.0031965444, -2.5420089975 ], [ 89.0751525549, -2.5516891409 ], [ 89.1471326333, -2.561279907 ], [ 89.2191365644, -2.5707812071 ], [ 89.2911641326, -2.5801929535 ], [ 89.3632151216, -2.5895150592 ], [ 89.4352893149, -2.5987474381 ], [ 89.5073864956, -2.6078900047 ], [ 89.5795064461, -2.6169426742 ], [ 89.6516489487, -2.625905363 ], [ 89.7238137851, -2.6347779878 ], [ 89.7960007365, -2.6435604664 ], [ 89.8682095839, -2.6522527173 ], [ 89.9404401078, -2.6608546597 ], [ 90.0126920882, -2.6693662138 ], [ 90.0849653047, -2.6777873003 ], [ 90.1572595367, -2.6861178411 ], [ 90.2295745631, -2.6943577584 ], [ 90.3019101622, -2.7025069757 ], [ 90.3742661123, -2.7105654169 ], [ 90.4466421909, -2.718533007 ], [ 90.5190381756, -2.7264096716 ], [ 90.591453843, -2.7341953373 ], [ 90.66388897, -2.7418899313 ], [ 90.7363433326, -2.7494933818 ], [ 90.8088167068, -2.7570056177 ], [ 90.8813088679, -2.7644265688 ], [ 90.9538195912, -2.7717561656 ], [ 91.0263486514, -2.7789943396 ], [ 91.0988958229, -2.7861410229 ], [ 91.1714608798, -2.7931961487 ], [ 91.2440435958, -2.8001596508 ], [ 91.3166437444, -2.8070314638 ], [ 91.3892610986, -2.8138115234 ], [ 91.4618954311, -2.8204997659 ], [ 91.5345465144, -2.8270961284 ], [ 91.6072141206, -2.8336005491 ], [ 91.6798980214, -2.8400129668 ], [ 91.7525979883, -2.8463333212 ], [ 91.8253137925, -2.8525615529 ], [ 91.8980452047, -2.8586976032 ], [ 91.9707919957, -2.8647414145 ], [ 92.0435539356, -2.8706929297 ], [ 92.1163307943, -2.8765520929 ], [ 92.1891223417, -2.8823188487 ], [ 92.261928347, -2.8879931429 ], [ 92.3347485794, -2.893574922 ], [ 92.4075828078, -2.8990641332 ], [ 92.4804308007, -2.9044607247 ], [ 92.5532923264, -2.9097646456 ], [ 92.626167153, -2.9149758459 ], [ 92.6990550483, -2.9200942762 ], [ 92.7719557798, -2.9251198881 ], [ 92.8448691148, -2.9300526343 ], [ 92.9177948204, -2.934892468 ], [ 92.9907326633, -2.9396393434 ], [ 93.0636824102, -2.9442932156 ], [ 93.1366438274, -2.9488540406 ], [ 93.2096166809, -2.9533217752 ], [ 93.2826007368, -2.957696377 ], [ 93.3555957606, -2.9619778046 ], [ 93.4286015178, -2.9661660174 ], [ 93.5016177738, -2.9702609758 ], [ 93.5746442935, -2.9742626409 ], [ 93.6476808419, -2.9781709747 ], [ 93.7207271834, -2.9819859401 ], [ 93.7937830828, -2.985707501 ], [ 93.8668483041, -2.989335622 ], [ 93.9399226116, -2.9928702687 ], [ 94.0130057691, -2.9963114075 ], [ 94.0860975403, -2.9996590057 ], [ 94.159197689, -3.0029130316 ], [ 94.2323059785, -3.0060734541 ], [ 94.305422172, -3.0091402433 ], [ 94.3785460327, -3.01211337 ], [ 94.4516773235, -3.0149928059 ], [ 94.5248158073, -3.0177785236 ], [ 94.5979612466, -3.0204704967 ], [ 94.6711134041, -3.0230686995 ], [ 94.7442720422, -3.0255731073 ], [ 94.8174369231, -3.0279836963 ], [ 94.890607809, -3.0303004435 ], [ 94.9637844619, -3.0325233269 ], [ 95.0369666438, -3.0346523253 ], [ 95.1101541165, -3.0366874184 ], [ 95.1833466416, -3.0386285869 ], [ 95.2565439809, -3.0404758122 ], [ 95.3297458958, -3.0422290767 ], [ 95.4029521477, -3.0438883638 ], [ 95.4761624981, -3.0454536577 ], [ 95.5493767081, -3.0469249433 ], [ 95.622594539, -3.0483022068 ], [ 95.6958157519, -3.0495854349 ], [ 95.7690401079, -3.0507746155 ], [ 95.8422673678, -3.0518697372 ], [ 95.9154972928, -3.0528707895 ], [ 95.9887296436, -3.0537777629 ], [ 96.0619641811, -3.0545906488 ], [ 96.1352006661, -3.0553094395 ], [ 96.2084388594, -3.0559341279 ], [ 96.2816785216, -3.0564647083 ], [ 96.3549194135, -3.0569011756 ], [ 96.4281612957, -3.0572435255 ], [ 96.5014039288, -3.0574917548 ], [ 96.5746470736, -3.0576458612 ], [ 96.6478904907, -3.0577058431 ], [ 96.7211339405, -3.0576717 ], [ 96.7943771839, -3.0575434323 ], [ 96.8676199814, -3.0573210411 ], [ 96.9408620935, -3.0570045287 ], [ 97.0141032811, -3.0565938979 ], [ 97.0873433047, -3.0560891527 ], [ 97.160581925, -3.0554902979 ], [ 97.2338189028, -3.0547973393 ], [ 97.3070539988, -3.0540102834 ], [ 97.3802869737, -3.0531291377 ], [ 97.4535175884, -3.0521539107 ], [ 97.5267456038, -3.0510846117 ], [ 97.5999707807, -3.0499212508 ], [ 97.6731928802, -3.0486638391 ], [ 97.7464116633, -3.0473123887 ], [ 97.8196268912, -3.0458669124 ], [ 97.8928383248, -3.0443274239 ], [ 97.9660457256, -3.042693938 ], [ 98.0392488549, -3.0409664702 ], [ 98.112447474, -3.039145037 ], [ 98.1856413444, -3.0372296558 ], [ 98.2588302278, -3.0352203447 ], [ 98.3320138858, -3.0331171229 ], [ 98.4051920803, -3.0309200105 ], [ 98.478364573, -3.0286290283 ], [ 98.5515311261, -3.0262441983 ], [ 98.6246915016, -3.023765543 ], [ 98.6978454618, -3.021193086 ], [ 98.770992769, -3.018526852 ], [ 98.8441331859, -3.0157668661 ], [ 98.9172664749, -3.0129131548 ], [ 98.9903923989, -3.009965745 ], [ 99.0635107208, -3.0069246649 ], [ 99.1366212036, -3.0037899434 ], [ 99.2097236106, -3.0005616102 ], [ 99.2828177052, -2.997239696 ], [ 99.3559032509, -2.9938242325 ], [ 99.4289800113, -2.990315252 ], [ 99.5020477504, -2.9867127879 ], [ 99.5751062323, -2.9830168743 ], [ 99.6481552211, -2.9792275465 ], [ 99.7211944813, -2.9753448402 ], [ 99.7942237775, -2.9713687924 ], [ 99.8672428744, -2.9672994408 ], [ 99.9402515371, -2.963136824 ], [ 100.0132495308, -2.9588809814 ], [ 100.0862366209, -2.9545319534 ], [ 100.159212573, -2.9500897812 ], [ 100.232177153, -2.9455545069 ], [ 100.3051301268, -2.9409261733 ], [ 100.3780712608, -2.9362048244 ], [ 100.4510003215, -2.9313905048 ], [ 100.5239170757, -2.9264832601 ], [ 100.5968212902, -2.9214831367 ], [ 100.6697127324, -2.9163901818 ], [ 100.7425911697, -2.9112044436 ], [ 100.8154563699, -2.9059259712 ], [ 100.8883081008, -2.9005548143 ], [ 100.9611461309, -2.8950910236 ], [ 101.0339702285, -2.8895346508 ], [ 101.1067801624, -2.8838857483 ], [ 101.1795757017, -2.8781443693 ], [ 101.2523566156, -2.8723105681 ], [ 101.3251226739, -2.8663843995 ], [ 101.3978736464, -2.8603659195 ], [ 101.4706093032, -2.8542551846 ], [ 101.5433294149, -2.8480522525 ], [ 101.6160337522, -2.8417571814 ], [ 101.6887220862, -2.8353700307 ], [ 101.7613941883, -2.8288908603 ], [ 101.8340498301, -2.8223197312 ], [ 101.9066887837, -2.8156567051 ], [ 101.9793108213, -2.8089018446 ], [ 102.0519157158, -2.8020552131 ], [ 102.1245032399, -2.7951168747 ], [ 102.1970731671, -2.7880868947 ], [ 102.269625271, -2.7809653388 ], [ 102.3421593255, -2.7737522739 ], [ 102.414675105, -2.7664477674 ], [ 102.4871723842, -2.7590518877 ], [ 102.559650938, -2.751564704 ], [ 102.632110542, -2.7439862865 ], [ 102.7045509718, -2.7363167058 ], [ 102.7769720035, -2.7285560336 ], [ 102.8493734136, -2.7207043424 ], [ 102.921754979, -2.7127617056 ], [ 102.9941164768, -2.7047281971 ], [ 103.0664576847, -2.6966038919 ], [ 103.1387783808, -2.6883888656 ], [ 103.2110783432, -2.6800831949 ], [ 103.2833573509, -2.6716869569 ], [ 103.3556151829, -2.6632002299 ], [ 103.4278516188, -2.6546230927 ], [ 103.5000664387, -2.645955625 ], [ 103.5722594228, -2.6371979074 ], [ 103.6444303519, -2.628350021 ], [ 103.7165790072, -2.6194120481 ], [ 103.7887051704, -2.6103840715 ], [ 103.8608086235, -2.6012661748 ], [ 103.9328891488, -2.5920584424 ], [ 104.0049465294, -2.5827609597 ], [ 104.0769805485, -2.5733738125 ], [ 104.1489909899, -2.5638970877 ], [ 104.2209776377, -2.5543308728 ], [ 104.2929402766, -2.5446752561 ], [ 104.3648786918, -2.5349303268 ], [ 104.4367926686, -2.5250961746 ], [ 104.5086819931, -2.5151728902 ], [ 104.5805464518, -2.505160565 ], [ 104.6523858315, -2.4950592911 ], [ 104.7241999196, -2.4848691614 ], [ 104.795988504, -2.4745902695 ], [ 104.8677513729, -2.46422271 ], [ 104.9394883152, -2.4537665778 ], [ 105.01119912, -2.443221969 ], [ 105.0828835772, -2.4325889802 ], [ 105.1545414769, -2.4218677088 ], [ 105.2261726099, -2.4110582528 ], [ 105.2977767674, -2.4001607113 ], [ 105.369353741, -2.3891751837 ], [ 105.440903323, -2.3781017704 ], [ 105.512425306, -2.3669405725 ], [ 105.5839194833, -2.3556916917 ], [ 105.6553856485, -2.3443552306 ], [ 105.7268235959, -2.3329312925 ], [ 105.7982331202, -2.3214199812 ], [ 105.8696140167, -2.3098214015 ], [ 105.9409660811, -2.2981356587 ], [ 106.0122891096, -2.2863628589 ], [ 106.0835828992, -2.274503109 ], [ 106.1548472472, -2.2625565164 ], [ 106.2260819513, -2.2505231893 ], [ 106.2972868101, -2.2384032368 ], [ 106.3684616226, -2.2261967683 ], [ 106.439606188, -2.2139038941 ], [ 106.5107203066, -2.2015247254 ], [ 106.5818037789, -2.1890593737 ], [ 106.652856406, -2.1765079515 ], [ 106.7238779895, -2.1638705717 ], [ 106.7948683318, -2.1511473481 ], [ 106.8658272356, -2.1383383952 ], [ 106.9367545043, -2.1254438279 ], [ 107.0076499417, -2.1124637621 ], [ 107.0785133524, -2.0993983142 ], [ 107.1493445414, -2.0862476012 ], [ 107.2201433143, -2.073011741 ], [ 107.2909094773, -2.0596908519 ], [ 107.3616428373, -2.0462850529 ], [ 107.4323432015, -2.0327944639 ], [ 107.5030103778, -2.0192192052 ], [ 107.5736441748, -2.0055593977 ], [ 107.6442444016, -1.9918151633 ], [ 107.7148108679, -1.977986624 ], [ 107.785343384, -1.964073903 ], [ 107.8558417607, -1.9500771238 ], [ 107.9263058095, -1.9359964105 ], [ 107.9967353424, -1.9218318881 ], [ 108.0671301723, -1.907583682 ], [ 108.1374901123, -1.8932519183 ], [ 108.2078149762, -1.8788367236 ], [ 108.2781045787, -1.8643382254 ], [ 108.3483587348, -1.8497565515 ], [ 108.4185772602, -1.8350918305 ], [ 108.4887599713, -1.8203441915 ], [ 108.558906685, -1.8055137644 ], [ 108.6290172188, -1.7906006795 ], [ 108.699091391, -1.7756050676 ], [ 108.7691290204, -1.7605270605 ], [ 108.8391299263, -1.7453667902 ], [ 108.909093929, -1.7301243894 ], [ 108.9790208489, -1.7147999915 ], [ 109.0489105076, -1.6993937304 ], [ 109.1187627269, -1.6839057406 ], [ 109.1885773295, -1.668336157 ], [ 109.2583541385, -1.6526851154 ], [ 109.3280929779, -1.636952752 ], [ 109.3977936722, -1.6211392034 ], [ 109.4674560465, -1.605244607 ], [ 109.5370799266, -1.5892691007 ], [ 109.606665139, -1.5732128229 ], [ 109.6762115108, -1.5570759126 ], [ 109.7457188697, -1.5408585094 ], [ 109.8151870442, -1.5245607533 ], [ 109.8846158632, -1.5081827849 ], [ 109.9540051566, -1.4917247455 ], [ 110.0233547547, -1.4751867767 ], [ 110.0926644885, -1.4585690208 ], [ 110.1619341896, -1.4418716205 ], [ 110.2311636906, -1.425094719 ], [ 110.3003528243, -1.4082384603 ], [ 110.3695014245, -1.3913029887 ], [ 110.4386093255, -1.3742884489 ], [ 110.5076763623, -1.3571949863 ], [ 110.5767023707, -1.3400227469 ], [ 110.6456871869, -1.322771877 ], [ 110.7146306481, -1.3054425234 ], [ 110.7835325919, -1.2880348335 ], [ 110.8523928567, -1.2705489552 ], [ 110.9212112815, -1.2529850369 ], [ 110.9899877062, -1.2353432273 ], [ 111.0587219712, -1.2176236759 ], [ 111.1274139174, -1.1998265325 ], [ 111.1960633868, -1.1819519473 ], [ 111.2646702218, -1.164000071 ], [ 111.3332342654, -1.1459710551 ], [ 111.4017553617, -1.127865051 ], [ 111.4702333551, -1.1096822111 ], [ 111.5386680907, -1.091422688 ], [ 111.6070594146, -1.0730866347 ], [ 111.6754071733, -1.0546742048 ], [ 111.743711214, -1.0361855522 ], [ 111.8119713848, -1.0176208315 ], [ 111.8801875344, -0.9989801975 ], [ 111.948359512, -0.9802638056 ], [ 112.0164871677, -0.9614718114 ], [ 112.0845703524, -0.9426043712 ], [ 112.1526089174, -0.9236616417 ], [ 112.2206027149, -0.9046437798 ], [ 112.2885515978, -0.8855509431 ], [ 112.3564554195, -0.8663832894 ], [ 112.4243140344, -0.8471409771 ], [ 112.4921272974, -0.8278241649 ], [ 112.5598950641, -0.8084330119 ], [ 112.6276171909, -0.7889676777 ], [ 112.6952935349, -0.7694283222 ], [ 112.7629239538, -0.7498151057 ], [ 112.8305083061, -0.7301281889 ], [ 112.8980464509, -0.7103677331 ], [ 112.9655382482, -0.6905338997 ], [ 113.0329835585, -0.6706268507 ], [ 113.1003822431, -0.6506467482 ], [ 113.167734164, -0.630593755 ], [ 113.2350391839, -0.6104680341 ], [ 113.3022971663, -0.5902697489 ], [ 113.3695079753, -0.5699990632 ], [ 113.4366714756, -0.5496561411 ], [ 113.503787533, -0.5292411471 ], [ 113.5708560135, -0.508754246 ], [ 113.6378767842, -0.4881956032 ], [ 113.7048497127, -0.467565384 ], [ 113.7717746676, -0.4468637545 ], [ 113.8386515177, -0.4260908809 ], [ 113.9054801331, -0.4052469298 ], [ 113.9722603841, -0.384332068 ], [ 114.0389921421, -0.363346463 ], [ 114.105675279, -0.3422902821 ], [ 114.1723096675, -0.3211636934 ], [ 114.2388951809, -0.2999668651 ], [ 114.3054316934, -0.2786999657 ], [ 114.3719190797, -0.2573631641 ], [ 114.4383572154, -0.2359566295 ], [ 114.5047459767, -0.2144805314 ], [ 114.5710852406, -0.1929350395 ], [ 114.6373748847, -0.171320324 ], [ 114.7036147875, -0.1496365552 ], [ 114.769804828, -0.1278839039 ], [ 114.835944886, -0.1060625411 ], [ 114.902034842, -0.0841726379 ], [ 114.9680745774, -0.0622143659 ], [ 115.0340639739, -0.040187897 ], [ 115.1000029144, -0.0180934033 ], [ 115.1658912822, 0.0040689428 ], [ 115.2317289614, 0.0262989687 ], [ 115.2975158367, 0.0485965014 ], [ 115.3632517938, 0.0709613678 ], [ 115.4289367188, 0.0933933944 ], [ 115.4945704987, 0.1158924075 ], [ 115.5601530211, 0.1384582332 ], [ 115.6256841745, 0.1610906973 ], [ 115.6911638479, 0.1837896252 ], [ 115.7565919311, 0.2065548423 ], [ 115.8219683146, 0.2293861736 ], [ 115.8872928897, 0.2522834441 ], [ 115.9525655482, 0.2752464782 ], [ 116.0177861828, 0.2982751003 ], [ 116.082954687, 0.3213691345 ], [ 116.1480709546, 0.3445284049 ], [ 116.2131348806, 0.367752735 ], [ 116.2781463603, 0.3910419483 ], [ 116.3431052901, 0.4143958681 ], [ 116.4080115667, 0.4378143175 ], [ 116.4728650878, 0.4612971192 ], [ 116.5376657517, 0.484844096 ], [ 116.6024134574, 0.5084550702 ], [ 116.6671081046, 0.5321298641 ], [ 116.7317495939, 0.5558682998 ], [ 116.7963378262, 0.5796701991 ], [ 116.8608727035, 0.6035353837 ], [ 116.9253541283, 0.6274636751 ], [ 116.9897820038, 0.6514548945 ], [ 117.054156234, 0.6755088631 ], [ 117.1184767236, 0.6996254019 ], [ 117.1827433778, 0.7238043317 ], [ 117.2469561028, 0.7480454731 ], [ 117.3111148053, 0.7723486464 ], [ 117.3752193928, 0.7967136721 ], [ 117.4392697733, 0.8211403703 ], [ 117.5032658558, 0.8456285609 ], [ 117.5672075498, 0.8701780637 ], [ 117.6310947655, 0.8947886986 ], [ 117.6949274138, 0.9194602849 ], [ 117.7587054064, 0.9441926421 ], [ 117.8224286557, 0.9689855894 ], [ 117.8860970745, 0.993838946 ], [ 117.9497105767, 1.0187525309 ], [ 118.0132690765, 1.0437261629 ], [ 118.0767724892, 1.0687596608 ], [ 118.1402207304, 1.0938528431 ], [ 118.2036137166, 1.1190055284 ], [ 118.266951365, 1.1442175351 ], [ 118.3302335934, 1.1694886813 ], [ 118.3934603203, 1.1948187853 ], [ 118.4566314649, 1.2202076651 ], [ 118.5197469471, 1.2456551387 ], [ 118.5828066875, 1.2711610238 ], [ 118.6458106072, 1.2967251383 ], [ 118.7087586283, 1.3223472998 ], [ 118.7716506733, 1.3480273257 ], [ 118.8344866655, 1.3737650337 ], [ 118.8972665289, 1.3995602411 ], [ 118.959990188, 1.4254127652 ], [ 119.0226575682, 1.4513224232 ], [ 119.0852685955, 1.4772890322 ], [ 119.1478231965, 1.5033124094 ], [ 119.2103212985, 1.5293923717 ], [ 119.2727628295, 1.555528736 ], [ 119.3351477182, 1.5817213193 ], [ 119.3974758938, 1.6079699383 ], [ 119.4597472865, 1.6342744098 ], [ 119.5219618267, 1.6606345504 ], [ 119.5841194459, 1.6870501769 ], [ 119.646220076, 1.7135211057 ], [ 119.7082636496, 1.7400471535 ], [ 119.7702501001, 1.7666281367 ], [ 119.8321793613, 1.7932638717 ], [ 119.894051368, 1.8199541751 ], [ 119.9558660553, 1.8466988632 ], [ 120.0176233592, 1.8734977523 ], [ 120.0793232162, 1.9003506588 ], [ 120.1409655636, 1.9272573989 ], [ 120.2025503392, 1.9542177889 ], [ 120.2640774815, 1.9812316451 ], [ 120.3255469298, 2.0082987837 ], [ 120.3869586237, 2.0354190209 ], [ 120.4483125039, 2.0625921729 ], [ 120.5096085113, 2.0898180559 ], [ 120.5708465877, 2.1170964861 ], [ 120.6320266755, 2.1444272797 ], [ 120.6931487177, 2.1718102527 ], [ 120.7542126579, 2.1992452215 ], [ 120.8152184404, 2.2267320022 ], [ 120.8761660102, 2.254270411 ], [ 120.9370553128, 2.281860264 ], [ 120.9978862944, 2.3095013776 ], [ 121.0586589017, 2.3371935678 ], [ 121.1193730823, 2.364936651 ], [ 121.1800287841, 2.3927304435 ], [ 121.2406259559, 2.4205747614 ], [ 121.3011645471, 2.4484694211 ], [ 121.3616445074, 2.476414239 ], [ 121.4220657875, 2.5044090313 ], [ 121.4824283385, 2.5324536146 ], [ 121.5427321123, 2.5605478052 ], [ 121.6029770612, 2.5886914196 ], [ 121.6631631382, 2.6168842744 ], [ 121.723290297, 2.645126186 ], [ 121.7833584918, 2.6734169711 ], [ 121.8433676774, 2.7017564463 ], [ 121.9033178093, 2.7301444284 ], [ 121.9632088436, 2.7585807341 ], [ 122.0230407368, 2.7870651802 ], [ 122.0828134463, 2.8155975835 ], [ 122.14252693, 2.8441777611 ], [ 122.2021811462, 2.8728055298 ], [ 122.261776054, 2.9014807069 ], [ 122.3213116131, 2.9302031093 ], [ 122.3807877837, 2.9589725542 ], [ 122.4402045267, 2.9877888591 ], [ 122.4995618035, 3.0166518411 ], [ 122.558859576, 3.0455613178 ], [ 122.6180978069, 3.0745171066 ], [ 122.6772764593, 3.1035190251 ], [ 122.7363954971, 3.132566891 ], [ 122.7954548846, 3.1616605221 ], [ 122.8544545866, 3.1907997362 ], [ 122.9133945687, 3.2199843512 ], [ 122.9722747969, 3.2492141853 ], [ 123.031095238, 3.2784890564 ], [ 123.0898558591, 3.3078087829 ], [ 123.148556628, 3.3371731831 ], [ 123.207197513, 3.3665820755 ], [ 123.2657784832, 3.3960352785 ], [ 123.3242995079, 3.4255326108 ], [ 123.3827605573, 3.4550738913 ], [ 123.4411616019, 3.4846589387 ], [ 123.499502613, 3.514287572 ], [ 123.5577835622, 3.5439596105 ], [ 123.6160044218, 3.5736748732 ], [ 123.6741651647, 3.6034331795 ], [ 123.7322657642, 3.633234349 ], [ 123.7903061944, 3.6630782012 ], [ 123.8482864296, 3.6929645558 ], [ 123.906206445, 3.7228932326 ], [ 123.964066216, 3.7528640518 ], [ 124.0218657189, 3.7828768333 ], [ 124.0796049302, 3.8129313975 ], [ 124.1372838272, 3.8430275648 ], [ 124.1949023876, 3.8731651556 ], [ 124.2524605897, 3.9033439907 ], [ 124.3099584122, 3.9335638908 ], [ 124.3673958346, 3.9638246771 ], [ 124.4247728366, 3.9941261705 ], [ 124.4820893987, 4.0244681923 ], [ 124.5393455018, 4.054850564 ], [ 124.5965411273, 4.0852731071 ], [ 124.6536762571, 4.1157356434 ], [ 124.7107508738, 4.1462379947 ], [ 124.7677649604, 4.1767799832 ], [ 124.8247185003, 4.207361431 ], [ 124.8816114776, 4.2379821605 ], [ 124.9384438768, 4.2686419942 ], [ 124.9952156829, 4.2993407549 ], [ 125.0519268816, 4.3300782654 ], [ 125.1085774589, 4.3608543488 ], [ 125.1651674013, 4.3916688284 ], [ 125.2216966959, 4.4225215275 ], [ 125.2781653303, 4.4534122696 ], [ 125.3345732925, 4.4843408787 ], [ 125.3909205711, 4.5153071785 ], [ 125.4472071552, 4.5463109933 ], [ 125.5034330342, 4.5773521473 ], [ 125.5595981983, 4.608430465 ], [ 125.615702638, 4.6395457712 ], [ 125.6717463442, 4.6706978906 ], [ 125.7277293085, 4.7018866484 ], [ 125.7836515228, 4.7331118698 ], [ 125.8395129796, 4.7643733803 ], [ 125.8953136719, 4.7956710055 ], [ 125.951053593, 4.8270045712 ], [ 126.0067327369, 4.8583739036 ], [ 126.0623510978, 4.8897788288 ], [ 126.1179086707, 4.9212191734 ], [ 126.1734054508, 4.9526947639 ], [ 126.2288414338, 4.9842054272 ], [ 126.2842166161, 5.0157509905 ], [ 126.3395309943, 5.047331281 ], [ 126.3947845656, 5.0789461262 ], [ 126.4499773276, 5.1105953538 ], [ 126.5051092783, 5.1422787917 ], [ 126.5601804162, 5.1739962681 ], [ 126.6151907405, 5.2057476113 ], [ 126.6701402503, 5.2375326499 ], [ 126.7250289458, 5.2693512128 ], [ 126.7798568271, 5.3012031289 ], [ 126.834623895, 5.3330882274 ], [ 126.8893301508, 5.3650063379 ], [ 126.9439755961, 5.3969572901 ], [ 126.9985602329, 5.4289409138 ], [ 127.0530840639, 5.4609570393 ], [ 127.107547092, 5.4930054969 ], [ 127.1619493205, 5.5250861172 ], [ 127.2162907533, 5.5571987312 ], [ 127.2705713946, 5.5893431698 ], [ 127.3247912492, 5.6215192644 ], [ 127.3789503221, 5.6537268467 ], [ 127.4330486189, 5.6859657483 ], [ 127.4870861455, 5.7182358013 ], [ 127.5410629083, 5.7505368381 ], [ 127.594978914, 5.7828686912 ], [ 127.6488341699, 5.8152311933 ], [ 127.7026286836, 5.8476241774 ], [ 127.7563624631, 5.8800474769 ], [ 127.8100355168, 5.9125009253 ], [ 127.8636478536, 5.9449843563 ], [ 127.9171994828, 5.977497604 ], [ 127.970690414, 6.0100405026 ], [ 128.0241206571, 6.0426128866 ], [ 128.0774902228, 6.075214591 ], [ 128.1307991218, 6.1078454506 ], [ 128.1840473654, 6.1405053009 ], [ 128.2372349652, 6.1731939773 ], [ 128.2903619333, 6.2059113157 ], [ 128.343428282, 6.2386571522 ], [ 128.3964340242, 6.2714313231 ], [ 128.4493791731, 6.3042336651 ], [ 128.5022637422, 6.3370640149 ], [ 128.5550877456, 6.3699222098 ], [ 128.6078511974, 6.4028080872 ], [ 128.6605541126, 6.4357214847 ], [ 128.713196506, 6.4686622403 ], [ 128.7657783933, 6.5016301921 ], [ 128.8182997903, 6.5346251788 ], [ 128.8707607131, 6.567647039 ], [ 128.9231611783, 6.6006956117 ], [ 128.975501203, 6.6337707364 ], [ 129.0277808043, 6.6668722525 ], [ 129.08, 6.7 ], [ 129.1132579523, 6.647866086 ], [ 129.14657651, 6.5956984309 ], [ 129.1799558163, 6.5434970882 ], [ 129.2133960146, 6.4912621118 ], [ 129.2468972491, 6.4389935562 ], [ 129.2804596639, 6.3866914764 ], [ 129.3140834037, 6.3343559276 ], [ 129.3477686135, 6.2819869659 ], [ 129.3815154388, 6.2295846475 ], [ 129.4153240251, 6.1771490294 ], [ 129.4491945187, 6.1246801687 ], [ 129.4831270659, 6.0721781234 ], [ 129.5171218136, 6.0196429517 ], [ 129.551178909, 5.9670747124 ], [ 129.5852984996, 5.9144734649 ], [ 129.6194807334, 5.8618392689 ], [ 129.6537257585, 5.8091721847 ], [ 129.6880337237, 5.7564722731 ], [ 129.722404778, 5.7037395953 ], [ 129.7568390707, 5.6509742133 ], [ 129.7913367516, 5.5981761891 ], [ 129.8258979707, 5.5453455858 ], [ 129.8605228787, 5.4924824665 ], [ 129.8952116262, 5.4395868952 ], [ 129.9299643646, 5.3866589362 ], [ 129.9647812454, 5.3336986543 ], [ 129.9996624206, 5.280706115 ], [ 130.0346080426, 5.2276813841 ], [ 130.0696182639, 5.1746245281 ], [ 130.1046932377, 5.1215356139 ], [ 130.1398331175, 5.0684147091 ], [ 130.1750380571, 5.0152618817 ], [ 130.2103082105, 4.9620772002 ], [ 130.2456437325, 4.9088607338 ], [ 130.281044778, 4.855612552 ], [ 130.3165115022, 4.8023327251 ], [ 130.352044061, 4.7490213237 ], [ 130.3876426102, 4.6956784191 ], [ 130.4233073065, 4.6423040832 ], [ 130.4590383065, 4.5888983883 ], [ 130.4948357676, 4.5354614072 ], [ 130.5306998472, 4.4819932136 ], [ 130.5666307034, 4.4284938813 ], [ 130.6026284944, 4.3749634851 ], [ 130.638693379, 4.3214021 ], [ 130.6748255163, 4.2678098017 ], [ 130.7110250658, 4.2141866665 ], [ 130.7472921873, 4.1605327713 ], [ 130.783627041, 4.1068481935 ], [ 130.8200297875, 4.0531330111 ], [ 130.8565005879, 3.9993873026 ], [ 130.8930396035, 3.9456111472 ], [ 130.9296469961, 3.8918046246 ], [ 130.9663229279, 3.8379678151 ], [ 131.0030675613, 3.7841007996 ], [ 131.0398810592, 3.7302036596 ], [ 131.076763585, 3.6762764772 ], [ 131.1137153024, 3.6223193349 ], [ 131.1507363754, 3.5683323162 ], [ 131.1878269683, 3.5143155048 ], [ 131.2249872462, 3.4602689852 ], [ 131.2622173742, 3.4061928425 ], [ 131.2995175179, 3.3520871622 ], [ 131.3368878432, 3.2979520308 ], [ 131.3743285166, 3.243787535 ], [ 131.4118397049, 3.1895937624 ], [ 131.4494215751, 3.1353708011 ], [ 131.4870742948, 3.0811187397 ], [ 131.5247980319, 3.0268376677 ], [ 131.5625929548, 2.972527675 ], [ 131.6004592322, 2.9181888521 ], [ 131.6383970331, 2.8638212904 ], [ 131.6764065269, 2.8094250816 ], [ 131.7144878837, 2.7550003183 ], [ 131.7526412736, 2.7005470935 ], [ 131.7908668672, 2.6460655011 ], [ 131.8291648357, 2.5915556353 ], [ 131.8675353504, 2.5370175913 ], [ 131.9059785831, 2.4824514647 ], [ 131.9444947061, 2.4278573518 ], [ 131.9830838919, 2.3732353496 ], [ 132.0217463135, 2.3185855557 ], [ 132.0604821443, 2.2639080685 ], [ 132.0992915581, 2.2092029868 ], [ 132.1381747289, 2.1544704103 ], [ 132.1771318314, 2.0997104392 ], [ 132.2161630405, 2.0449231745 ], [ 132.2552685315, 1.9901087177 ], [ 132.2944484802, 1.9352671712 ], [ 132.3337030625, 1.8803986377 ], [ 132.3730324551, 1.8255032211 ], [ 132.4124368349, 1.7705810255 ], [ 132.451916379, 1.715632156 ], [ 132.4914712653, 1.6606567182 ], [ 132.5311016717, 1.6056548184 ], [ 132.5708077767, 1.5506265636 ], [ 132.6105897592, 1.4955720617 ], [ 132.6504477984, 1.440491421 ], [ 132.6903820739, 1.3853847507 ], [ 132.7303927658, 1.3302521605 ], [ 132.7704800545, 1.2750937609 ], [ 132.8106441207, 1.2199096633 ], [ 132.8508851457, 1.1646999794 ], [ 132.8912033112, 1.109464822 ], [ 132.9315987989, 1.0542043044 ], [ 132.9720717914, 0.9989185407 ], [ 133.0126224714, 0.9436076456 ], [ 133.053251022, 0.8882717347 ], [ 133.0939576268, 0.8329109242 ], [ 133.1347424698, 0.7775253311 ], [ 133.1756057351, 0.7221150729 ], [ 133.2165476077, 0.6666802682 ], [ 133.2575682726, 0.6112210361 ], [ 133.2986679152, 0.5557374964 ], [ 133.3398467214, 0.5002297699 ], [ 133.3811048777, 0.4446979778 ], [ 133.4224425705, 0.3891422423 ], [ 133.463859987, 0.3335626862 ], [ 133.5053573146, 0.2779594332 ], [ 133.5469347411, 0.2223326075 ], [ 133.5885924548, 0.1666823344 ], [ 133.6303306442, 0.1110087398 ], [ 133.6721494985, 0.0553119501 ], [ 133.7140492068, -0.0004079071 ], [ 133.7560299591, -0.0561507036 ], [ 133.7980919455, -0.1119163106 ], [ 133.8402353565, -0.1677045983 ], [ 133.8824603831, -0.2235154363 ], [ 133.9247672166, -0.2793486932 ], [ 133.9671560486, -0.3352042371 ], [ 134.0096270713, -0.391081935 ], [ 134.0521804771, -0.4469816535 ], [ 134.0948164589, -0.502903258 ], [ 134.13753521, -0.5588466134 ], [ 134.1803369239, -0.6148115836 ], [ 134.2232217946, -0.670798032 ], [ 134.2661900166, -0.7268058208 ], [ 134.3092417846, -0.7828348118 ], [ 134.3523772938, -0.8388848657 ], [ 134.3955967396, -0.8949558425 ], [ 134.438900318, -0.9510476014 ], [ 134.4822882254, -1.0071600007 ], [ 134.5257606582, -1.0632928981 ], [ 134.5693178136, -1.1194461502 ], [ 134.6129598891, -1.1756196129 ], [ 134.6566870823, -1.2318131413 ], [ 134.7004995915, -1.2880265898 ], [ 134.7443976152, -1.3442598116 ], [ 134.7883813524, -1.4005126594 ], [ 134.8324510023, -1.456784985 ], [ 134.8766067645, -1.5130766392 ], [ 134.9208488393, -1.5693874722 ], [ 134.9651774269, -1.6257173331 ], [ 135.0095927281, -1.6820660703 ], [ 135.0540949441, -1.7384335314 ], [ 135.0986842763, -1.794819563 ], [ 135.1433609268, -1.8512240109 ], [ 135.1881250977, -1.9076467202 ], [ 135.2329769917, -1.9640875348 ], [ 135.2779168117, -2.0205462981 ], [ 135.322944761, -2.0770228523 ], [ 135.3680610435, -2.133517039 ], [ 135.4132658632, -2.1900286988 ], [ 135.4585594244, -2.2465576714 ], [ 135.5039419321, -2.3031037957 ], [ 135.5494135912, -2.3596669097 ], [ 135.5949746075, -2.4162468504 ], [ 135.6406251866, -2.472843454 ], [ 135.6863655349, -2.529456556 ], [ 135.7321958589, -2.5860859906 ], [ 135.7781163656, -2.6427315915 ], [ 135.8241272621, -2.6993931912 ], [ 135.8702287563, -2.7560706215 ], [ 135.9164210559, -2.8127637132 ], [ 135.9627043694, -2.8694722961 ], [ 136.0090789055, -2.9261961994 ], [ 136.055544873, -2.982935251 ], [ 136.1021024816, -3.0396892782 ], [ 136.1487519407, -3.0964581072 ], [ 136.1954934605, -3.1532415633 ], [ 136.2423272513, -3.2100394709 ], [ 136.2892535239, -3.2668516535 ], [ 136.3362724894, -3.3236779337 ], [ 136.3833843591, -3.380518133 ], [ 136.4305893447, -3.4373720722 ], [ 136.4778876584, -3.4942395709 ], [ 136.5252795125, -3.551120448 ], [ 136.5727651198, -3.6080145213 ], [ 136.6203446932, -3.6649216078 ], [ 136.6680184463, -3.7218415232 ], [ 136.7157865925, -3.7787740828 ], [ 136.7636493461, -3.8357191004 ], [ 136.8116069213, -3.8926763892 ], [ 136.8596595328, -3.9496457613 ], [ 136.9078073956, -4.0066270278 ], [ 136.9560507249, -4.063619999 ], [ 137.0043897363, -4.120624484 ], [ 137.0528246459, -4.1776402912 ], [ 137.1013556698, -4.2346672277 ], [ 137.1499830245, -4.2917050998 ], [ 137.1987069269, -4.3487537129 ], [ 137.2475275941, -4.4058128713 ], [ 137.2964452435, -4.4628823783 ], [ 137.345460093, -4.5199620363 ], [ 137.3945723605, -4.5770516466 ], [ 137.4437822644, -4.6341510095 ], [ 137.4930900233, -4.6912599245 ], [ 137.5424958561, -4.7483781899 ], [ 137.5919999821, -4.805505603 ], [ 137.6416026206, -4.8626419602 ], [ 137.6913039916, -4.9197870568 ], [ 137.741104315, -4.9769406872 ], [ 137.7910038112, -5.0341026446 ], [ 137.8410027009, -5.0912727214 ], [ 137.8911012048, -5.1484507087 ], [ 137.9412995441, -5.205636397 ], [ 137.9915979404, -5.2628295753 ], [ 138.0419966152, -5.3200300319 ], [ 138.0924957905, -5.377237554 ], [ 138.1430956886, -5.4344519276 ], [ 138.1937965319, -5.4916729379 ], [ 138.2445985432, -5.5489003688 ], [ 138.2955019455, -5.6061340035 ], [ 138.3465069619, -5.6633736238 ], [ 138.397613816, -5.7206190108 ], [ 138.4488227316, -5.7778699442 ], [ 138.5001339325, -5.8351262028 ], [ 138.5515476431, -5.8923875645 ], [ 138.6030640877, -5.9496538058 ], [ 138.6546834911, -6.0069247025 ], [ 138.7064060781, -6.0642000292 ], [ 138.7582320739, -6.1214795592 ], [ 138.8101617039, -6.1787630651 ], [ 138.8621951936, -6.2360503182 ], [ 138.9143327689, -6.2933410889 ], [ 138.9665746558, -6.3506351462 ], [ 139.0189210805, -6.4079322584 ], [ 139.0713722694, -6.4652321925 ], [ 139.1239284493, -6.5225347144 ], [ 139.1765898469, -6.5798395891 ], [ 139.2293566892, -6.6371465803 ], [ 139.2822292037, -6.6944554507 ], [ 139.3352076175, -6.751765962 ], [ 139.3882921585, -6.8090778746 ], [ 139.4414830543, -6.8663909479 ], [ 139.494780533, -6.9237049402 ], [ 139.5481848228, -6.9810196088 ], [ 139.6016961518, -7.0383347097 ], [ 139.6553147488, -7.0956499978 ], [ 139.7090408423, -7.1529652271 ], [ 139.7628746611, -7.2102801503 ], [ 139.8168164343, -7.267594519 ], [ 139.8708663909, -7.3249080838 ], [ 139.9250247603, -7.382220594 ], [ 139.979291772, -7.4395317978 ], [ 140.0336676554, -7.4968414425 ], [ 140.0881526403, -7.554149274 ], [ 140.1427469566, -7.6114550373 ], [ 140.1974508342, -7.668758476 ], [ 140.2522645033, -7.7260593327 ], [ 140.307188194, -7.7833573489 ], [ 140.3622221367, -7.840652265 ], [ 140.4173665619, -7.8979438201 ], [ 140.4726217, -7.9552317523 ], [ 140.5279877819, -8.0125157984 ], [ 140.5834650382, -8.0697956942 ], [ 140.6390536997, -8.1270711742 ], [ 140.6947539975, -8.1843419719 ], [ 140.7505661626, -8.2416078196 ], [ 140.806490426, -8.2988684483 ], [ 140.862527019, -8.356123588 ], [ 140.9186761728, -8.4133729675 ], [ 140.9749381188, -8.4706163145 ], [ 141.0313130882, -8.5278533553 ], [ 141.0878013126, -8.5850838152 ], [ 141.1444030234, -8.6423074184 ], [ 141.2011184521, -8.6995238878 ], [ 141.2579478304, -8.7567329451 ], [ 141.3148913898, -8.813934311 ], [ 141.3719493619, -8.8711277048 ], [ 141.4291219785, -8.9283128447 ], [ 141.4864094712, -8.9854894477 ], [ 141.5438120716, -9.0426572298 ], [ 141.6013300115, -9.0998159055 ], [ 141.6589635226, -9.1569651884 ], [ 141.7167128366, -9.2141047907 ], [ 141.7745781851, -9.2712344234 ], [ 141.8325597999, -9.3283537966 ], [ 141.8906579125, -9.3854626187 ], [ 141.9488727546, -9.4425605974 ], [ 142.0072045578, -9.499647439 ], [ 142.0656535537, -9.5567228484 ], [ 142.1242199737, -9.6137865295 ], [ 142.1829040494, -9.6708381852 ], [ 142.241706012, -9.7278775167 ], [ 142.300626093, -9.7849042243 ], [ 142.3596645237, -9.8419180071 ], [ 142.4188215351, -9.8989185629 ], [ 142.4780973585, -9.9559055883 ], [ 142.5374922249, -10.0128787788 ], [ 142.5970063651, -10.0698378283 ], [ 142.6566400101, -10.12678243 ], [ 142.7163933905, -10.1837122756 ], [ 142.776266737, -10.2406270554 ], [ 142.83626028, -10.2975264589 ], [ 142.8963742499, -10.3544101741 ], [ 142.9566088769, -10.4112778878 ], [ 143.0169643912, -10.4681292856 ], [ 143.0774410226, -10.5249640519 ], [ 143.1380390009, -10.5817818698 ], [ 143.1987585557, -10.6385824212 ], [ 143.2595999165, -10.6953653868 ], [ 143.3205633125, -10.752130446 ], [ 143.3816489729, -10.808877277 ], [ 143.4428571265, -10.8656055567 ], [ 143.504188002, -10.922314961 ], [ 143.5656418279, -10.9790051642 ], [ 143.6272188325, -11.0356758396 ], [ 143.6889192437, -11.0923266592 ], [ 143.7507432895, -11.1489572937 ], [ 143.8126911975, -11.2055674126 ], [ 143.8747631948, -11.2621566843 ], [ 143.9369595087, -11.3187247757 ], [ 143.9992803659, -11.3752713525 ], [ 144.0617259931, -11.4317960794 ], [ 144.1242966164, -11.4882986195 ], [ 144.1869924619, -11.5447786349 ], [ 144.2498137552, -11.6012357863 ], [ 144.3127607217, -11.6576697332 ], [ 144.3758335866, -11.714080134 ], [ 144.4390325745, -11.7704666455 ], [ 144.50235791, -11.8268289237 ], [ 144.5658098171, -11.8831666228 ], [ 144.6293885195, -11.9394793963 ], [ 144.6930942407, -11.9957668961 ], [ 144.7569272037, -12.0520287729 ], [ 144.8208876311, -12.1082646762 ], [ 144.8849757453, -12.1644742542 ], [ 144.9491917681, -12.2206571538 ], [ 145.0135359211, -12.2768130208 ], [ 145.0780084252, -12.3329414996 ], [ 145.1426095012, -12.3890422333 ], [ 145.2073393693, -12.445114864 ], [ 145.2721982494, -12.5011590322 ], [ 145.3371863607, -12.5571743774 ], [ 145.4023039223, -12.6131605377 ], [ 145.4675511524, -12.6691171499 ], [ 145.5329282692, -12.7250438498 ], [ 145.59843549, -12.7809402717 ], [ 145.6640730319, -12.8368060486 ], [ 145.7298411114, -12.8926408125 ], [ 145.7957399443, -12.9484441938 ], [ 145.8617697463, -13.004215822 ], [ 145.9279307321, -13.0599553251 ], [ 145.9942231161, -13.1156623298 ], [ 146.0606471123, -13.1713364618 ], [ 146.1272029337, -13.2269773453 ], [ 146.193890793, -13.2825846034 ], [ 146.2607109025, -13.3381578578 ], [ 146.3276634735, -13.393696729 ], [ 146.3947487169, -13.4492008364 ], [ 146.461966843, -13.5046697978 ], [ 146.5293180614, -13.56010323 ], [ 146.5968025811, -13.6155007486 ], [ 146.6644206104, -13.6708619678 ], [ 146.7321723571, -13.7261865004 ], [ 146.8000580281, -13.7814739584 ], [ 146.8680778298, -13.8367239521 ], [ 146.9362319678, -13.8919360907 ], [ 147.0045206469, -13.9471099823 ], [ 147.0729440714, -14.0022452335 ], [ 147.1415024448, -14.0573414499 ], [ 147.2101959697, -14.1123982356 ], [ 147.2790248482, -14.1674151937 ], [ 147.3479892814, -14.2223919259 ], [ 147.4170894698, -14.2773280326 ], [ 147.486325613, -14.3322231132 ], [ 147.5556979098, -14.3870767656 ], [ 147.6252065584, -14.4418885866 ], [ 147.6948517557, -14.4966581717 ], [ 147.7646336983, -14.5513851153 ], [ 147.8345525816, -14.6060690103 ], [ 147.9046086002, -14.6607094487 ], [ 147.9748019479, -14.715306021 ], [ 148.0451328177, -14.7698583166 ], [ 148.1156014014, -14.8243659235 ], [ 148.1862078902, -14.8788284288 ], [ 148.2569524741, -14.9332454181 ], [ 148.3278353423, -14.9876164758 ], [ 148.3988566832, -15.0419411853 ], [ 148.470016684, -15.0962191285 ], [ 148.5413155309, -15.1504498862 ], [ 148.6127534093, -15.2046330381 ], [ 148.6843305035, -15.2587681624 ], [ 148.7560469967, -15.3128548365 ], [ 148.8279030713, -15.3668926361 ], [ 148.8998989083, -15.4208811362 ], [ 148.972034688, -15.4748199102 ], [ 149.0443105894, -15.5287085306 ], [ 149.1167267905, -15.5825465684 ], [ 149.1892834682, -15.6363335937 ], [ 149.2619807982, -15.6900691752 ], [ 149.3348189551, -15.7437528804 ], [ 149.4077981125, -15.7973842759 ], [ 149.4809184428, -15.8509629268 ], [ 149.5541801169, -15.9044883972 ], [ 149.627583305, -15.9579602498 ], [ 149.7011281758, -16.0113780465 ], [ 149.7748148968, -16.0647413476 ], [ 149.8486436345, -16.1180497127 ], [ 149.9226145538, -16.1713026998 ], [ 149.9967278185, -16.2244998659 ], [ 150.0709835914, -16.277640767 ], [ 150.1453820335, -16.3307249578 ], [ 150.2199233049, -16.3837519918 ], [ 150.2946075642, -16.4367214214 ], [ 150.3694349687, -16.489632798 ], [ 150.4444056743, -16.5424856716 ], [ 150.5195198357, -16.5952795913 ], [ 150.594777606, -16.6480141049 ], [ 150.670179137, -16.7006887593 ], [ 150.7457245793, -16.7533031 ], [ 150.8214140816, -16.8058566715 ], [ 150.8972477917, -16.8583490172 ], [ 150.9732258554, -16.9107796795 ], [ 151.0493484176, -16.9631481995 ], [ 151.1256156211, -17.0154541172 ], [ 151.2020276077, -17.0676969718 ], [ 151.2785845175, -17.119876301 ], [ 151.3552864889, -17.1719916417 ], [ 151.4321336589, -17.2240425297 ], [ 151.5091261631, -17.2760284995 ], [ 151.5862641352, -17.3279490848 ], [ 151.6635477074, -17.3798038181 ], [ 151.7409770104, -17.4315922308 ], [ 151.8185521731, -17.4833138533 ], [ 151.8962733228, -17.534968215 ], [ 151.9741405853, -17.5865548443 ], [ 152.0521540844, -17.6380732683 ], [ 152.1303139424, -17.6895230132 ], [ 152.2086202799, -17.7409036044 ], [ 152.2870732156, -17.792214566 ], [ 152.3656728667, -17.8434554211 ], [ 152.4444193484, -17.894625692 ], [ 152.5233127742, -17.9457248997 ], [ 152.6023532558, -17.9967525644 ], [ 152.681540903, -18.0477082052 ], [ 152.7608758239, -18.0985913405 ], [ 152.8403581247, -18.1494014872 ], [ 152.9199879096, -18.2001381617 ], [ 152.9997652811, -18.2508008792 ], [ 153.0796903396, -18.3013891541 ], [ 153.1597631837, -18.3519024995 ], [ 153.2399839101, -18.402340428 ], [ 153.3203526134, -18.452702451 ], [ 153.4008693863, -18.502988079 ], [ 153.4815343195, -18.5531968216 ], [ 153.5623475016, -18.6033281874 ], [ 153.6433090193, -18.6533816843 ], [ 153.7244189572, -18.7033568191 ], [ 153.8056773977, -18.7532530977 ], [ 153.8870844214, -18.8030700253 ], [ 153.9686401065, -18.852807106 ], [ 154.0503445293, -18.9024638431 ], [ 154.1321977638, -18.952039739 ], [ 154.2141998819, -19.0015342954 ], [ 154.2963509533, -19.0509470131 ], [ 154.3786510456, -19.1002773918 ], [ 154.461100224, -19.1495249306 ], [ 154.5436985517, -19.1986891279 ], [ 154.6264460895, -19.247769481 ], [ 154.7093428959, -19.2967654864 ], [ 154.7923890272, -19.3456766401 ], [ 154.8755845374, -19.3945024371 ], [ 154.958929478, -19.4432423714 ], [ 155.0424238985, -19.4918959367 ], [ 155.1260678457, -19.5404626256 ], [ 155.2098613642, -19.5889419301 ], [ 155.2938044961, -19.6373333412 ], [ 155.3778972812, -19.6856363495 ], [ 155.4621397567, -19.7338504447 ], [ 155.5465319575, -19.7819751157 ], [ 155.631073916, -19.8300098509 ], [ 155.715765662, -19.8779541379 ], [ 155.8006072229, -19.9258074634 ], [ 155.8855986235, -19.9735693138 ], [ 155.9707398861, -20.0212391745 ], [ 156.0560310304, -20.0688165305 ], [ 156.1414720735, -20.1163008659 ], [ 156.22706303, -20.1636916644 ], [ 156.3128039117, -20.2109884088 ], [ 156.3986947278, -20.2581905816 ], [ 156.484735485, -20.3052976644 ], [ 156.5709261872, -20.3523091384 ], [ 156.6572668355, -20.3992244841 ], [ 156.7437574284, -20.4460431813 ], [ 156.8303979617, -20.4927647097 ], [ 156.9171884284, -20.5393885478 ], [ 157.0041288186, -20.5859141741 ], [ 157.0912191198, -20.6323410662 ], [ 157.1784593165, -20.6786687014 ], [ 157.2658493906, -20.7248965564 ], [ 157.3533893209, -20.7710241075 ], [ 157.4410790835, -20.8170508302 ], [ 157.5289186516, -20.8629761999 ], [ 157.6169079953, -20.9087996914 ], [ 157.705047082, -20.9545207789 ], [ 157.793335876, -21.0001389364 ], [ 157.8817743388, -21.0456536373 ], [ 157.9703624288, -21.0910643547 ], [ 158.0591001014, -21.1363705611 ], [ 158.1479873089, -21.1815717289 ], [ 158.2370240008, -21.2266673298 ], [ 158.3262101234, -21.2716568354 ], [ 158.4155456198, -21.3165397168 ], [ 158.5050304302, -21.3613154447 ], [ 158.5946644917, -21.4059834898 ], [ 158.684447738, -21.4505433221 ], [ 158.7743800999, -21.4949944114 ], [ 158.864461505, -21.5393362273 ], [ 158.9546918776, -21.5835682392 ], [ 159.0450711389, -21.6276899159 ], [ 159.1355992069, -21.6717007264 ], [ 159.2262759963, -21.715600139 ], [ 159.3171014184, -21.7593876222 ], [ 159.4080753814, -21.803062644 ], [ 159.4991977903, -21.8466246723 ], [ 159.5904685466, -21.8900731749 ], [ 159.6818875484, -21.9334076193 ], [ 159.7734546906, -21.976627473 ], [ 159.8651698648, -22.0197322031 ], [ 159.957032959, -22.0627212769 ], [ 160.0490438581, -22.1055941613 ], [ 160.1412024431, -22.1483503234 ], [ 160.2335085921, -22.19098923 ], [ 160.3259621794, -22.2335103479 ], [ 160.4185630758, -22.2759131438 ], [ 160.511311149, -22.3181970844 ], [ 160.6042062627, -22.3603616366 ], [ 160.6972482774, -22.4024062668 ], [ 160.79043705, -22.4443304419 ], [ 160.8837724337, -22.4861336286 ], [ 160.9772542783, -22.5278152936 ], [ 161.0708824299, -22.5693749038 ], [ 161.1646567311, -22.610811926 ], [ 161.2585770207, -22.6521258273 ], [ 161.352643134, -22.6933160748 ], [ 161.4468549027, -22.7343821356 ], [ 161.5412121546, -22.7753234772 ], [ 161.6357147141, -22.816139567 ], [ 161.7303624016, -22.8568298726 ], [ 161.825155034, -22.8973938621 ], [ 161.9200924244, -22.9378310033 ], [ 162.0151743821, -22.9781407647 ], [ 162.1104007127, -23.0183226146 ], [ 162.205771218, -23.058376022 ], [ 162.301285696, -23.0983004557 ], [ 162.3969439408, -23.1380953852 ], [ 162.4927457429, -23.1777602801 ], [ 162.5886908887, -23.2172946103 ], [ 162.6847791609, -23.256697846 ], [ 162.7810103384, -23.295969458 ], [ 162.8773841959, -23.3351089173 ], [ 162.9739005046, -23.3741156951 ], [ 163.0705590314, -23.4129892634 ], [ 163.1673595397, -23.4517290943 ], [ 163.2643017887, -23.4903346606 ], [ 163.3613855335, -23.5288054353 ], [ 163.4586105257, -23.5671408921 ], [ 163.5559765124, -23.605340505 ], [ 163.6534832371, -23.6434037487 ], [ 163.751130439, -23.6813300983 ], [ 163.8489178536, -23.7191190296 ], [ 163.9468452122, -23.7567700187 ], [ 164.044912242, -23.7942825425 ], [ 164.1431186661, -23.8316560785 ], [ 164.2414642039, -23.8688901048 ], [ 164.3399485703, -23.9059841 ], [ 164.4385714764, -23.9429375436 ], [ 164.537332629, -23.9797499156 ], [ 164.6362317309, -24.0164206967 ], [ 164.7352684808, -24.0529493685 ], [ 164.8344425733, -24.0893354132 ], [ 164.9337536986, -24.1255783136 ], [ 165.0332015431, -24.1616775536 ], [ 165.1327857889, -24.1976326177 ], [ 165.2325061138, -24.2334429911 ], [ 165.3323621917, -24.2691081602 ], [ 165.432353692, -24.3046276118 ], [ 165.5324802801, -24.3400008339 ], [ 165.6327416172, -24.3752273154 ], [ 165.7331373601, -24.4103065457 ], [ 165.8336671617, -24.4452380157 ], [ 165.9343306704, -24.4800212168 ], [ 166.0351275305, -24.5146556416 ], [ 166.1360573819, -24.5491407836 ], [ 166.2371198604, -24.5834761373 ], [ 166.3383145975, -24.6176611983 ], [ 166.4396412204, -24.6516954632 ], [ 166.5410993521, -24.6855784296 ], [ 166.6426886113, -24.7193095964 ], [ 166.7444086123, -24.7528884633 ], [ 166.8462589652, -24.7863145314 ], [ 166.9482392759, -24.8195873028 ], [ 167.0503491458, -24.8527062808 ], [ 167.1525881722, -24.8856709699 ], [ 167.254955948, -24.9184808759 ], [ 167.3574520617, -24.9511355055 ], [ 167.4600760976, -24.983634367 ], [ 167.5628276356, -25.0159769699 ], [ 167.6657062514, -25.0481628249 ], [ 167.7687115162, -25.080191444 ], [ 167.8718429969, -25.1120623406 ], [ 167.9751002563, -25.1437750294 ], [ 168.0784828526, -25.1753290266 ], [ 168.1819903397, -25.2067238496 ], [ 168.2856222673, -25.2379590173 ], [ 168.3893781806, -25.26903405 ], [ 168.4932576205, -25.2999484696 ], [ 168.5972601237, -25.3307017993 ], [ 168.7013852223, -25.3612935638 ], [ 168.8056324443, -25.3917232895 ], [ 168.9100013133, -25.4219905041 ], [ 169.0144913484, -25.452094737 ], [ 169.1191020646, -25.4820355192 ], [ 169.2238329723, -25.5118123832 ], [ 169.3286835778, -25.5414248631 ], [ 169.4336533829, -25.5708724949 ], [ 169.5387418852, -25.6001548158 ], [ 169.6439485778, -25.6292713652 ], [ 169.7492729496, -25.6582216838 ], [ 169.8547144852, -25.6870053142 ], [ 169.9602726648, -25.7156218007 ], [ 170.0659469643, -25.7440706895 ], [ 170.1717368553, -25.7723515283 ], [ 170.277641805, -25.800463867 ], [ 170.3836612765, -25.8284072569 ], [ 170.4897947283, -25.8561812514 ], [ 170.596041615, -25.8837854058 ], [ 170.7024013866, -25.9112192771 ], [ 170.8088734888, -25.9384824245 ], [ 170.9154573634, -25.9655744088 ], [ 171.0221524474, -25.992494793 ], [ 171.128958174, -26.019243142 ], [ 171.2358739719, -26.0458190225 ], [ 171.3428992656, -26.0722220036 ], [ 171.4500334754, -26.0984516562 ], [ 171.5572760174, -26.1245075531 ], [ 171.6646263033, -26.1503892696 ], [ 171.7720837409, -26.1760963827 ], [ 171.8796477335, -26.2016284717 ], [ 171.9873176805, -26.226985118 ], [ 172.0950929767, -26.2521659053 ], [ 172.2029730133, -26.2771704192 ], [ 172.3109571768, -26.3019982476 ], [ 172.4190448499, -26.3266489809 ], [ 172.5272354111, -26.3511222113 ], [ 172.6355282347, -26.3754175335 ], [ 172.743922691, -26.3995345446 ], [ 172.8524181461, -26.4234728436 ], [ 172.9610139621, -26.4472320322 ], [ 173.069709497, -26.4708117144 ], [ 173.1785041047, -26.4942114963 ], [ 173.2873971352, -26.5174309866 ], [ 173.3963879344, -26.5404697963 ], [ 173.5054758442, -26.563327539 ], [ 173.6146602024, -26.5860038306 ], [ 173.723940343, -26.6084982893 ], [ 173.8333155961, -26.6308105361 ], [ 173.9427852875, -26.6529401943 ], [ 174.0523487396, -26.6748868897 ], [ 174.1620052703, -26.6966502508 ], [ 174.2717541941, -26.7182299085 ], [ 174.3815948215, -26.7396254963 ], [ 174.491526459, -26.7608366504 ], [ 174.6015484094, -26.7818630094 ], [ 174.7116599717, -26.8027042149 ], [ 174.821860441, -26.8233599107 ], [ 174.9321491088, -26.8438297436 ], [ 175.0425252627, -26.8641133629 ], [ 175.1529881867, -26.8842104208 ], [ 175.263537161, -26.9041205721 ], [ 175.374171462, -26.9238434743 ], [ 175.4848903628, -26.9433787877 ], [ 175.5956931325, -26.9627261755 ], [ 175.7065790367, -26.9818853036 ], [ 175.8175473375, -27.0008558406 ], [ 175.9285972934, -27.0196374581 ], [ 176.0397281592, -27.0382298306 ], [ 176.1509391863, -27.0566326353 ], [ 176.2622296226, -27.0748455523 ], [ 176.3735987126, -27.0928682648 ], [ 176.4850456973, -27.1107004587 ], [ 176.5965698141, -27.128341823 ], [ 176.7081702972, -27.1457920495 ], [ 176.8198463775, -27.1630508331 ], [ 176.9315972824, -27.1801178717 ], [ 177.0434222361, -27.1969928661 ], [ 177.1553204594, -27.2136755203 ], [ 177.2672911698, -27.230165541 ], [ 177.3793335819, -27.2464626384 ], [ 177.4914469067, -27.2625665255 ], [ 177.6036303522, -27.2784769183 ], [ 177.7158831234, -27.2941935362 ], [ 177.828204422, -27.3097161015 ], [ 177.9405934465, -27.3250443397 ], [ 178.0530493928, -27.3401779794 ], [ 178.1655714532, -27.3551167526 ], [ 178.2781588176, -27.3698603941 ], [ 178.3908106724, -27.3844086422 ], [ 178.5035262014, -27.3987612383 ], [ 178.6163045855, -27.412917927 ], [ 178.7291450026, -27.4268784562 ], [ 178.8420466279, -27.440642577 ], [ 178.9550086336, -27.4542100438 ], [ 179.0680301894, -27.4675806143 ], [ 179.1811104621, -27.4807540495 ], [ 179.2942486159, -27.4937301136 ], [ 179.4074438122, -27.5065085743 ], [ 179.5206952099, -27.5190892025 ], [ 179.6340019653, -27.5314717726 ], [ 179.7473632321, -27.5436560621 ], [ 179.8607781615, -27.5556418521 ], [ 179.9742459022, -27.5674289271 ], [ -179.9122343996, -27.5790170749 ], [ -179.7986636, -27.5904060867 ], [ -179.6850425575, -27.6015957572 ], [ -179.571372133, -27.6125858845 ], [ -179.4576531897, -27.6233762702 ], [ -179.3438865931, -27.6339667193 ], [ -179.2300732108, -27.6443570403 ], [ -179.1162139126, -27.6545470451 ], [ -179.0023095707, -27.6645365493 ], [ -178.8883610591, -27.6743253718 ], [ -178.774369254, -27.6839133351 ], [ -178.6603350336, -27.6933002652 ], [ -178.5462592783, -27.7024859918 ], [ -178.4321428702, -27.7114703478 ], [ -178.3179866935, -27.72025317 ], [ -178.203791634, -27.7288342986 ], [ -178.0895585797, -27.7372135774 ], [ -177.9752884203, -27.7453908538 ], [ -177.860982047, -27.7533659788 ], [ -177.746640353, -27.761138807 ], [ -177.6322642331, -27.7687091965 ], [ -177.5178545838, -27.7760770093 ], [ -177.403412303, -27.7832421107 ], [ -177.2889382903, -27.7902043699 ], [ -177.1744334468, -27.7969636596 ], [ -177.0598986751, -27.8035198561 ], [ -176.9453348792, -27.8098728396 ], [ -176.8307429644, -27.8160224936 ], [ -176.7161238374, -27.8219687057 ], [ -176.6014784063, -27.8277113669 ], [ -176.4868075803, -27.8332503719 ], [ -176.37211227, -27.8385856192 ], [ -176.257393387, -27.8437170109 ], [ -176.1426518441, -27.8486444529 ], [ -176.0278885552, -27.8533678547 ], [ -175.9131044352, -27.8578871296 ], [ -175.7983004001, -27.8622021947 ], [ -175.6834773667, -27.8663129706 ], [ -175.5686362529, -27.8702193818 ], [ -175.4537779773, -27.8739213565 ], [ -175.3389034595, -27.8774188267 ], [ -175.2240136196, -27.8807117279 ], [ -175.1091093788, -27.8838 ], [ -174.9941916588, -27.8866835851 ], [ -174.8792613818, -27.8893624313 ], [ -174.764319471, -27.8918364887 ], [ -174.6493668498, -27.894105712 ], [ -174.5344044423, -27.8961700592 ], [ -174.4194331729, -27.8980294925 ], [ -174.3044539667, -27.8996839775 ], [ -174.189467749, -27.9011334837 ], [ -174.0744754454, -27.9023779845 ], [ -173.959477982, -27.903417457 ], [ -173.8444762849, -27.9042518819 ], [ -173.7294712805, -27.9048812439 ], [ -173.6144638955, -27.9053055315 ], [ -173.4994550566, -27.9055247367 ], [ -173.3844456904, -27.9055388556 ], [ -173.2694367238, -27.9053478879 ], [ -173.1544290836, -27.904951837 ], [ -173.0394236965, -27.9043507104 ], [ -172.924421489, -27.9035445191 ], [ -172.8094233876, -27.9025332779 ], [ -172.6944303186, -27.9013170055 ], [ -172.579443208, -27.8998957243 ], [ -172.4644629815, -27.8982694604 ], [ -172.3494905644, -27.8964382439 ], [ -172.2345268819, -27.8944021084 ], [ -172.1195728583, -27.8921610914 ], [ -172.004629418, -27.8897152343 ], [ -171.8896974844, -27.887064582 ], [ -171.7747779807, -27.8842091834 ], [ -171.6598718292, -27.8811490909 ], [ -171.5449799519, -27.8778843609 ], [ -171.4301032698, -27.8744150534 ], [ -171.3152427032, -27.8707412323 ], [ -171.2003991719, -27.8668629651 ], [ -171.0855735946, -27.8627803231 ], [ -170.9707668892, -27.8584933813 ], [ -170.8559799728, -27.8540022185 ], [ -170.7412137614, -27.8493069172 ], [ -170.6264691701, -27.8444075636 ], [ -170.5117471129, -27.8393042475 ], [ -170.3970485027, -27.8339970627 ], [ -170.2823742515, -27.8284861065 ], [ -170.1677252699, -27.8227714799 ], [ -170.0531024672, -27.8168532877 ], [ -169.9385067518, -27.8107316382 ], [ -169.8239390305, -27.8044066437 ], [ -169.7094002088, -27.7978784199 ], [ -169.594891191, -27.7911470862 ], [ -169.4804128798, -27.7842127657 ], [ -169.3659661766, -27.7770755853 ], [ -169.2515519809, -27.7697356753 ], [ -169.1371711913, -27.7621931697 ], [ -169.0228247041, -27.7544482063 ], [ -168.9085134146, -27.7465009264 ], [ -168.794238216, -27.7383514747 ], [ -168.68, -27.73 ], [ -168.6707205248, -27.8317085869 ], [ -168.661403897, -27.9335227187 ], [ -168.6520498936, -28.0354423869 ], [ -168.6426582898, -28.1374675825 ], [ -168.6332288588, -28.2395982955 ], [ -168.6237613722, -28.3418345152 ], [ -168.6142555996, -28.4441762302 ], [ -168.6047113089, -28.5466234283 ], [ -168.595128266, -28.6491760963 ], [ -168.585506235, -28.7518342206 ], [ -168.5758449779, -28.8545977865 ], [ -168.566144255, -28.9574667786 ], [ -168.5564038245, -29.0604411808 ], [ -168.5466234428, -29.1635209761 ], [ -168.5368028639, -29.2667061467 ], [ -168.5269418403, -29.3699966739 ], [ -168.5170401221, -29.4733925385 ], [ -168.5070974575, -29.5768937201 ], [ -168.4971135926, -29.6805001978 ], [ -168.4870882714, -29.7842119496 ], [ -168.4770212358, -29.888028953 ], [ -168.4669122254, -29.9919511844 ], [ -168.4567609778, -30.0959786194 ], [ -168.4465672285, -30.2001112328 ], [ -168.4363307105, -30.3043489988 ], [ -168.4260511549, -30.4086918902 ], [ -168.4157282903, -30.5131398796 ], [ -168.405361843, -30.6176929382 ], [ -168.3949515372, -30.7223510367 ], [ -168.3844970947, -30.8271141448 ], [ -168.3739982349, -30.9319822313 ], [ -168.3634546747, -31.0369552642 ], [ -168.3528661289, -31.1420332107 ], [ -168.3422323096, -31.2472160369 ], [ -168.3315529266, -31.3525037083 ], [ -168.3208276872, -31.4578961892 ], [ -168.3100562961, -31.5633934434 ], [ -168.2992384555, -31.6689954335 ], [ -168.2883738652, -31.7747021213 ], [ -168.2774622222, -31.8805134676 ], [ -168.266503221, -31.9864294326 ], [ -168.2554965534, -32.0924499753 ], [ -168.2444419085, -32.1985750539 ], [ -168.2333389729, -32.3048046256 ], [ -168.2221874301, -32.4111386469 ], [ -168.2109869613, -32.5175770731 ], [ -168.1997372445, -32.6241198587 ], [ -168.1884379551, -32.7307669574 ], [ -168.1770887655, -32.8375183217 ], [ -168.1656893455, -32.9443739034 ], [ -168.1542393617, -33.0513336531 ], [ -168.1427384778, -33.1583975208 ], [ -168.1311863546, -33.2655654552 ], [ -168.1195826499, -33.3728374043 ], [ -168.1079270184, -33.4802133151 ], [ -168.0962191116, -33.5876931334 ], [ -168.0844585782, -33.6952768043 ], [ -168.0726450635, -33.8029642718 ], [ -168.0607782096, -33.910755479 ], [ -168.0488576556, -34.018650368 ], [ -168.0368830371, -34.1266488799 ], [ -168.0248539865, -34.2347509547 ], [ -168.012770133, -34.3429565316 ], [ -168.0006311021, -34.4512655487 ], [ -167.9884365164, -34.5596779431 ], [ -167.9761859945, -34.6681936509 ], [ -167.9638791519, -34.7768126072 ], [ -167.9515156005, -34.8855347461 ], [ -167.9390949485, -34.9943600007 ], [ -167.9266168006, -35.1032883029 ], [ -167.9140807578, -35.2123195838 ], [ -167.9014864175, -35.3214537733 ], [ -167.8888333734, -35.4306908005 ], [ -167.8761212152, -35.5400305931 ], [ -167.863349529, -35.6494730781 ], [ -167.850517897, -35.7590181812 ], [ -167.8376258974, -35.8686658271 ], [ -167.8246731045, -35.9784159396 ], [ -167.8116590886, -36.0882684413 ], [ -167.7985834159, -36.1982232536 ], [ -167.7854456488, -36.3082802972 ], [ -167.772245345, -36.4184394913 ], [ -167.7589820586, -36.5287007543 ], [ -167.745655339, -36.6390640033 ], [ -167.7322647316, -36.7495291546 ], [ -167.7188097773, -36.8600961232 ], [ -167.7052900127, -36.9707648229 ], [ -167.6917049699, -37.0815351666 ], [ -167.6780541766, -37.192407066 ], [ -167.6643371557, -37.3033804317 ], [ -167.6505534257, -37.4144551732 ], [ -167.6367025005, -37.5256311987 ], [ -167.6227838891, -37.6369084156 ], [ -167.6087970957, -37.7482867298 ], [ -167.5947416199, -37.8597660463 ], [ -167.5806169561, -37.971346269 ], [ -167.5664225941, -38.0830273003 ], [ -167.5521580183, -38.1948090418 ], [ -167.5378227084, -38.3066913937 ], [ -167.5234161386, -38.4186742553 ], [ -167.5089377781, -38.5307575245 ], [ -167.4943870909, -38.6429410981 ], [ -167.4797635355, -38.7552248716 ], [ -167.4650665651, -38.8676087396 ], [ -167.4502956274, -38.9800925951 ], [ -167.4354501645, -39.0926763303 ], [ -167.4205296131, -39.205359836 ], [ -167.405533404, -39.3181430017 ], [ -167.3904609624, -39.4310257159 ], [ -167.3753117076, -39.5440078656 ], [ -167.360085053, -39.657089337 ], [ -167.3447804062, -39.7702700145 ], [ -167.3293971686, -39.8835497819 ], [ -167.3139347355, -39.9969285211 ], [ -167.2983924959, -40.1104061133 ], [ -167.2827698329, -40.2239824381 ], [ -167.2670661228, -40.337657374 ], [ -167.2512807357, -40.4514307981 ], [ -167.2354130352, -40.5653025865 ], [ -167.2194623781, -40.6792726136 ], [ -167.2034281148, -40.7933407529 ], [ -167.1873095887, -40.9075068765 ], [ -167.1711061363, -41.021770855 ], [ -167.1548170874, -41.1361325579 ], [ -167.1384417644, -41.2505918533 ], [ -167.121979483, -41.3651486081 ], [ -167.1054295513, -41.4798026878 ], [ -167.0887912702, -41.5945539566 ], [ -167.0720639331, -41.7094022772 ], [ -167.0552468262, -41.8243475111 ], [ -167.0383392275, -41.9393895185 ], [ -167.0213404079, -42.0545281583 ], [ -167.00424963, -42.1697632877 ], [ -166.9870661486, -42.2850947628 ], [ -166.9697892107, -42.4005224383 ], [ -166.9524180549, -42.5160461675 ], [ -166.9349519114, -42.6316658023 ], [ -166.9173900025, -42.7473811932 ], [ -166.8997315416, -42.8631921893 ], [ -166.8819757338, -42.9790986381 ], [ -166.8641217751, -43.0951003861 ], [ -166.8461688531, -43.211197278 ], [ -166.8281161461, -43.3273891573 ], [ -166.8099628236, -43.4436758658 ], [ -166.7917080457, -43.5600572441 ], [ -166.7733509632, -43.6765331312 ], [ -166.7548907176, -43.7931033647 ], [ -166.7363264405, -43.9097677806 ], [ -166.7176572541, -44.0265262137 ], [ -166.6988822705, -44.1433784971 ], [ -166.6800005919, -44.2603244623 ], [ -166.6610113104, -44.3773639395 ], [ -166.6419135078, -44.4944967574 ], [ -166.6227062553, -44.6117227429 ], [ -166.6033886138, -44.7290417217 ], [ -166.5839596333, -44.8464535178 ], [ -166.5644183529, -44.9639579536 ], [ -166.5447638008, -45.08155485 ], [ -166.5249949939, -45.1992440264 ], [ -166.5051109377, -45.3170253005 ], [ -166.4851106264, -45.4348984885 ], [ -166.4649930422, -45.552863405 ], [ -166.4447571558, -45.670919863 ], [ -166.4244019255, -45.7890676738 ], [ -166.4039262978, -45.9073066471 ], [ -166.3833292064, -46.0256365911 ], [ -166.3626095729, -46.1440573121 ], [ -166.3417663057, -46.2625686151 ], [ -166.3207983005, -46.3811703031 ], [ -166.29970444, -46.4998621775 ], [ -166.2784835932, -46.6186440382 ], [ -166.2571346161, -46.7375156833 ], [ -166.2356563505, -46.856476909 ], [ -166.2140476245, -46.97552751 ], [ -166.1923072521, -47.0946672793 ], [ -166.1704340329, -47.213896008 ], [ -166.1484267518, -47.3332134855 ], [ -166.1262841793, -47.4526194996 ], [ -166.1040050705, -47.5721138359 ], [ -166.0815881655, -47.6916962787 ], [ -166.0590321888, -47.8113666103 ], [ -166.0363358492, -47.931124611 ], [ -166.0134978398, -48.0509700595 ], [ -165.9905168371, -48.1709027327 ], [ -165.9673915015, -48.2909224054 ], [ -165.9441204766, -48.4110288508 ], [ -165.920702389, -48.53122184 ], [ -165.8971358482, -48.6515011424 ], [ -165.873419446, -48.7718665253 ], [ -165.8495517567, -48.8923177542 ], [ -165.8255313364, -49.0128545926 ], [ -165.801356723, -49.1334768022 ], [ -165.7770264355, -49.2541841425 ], [ -165.7525389743, -49.3749763712 ], [ -165.7278928205, -49.4958532438 ], [ -165.7030864357, -49.6168145141 ], [ -165.6781182615, -49.7378599336 ], [ -165.6529867197, -49.8589892519 ], [ -165.6276902113, -49.9802022164 ], [ -165.6022271166, -50.1014985726 ], [ -165.5765957948, -50.2228780637 ], [ -165.5507945836, -50.344340431 ], [ -165.5248217989, -50.4658854134 ], [ -165.4986757344, -50.587512748 ], [ -165.4723546611, -50.7092221694 ], [ -165.4458568272, -50.8310134102 ], [ -165.4191804577, -50.9528862008 ], [ -165.3923237537, -51.0748402693 ], [ -165.3652848923, -51.1968753415 ], [ -165.3380620262, -51.318991141 ], [ -165.3106532831, -51.4411873893 ], [ -165.2830567653, -51.5634638052 ], [ -165.2552705496, -51.6858201055 ], [ -165.2272926864, -51.8082560045 ], [ -165.1991211996, -51.9307712142 ], [ -165.170754086, -52.0533654441 ], [ -165.1421893149, -52.1760384014 ], [ -165.1134248275, -52.2987897907 ], [ -165.0844585366, -52.4216193143 ], [ -165.0552883259, -52.544526672 ], [ -165.0259120499, -52.6675115609 ], [ -164.9963275328, -52.7905736758 ], [ -164.9665325685, -52.9137127087 ], [ -164.9365249196, -53.0369283492 ], [ -164.9063023175, -53.1602202841 ], [ -164.8758624611, -53.2835881978 ], [ -164.8452030168, -53.4070317717 ], [ -164.8143216176, -53.5305506848 ], [ -164.7832158626, -53.6541446131 ], [ -164.7518833166, -53.77781323 ], [ -164.7203215092, -53.9015562061 ], [ -164.6885279342, -54.0253732091 ], [ -164.656500049, -54.1492639039 ], [ -164.6242352742, -54.2732279524 ], [ -164.5917309924, -54.3972650137 ], [ -164.5589845482, -54.5213747439 ], [ -164.5259932466, -54.6455567961 ], [ -164.4927543533, -54.7698108203 ], [ -164.4592650932, -54.8941364636 ], [ -164.42552265, -55.0185333697 ], [ -164.3915241652, -55.1430011796 ], [ -164.3572667378, -55.2675395306 ], [ -164.3227474229, -55.3921480573 ], [ -164.2879632312, -55.5168263906 ], [ -164.2529111282, -55.6415741583 ], [ -164.2175880333, -55.7663909849 ], [ -164.1819908189, -55.8912764913 ], [ -164.1461163094, -56.0162302953 ], [ -164.1099612806, -56.141252011 ], [ -164.0735224583, -56.2663412488 ], [ -164.0367965178, -56.391497616 ], [ -163.9997800828, -56.5167207158 ], [ -163.9624697242, -56.642010148 ], [ -163.9248619593, -56.7673655087 ], [ -163.8869532506, -56.89278639 ], [ -163.848740005, -57.0182723804 ], [ -163.8102185723, -57.1438230643 ], [ -163.7713852445, -57.2694380225 ], [ -163.7322362542, -57.3951168315 ], [ -163.6927677739, -57.5208590637 ], [ -163.6529759146, -57.6466642877 ], [ -163.6128567243, -57.7725320677 ], [ -163.5724061874, -57.8984619637 ], [ -163.5316202226, -58.0244535314 ], [ -163.4904946823, -58.1505063221 ], [ -163.4490253507, -58.2766198827 ], [ -163.407207943, -58.4027937557 ], [ -163.3650381032, -58.5290274788 ], [ -163.3225114035, -58.6553205852 ], [ -163.2796233422, -58.7816726034 ], [ -163.2363693424, -58.9080830569 ], [ -163.1927447505, -59.0345514645 ], [ -163.1487448346, -59.1610773401 ], [ -163.1043647825, -59.2876601923 ], [ -163.0595997006, -59.4142995248 ], [ -163.0144446119, -59.540994836 ], [ -162.968894454, -59.667745619 ], [ -162.9229440778, -59.7945513615 ], [ -162.8765882452, -59.9214115457 ], [ -162.8298216273, -60.0483256482 ], [ -162.7826388029, -60.1752931401 ], [ -162.7350342557, -60.3023134864 ], [ -162.687002373, -60.4293861464 ], [ -162.638537443, -60.5565105734 ], [ -162.5896336531, -60.6836862145 ], [ -162.5402850875, -60.8109125108 ], [ -162.4904857249, -60.9381888967 ], [ -162.4402294362, -61.0655148006 ], [ -162.3895099823, -61.1928896439 ], [ -162.338321011, -61.3203128416 ], [ -162.2866560556, -61.4477838016 ], [ -162.2345085311, -61.5753019252 ], [ -162.1818717325, -61.7028666063 ], [ -162.1287388314, -61.8304772316 ], [ -162.0751028737, -61.9581331806 ], [ -162.0209567764, -62.085833825 ], [ -161.9662933249, -62.2135785291 ], [ -161.9111051697, -62.3413666493 ], [ -161.8553848235, -62.4691975337 ], [ -161.7991246578, -62.5970705228 ], [ -161.7423168999, -62.7249849482 ], [ -161.6849536293, -62.8529401333 ], [ -161.6270267743, -62.9809353928 ], [ -161.5685281083, -63.1089700326 ], [ -161.5094492465, -63.2370433493 ], [ -161.4497816416, -63.3651546303 ], [ -161.3895165804, -63.4933031539 ], [ -161.3286451795, -63.6214881883 ], [ -161.2671583815, -63.7497089919 ], [ -161.2050469504, -63.8779648133 ], [ -161.1423014675, -64.0062548905 ], [ -161.078912327, -64.134578451 ], [ -161.0148697312, -64.2629347115 ], [ -160.950163686, -64.3913228777 ], [ -160.8847839957, -64.519742144 ], [ -160.8187202586, -64.6481916933 ], [ -160.7519618612, -64.7766706965 ], [ -160.6844979731, -64.9051783126 ], [ -160.6163175417, -65.033713688 ], [ -160.5474092867, -65.1622759565 ], [ -160.4777616937, -65.290864239 ], [ -160.407363009, -65.419477643 ], [ -160.3362012327, -65.5481152622 ], [ -160.2642641131, -65.6767761767 ], [ -160.1915391398, -65.805459452 ], [ -160.1180135368, -65.934164139 ], [ -160.0436742559, -66.0628892736 ], [ -159.9685079695, -66.1916338761 ], [ -159.8925010633, -66.3203969512 ], [ -159.8156396284, -66.4491774873 ], [ -159.7379094538, -66.5779744562 ], [ -159.6592960181, -66.7067868126 ], [ -159.5797844816, -66.8356134935 ], [ -159.4993596771, -66.9644534182 ], [ -159.4180061016, -67.0933054875 ], [ -159.3357079068, -67.2221685832 ], [ -159.2524488898, -67.3510415674 ], [ -159.1682124834, -67.4799232827 ], [ -159.0829817462, -67.6088125509 ], [ -158.9967393518, -67.7377081726 ], [ -158.9094675787, -67.8666089269 ], [ -158.8211482986, -67.9955135707 ], [ -158.7317629655, -68.1244208379 ], [ -158.6412926037, -68.2533294387 ], [ -158.5497177956, -68.3822380593 ], [ -158.4570186693, -68.5111453611 ], [ -158.3631748852, -68.6400499797 ], [ -158.2681656233, -68.7689505244 ], [ -158.1719695684, -68.8978455774 ], [ -158.0745648964, -69.0267336929 ], [ -157.9759292595, -69.1556133966 ], [ -157.8760397703, -69.2844831844 ], [ -157.7748729864, -69.413341522 ], [ -157.6724048942, -69.5421868433 ], [ -157.5686108911, -69.6710175503 ], [ -157.463465769, -69.7998320115 ], [ -157.3569436951, -69.9286285612 ], [ -157.2490181942, -70.0574054981 ], [ -157.1396621283, -70.1861610846 ], [ -157.0288476769, -70.3148935455 ], [ -156.9165463163, -70.4436010667 ], [ -156.8027287979, -70.5722817942 ], [ -156.6873651257, -70.7009338326 ], [ -156.5704245334, -70.8295552441 ], [ -156.4518754605, -70.9581440466 ], [ -156.3316855271, -71.0866982129 ], [ -156.2098215087, -71.2152156687 ], [ -156.0862493095, -71.3436942915 ], [ -155.9609339344, -71.4721319086 ], [ -155.8338394609, -71.6005262957 ], [ -155.7049290092, -71.7288751751 ], [ -155.5741647117, -71.8571762139 ], [ -155.4415076809, -71.9854270221 ], [ -155.3069179766, -72.1136251508 ], [ -155.1703545717, -72.24176809 ], [ -155.0317753167, -72.3698532666 ], [ -154.8911369028, -72.4978780421 ], [ -154.7483948236, -72.6258397106 ], [ -154.6035033362, -72.7537354959 ], [ -154.4564154193, -72.8815625497 ], [ -154.307082731, -73.0093179486 ], [ -154.1554555648, -73.1369986914 ], [ -154.0014828032, -73.2646016964 ], [ -153.8451118706, -73.3921237987 ], [ -153.686288684, -73.5195617468 ], [ -153.524957601, -73.6469121996 ], [ -153.3610613675, -73.7741717231 ], [ -153.194541062, -73.9013367871 ], [ -153.0253360387, -74.0284037611 ], [ -152.8533838674, -74.1553689114 ], [ -152.6786202725, -74.2822283962 ], [ -152.5009790685, -74.4089782623 ], [ -152.3203920937, -74.5356144406 ], [ -152.1367891409, -74.6621327412 ], [ -151.9500978864, -74.7885288496 ], [ -151.760243815, -74.9147983211 ], [ -151.5671501431, -75.040936576 ], [ -151.3707377389, -75.1669388943 ], [ -151.1709250388, -75.2928004102 ], [ -150.9676279618, -75.4185161062 ], [ -150.7607598198, -75.5440808071 ], [ -150.5502312245, -75.6694891736 ], [ -150.3359499922, -75.7947356956 ], [ -150.1178210429, -75.9198146855 ], [ -149.8957462981, -76.0447202707 ], [ -149.6696245726, -76.1694463862 ], [ -149.4393514643, -76.2939867666 ], [ -149.2048192388, -76.4183349374 ], [ -148.9659167107, -76.5424842069 ], [ -148.72252912, -76.6664276569 ], [ -148.4745380049, -76.7901581327 ], [ -148.2218210702, -76.9136682338 ], [ -147.9642520505, -77.0369503029 ], [ -147.7017005704, -77.1599964151 ], [ -147.4340319985, -77.2827983665 ], [ -147.1611072979, -77.4053476622 ], [ -146.8827828723, -77.5276355036 ], [ -146.5989104064, -77.6496527749 ], [ -146.3093367031, -77.7713900301 ], [ -146.0139035148, -77.8928374777 ], [ -145.7124473721, -78.013984966 ], [ -145.4047994061, -78.134821967 ], [ -145.0907851684, -78.25533756 ], [ -144.7702244464, -78.3755204139 ], [ -144.442931075, -78.4953587692 ], [ -144.108712745, -78.614840419 ], [ -143.7673708092, -78.7339526887 ], [ -143.4187000855, -78.8526824153 ], [ -143.0624886585, -78.9710159259 ], [ -142.6985176804, -79.0889390141 ], [ -142.3265611709, -79.2064369168 ], [ -141.9463858185, -79.3234942891 ], [ -141.5577507834, -79.440095178 ], [ -141.1604075034, -79.5562229956 ], [ -140.7540995045, -79.6718604904 ], [ -140.3385622175, -79.7869897181 ], [ -139.9135228031, -79.9015920105 ], [ -139.4786999868, -80.015647944 ], [ -139.0338039066, -80.1291373056 ], [ -138.5785359768, -80.2420390591 ], [ -138.1125887692, -80.3543313089 ], [ -137.6356459175, -80.4659912628 ], [ -137.1473820464, -80.5769951942 ], [ -136.6474627323, -80.6873184018 ], [ -136.1355444977, -80.7969351693 ], [ -135.611274847, -80.9058187235 ], [ -135.074292348, -81.013941191 ], [ -134.5242267667, -81.1212735548 ], [ -133.9606992617, -81.2277856088 ], [ -133.3833226466, -81.3334459128 ], [ -132.791701729, -81.4382217467 ], [ -132.1854337344, -81.5420790634 ], [ -131.5641088268, -81.6449824433 ], [ -130.9273107352, -81.7468950474 ], [ -130.274617498, -81.8477785723 ], [ -129.6056023383, -81.9475932054 ], [ -128.9198346817, -82.0462975817 ], [ -128.2168813315, -82.1438487429 ], [ -127.4963078149, -82.2402020985 ], [ -126.7576799137, -82.3353113904 ], [ -126.000565396, -82.4291286619 ], [ -125.2245359616, -82.5216042304 ], [ -124.4291694166, -82.6126866671 ], [ -123.6140520903, -82.7023227826 ], [ -122.7787815061, -82.7904576201 ], [ -121.9229693187, -82.8770344588 ], [ -121.0462445245, -82.9619948263 ], [ -120.1482569518, -83.0452785231 ], [ -119.2286810332, -83.1268236605 ], [ -118.2872198563, -83.2065667124 ], [ -117.3236094866, -83.2844425837 ], [ -116.3376235482, -83.360384696 ], [ -115.3290780403, -83.4343250922 ], [ -114.2978363613, -83.5061945622 ], [ -113.2438145019, -83.5759227904 ], [ -112.1669863582, -83.6434385257 ], [ -111.0673891071, -83.7086697768 ], [ -109.945128574, -83.7715440319 ], [ -108.8003845118, -83.8319885038 ], [ -107.6334157004, -83.8899304013 ], [ -106.444564764, -83.9452972252 ], [ -105.2342625974, -83.9980170891 ], [ -104.0030322824, -84.0480190635 ], [ -102.7514923727, -84.0952335404 ], [ -101.4803594231, -84.1395926167 ], [ -100.1904496424, -84.1810304924 ], [ -98.8826795525, -84.2194838802 ], [ -97.55806555, -84.2548924211 ], [ -96.2177222803, -84.2871991014 ], [ -94.8628597545, -84.3163506649 ], [ -93.494779165, -84.3422980147 ], [ -92.114867383, -84.3649965976 ], [ -90.7245901549, -84.3844067648 ], [ -89.3254840468, -84.4004941028 ], [ -87.9191472236, -84.4132297273 ], [ -86.5072291805, -84.4225905363 ], [ -85.091419581, -84.428559415 ], [ -83.6734363791, -84.4311253904 ], [ -82.2550134327, -84.4302837309 ], [ -80.8378878257, -84.4260359893 ], [ -79.4237871324, -84.4183899892 ], [ -78.0144168548, -84.407359753 ], [ -76.6114482607, -84.3929653753 ], [ -75.2165068353, -84.3752328429 ], [ -73.8311615395, -84.3541938053 ], [ -72.4569150421, -84.3298853011 ], [ -71.0951950613, -84.3023494448 ], [ -69.7473469193, -84.2716330808 ], [ -68.4146273774, -84.2377874094 ], [ -67.0981997843, -84.2008675939 ], [ -65.7991305383, -84.1609323522 ], [ -64.5183868328, -84.1180435419 ], [ -63.2568356265, -84.072265743 ], [ -62.0152437596, -84.0236658448 ], [ -60.7942791177, -83.9723126416 ], [ -59.5945127323, -83.9182764409 ], [ -58.4164216987, -83.8616286891 ], [ -57.2603927886, -83.802441617 ], [ -56.126726633, -83.7407879064 ], [ -55.0156423562, -83.6767403822 ], [ -53.9272825454, -83.6103717278 ], [ -52.8617184515, -83.5417542269 ], [ -51.8189553222, -83.4709595312 ], [ -50.7989377832, -83.3980584525 ], [ -49.8015551904, -83.3231207802 ], [ -48.8266468912, -83.2462151226 ], [ -47.8740073387, -83.16740877 ], [ -46.9433910178, -83.0867675802 ], [ -46.0345171487, -83.0043558829 ], [ -45.1470741419, -82.9202364029 ], [ -44.2807237881, -82.8344702002 ], [ -43.4351051723, -82.7471166249 ], [ -42.6098383068, -82.6582332868 ], [ -41.8045274822, -82.5678760362 ], [ -41.0187643427, -82.4760989567 ], [ -40.2521306899, -82.3829543668 ], [ -39.5042010272, -82.2884928305 ], [ -38.7745448553, -82.1927631751 ], [ -38.0627287318, -82.0958125146 ], [ -37.3683181089, -81.9976862791 ], [ -36.6908789648, -81.8984282485 ], [ -36.0299792407, -81.798080589 ], [ -35.3851901012, -81.6966838936 ], [ -34.7560870297, -81.5942772239 ], [ -34.1422507744, -81.4908981545 ], [ -33.5432681572, -81.3865828174 ], [ -32.9587327587, -81.2813659485 ], [ -32.3882454906, -81.1752809338 ], [ -31.8314150672, -81.0683598554 ], [ -31.2878583867, -80.9606335382 ], [ -30.7572008306, -80.8521315953 ], [ -30.2390764921, -80.7428824733 ], [ -29.7331283396, -80.6329134968 ], [ -29.2390083246, -80.5222509117 ], [ -28.7563774398, -80.4109199277 ], [ -28.2849057336, -80.2989447597 ], [ -27.8242722876, -80.1863486678 ], [ -27.3741651607, -80.0731539968 ], [ -26.9342813057, -79.9593822132 ], [ -26.5043264618, -79.8450539422 ], [ -26.0840150268, -79.7301890026 ], [ -25.6730699123, -79.6148064408 ], [ -25.2712223852, -79.4989245636 ], [ -24.8782118972, -79.3825609694 ], [ -24.4937859054, -79.2657325781 ], [ -24.1176996859, -79.1484556608 ], [ -23.7497161418, -79.0307458666 ], [ -23.3896056076, -78.9126182499 ], [ -23.0371456507, -78.7940872959 ], [ -22.6921208724, -78.6751669445 ], [ -22.354322708, -78.5558706139 ], [ -22.0235492277, -78.4362112232 ], [ -21.6996049395, -78.3162012135 ], [ -21.3823005928, -78.1958525684 ], [ -21.0714529865, -78.0751768332 ], [ -20.7668847783, -77.9541851342 ], [ -20.4684242986, -77.832888196 ], [ -20.1759053676, -77.7112963587 ], [ -19.8891671171, -77.5894195941 ], [ -19.6080538153, -77.4672675213 ], [ -19.3324146969, -77.3448494215 ], [ -19.0621037978, -77.2221742519 ], [ -18.7969797932, -77.0992506596 ], [ -18.5369058412, -76.9760869944 ], [ -18.2817494309, -76.8526913207 ], [ -18.031382235, -76.7290714298 ], [ -17.7856799662, -76.605234851 ], [ -17.5445222395, -76.481188862 ], [ -17.3077924378, -76.3569404995 ], [ -17.0753775823, -76.2324965687 ], [ -16.8471682073, -76.1078636528 ], [ -16.6230582388, -75.983048122 ], [ -16.402944878, -75.8580561417 ], [ -16.1867284876, -75.732893681 ], [ -15.9743124833, -75.60756652 ], [ -15.7656032284, -75.482080258 ], [ -15.5605099321, -75.3564403196 ], [ -15.3589445518, -75.2306519624 ], [ -15.1608216983, -75.1047202829 ], [ -14.966058545, -74.978650223 ], [ -14.7745747401, -74.8524465757 ], [ -14.5862923217, -74.726113991 ], [ -14.4011356366, -74.5996569813 ], [ -14.2190312614, -74.4730799264 ], [ -14.0399079269, -74.3463870787 ], [ -13.8636964451, -74.2195825677 ], [ -13.6903296388, -74.0926704049 ], [ -13.5197422741, -73.9656544878 ], [ -13.3518709946, -73.8385386044 ], [ -13.1866542592, -73.7113264369 ], [ -13.0240322809, -73.5840215659 ], [ -12.8639469688, -73.4566274735 ], [ -12.7063418718, -73.3291475475 ], [ -12.5511621242, -73.2015850843 ], [ -12.3983543937, -73.0739432922 ], [ -12.2478668311, -72.9462252947 ], [ -12.0996490217, -72.8184341333 ], [ -11.9536519384, -72.6905727705 ], [ -11.8098278973, -72.5626440923 ], [ -11.6681305136, -72.4346509111 ], [ -11.5285146601, -72.306595968 ], [ -11.390936427, -72.1784819352 ], [ -11.2553530826, -72.0503114188 ], [ -11.1217230365, -71.9220869604 ], [ -10.9900058025, -71.7938110396 ], [ -10.8601619648, -71.665486076 ], [ -10.7321531437, -71.537114431 ], [ -10.6059419633, -71.4086984102 ], [ -10.4814920205, -71.2802402645 ], [ -10.3587678545, -71.1517421927 ], [ -10.2377349178, -71.0232063423 ], [ -10.1183595483, -70.894634812 ], [ -10.0006089421, -70.7660296526 ], [ -9.8844511272, -70.6373928687 ], [ -9.7698549383, -70.5087264204 ], [ -9.6567899925, -70.3800322245 ], [ -9.5452266659, -70.2513121557 ], [ -9.4351360707, -70.1225680482 ], [ -9.326490033, -69.9938016967 ], [ -9.2192610721, -69.8650148577 ], [ -9.1134223799, -69.7362092506 ], [ -9.0089478008, -69.6073865591 ], [ -8.9058118129, -69.4785484319 ], [ -8.8039895093, -69.3496964838 ], [ -8.7034565807, -69.220832297 ], [ -8.6041892974, -69.0919574215 ], [ -8.5061644935, -68.9630733769 ], [ -8.4093595498, -68.8341816523 ], [ -8.3137523791, -68.7052837079 ], [ -8.2193214106, -68.5763809755 ], [ -8.1260455754, -68.4474748595 ], [ -8.0339042925, -68.3185667374 ], [ -7.9428774549, -68.1896579607 ], [ -7.8529454168, -68.060749856 ], [ -7.7640889802, -67.9318437249 ], [ -7.6762893834, -67.8029408454 ], [ -7.589528288, -67.6740424722 ], [ -7.5037877681, -67.5451498375 ], [ -7.4190502986, -67.4162641513 ], [ -7.3352987448, -67.2873866026 ], [ -7.2525163511, -67.1585183591 ], [ -7.1706867317, -67.0296605687 ], [ -7.0897938599, -66.9008143594 ], [ -7.0098220593, -66.7719808399 ], [ -6.9307559938, -66.6431611003 ], [ -6.852580659, -66.5143562125 ], [ -6.7752813735, -66.3855672306 ], [ -6.6988437702, -66.2567951915 ], [ -6.6232537883, -66.1280411151 ], [ -6.5484976656, -65.9993060049 ], [ -6.47456193, -65.8705908485 ], [ -6.401433393, -65.7418966177 ], [ -6.3290991417, -65.6132242693 ], [ -6.2575465322, -65.4845747451 ], [ -6.1867631825, -65.3559489723 ], [ -6.1167369663, -65.2273478641 ], [ -6.047456006, -65.0987723198 ], [ -5.9789086669, -64.9702232255 ], [ -5.9110835509, -64.8417014537 ], [ -5.8439694908, -64.7132078644 ], [ -5.7775555446, -64.5847433049 ], [ -5.7118309896, -64.4563086103 ], [ -5.6467853177, -64.3279046038 ], [ -5.5824082295, -64.1995320966 ], [ -5.5186896294, -64.071191889 ], [ -5.455619621, -63.9428847696 ], [ -5.393188502, -63.8146115164 ], [ -5.3313867595, -63.6863728966 ], [ -5.2702050656, -63.558169667 ], [ -5.2096342732, -63.4300025743 ], [ -5.1496654111, -63.3018723549 ], [ -5.0902896807, -63.1737797358 ], [ -5.0314984511, -63.0457254343 ], [ -4.9732832558, -62.9177101581 ], [ -4.9156357886, -62.7897346062 ], [ -4.8585478998, -62.6617994683 ], [ -4.802011593, -62.5339054254 ], [ -4.7460190209, -62.4060531499 ], [ -4.6905624825, -62.2782433059 ], [ -4.6356344196, -62.1504765492 ], [ -4.5812274132, -62.0227535273 ], [ -4.5273341809, -61.8950748802 ], [ -4.4739475735, -61.7674412398 ], [ -4.4210605718, -61.6398532304 ], [ -4.3686662844, -61.5123114692 ], [ -4.3167579441, -61.3848165656 ], [ -4.2653289055, -61.2573691222 ], [ -4.2143726424, -61.1299697345 ], [ -4.1638827449, -61.002618991 ], [ -4.1138529171, -60.8753174735 ], [ -4.0642769744, -60.7480657571 ], [ -4.0151488413, -60.6208644105 ], [ -3.9664625489, -60.4937139959 ], [ -3.9182122327, -60.3666150693 ], [ -3.87039213, -60.2395681805 ], [ -3.8229965783, -60.1125738732 ], [ -3.7760200129, -59.9856326853 ], [ -3.7294569646, -59.8587451486 ], [ -3.683302058, -59.7319117896 ], [ -3.6375500094, -59.6051331287 ], [ -3.5921956248, -59.478409681 ], [ -3.5472337982, -59.3517419562 ], [ -3.5026595096, -59.2251304584 ], [ -3.4584678234, -59.0985756868 ], [ -3.4146538864, -58.9720781351 ], [ -3.3712129263, -58.8456382921 ], [ -3.3281402501, -58.7192566415 ], [ -3.2854312422, -58.5929336622 ], [ -3.2430813631, -58.4666698281 ], [ -3.2010861478, -58.3404656085 ], [ -3.1594412041, -58.2143214679 ], [ -3.1181422114, -58.0882378663 ], [ -3.0771849191, -57.9622152589 ], [ -3.0365651453, -57.8362540967 ], [ -2.9962787753, -57.7103548262 ], [ -2.9563217604, -57.5845178896 ], [ -2.9166901166, -57.4587437247 ], [ -2.8773799231, -57.3330327652 ], [ -2.8383873215, -57.2073854407 ], [ -2.7997085141, -57.0818021766 ], [ -2.7613397631, -56.9562833943 ], [ -2.723277389, -56.8308295114 ], [ -2.6855177701, -56.7054409412 ], [ -2.6480573408, -56.5801180937 ], [ -2.6108925908, -56.4548613745 ], [ -2.574020064, -56.329671186 ], [ -2.5374363576, -56.2045479264 ], [ -2.5011381208, -56.0794919907 ], [ -2.465122054, -55.95450377 ], [ -2.4293849079, -55.8295836519 ], [ -2.3939234823, -55.7047320207 ], [ -2.3587346255, -55.579949257 ], [ -2.3238152332, -55.4552357381 ], [ -2.2891622476, -55.3305918378 ], [ -2.2547726567, -55.2060179269 ], [ -2.2206434932, -55.0815143725 ], [ -2.1867718341, -54.9570815388 ], [ -2.1531547994, -54.8327197866 ], [ -2.1197895515, -54.7084294735 ], [ -2.0866732947, -54.5842109543 ], [ -2.053803274, -54.4600645803 ], [ -2.0211767746, -54.3359907001 ], [ -1.9887911212, -54.2119896589 ], [ -1.9566436772, -54.0880617993 ], [ -1.9247318441, -53.9642074608 ], [ -1.8930530608, -53.84042698 ], [ -1.8616048027, -53.7167206905 ], [ -1.8303845814, -53.5930889233 ], [ -1.7993899439, -53.4695320063 ], [ -1.7686184721, -53.346050265 ], [ -1.7380677818, -53.2226440217 ], [ -1.7077355227, -53.0993135963 ], [ -1.6776193773, -52.976059306 ], [ -1.6477170606, -52.852881465 ], [ -1.6180263194, -52.7297803853 ], [ -1.5885449319, -52.6067563761 ], [ -1.5592707071, -52.4838097439 ], [ -1.5302014842, -52.3609407929 ], [ -1.5013351321, -52.2381498245 ], [ -1.472669549, -52.1154371378 ], [ -1.4442026617, -51.9928030293 ], [ -1.4159324255, -51.8702477932 ], [ -1.3878568233, -51.747771721 ], [ -1.3599738652, -51.6253751021 ], [ -1.3322815883, -51.5030582232 ], [ -1.3047780562, -51.380821369 ], [ -1.2774613583, -51.2586648215 ], [ -1.2503296095, -51.1365888606 ], [ -1.2233809498, -51.0145937639 ], [ -1.1966135442, -50.8926798067 ], [ -1.1700255815, -50.7708472618 ], [ -1.1436152748, -50.6490964002 ], [ -1.1173808605, -50.5274274904 ], [ -1.0913205981, -50.4058407987 ], [ -1.06543277, -50.2843365894 ], [ -1.0397156809, -50.1629151244 ], [ -1.0141676573, -50.0415766636 ], [ -0.9887870478, -49.9203214649 ], [ -0.9635722219, -49.7991497838 ], [ -0.9385215702, -49.6780618739 ], [ -0.9136335042, -49.5570579868 ], [ -0.8889064552, -49.4361383718 ], [ -0.864338875, -49.3153032764 ], [ -0.8399292347, -49.1945529459 ], [ -0.815676025, -49.0738876238 ], [ -0.7915777556, -48.9533075513 ], [ -0.7676329548, -48.8328129681 ], [ -0.7438401696, -48.7124041114 ], [ -0.720197965, -48.5920812167 ], [ -0.6967049241, -48.4718445178 ], [ -0.6733596474, -48.3516942462 ], [ -0.6501607529, -48.2316306316 ], [ -0.6271068757, -48.1116539021 ], [ -0.6041966676, -47.9917642835 ], [ -0.581428797, -47.8719619999 ], [ -0.5588019488, -47.7522472738 ], [ -0.5363148237, -47.6326203255 ], [ -0.5139661383, -47.5130813738 ], [ -0.4917546249, -47.3936306353 ], [ -0.4696790311, -47.2742683251 ], [ -0.4477381196, -47.1549946566 ], [ -0.4259306679, -47.0358098411 ], [ -0.4042554683, -46.9167140884 ], [ -0.3827113275, -46.7977076064 ], [ -0.3612970665, -46.6787906015 ], [ -0.3400115203, -46.559963278 ], [ -0.3188535376, -46.4412258387 ], [ -0.2978219808, -46.3225784848 ], [ -0.2769157259, -46.2040214157 ], [ -0.2561336619, -46.0855548291 ], [ -0.2354746908, -45.967178921 ], [ -0.2149377276, -45.8488938857 ], [ -0.1945216998, -45.7306999161 ], [ -0.1742255476, -45.6125972033 ], [ -0.1540482232, -45.4945859366 ], [ -0.1339886911, -45.3766663039 ], [ -0.1140459278, -45.2588384916 ], [ -0.0942189213, -45.1411026841 ], [ -0.0745066714, -45.0234590645 ], [ -0.0549081894, -44.9059078144 ], [ -0.0354224977, -44.7884491136 ], [ -0.0160486299, -44.6710831403 ], [ 0.0032143695, -44.5538100715 ], [ 0.022367445, -44.4366300823 ], [ 0.0414115308, -44.3195433463 ], [ 0.0603475502, -44.2025500358 ], [ 0.0791764164, -44.0856503214 ], [ 0.0978990324, -43.9688443723 ], [ 0.1165162909, -43.852132356 ], [ 0.135029075, -43.7355144387 ], [ 0.1534382577, -43.618990785 ], [ 0.1717447025, -43.5025615581 ], [ 0.1899492633, -43.3862269197 ], [ 0.2080527847, -43.2699870301 ], [ 0.226056102, -43.1538420479 ], [ 0.2439600413, -43.0377921307 ], [ 0.2617654197, -42.9218374341 ], [ 0.2794730454, -42.8059781128 ], [ 0.2970837178, -42.6902143198 ], [ 0.3145982278, -42.5745462066 ], [ 0.3320173577, -42.4589739235 ], [ 0.3493418811, -42.3434976194 ], [ 0.3665725637, -42.2281174415 ], [ 0.3837101627, -42.112833536 ], [ 0.4007554273, -41.9976460476 ], [ 0.4177090988, -41.8825551194 ], [ 0.4345719106, -41.7675608934 ], [ 0.451344588, -41.6526635101 ], [ 0.4680278492, -41.5378631088 ], [ 0.4846224044, -41.4231598272 ], [ 0.5011289564, -41.308553802 ], [ 0.5175482007, -41.1940451682 ], [ 0.5338808254, -41.0796340598 ], [ 0.5501275117, -40.9653206092 ], [ 0.5662889334, -40.8511049476 ], [ 0.5823657574, -40.736987205 ], [ 0.5983586438, -40.62296751 ], [ 0.6142682456, -40.5090459899 ], [ 0.6300952093, -40.3952227706 ], [ 0.6458401749, -40.281497977 ], [ 0.6615037753, -40.1678717325 ], [ 0.6770866375, -40.0543441593 ], [ 0.6925893818, -39.9409153782 ], [ 0.7080126222, -39.8275855091 ], [ 0.7233569665, -39.7143546702 ], [ 0.7386230165, -39.6012229787 ], [ 0.7538113675, -39.4881905506 ], [ 0.7689226093, -39.3752575006 ], [ 0.7839573255, -39.262423942 ], [ 0.7989160937, -39.1496899872 ], [ 0.8137994861, -39.0370557471 ], [ 0.828608069, -38.9245213315 ], [ 0.8433424029, -38.8120868491 ], [ 0.858003043, -38.6997524072 ], [ 0.8725905389, -38.587518112 ], [ 0.8871054346, -38.4753840684 ], [ 0.9015482691, -38.3633503804 ], [ 0.9159195757, -38.2514171505 ], [ 0.9302198828, -38.1395844802 ], [ 0.9444497134, -38.0278524698 ], [ 0.9586095855, -37.9162212183 ], [ 0.972700012, -37.8046908238 ], [ 0.9867215009, -37.693261383 ], [ 1.0006745551, -37.5819329917 ], [ 1.0145596729, -37.4707057442 ], [ 1.0283773475, -37.3595797341 ], [ 1.0421280676, -37.2485550534 ], [ 1.055812317, -37.1376317934 ], [ 1.0694305751, -37.0268100439 ], [ 1.0829833165, -36.9160898939 ], [ 1.0964710113, -36.8054714311 ], [ 1.1098941253, -36.6949547421 ], [ 1.1232531197, -36.5845399125 ], [ 1.1365484514, -36.4742270267 ], [ 1.149780573, -36.3640161679 ], [ 1.1629499328, -36.2539074186 ], [ 1.1760569748, -36.1439008597 ], [ 1.1891021391, -36.0339965715 ], [ 1.2020858614, -35.9241946328 ], [ 1.2150085734, -35.8144951217 ], [ 1.2278707029, -35.7048981149 ], [ 1.2406726736, -35.5954036883 ], [ 1.2534149054, -35.4860119166 ], [ 1.266097814, -35.3767228735 ], [ 1.2787218117, -35.2675366317 ], [ 1.2912873068, -35.1584532626 ], [ 1.3037947036, -35.0494728369 ], [ 1.3162444031, -34.9405954242 ], [ 1.3286368025, -34.8318210928 ], [ 1.3409722952, -34.7231499102 ], [ 1.3532512712, -34.6145819429 ], [ 1.3654741168, -34.5061172563 ], [ 1.3776412151, -34.3977559147 ], [ 1.3897529454, -34.2894979817 ], [ 1.4018096837, -34.1813435196 ], [ 1.4138118027, -34.0732925897 ], [ 1.4257596716, -33.9653452525 ], [ 1.4376536564, -33.8575015674 ], [ 1.4494941197, -33.7497615928 ], [ 1.461281421, -33.6421253862 ], [ 1.4730159166, -33.5345930039 ], [ 1.4846979595, -33.4271645015 ], [ 1.4963278996, -33.3198399335 ], [ 1.5079060839, -33.2126193534 ], [ 1.519432856, -33.1055028139 ], [ 1.5309085568, -32.9984903665 ], [ 1.542333524, -32.8915820619 ], [ 1.5537080924, -32.7847779499 ], [ 1.5650325938, -32.6780780792 ], [ 1.5763073572, -32.5714824976 ], [ 1.5875327087, -32.4649912522 ], [ 1.5987089716, -32.3586043887 ], [ 1.6098364663, -32.2523219524 ], [ 1.6209155105, -32.1461439872 ], [ 1.6319464191, -32.0400705364 ], [ 1.6429295043, -31.9341016422 ], [ 1.6538650757, -31.8282373461 ], [ 1.6647534401, -31.7224776884 ], [ 1.6755949018, -31.6168227088 ], [ 1.6863897623, -31.5112724459 ], [ 1.6971383208, -31.4058269374 ], [ 1.7078408738, -31.3004862202 ], [ 1.7184977152, -31.1952503302 ], [ 1.7291091366, -31.0901193026 ], [ 1.739675427, -30.9850931716 ], [ 1.750196873, -30.8801719704 ], [ 1.7606737587, -30.7753557316 ], [ 1.771106366, -30.6706444868 ], [ 1.7814949742, -30.5660382665 ], [ 1.7918398605, -30.4615371008 ], [ 1.8021412997, -30.3571410186 ], [ 1.8123995641, -30.252850048 ], [ 1.822614924, -30.1486642164 ], [ 1.8327876473, -30.0445835501 ], [ 1.8429179999, -29.9406080749 ], [ 1.8530062452, -29.8367378155 ], [ 1.8630526446, -29.7329727958 ], [ 1.8730574573, -29.6293130388 ], [ 1.8830209404, -29.525758567 ], [ 1.8929433488, -29.4223094017 ], [ 1.9028249355, -29.3189655636 ], [ 1.9126659513, -29.2157270724 ], [ 1.9224666449, -29.1125939473 ], [ 1.9322272631, -29.0095662063 ], [ 1.9419480506, -28.9066438668 ], [ 1.9516292502, -28.8038269455 ], [ 1.9612711026, -28.7011154582 ], [ 1.9708738467, -28.5985094198 ], [ 1.9804377195, -28.4960088445 ], [ 1.9899629559, -28.3936137458 ], [ 1.9994497892, -28.2913241362 ], [ 2.0088984504, -28.1891400277 ], [ 2.0183091691, -28.0870614312 ], [ 2.0276821729, -27.9850883572 ], [ 2.0370176875, -27.8832208152 ], [ 2.0463159369, -27.7814588138 ], [ 2.0555771432, -27.6798023612 ], [ 2.064801527, -27.5782514646 ], [ 2.0739893069, -27.4768061304 ], [ 2.0831407, -27.3754663645 ], [ 2.0922559213, -27.2742321717 ], [ 2.1013351847, -27.1731035564 ], [ 2.1103787019, -27.0720805221 ], [ 2.1193866832, -26.9711630716 ], [ 2.1283593371, -26.8703512068 ], [ 2.1372968708, -26.7696449291 ], [ 2.1461994894, -26.6690442391 ], [ 2.1550673969, -26.5685491367 ], [ 2.1639007953, -26.4681596209 ], [ 2.1726998854, -26.3678756902 ], [ 2.1814648662, -26.2676973424 ], [ 2.1901959352, -26.1676245744 ], [ 2.1988932884, -26.0676573825 ], [ 2.2075571204, -25.9677957623 ], [ 2.2161876243, -25.8680397088 ], [ 2.2247849915, -25.768389216 ], [ 2.2333494122, -25.6688442776 ], [ 2.2418810749, -25.5694048863 ], [ 2.250380167, -25.4700710343 ], [ 2.2588468741, -25.370842713 ], [ 2.2672813807, -25.2717199131 ], [ 2.2756838698, -25.1727026249 ], [ 2.2840545229, -25.0737908377 ], [ 2.2923935203, -24.9749845403 ], [ 2.3007010409, -24.8762837207 ], [ 2.3089772622, -24.7776883664 ], [ 2.3172223604, -24.6791984642 ], [ 2.3254365105, -24.5808140001 ], [ 2.3336198859, -24.4825349597 ], [ 2.341772659, -24.3843613277 ], [ 2.3498950008, -24.2862930883 ], [ 2.3579870811, -24.1883302251 ], [ 2.3660490683, -24.0904727208 ], [ 2.3740811296, -23.9927205579 ], [ 2.3820834311, -23.8950737178 ], [ 2.3900561376, -23.7975321816 ], [ 2.3979994125, -23.7000959297 ], [ 2.4059134184, -23.6027649417 ], [ 2.4137983162, -23.5055391968 ], [ 2.4216542662, -23.4084186735 ], [ 2.429481427, -23.3114033497 ], [ 2.4372799564, -23.2144932026 ], [ 2.4450500109, -23.117688209 ], [ 2.4527917458, -23.0209883449 ], [ 2.4605053155, -22.9243935857 ], [ 2.468190873, -22.8279039064 ], [ 2.4758485705, -22.7315192812 ], [ 2.4834785588, -22.6352396838 ], [ 2.4910809878, -22.5390650872 ], [ 2.4986560063, -22.4429954641 ], [ 2.506203762, -22.3470307862 ], [ 2.5137244016, -22.2511710251 ], [ 2.5212180706, -22.1554161514 ], [ 2.5286849137, -22.0597661354 ], [ 2.5361250744, -21.9642209466 ], [ 2.5435386951, -21.8687805542 ], [ 2.5509259175, -21.7734449266 ], [ 2.5582868819, -21.6782140318 ], [ 2.565621728, -21.5830878372 ], [ 2.5729305942, -21.4880663096 ], [ 2.580213618, -21.3931494153 ], [ 2.5874709362, -21.29833712 ], [ 2.5947026842, -21.2036293889 ], [ 2.6019089968, -21.1090261867 ], [ 2.6090900077, -21.0145274774 ], [ 2.6162458497, -20.9201332246 ], [ 2.6233766547, -20.8258433914 ], [ 2.6304825536, -20.7316579402 ], [ 2.6375636764, -20.637576833 ], [ 2.6446201523, -20.5436000314 ], [ 2.6516521095, -20.4497274961 ], [ 2.6586596754, -20.3559591877 ], [ 2.6656429765, -20.262295066 ], [ 2.6726021384, -20.1687350905 ], [ 2.6795372858, -20.0752792199 ], [ 2.6864485426, -19.9819274126 ], [ 2.6933360318, -19.8886796266 ], [ 2.7001998757, -19.7955358192 ], [ 2.7070401956, -19.7024959473 ], [ 2.713857112, -19.6095599671 ], [ 2.7206507447, -19.5167278347 ], [ 2.7274212125, -19.4239995054 ], [ 2.7341686335, -19.331374934 ], [ 2.740893125, -19.2388540751 ], [ 2.7475948036, -19.1464368825 ], [ 2.7542737849, -19.0541233098 ], [ 2.7609301839, -18.9619133098 ], [ 2.7675641147, -18.8698068352 ], [ 2.7741756907, -18.7778038379 ], [ 2.7807650246, -18.6859042695 ], [ 2.7873322281, -18.5941080812 ], [ 2.7938774126, -18.5024152235 ], [ 2.8004006882, -18.4108256468 ], [ 2.8069021647, -18.3193393007 ], [ 2.8133819511, -18.2279561344 ], [ 2.8198401554, -18.1366760969 ], [ 2.8262768853, -18.0454991366 ], [ 2.8326922474, -17.9544252013 ], [ 2.8390863478, -17.8634542386 ], [ 2.8454592919, -17.7725861954 ], [ 2.8518111843, -17.6818210186 ], [ 2.8581421291, -17.5911586542 ], [ 2.8644522296, -17.5005990479 ], [ 2.8707415882, -17.4101421452 ], [ 2.8770103071, -17.319787891 ], [ 2.8832584875, -17.2295362296 ], [ 2.88948623, -17.1393871052 ], [ 2.8956936346, -17.0493404614 ], [ 2.9018808006, -16.9593962415 ], [ 2.9080478267, -16.8695543882 ], [ 2.9141948109, -16.779814844 ], [ 2.9203218506, -16.6901775508 ], [ 2.9264290426, -16.6006424503 ], [ 2.932516483, -16.5112094836 ], [ 2.9385842674, -16.4218785916 ], [ 2.9446324906, -16.3326497146 ], [ 2.950661247, -16.2435227926 ], [ 2.9566706303, -16.1544977652 ], [ 2.9626607336, -16.0655745717 ], [ 2.9686316494, -15.9767531508 ], [ 2.9745834696, -15.8880334411 ], [ 2.9805162855, -15.7994153806 ], [ 2.9864301879, -15.710898907 ], [ 2.9923252669, -15.6224839575 ], [ 2.9982016122, -15.5341704692 ], [ 3.0040593128, -15.4459583786 ], [ 3.0098984571, -15.3578476219 ], [ 3.0157191331, -15.2698381349 ], [ 3.0215214282, -15.181929853 ], [ 3.0273054291, -15.0941227115 ], [ 3.0330712221, -15.006416645 ], [ 3.038818893, -14.9188115879 ], [ 3.0445485269, -14.8313074743 ], [ 3.0502602085, -14.7439042377 ], [ 3.0559540219, -14.6566018117 ], [ 3.0616300507, -14.5694001291 ], [ 3.0672883781, -14.4822991226 ], [ 3.0729290865, -14.3952987245 ], [ 3.078552258, -14.3083988667 ], [ 3.0841579742, -14.2215994809 ], [ 3.0897463162, -14.1349004984 ], [ 3.0953173644, -14.04830185 ], [ 3.1008711989, -13.9618034665 ], [ 3.1064078992, -13.8754052781 ], [ 3.1119275445, -13.7891072149 ], [ 3.1174302134, -13.7029092063 ], [ 3.1229159838, -13.6168111819 ], [ 3.1283849335, -13.5308130705 ], [ 3.1338371395, -13.4449148008 ], [ 3.1392726786, -13.3591163013 ], [ 3.144691627, -13.2734175001 ], [ 3.1500940604, -13.1878183248 ], [ 3.1554800541, -13.1023187029 ], [ 3.1608496829, -13.0169185615 ], [ 3.1662030212, -12.9316178276 ], [ 3.171540143, -12.8464164276 ], [ 3.1768611217, -12.7613142878 ], [ 3.1821660303, -12.6763113341 ], [ 3.1874549415, -12.5914074922 ], [ 3.1927279275, -12.5066026875 ], [ 3.1979850599, -12.4218968449 ], [ 3.20322641, -12.3372898894 ], [ 3.2084520488, -12.2527817454 ], [ 3.2136620467, -12.1683723371 ], [ 3.2188564736, -12.0840615885 ], [ 3.2240353993, -11.9998494233 ], [ 3.229198893, -11.9157357647 ], [ 3.2343470233, -11.831720536 ], [ 3.2394798588, -11.7478036599 ], [ 3.2445974674, -11.663985059 ], [ 3.2496999166, -11.5802646557 ], [ 3.2547872736, -11.496642372 ], [ 3.2598596053, -11.4131181296 ], [ 3.2649169779, -11.3296918501 ], [ 3.2699594576, -11.2463634547 ], [ 3.2749871099, -11.1631328644 ], [ 3.28, -11.08 ], [ 3.3641523595, -11.085104627 ], [ 3.4483197205, -11.0900875149 ], [ 3.5325017238, -11.0949486053 ], [ 3.6166980096, -11.0996878416 ], [ 3.7009082178, -11.1043051684 ], [ 3.7851319879, -11.1088005317 ], [ 3.8693689592, -11.1131738789 ], [ 3.9536187706, -11.1174251591 ], [ 4.0378810604, -11.1215543223 ], [ 4.1221554671, -11.1255613204 ], [ 4.2064416283, -11.1294461063 ], [ 4.2907391818, -11.1332086348 ], [ 4.3750477648, -11.1368488616 ], [ 4.4593670144, -11.1403667443 ], [ 4.5436965672, -11.1437622415 ], [ 4.6280360597, -11.1470353134 ], [ 4.7123851281, -11.1501859219 ], [ 4.7967434084, -11.1532140298 ], [ 4.8811105363, -11.1561196018 ], [ 4.9654861472, -11.1589026037 ], [ 5.0498698765, -11.1615630029 ], [ 5.1342613591, -11.1641007682 ], [ 5.21866023, -11.1665158698 ], [ 5.3030661238, -11.1688082794 ], [ 5.387478675, -11.1709779701 ], [ 5.4718975178, -11.1730249165 ], [ 5.5563222865, -11.1749490944 ], [ 5.6407526149, -11.1767504814 ], [ 5.725188137, -11.1784290562 ], [ 5.8096284865, -11.1799847992 ], [ 5.8940732969, -11.1814176921 ], [ 5.9785222016, -11.182727718 ], [ 6.0629748342, -11.1839148616 ], [ 6.1474308277, -11.1849791089 ], [ 6.2318898154, -11.1859204474 ], [ 6.3163514303, -11.1867388661 ], [ 6.4008153056, -11.1874343553 ], [ 6.4852810741, -11.1880069069 ], [ 6.5697483688, -11.1884565141 ], [ 6.6542168226, -11.1887831717 ], [ 6.7386860683, -11.1889868758 ], [ 6.8231557387, -11.1890676241 ], [ 6.9076254666, -11.1890254155 ], [ 6.9920948849, -11.1888602506 ], [ 7.0765636264, -11.1885721313 ], [ 7.1610313239, -11.188161061 ], [ 7.2454976103, -11.1876270446 ], [ 7.3299621185, -11.1869700883 ], [ 7.4144244815, -11.1861901998 ], [ 7.4988843321, -11.1852873882 ], [ 7.5833413036, -11.1842616643 ], [ 7.6677950291, -11.18311304 ], [ 7.7522451417, -11.1818415289 ], [ 7.8366912749, -11.1804471458 ], [ 7.921133062, -11.1789299072 ], [ 8.0055701366, -11.1772898309 ], [ 8.0900021324, -11.1755269361 ], [ 8.1744286831, -11.1736412435 ], [ 8.2588494227, -11.1716327753 ], [ 8.3432639853, -11.169501555 ], [ 8.4276720051, -11.1672476077 ], [ 8.5120731166, -11.1648709598 ], [ 8.5964669543, -11.1623716392 ], [ 8.6808531531, -11.1597496752 ], [ 8.7652313479, -11.1570050985 ], [ 8.849601174, -11.1541379415 ], [ 8.9339622667, -11.1511482376 ], [ 9.0183142617, -11.1480360219 ], [ 9.1026567948, -11.144801331 ], [ 9.1869895022, -11.1414442027 ], [ 9.2713120203, -11.1379646763 ], [ 9.3556239858, -11.1343627926 ], [ 9.4399250354, -11.1306385938 ], [ 9.5242148065, -11.1267921235 ], [ 9.6084929365, -11.1228234268 ], [ 9.6927590632, -11.11873255 ], [ 9.7770128247, -11.114519541 ], [ 9.8612538595, -11.1101844492 ], [ 9.9454818062, -11.1057273251 ], [ 10.0296963041, -11.101148221 ], [ 10.1138969925, -11.0964471902 ], [ 10.1980835112, -11.0916242878 ], [ 10.2822555004, -11.0866795701 ], [ 10.3664126006, -11.0816130948 ], [ 10.4505544528, -11.076424921 ], [ 10.5346806983, -11.0711151093 ], [ 10.6187909787, -11.0656837216 ], [ 10.7028849363, -11.0601308213 ], [ 10.7869622135, -11.054456473 ], [ 10.8710224534, -11.048660743 ], [ 10.9550652993, -11.0427436986 ], [ 11.0390903951, -11.0367054088 ], [ 11.1230973852, -11.030545944 ], [ 11.2070859143, -11.0242653756 ], [ 11.2910556277, -11.0178637769 ], [ 11.3750061711, -11.0113412221 ], [ 11.4589371908, -11.0046977872 ], [ 11.5428483334, -10.9979335492 ], [ 11.6267392463, -10.9910485867 ], [ 11.7106095771, -10.9840429796 ], [ 11.7944589742, -10.9769168092 ], [ 11.8782870863, -10.9696701581 ], [ 11.9620935629, -10.9623031103 ], [ 12.0458780539, -10.9548157511 ], [ 12.1296402096, -10.9472081672 ], [ 12.2133796812, -10.9394804467 ], [ 12.2970961202, -10.9316326789 ], [ 12.3807891789, -10.9236649546 ], [ 12.4644585101, -10.9155773659 ], [ 12.548103767, -10.9073700061 ], [ 12.6317246039, -10.8990429701 ], [ 12.7153206752, -10.8905963538 ], [ 12.7988916362, -10.8820302547 ], [ 12.8824371428, -10.8733447716 ], [ 12.9659568516, -10.8645400044 ], [ 13.0494504196, -10.8556160545 ], [ 13.1329175048, -10.8465730246 ], [ 13.2163577656, -10.8374110188 ], [ 13.2997708613, -10.8281301422 ], [ 13.3831564516, -10.8187305014 ], [ 13.4665141971, -10.8092122045 ], [ 13.5498437591, -10.7995753605 ], [ 13.6331447995, -10.78982008 ], [ 13.716416981, -10.7799464747 ], [ 13.799659967, -10.7699546576 ], [ 13.8828734215, -10.7598447432 ], [ 13.9660570095, -10.749616847 ], [ 14.0492103966, -10.739271086 ], [ 14.132333249, -10.7288075782 ], [ 14.2154252339, -10.7182264431 ], [ 14.2984860192, -10.7075278013 ], [ 14.3815152735, -10.6967117749 ], [ 14.4645126663, -10.685778487 ], [ 14.5474778678, -10.6747280621 ], [ 14.6304105489, -10.6635606257 ], [ 14.7133103815, -10.652276305 ], [ 14.7961770382, -10.6408752279 ], [ 14.8790101926, -10.6293575239 ], [ 14.9618095187, -10.6177233237 ], [ 15.0445746918, -10.6059727591 ], [ 15.1273053878, -10.594105963 ], [ 15.2100012834, -10.5821230699 ], [ 15.2926620563, -10.5700242152 ], [ 15.3752873851, -10.5578095355 ], [ 15.4578769489, -10.5454791689 ], [ 15.5404304281, -10.5330332543 ], [ 15.6229475039, -10.520471932 ], [ 15.7054278581, -10.5077953436 ], [ 15.7878711736, -10.4950036316 ], [ 15.8702771343, -10.4820969399 ], [ 15.9526454249, -10.4690754134 ], [ 16.0349757309, -10.4559391985 ], [ 16.1172677388, -10.4426884423 ], [ 16.1995211362, -10.4293232934 ], [ 16.2817356113, -10.4158439014 ], [ 16.3639108535, -10.4022504171 ], [ 16.446046553, -10.3885429924 ], [ 16.528142401, -10.3747217805 ], [ 16.6101980897, -10.3607869355 ], [ 16.6922133122, -10.3467386128 ], [ 16.7741877625, -10.3325769688 ], [ 16.8561211358, -10.3183021611 ], [ 16.9380131279, -10.3039143484 ], [ 17.0198634361, -10.2894136906 ], [ 17.1016717581, -10.2748003484 ], [ 17.1834377931, -10.260074484 ], [ 17.265161241, -10.2452362604 ], [ 17.3468418029, -10.2302858418 ], [ 17.4284791807, -10.2152233935 ], [ 17.5100730774, -10.2000490818 ], [ 17.5916231972, -10.1847630742 ], [ 17.673129245, -10.1693655391 ], [ 17.7545909271, -10.1538566461 ], [ 17.8360079504, -10.1382365658 ], [ 17.9173800233, -10.1225054699 ], [ 17.998706855, -10.106663531 ], [ 18.0799881557, -10.0907109228 ], [ 18.1612236367, -10.0746478203 ], [ 18.2424130106, -10.0584743991 ], [ 18.3235559907, -10.0421908361 ], [ 18.4046522917, -10.0257973092 ], [ 18.485701629, -10.0092939972 ], [ 18.5667037195, -9.9926810799 ], [ 18.6476582809, -9.9759587383 ], [ 18.7285650322, -9.9591271542 ], [ 18.8094236931, -9.9421865104 ], [ 18.890233985, -9.9251369908 ], [ 18.9709956298, -9.9079787803 ], [ 19.051708351, -9.8907120645 ], [ 19.1323718728, -9.8733370302 ], [ 19.2129859209, -9.8558538653 ], [ 19.2935502217, -9.8382627583 ], [ 19.3740645032, -9.8205638988 ], [ 19.4545284941, -9.8027574775 ], [ 19.5349419246, -9.7848436858 ], [ 19.6153045257, -9.7668227161 ], [ 19.6956160297, -9.748694762 ], [ 19.77587617, -9.7304600175 ], [ 19.8560846813, -9.712118678 ], [ 19.9362412993, -9.6936709395 ], [ 20.0163457609, -9.675116999 ], [ 20.096397804, -9.6564570546 ], [ 20.176397168, -9.6376913049 ], [ 20.2563435931, -9.6188199496 ], [ 20.336236821, -9.5998431893 ], [ 20.4160765943, -9.5807612255 ], [ 20.4958626569, -9.5615742605 ], [ 20.5755947539, -9.5422824974 ], [ 20.6552726315, -9.5228861403 ], [ 20.7348960371, -9.503385394 ], [ 20.8144647195, -9.4837804643 ], [ 20.8939784282, -9.4640715577 ], [ 20.9734369145, -9.4442588815 ], [ 21.0528399303, -9.4243426441 ], [ 21.1321872293, -9.4043230544 ], [ 21.2114785658, -9.3842003223 ], [ 21.2907136958, -9.3639746585 ], [ 21.3698923761, -9.3436462743 ], [ 21.4490143651, -9.3232153821 ], [ 21.5280794222, -9.3026821948 ], [ 21.6070873079, -9.2820469263 ], [ 21.6860377842, -9.2613097913 ], [ 21.7649306141, -9.2404710049 ], [ 21.8437655618, -9.2195307835 ], [ 21.9225423929, -9.1984893438 ], [ 22.0012608742, -9.1773469035 ], [ 22.0799207735, -9.156103681 ], [ 22.1585218601, -9.1347598954 ], [ 22.2370639044, -9.1133157666 ], [ 22.315546678, -9.0917715152 ], [ 22.3939699538, -9.0701273624 ], [ 22.472333506, -9.0483835303 ], [ 22.5506371099, -9.0265402416 ], [ 22.6288805421, -9.0045977198 ], [ 22.7070635804, -8.9825561889 ], [ 22.785186004, -8.9604158738 ], [ 22.8632475931, -8.9381769999 ], [ 22.9412481294, -8.9158397936 ], [ 23.0191873955, -8.8934044815 ], [ 23.0970651757, -8.8708712913 ], [ 23.1748812552, -8.848240451 ], [ 23.2526354206, -8.8255121896 ], [ 23.3303274597, -8.8026867364 ], [ 23.4079571615, -8.7797643216 ], [ 23.4855243164, -8.756745176 ], [ 23.5630287161, -8.7336295309 ], [ 23.6404701532, -8.7104176183 ], [ 23.7178484219, -8.6871096708 ], [ 23.7951633176, -8.6637059216 ], [ 23.8724146368, -8.6402066045 ], [ 23.9496021775, -8.616611954 ], [ 24.0267257386, -8.5929222051 ], [ 24.1037851208, -8.5691375933 ], [ 24.1807801255, -8.5452583549 ], [ 24.2577105556, -8.5212847265 ], [ 24.3345762155, -8.4972169454 ], [ 24.4113769104, -8.4730552496 ], [ 24.4881124471, -8.4487998774 ], [ 24.5647826335, -8.4244510677 ], [ 24.6413872789, -8.4000090602 ], [ 24.7179261938, -8.3754740948 ], [ 24.7943991898, -8.3508464121 ], [ 24.87080608, -8.3261262532 ], [ 24.9471466787, -8.3013138596 ], [ 25.0234208014, -8.2764094735 ], [ 25.0996282649, -8.2514133375 ], [ 25.1757688873, -8.2263256948 ], [ 25.2518424879, -8.2011467888 ], [ 25.3278488873, -8.1758768637 ], [ 25.4037879073, -8.150516164 ], [ 25.4796593711, -8.1250649349 ], [ 25.555463103, -8.0995234217 ], [ 25.6311989288, -8.0738918705 ], [ 25.7068666752, -8.0481705276 ], [ 25.7824661704, -8.0223596399 ], [ 25.857997244, -7.9964594548 ], [ 25.9334597265, -7.97047022 ], [ 26.0088534499, -7.9443921836 ], [ 26.0841782474, -7.9182255942 ], [ 26.1594339534, -7.8919707008 ], [ 26.2346204038, -7.8656277529 ], [ 26.3097374353, -7.8391970003 ], [ 26.3847848864, -7.8126786932 ], [ 26.4597625964, -7.7860730822 ], [ 26.5346704061, -7.7593804184 ], [ 26.6095081575, -7.732600953 ], [ 26.6842756939, -7.705734938 ], [ 26.7589728596, -7.6787826253 ], [ 26.8335995005, -7.6517442676 ], [ 26.9081554636, -7.6246201176 ], [ 26.982640597, -7.5974104285 ], [ 27.0570547503, -7.5701154539 ], [ 27.1313977742, -7.5427354478 ], [ 27.2056695206, -7.5152706642 ], [ 27.2798698428, -7.4877213577 ], [ 27.3539985953, -7.4600877833 ], [ 27.4280556336, -7.432370196 ], [ 27.5020408148, -7.4045688515 ], [ 27.575953997, -7.3766840054 ], [ 27.6497950396, -7.3487159138 ], [ 27.7235638032, -7.3206648333 ], [ 27.7972601497, -7.2925310203 ], [ 27.8708839423, -7.264314732 ], [ 27.9444350451, -7.2360162254 ], [ 28.0179133238, -7.2076357581 ], [ 28.0913186451, -7.1791735879 ], [ 28.1646508771, -7.1506299728 ], [ 28.2379098889, -7.122005171 ], [ 28.3110955509, -7.093299441 ], [ 28.3842077349, -7.0645130417 ], [ 28.4572463136, -7.035646232 ], [ 28.5302111612, -7.006699271 ], [ 28.603102153, -6.9776724184 ], [ 28.6759191654, -6.9485659336 ], [ 28.7486620761, -6.9193800766 ], [ 28.8213307641, -6.8901151075 ], [ 28.8939251095, -6.8607712864 ], [ 28.9664449935, -6.831348874 ], [ 29.0388902987, -6.8018481309 ], [ 29.1112609088, -6.7722693178 ], [ 29.1835567086, -6.7426126959 ], [ 29.2557775843, -6.7128785263 ], [ 29.3279234231, -6.6830670704 ], [ 29.3999941135, -6.6531785897 ], [ 29.4719895452, -6.6232133459 ], [ 29.5439096089, -6.5931716008 ], [ 29.6157541967, -6.5630536165 ], [ 29.6875232017, -6.532859655 ], [ 29.7592165183, -6.5025899785 ], [ 29.830834042, -6.4722448495 ], [ 29.9023756695, -6.4418245305 ], [ 29.9738412987, -6.4113292841 ], [ 30.0452308286, -6.3807593731 ], [ 30.1165441593, -6.3501150602 ], [ 30.1877811922, -6.3193966085 ], [ 30.2589418299, -6.288604281 ], [ 30.3300259758, -6.2577383408 ], [ 30.4010335349, -6.2267990512 ], [ 30.471964413, -6.1957866754 ], [ 30.5428185173, -6.164701477 ], [ 30.6135957559, -6.1335437192 ], [ 30.6842960382, -6.1023136658 ], [ 30.7549192748, -6.0710115801 ], [ 30.8254653772, -6.039637726 ], [ 30.8959342582, -6.0081923671 ], [ 30.9663258317, -5.9766757671 ], [ 31.0366400127, -5.9450881898 ], [ 31.1068767172, -5.9134298991 ], [ 31.1770358626, -5.8817011588 ], [ 31.2471173671, -5.8499022328 ], [ 31.3171211503, -5.8180333849 ], [ 31.3870471327, -5.7860948792 ], [ 31.456895236, -5.7540869795 ], [ 31.5266653829, -5.7220099498 ], [ 31.5963574973, -5.689864054 ], [ 31.6659715042, -5.657649556 ], [ 31.7355073296, -5.6253667198 ], [ 31.8049649007, -5.5930158094 ], [ 31.8743441456, -5.5605970885 ], [ 31.9436449937, -5.5281108211 ], [ 32.0128673754, -5.495557271 ], [ 32.0820112221, -5.4629367021 ], [ 32.1510764664, -5.4302493781 ], [ 32.2200630418, -5.3974955628 ], [ 32.288970883, -5.3646755198 ], [ 32.3577999257, -5.3317895129 ], [ 32.4265501066, -5.2988378056 ], [ 32.4952213637, -5.2658206615 ], [ 32.5638136357, -5.232738344 ], [ 32.6323268626, -5.1995911165 ], [ 32.7007609854, -5.1663792424 ], [ 32.7691159461, -5.133102985 ], [ 32.8373916876, -5.0997626073 ], [ 32.9055881541, -5.0663583725 ], [ 32.9737052907, -5.0328905436 ], [ 33.0417430435, -4.9993593834 ], [ 33.1097013596, -4.9657651549 ], [ 33.1775801872, -4.9321081206 ], [ 33.2453794754, -4.8983885432 ], [ 33.3130991745, -4.8646066852 ], [ 33.3807392357, -4.8307628089 ], [ 33.4482996111, -4.7968571766 ], [ 33.5157802539, -4.7628900503 ], [ 33.5831811183, -4.7288616922 ], [ 33.6505021596, -4.694772364 ], [ 33.7177433338, -4.6606223274 ], [ 33.7849045981, -4.6264118441 ], [ 33.8519859106, -4.5921411755 ], [ 33.9189872306, -4.5578105828 ], [ 33.9859085179, -4.5234203273 ], [ 34.0527497337, -4.4889706698 ], [ 34.11951084, -4.4544618712 ], [ 34.1861917998, -4.4198941921 ], [ 34.252792577, -4.385267893 ], [ 34.3193131365, -4.3505832342 ], [ 34.3857534441, -4.3158404759 ], [ 34.4521134666, -4.281039878 ], [ 34.5183931718, -4.2461817002 ], [ 34.5845925282, -4.2112662021 ], [ 34.6507115055, -4.1762936432 ], [ 34.7167500742, -4.1412642825 ], [ 34.7827082057, -4.1061783791 ], [ 34.8485858725, -4.0710361918 ], [ 34.9143830479, -4.0358379791 ], [ 34.9800997059, -4.0005839993 ], [ 35.0457358218, -3.9652745107 ], [ 35.1112913715, -3.9299097712 ], [ 35.1767663321, -3.8944900384 ], [ 35.2421606813, -3.8590155699 ], [ 35.3074743977, -3.8234866228 ], [ 35.3727074612, -3.7879034543 ], [ 35.4378598521, -3.7522663211 ], [ 35.5029315518, -3.7165754797 ], [ 35.5679225426, -3.6808311864 ], [ 35.6328328075, -3.6450336974 ], [ 35.6976623307, -3.6091832683 ], [ 35.762411097, -3.5732801547 ], [ 35.8270790921, -3.537324612 ], [ 35.8916663026, -3.5013168951 ], [ 35.956172716, -3.4652572588 ], [ 36.0205983205, -3.4291459577 ], [ 36.0849431053, -3.3929832459 ], [ 36.1492070604, -3.3567693774 ], [ 36.2133901765, -3.3205046058 ], [ 36.2774924455, -3.2841891847 ], [ 36.3415138597, -3.247823367 ], [ 36.4054544124, -3.2114074057 ], [ 36.4693140979, -3.1749415532 ], [ 36.533092911, -3.1384260619 ], [ 36.5967908476, -3.1018611835 ], [ 36.6604079042, -3.0652471699 ], [ 36.7239440782, -3.0285842724 ], [ 36.7873993678, -2.9918727419 ], [ 36.850773772, -2.9551128293 ], [ 36.9140672905, -2.918304785 ], [ 36.977279924, -2.881448859 ], [ 37.0404116738, -2.8445453012 ], [ 37.103462542, -2.8075943611 ], [ 37.1664325317, -2.7705962878 ], [ 37.2293216463, -2.7335513302 ], [ 37.2921298905, -2.6964597366 ], [ 37.3548572695, -2.6593217554 ], [ 37.4175037892, -2.6221376343 ], [ 37.4800694563, -2.5849076209 ], [ 37.5425542785, -2.5476319623 ], [ 37.604958264, -2.5103109053 ], [ 37.6672814216, -2.4729446964 ], [ 37.7295237613, -2.4355335818 ], [ 37.7916852935, -2.3980778071 ], [ 37.8537660293, -2.3605776179 ], [ 37.9157659808, -2.3230332591 ], [ 37.9776851605, -2.2854449756 ], [ 38.039523582, -2.2478130116 ], [ 38.1012812592, -2.2101376112 ], [ 38.1629582071, -2.172419018 ], [ 38.224554441, -2.1346574752 ], [ 38.2860699774, -2.0968532256 ], [ 38.3475048331, -2.059006512 ], [ 38.4088590257, -2.0211175762 ], [ 38.4701325737, -1.9831866602 ], [ 38.5313254959, -1.9452140053 ], [ 38.5924378121, -1.9071998525 ], [ 38.6534695427, -1.8691444424 ], [ 38.7144207088, -1.8310480152 ], [ 38.7752913321, -1.7929108108 ], [ 38.8360814349, -1.7547330687 ], [ 38.8967910405, -1.7165150278 ], [ 38.9574201724, -1.6782569268 ], [ 39.0179688552, -1.639959004 ], [ 39.0784371138, -1.6016214972 ], [ 39.138824974, -1.5632446439 ], [ 39.199132462, -1.5248286812 ], [ 39.259359605, -1.4863738457 ], [ 39.3195064304, -1.4478803736 ], [ 39.3795729666, -1.4093485007 ], [ 39.4395592425, -1.3707784626 ], [ 39.4994652875, -1.332170494 ], [ 39.5592911319, -1.2935248297 ], [ 39.6190368063, -1.2548417038 ], [ 39.6787023421, -1.2161213501 ], [ 39.7382877714, -1.1773640018 ], [ 39.7977931267, -1.1385698918 ], [ 39.8572184412, -1.0997392527 ], [ 39.9165637487, -1.0608723164 ], [ 39.9758290836, -1.0219693146 ], [ 40.0350144809, -0.9830304784 ], [ 40.0941199762, -0.9440560387 ], [ 40.1531456055, -0.9050462255 ], [ 40.2120914057, -0.866001269 ], [ 40.270957414, -0.8269213984 ], [ 40.3297436683, -0.7878068429 ], [ 40.3884502071, -0.7486578308 ], [ 40.4470770695, -0.7094745904 ], [ 40.5056242949, -0.6702573492 ], [ 40.5640919235, -0.6310063345 ], [ 40.6224799961, -0.5917217731 ], [ 40.6807885538, -0.5524038912 ], [ 40.7390176385, -0.5130529148 ], [ 40.7971672924, -0.4736690691 ], [ 40.8552375585, -0.4342525793 ], [ 40.9132284801, -0.3948036696 ], [ 40.9711401012, -0.3553225643 ], [ 41.0289724663, -0.3158094868 ], [ 41.0867256203, -0.2762646603 ], [ 41.1443996088, -0.2366883073 ], [ 41.2019944778, -0.1970806502 ], [ 41.2595102738, -0.1574419106 ], [ 41.3169470438, -0.1177723097 ], [ 41.3743048355, -0.0780720683 ], [ 41.4315836969, -0.0383414068 ], [ 41.4887836766, 0.001419455 ], [ 41.5459048236, 0.0412102977 ], [ 41.6029471874, 0.0810309025 ], [ 41.6599108181, 0.120881051 ], [ 41.7167957662, 0.1607605251 ], [ 41.7736020827, 0.2006691075 ], [ 41.8303298191, 0.2406065811 ], [ 41.8869790273, 0.2805727295 ], [ 41.9435497598, 0.3205673365 ], [ 42.0000420694, 0.3605901868 ], [ 42.0564560095, 0.4006410652 ], [ 42.1127916339, 0.4407197571 ], [ 42.1690489969, 0.4808260484 ], [ 42.2252281532, 0.5209597256 ], [ 42.2813291579, 0.5611205756 ], [ 42.3373520667, 0.6013083857 ], [ 42.3932969357, 0.6415229437 ], [ 42.4491638213, 0.6817640381 ], [ 42.5049527804, 0.7220314577 ], [ 42.5606638705, 0.7623249918 ], [ 42.6162971493, 0.8026444303 ], [ 42.671852675, 0.8429895635 ], [ 42.7273305064, 0.8833601822 ], [ 42.7827307024, 0.9237560778 ], [ 42.8380533225, 0.964177042 ], [ 42.8932984266, 1.0046228673 ], [ 42.9484660751, 1.0450933463 ], [ 43.0035563286, 1.0855882725 ], [ 43.0585692482, 1.1261074396 ], [ 43.1135048954, 1.166650642 ], [ 43.1683633322, 1.2072176745 ], [ 43.2231446207, 1.2478083324 ], [ 43.2778488238, 1.2884224116 ], [ 43.3324760045, 1.3290597084 ], [ 43.3870262261, 1.3697200196 ], [ 43.4414995526, 1.4104031426 ], [ 43.4958960482, 1.4511088753 ], [ 43.5502157774, 1.491837016 ], [ 43.6044588052, 1.5325873636 ], [ 43.6586251969, 1.5733597174 ], [ 43.7127150182, 1.6141538775 ], [ 43.766728335, 1.6549696441 ], [ 43.8206652139, 1.6958068182 ], [ 43.8745257216, 1.7366652012 ], [ 43.9283099251, 1.7775445951 ], [ 43.9820178919, 1.8184448023 ], [ 44.0356496899, 1.8593656257 ], [ 44.0892053871, 1.9003068689 ], [ 44.142685052, 1.9412683359 ], [ 44.1960887534, 1.9822498311 ], [ 44.2494165605, 2.0232511596 ], [ 44.3026685427, 2.0642721269 ], [ 44.3558447699, 2.1053125391 ], [ 44.4089453122, 2.1463722027 ], [ 44.46197024, 2.1874509249 ], [ 44.514919624, 2.2285485132 ], [ 44.5677935354, 2.2696647758 ], [ 44.6205920455, 2.3107995214 ], [ 44.6733152261, 2.351952559 ], [ 44.725963149, 2.3931236983 ], [ 44.7785358867, 2.4343127496 ], [ 44.8310335118, 2.4755195237 ], [ 44.8834560971, 2.5167438316 ], [ 44.9358037158, 2.5579854853 ], [ 44.9880764415, 2.5992442969 ], [ 45.0402743479, 2.6405200793 ], [ 45.092397509, 2.6818126458 ], [ 45.1444459993, 2.7231218102 ], [ 45.1964198933, 2.764447387 ], [ 45.2483192659, 2.805789191 ], [ 45.3001441923, 2.8471470377 ], [ 45.351894748, 2.8885207429 ], [ 45.4035710087, 2.9299101232 ], [ 45.4551730504, 2.9713149954 ], [ 45.5067009492, 3.0127351771 ], [ 45.5581547818, 3.0541704864 ], [ 45.6095346249, 3.0956207418 ], [ 45.6608405554, 3.1370857623 ], [ 45.7120726508, 3.1785653676 ], [ 45.7632309885, 3.2200593778 ], [ 45.8143156462, 3.2615676136 ], [ 45.8653267021, 3.303089896 ], [ 45.9162642343, 3.3446260468 ], [ 45.9671283213, 3.3861758882 ], [ 46.0179190419, 3.427739243 ], [ 46.0686364751, 3.4693159344 ], [ 46.1192807001, 3.5109057861 ], [ 46.1698517962, 3.5525086226 ], [ 46.2203498432, 3.5941242687 ], [ 46.2707749209, 3.6357525497 ], [ 46.3211271094, 3.6773932914 ], [ 46.3714064891, 3.7190463204 ], [ 46.4216131404, 3.7607114635 ], [ 46.4717471442, 3.8023885482 ], [ 46.5218085814, 3.8440774025 ], [ 46.5717975331, 3.8857778548 ], [ 46.6217140808, 3.9274897343 ], [ 46.671558306, 3.9692128704 ], [ 46.7213302906, 4.0109470932 ], [ 46.7710301164, 4.0526922334 ], [ 46.8206578657, 4.094448122 ], [ 46.8702136209, 4.1362145907 ], [ 46.9196974644, 4.1779914716 ], [ 46.9691094792, 4.2197785975 ], [ 47.018449748, 4.2615758016 ], [ 47.0677183541, 4.3033829175 ], [ 47.1169153807, 4.3451997795 ], [ 47.1660409114, 4.3870262225 ], [ 47.2150950298, 4.4288620817 ], [ 47.2640778198, 4.4707071929 ], [ 47.3129893653, 4.5125613924 ], [ 47.3618297506, 4.5544245172 ], [ 47.41059906, 4.5962964047 ], [ 47.4592973781, 4.6381768926 ], [ 47.5079247895, 4.6800658195 ], [ 47.5564813791, 4.7219630242 ], [ 47.6049672319, 4.7638683463 ], [ 47.6533824331, 4.8057816257 ], [ 47.7017270679, 4.8477027029 ], [ 47.750001222, 4.8896314189 ], [ 47.7982049808, 4.9315676154 ], [ 47.8463384302, 4.9735111342 ], [ 47.8944016561, 5.015461818 ], [ 47.9423947446, 5.0574195099 ], [ 47.9903177818, 5.0993840535 ], [ 48.0381708542, 5.1413552929 ], [ 48.0859540483, 5.1833330728 ], [ 48.1336674506, 5.2253172383 ], [ 48.1813111479, 5.267307635 ], [ 48.2288852271, 5.3093041091 ], [ 48.2763897753, 5.3513065074 ], [ 48.3238248795, 5.3933146771 ], [ 48.3711906272, 5.4353284658 ], [ 48.4184871056, 5.4773477219 ], [ 48.4657144023, 5.519372294 ], [ 48.5128726049, 5.5614020315 ], [ 48.5599618013, 5.603436784 ], [ 48.6069820793, 5.645476402 ], [ 48.6539335268, 5.6875207361 ], [ 48.700816232, 5.7295696377 ], [ 48.7476302832, 5.7716229586 ], [ 48.7943757685, 5.8136805512 ], [ 48.8410527766, 5.8557422682 ], [ 48.8876613958, 5.897807963 ], [ 48.9342017149, 5.9398774895 ], [ 48.9806738226, 5.981950702 ], [ 49.0270778077, 6.0240274553 ], [ 49.0734137591, 6.0661076049 ], [ 49.1196817659, 6.1081910067 ], [ 49.1658819173, 6.1502775169 ], [ 49.2120143024, 6.1923669925 ], [ 49.2580790105, 6.2344592909 ], [ 49.3040761311, 6.2765542699 ], [ 49.3500057536, 6.318651788 ], [ 49.3958679675, 6.360751704 ], [ 49.4416628626, 6.4028538774 ], [ 49.4873905286, 6.444958168 ], [ 49.5330510552, 6.4870644363 ], [ 49.5786445324, 6.5291725431 ], [ 49.6241710502, 6.5712823498 ], [ 49.6696306985, 6.6133937184 ], [ 49.7150235674, 6.6555065112 ], [ 49.7603497472, 6.6976205911 ], [ 49.8056093281, 6.7397358215 ], [ 49.8508024005, 6.7818520663 ], [ 49.8959290546, 6.8239691898 ], [ 49.940989381, 6.866087057 ], [ 49.9859834701, 6.9082055331 ], [ 50.0309114125, 6.9503244841 ], [ 50.075773299, 6.9924437763 ], [ 50.12056922, 7.0345632766 ], [ 50.1652992665, 7.0766828522 ], [ 50.2099635291, 7.118802371 ], [ 50.2545620988, 7.1609217013 ], [ 50.2990950664, 7.2030407119 ], [ 50.3435625229, 7.2451592721 ], [ 50.3879645592, 7.2872772517 ], [ 50.4323012665, 7.329394521 ], [ 50.4765727359, 7.3715109506 ], [ 50.5207790584, 7.4136264118 ], [ 50.5649203253, 7.4557407764 ], [ 50.6089966277, 7.4978539165 ], [ 50.6530080569, 7.5399657049 ], [ 50.6969547043, 7.5820760146 ], [ 50.7408366611, 7.6241847194 ], [ 50.7846540187, 7.6662916933 ], [ 50.8284068685, 7.708396811 ], [ 50.872095302, 7.7504999476 ], [ 50.9157194106, 7.7926009786 ], [ 50.9592792858, 7.8346997801 ], [ 51.0027750191, 7.8767962286 ], [ 51.0462067021, 7.9188902011 ], [ 51.0895744263, 7.9609815751 ], [ 51.1328782833, 8.0030702284 ], [ 51.1761183649, 8.0451560396 ], [ 51.2192947625, 8.0872388875 ], [ 51.2624075678, 8.1293186515 ], [ 51.3054568726, 8.1713952115 ], [ 51.3484427685, 8.2134684476 ], [ 51.3913653473, 8.2555382407 ], [ 51.4342247006, 8.2976044721 ], [ 51.4770209202, 8.3396670235 ], [ 51.5197540978, 8.3817257769 ], [ 51.5624243252, 8.4237806152 ], [ 51.6050316942, 8.4658314213 ], [ 51.6475762965, 8.5078780789 ], [ 51.6900582239, 8.5499204719 ], [ 51.7324775682, 8.591958485 ], [ 51.7748344213, 8.633992003 ], [ 51.8171288748, 8.6760209113 ], [ 51.8593610206, 8.7180450959 ], [ 51.9015309505, 8.7600644431 ], [ 51.9436387563, 8.8020788397 ], [ 51.9856845297, 8.844088173 ], [ 52.0276683627, 8.8860923306 ], [ 52.0695903468, 8.9280912007 ], [ 52.111450574, 8.970084672 ], [ 52.1532491361, 9.0120726335 ], [ 52.1949861247, 9.0540549748 ], [ 52.2366616316, 9.0960315857 ], [ 52.2782757487, 9.1380023569 ], [ 52.3198285675, 9.1799671791 ], [ 52.3613201799, 9.2219259437 ], [ 52.4027506776, 9.2638785425 ], [ 52.4441201522, 9.3058248676 ], [ 52.4854286955, 9.3477648118 ], [ 52.5266763991, 9.3896982682 ], [ 52.5678633547, 9.4316251304 ], [ 52.6089896538, 9.4735452923 ], [ 52.6500553882, 9.5154586484 ], [ 52.6910606493, 9.5573650936 ], [ 52.7320055288, 9.5992645232 ], [ 52.7728901182, 9.6411568331 ], [ 52.813714509, 9.6830419194 ], [ 52.8544787928, 9.7249196787 ], [ 52.8951830609, 9.7667900083 ], [ 52.9358274049, 9.8086528055 ], [ 52.9764119161, 9.8505079683 ], [ 53.016936686, 9.8923553952 ], [ 53.0574018058, 9.934194985 ], [ 53.097807367, 9.9760266369 ], [ 53.1381534608, 10.0178502506 ], [ 53.1784401785, 10.0596657263 ], [ 53.2186676113, 10.1014729645 ], [ 53.2588358504, 10.1432718661 ], [ 53.298944987, 10.1850623327 ], [ 53.3389951122, 10.226844266 ], [ 53.378986317, 10.2686175682 ], [ 53.4189186925, 10.3103821421 ], [ 53.4587923298, 10.3521378909 ], [ 53.4986073198, 10.3938847179 ], [ 53.5383637534, 10.4356225272 ], [ 53.5780617215, 10.4773512231 ], [ 53.617701315, 10.5190707105 ], [ 53.6572826246, 10.5607808946 ], [ 53.6968057411, 10.6024816809 ], [ 53.7362707553, 10.6441729756 ], [ 53.7756777577, 10.685854685 ], [ 53.815026839, 10.7275267162 ], [ 53.8543180898, 10.7691889763 ], [ 53.8935516006, 10.8108413732 ], [ 53.9327274618, 10.8524838148 ], [ 53.9718457639, 10.8941162098 ], [ 54.0109065973, 10.935738467 ], [ 54.0499100523, 10.9773504959 ], [ 54.0888562191, 11.0189522062 ], [ 54.1277451879, 11.060543508 ], [ 54.166577049, 11.102124312 ], [ 54.2053518924, 11.143694529 ], [ 54.2440698082, 11.1852540706 ], [ 54.2827308863, 11.2268028484 ], [ 54.3213352167, 11.2683407747 ], [ 54.3598828893, 11.309867762 ], [ 54.3983739939, 11.3513837233 ], [ 54.4368086203, 11.3928885721 ], [ 54.4751868581, 11.434382222 ], [ 54.5135087971, 11.4758645874 ], [ 54.5517745267, 11.5173355827 ], [ 54.5899841365, 11.5587951229 ], [ 54.6281377159, 11.6002431235 ], [ 54.6662353544, 11.6416795001 ], [ 54.7042771413, 11.6831041689 ], [ 54.7422631658, 11.7245170465 ], [ 54.7801935171, 11.7659180498 ], [ 54.8180682844, 11.8073070961 ], [ 54.8558875567, 11.8486841032 ], [ 54.8936514231, 11.8900489891 ], [ 54.9313599724, 11.9314016723 ], [ 54.9690132935, 11.9727420716 ], [ 55.0066114751, 12.0140701064 ], [ 55.0441546062, 12.0553856963 ], [ 55.0816427751, 12.0966887613 ], [ 55.1190760707, 12.1379792218 ], [ 55.1564545813, 12.1792569985 ], [ 55.1937783953, 12.2205220127 ], [ 55.2310476013, 12.2617741859 ], [ 55.2682622873, 12.3030134399 ], [ 55.3054225418, 12.3442396971 ], [ 55.3425284527, 12.3854528802 ], [ 55.3795801082, 12.4266529121 ], [ 55.4165775962, 12.4678397164 ], [ 55.4535210047, 12.5090132167 ], [ 55.4904104215, 12.5501733372 ], [ 55.5272459343, 12.5913200025 ], [ 55.5640276309, 12.6324531374 ], [ 55.6007555988, 12.6735726672 ], [ 55.6374299256, 12.7146785176 ], [ 55.6740506987, 12.7557706145 ], [ 55.7106180054, 12.7968488843 ], [ 55.7471319331, 12.8379132537 ], [ 55.7835925689, 12.8789636498 ], [ 55.82, 12.92 ] ] ] } }
]
}
