{
"type": "FeatureCollection",
"name": "wafs-northern-densified",
"crs": { "type": "name", "properties": { "name": "urn:ogc:def:crs:OGC:1.3:CRS84" } },
"xy_coordinate_resolution": 1e-10,
"features": [
{ "type": "Feature", "properties": { "fid": 1, "chart": "EUR" }, "geometry": { "type": "Polygon", "coordinates": [ [ [ -56.57, 46.55 ], [ -56.5038685613, 46.6607375621 ], [ -56.4373647408, 46.7715049157 ], [ -56.3704855648, 46.8823013801 ], [ -56.3032280304, 46.9931262682 ], [ -56.2355891047, 47.103978886 ], [ -56.1675657245, 47.2148585332 ], [ -56.0991547961, 47.3257645024 ], [ -56.0303531947, 47.4366960795 ], [ -55.9611577645, 47.5476525434 ], [ -55.8915653177, 47.6586331661 ], [ -55.8215726348, 47.7696372123 ], [ -55.7511764639, 47.8806639398 ], [ -55.6803735202, 47.9917125991 ], [ -55.609160486, 48.1027824331 ], [ -55.5375340099, 48.2138726777 ], [ -55.4654907069, 48.3249825611 ], [ -55.3930271576, 48.4361113039 ], [ -55.320139908, 48.5472581191 ], [ -55.246825469, 48.6584222119 ], [ -55.1730803162, 48.7696027797 ], [ -55.0989008894, 48.880799012 ], [ -55.0242835921, 48.9920100902 ], [ -54.949224791, 49.1032351876 ], [ -54.873720816, 49.2144734694 ], [ -54.7977679595, 49.3257240924 ], [ -54.7213624757, 49.436986205 ], [ -54.6445005809, 49.548258947 ], [ -54.5671784522, 49.6595414499 ], [ -54.4893922278, 49.7708328363 ], [ -54.4111380062, 49.8821322198 ], [ -54.3324118456, 49.9934387055 ], [ -54.2532097638, 50.1047513893 ], [ -54.1735277376, 50.2160693578 ], [ -54.0933617022, 50.3273916886 ], [ -54.012707551, 50.43871745 ], [ -53.9315611349, 50.5500457006 ], [ -53.8499182619, 50.6613754897 ], [ -53.7677746966, 50.7727058567 ], [ -53.6851261597, 50.8840358313 ], [ -53.6019683276, 50.9953644332 ], [ -53.5182968318, 51.1066906722 ], [ -53.4341072584, 51.2180135479 ], [ -53.3493951477, 51.3293320496 ], [ -53.2641559936, 51.440645156 ], [ -53.1783852429, 51.5519518355 ], [ -53.0920782952, 51.6632510457 ], [ -53.005230502, 51.7745417336 ], [ -52.9178371664, 51.8858228349 ], [ -52.8298935423, 51.9970932746 ], [ -52.7413948342, 52.1083519661 ], [ -52.6523361963, 52.2195978119 ], [ -52.5627127323, 52.3308297025 ], [ -52.4725194945, 52.4420465173 ], [ -52.3817514834, 52.5532471234 ], [ -52.2904036472, 52.6644303764 ], [ -52.198470881, 52.7755951194 ], [ -52.1059480265, 52.8867401836 ], [ -52.0128298712, 52.9978643878 ], [ -51.919111148, 53.1089665379 ], [ -51.8247865343, 53.2200454274 ], [ -51.7298506519, 53.3310998369 ], [ -51.6342980657, 53.4421285339 ], [ -51.5381232837, 53.5531302726 ], [ -51.4413207562, 53.664103794 ], [ -51.3438848752, 53.7750478254 ], [ -51.2458099735, 53.8859610806 ], [ -51.1470903244, 53.9968422592 ], [ -51.0477201411, 54.1076900469 ], [ -50.9476935759, 54.2185031152 ], [ -50.8470047193, 54.3292801209 ], [ -50.7456476001, 54.4400197064 ], [ -50.6436161841, 54.5507204991 ], [ -50.5409043735, 54.6613811116 ], [ -50.4375060065, 54.772000141 ], [ -50.3334148568, 54.8825761692 ], [ -50.2286246323, 54.9931077624 ], [ -50.123128975, 55.103593471 ], [ -50.0169214602, 55.2140318293 ], [ -49.9099955955, 55.3244213553 ], [ -49.8023448207, 55.4347605508 ], [ -49.6939625067, 55.5450479007 ], [ -49.5848419548, 55.6552818729 ], [ -49.4749763965, 55.7654609185 ], [ -49.3643589921, 55.8755834711 ], [ -49.2529828306, 55.9856479465 ], [ -49.1408409288, 56.095652743 ], [ -49.0279262306, 56.2055962407 ], [ -48.9142316062, 56.3154768014 ], [ -48.7997498518, 56.4252927684 ], [ -48.6844736883, 56.5350424662 ], [ -48.5683957612, 56.6447242003 ], [ -48.4515086396, 56.7543362567 ], [ -48.3338048157, 56.8638769022 ], [ -48.2152767037, 56.9733443835 ], [ -48.0959166398, 57.0827369274 ], [ -47.9757168807, 57.1920527402 ], [ -47.8546696036, 57.3012900076 ], [ -47.7327669053, 57.4104468946 ], [ -47.6100008013, 57.5195215447 ], [ -47.4863632253, 57.6285120802 ], [ -47.3618460288, 57.7374166015 ], [ -47.23644098, 57.8462331871 ], [ -47.1101397632, 57.9549598929 ], [ -46.9829339784, 58.0635947525 ], [ -46.8548151407, 58.1721357762 ], [ -46.7257746791, 58.2805809514 ], [ -46.5958039365, 58.3889282415 ], [ -46.4648941688, 58.4971755865 ], [ -46.3330365442, 58.6053209018 ], [ -46.2002221429, 58.7133620785 ], [ -46.066441956, 58.8212969827 ], [ -45.9316868857, 58.9291234554 ], [ -45.7959477437, 59.036839312 ], [ -45.6592152518, 59.1444423422 ], [ -45.5214800401, 59.2519303091 ], [ -45.3827326478, 59.3593009497 ], [ -45.2429635216, 59.4665519737 ], [ -45.1021630156, 59.5736810636 ], [ -44.9603213912, 59.6806858745 ], [ -44.817428816, 59.7875640332 ], [ -44.6734753636, 59.8943131382 ], [ -44.5284510136, 60.0009307593 ], [ -44.3823456505, 60.107414437 ], [ -44.2351490637, 60.2137616825 ], [ -44.0868509474, 60.3199699768 ], [ -43.9374408998, 60.4260367709 ], [ -43.786908423, 60.5319594848 ], [ -43.6352429229, 60.6377355075 ], [ -43.4824337087, 60.7433621967 ], [ -43.3284699929, 60.8488368778 ], [ -43.1733408912, 60.954156844 ], [ -43.0170354221, 61.0593193559 ], [ -42.8595425069, 61.1643216407 ], [ -42.7008509698, 61.2691608922 ], [ -42.540949538, 61.3738342699 ], [ -42.3798268413, 61.478338899 ], [ -42.2174714124, 61.5826718698 ], [ -42.0538716872, 61.6868302371 ], [ -41.8890160047, 61.7908110201 ], [ -41.7228926075, 61.8946112016 ], [ -41.5554896419, 61.9982277278 ], [ -41.3867951581, 62.1016575077 ], [ -41.216797111, 62.2048974126 ], [ -41.0454833604, 62.3079442758 ], [ -40.8728416715, 62.4107948922 ], [ -40.6988597155, 62.5134460174 ], [ -40.5235250705, 62.6158943678 ], [ -40.3468252218, 62.7181366196 ], [ -40.168747563, 62.8201694088 ], [ -39.989279397, 62.9219893303 ], [ -39.8084079366, 63.0235929378 ], [ -39.6261203058, 63.1249767431 ], [ -39.4424035408, 63.2261372154 ], [ -39.2572445914, 63.3270707814 ], [ -39.0706303221, 63.4277738243 ], [ -38.8825475137, 63.5282426836 ], [ -38.6929828647, 63.6284736545 ], [ -38.5019229929, 63.7284629873 ], [ -38.3093544373, 63.8282068873 ], [ -38.1152636597, 63.9277015137 ], [ -37.9196370468, 64.0269429798 ], [ -37.7224609124, 64.1259273521 ], [ -37.5237214991, 64.2246506498 ], [ -37.3234049814, 64.3231088445 ], [ -37.1214974675, 64.4212978596 ], [ -36.917985002, 64.5192135701 ], [ -36.712853569, 64.6168518015 ], [ -36.5060890947, 64.7142083302 ], [ -36.2976774504, 64.8112788821 ], [ -36.0876044557, 64.9080591331 ], [ -35.875855882, 65.0045447077 ], [ -35.6624174559, 65.1007311793 ], [ -35.447274863, 65.1966140695 ], [ -35.2304137514, 65.2921888473 ], [ -35.0118197362, 65.3874509293 ], [ -34.7914784032, 65.482395679 ], [ -34.5693753139, 65.5770184063 ], [ -34.3454960097, 65.671314367 ], [ -34.1198260167, 65.765278763 ], [ -33.8923508507, 65.858906741 ], [ -33.6630560229, 65.9521933931 ], [ -33.4319270444, 66.0451337558 ], [ -33.1989494328, 66.1377228097 ], [ -32.9641087173, 66.2299554795 ], [ -32.7273904454, 66.3218266335 ], [ -32.488780189, 66.4133310833 ], [ -32.2482635507, 66.5044635835 ], [ -32.0058261711, 66.5952188316 ], [ -31.7614537357, 66.6855914673 ], [ -31.515131982, 66.7755760731 ], [ -31.2668467075, 66.8651671733 ], [ -31.0165837772, 66.9543592342 ], [ -30.764329132, 67.0431466641 ], [ -30.5100687971, 67.1315238126 ], [ -30.2537888902, 67.2194849712 ], [ -29.9954756313, 67.3070243729 ], [ -29.7351153513, 67.3941361918 ], [ -29.4726945018, 67.4808145439 ], [ -29.2081996649, 67.5670534865 ], [ -28.9416175634, 67.6528470182 ], [ -28.6729350711, 67.7381890795 ], [ -28.4021392239, 67.8230735525 ], [ -28.1292172305, 67.9074942612 ], [ -27.8541564838, 67.9914449717 ], [ -27.5769445728, 68.0749193924 ], [ -27.2975692946, 68.1579111743 ], [ -27.0160186663, 68.2404139114 ], [ -26.732280938, 68.3224211409 ], [ -26.4463446059, 68.4039263437 ], [ -26.1581984251, 68.4849229449 ], [ -25.8678314231, 68.5654043143 ], [ -25.5752329145, 68.6453637671 ], [ -25.2803925141, 68.724794564 ], [ -24.9833001522, 68.8036899127 ], [ -24.6839460889, 68.8820429678 ], [ -24.3823209296, 68.9598468321 ], [ -24.0784156397, 69.0370945575 ], [ -23.7722215612, 69.1137791454 ], [ -23.4637304278, 69.1898935482 ], [ -23.1529343815, 69.2654306702 ], [ -22.8398259892, 69.3403833684 ], [ -22.5243982588, 69.4147444541 ], [ -22.2066446571, 69.4885066941 ], [ -21.8865591261, 69.5616628116 ], [ -21.5641361009, 69.634205488 ], [ -21.2393705272, 69.7061273644 ], [ -20.9122578792, 69.7774210428 ], [ -20.5827941772, 69.8480790879 ], [ -20.2509760061, 69.918094029 ], [ -19.9168005337, 69.9874583614 ], [ -19.5802655287, 70.0561645486 ], [ -19.2413693795, 70.124205024 ], [ -18.9001111127, 70.191572193 ], [ -18.5564904113, 70.2582584354 ], [ -18.2105076341, 70.324256107 ], [ -17.8621638336, 70.3895575425 ], [ -17.5114607748, 70.4541550574 ], [ -17.158400954, 70.518040951 ], [ -16.8029876169, 70.5812075082 ], [ -16.445224777, 70.6436470029 ], [ -16.0851172341, 70.7053517004 ], [ -15.7226705916, 70.7663138599 ], [ -15.3578912753, 70.8265257381 ], [ -14.9907865498, 70.8859795916 ], [ -14.6213645365, 70.9446676804 ], [ -14.2496342303, 71.0025822707 ], [ -13.875605516, 71.0597156384 ], [ -13.4992891847, 71.1160600725 ], [ -13.120696949, 71.1716078783 ], [ -12.7398414589, 71.2263513812 ], [ -12.3567363156, 71.2802829298 ], [ -11.9713960863, 71.3333949003 ], [ -11.5838363172, 71.3856796996 ], [ -11.1940735466, 71.4371297696 ], [ -10.8021253167, 71.4877375907 ], [ -10.4080101852, 71.5374956861 ], [ -10.0117477355, 71.5863966255 ], [ -9.6133585866, 71.6344330297 ], [ -9.2128644021, 71.6815975742 ], [ -8.8102878975, 71.7278829938 ], [ -8.4056528476, 71.7732820867 ], [ -7.9989840923, 71.817787719 ], [ -7.5903075412, 71.8613928288 ], [ -7.1796501773, 71.9040904308 ], [ -6.7670400601, 71.9458736205 ], [ -6.3525063264, 71.9867355792 ], [ -5.9360791906, 72.0266695777 ], [ -5.517789944, 72.0656689816 ], [ -5.097670952, 72.1037272551 ], [ -4.6757556508, 72.1408379663 ], [ -4.2520785422, 72.1769947909 ], [ -3.8266751872, 72.2121915173 ], [ -3.3995821985, 72.2464220509 ], [ -2.9708372311, 72.2796804187 ], [ -2.5404789715, 72.3119607735 ], [ -2.1085471263, 72.3432573986 ], [ -1.6750824081, 72.3735647121 ], [ -1.2401265205, 72.4028772712 ], [ -0.8037221422, 72.4311897765 ], [ -0.3659129086, 72.4584970761 ], [ 0.0732566073, 72.48479417 ], [ 0.5137409162, 72.5100762142 ], [ 0.9554936341, 72.5343385243 ], [ 1.3984675066, 72.5575765797 ], [ 1.8426144339, 72.5797860273 ], [ 2.2878854972, 72.6009626853 ], [ 2.7342309868, 72.6211025469 ], [ 3.1816004314, 72.6402017831 ], [ 3.6299426283, 72.658256747 ], [ 4.0792056759, 72.6752639761 ], [ 4.5293370059, 72.6912201962 ], [ 4.9802834184, 72.7061223235 ], [ 5.4319911165, 72.719967468 ], [ 5.8844057433, 72.7327529358 ], [ 6.3374724189, 72.7444762315 ], [ 6.7911357791, 72.7551350608 ], [ 7.2453400148, 72.7647273321 ], [ 7.7000289114, 72.773251159 ], [ 8.1551458906, 72.7807048615 ], [ 8.6106340513, 72.7870869679 ], [ 9.0664362118, 72.7923962162 ], [ 9.522494953, 72.796631555 ], [ 9.9787526606, 72.7997921447 ], [ 10.4351515696, 72.8018773582 ], [ 10.8916338072, 72.8028867816 ], [ 11.3481414373, 72.8028202143 ], [ 11.8046165046, 72.8016776696 ], [ 12.2610010784, 72.7994593744 ], [ 12.717237297, 72.7961657691 ], [ 13.1732674115, 72.791797507 ], [ 13.6290338295, 72.7863554541 ], [ 14.0844791589, 72.7798406877 ], [ 14.5395462505, 72.7722544961 ], [ 14.9941782407, 72.7635983767 ], [ 15.4483185941, 72.7538740351 ], [ 15.9019111441, 72.7430833832 ], [ 16.3549001343, 72.7312285379 ], [ 16.8072302585, 72.7183118183 ], [ 17.2588466994, 72.7043357446 ], [ 17.7096951673, 72.6893030351 ], [ 18.1597219374, 72.673216604 ], [ 18.6088738858, 72.6560795586 ], [ 19.057098525, 72.6378951968 ], [ 19.5043440381, 72.6186670039 ], [ 19.9505593112, 72.5983986497 ], [ 20.3956939656, 72.5770939851 ], [ 20.8396983878, 72.5547570389 ], [ 21.282523759, 72.5313920144 ], [ 21.7241220825, 72.5070032856 ], [ 22.1644462102, 72.4815953934 ], [ 22.6034498678, 72.4551730421 ], [ 23.0410876779, 72.4277410955 ], [ 23.4773151825, 72.3993045726 ], [ 23.9120888636, 72.3698686436 ], [ 24.3453661622, 72.3394386259 ], [ 24.7771054964, 72.3080199798 ], [ 25.2072662773, 72.2756183041 ], [ 25.6358089239, 72.2422393319 ], [ 26.0626948766, 72.2078889262 ], [ 26.4878866088, 72.1725730753 ], [ 26.9113476375, 72.1362978885 ], [ 27.3330425325, 72.0990695916 ], [ 27.7529369233, 72.0608945223 ], [ 28.1709975061, 72.0217791259 ], [ 28.5871920481, 71.9817299504 ], [ 29.0014893913, 71.9407536424 ], [ 29.4138594545, 71.8988569422 ], [ 29.8242732341, 71.8560466795 ], [ 30.2327028042, 71.8123297689 ], [ 30.6391213145, 71.7677132055 ], [ 31.0435029881, 71.7222040604 ], [ 31.4458231172, 71.6758094761 ], [ 31.8460580584, 71.6285366624 ], [ 32.2441852266, 71.5803928922 ], [ 32.640183088, 71.5313854968 ], [ 33.0340311523, 71.4815218622 ], [ 33.4257099634, 71.4308094246 ], [ 33.8152010899, 71.3792556661 ], [ 34.2024871144, 71.3268681115 ], [ 34.5875516222, 71.2736543234 ], [ 34.9703791887, 71.2196218988 ], [ 35.3509553672, 71.1647784653 ], [ 35.7292666747, 71.1091316772 ], [ 36.1053005782, 71.0526892119 ], [ 36.4790454798, 70.9954587662 ], [ 36.8504907015, 70.937448053 ], [ 37.2196264695, 70.8786647977 ], [ 37.5864438978, 70.8191167351 ], [ 37.950934972, 70.7588116057 ], [ 38.3130925321, 70.6977571532 ], [ 38.6729102553, 70.6359611207 ], [ 39.0303826383, 70.5734312483 ], [ 39.3855049796, 70.5101752699 ], [ 39.7382733619, 70.4462009104 ], [ 40.088684633, 70.3815158831 ], [ 40.4367363881, 70.316127887 ], [ 40.7824269515, 70.2500446043 ], [ 41.1257553574, 70.1832736978 ], [ 41.4667213318, 70.1158228088 ], [ 41.8053252738, 70.0476995546 ], [ 42.1415682367, 69.9789115264 ], [ 42.4754519099, 69.9094662871 ], [ 42.8069786, 69.8393713694 ], [ 43.1361512123, 69.7686342739 ], [ 43.4629732329, 69.6972624671 ], [ 43.7874487098, 69.6252633796 ], [ 44.1095822353, 69.5526444048 ], [ 44.4293789279, 69.4794128966 ], [ 44.7468444143, 69.4055761686 ], [ 45.0619848123, 69.3311414922 ], [ 45.3748067129, 69.2561160952 ], [ 45.6853171635, 69.1805071608 ], [ 45.9935236508, 69.104321826 ], [ 46.2994340842, 69.0275671808 ], [ 46.6030567793, 68.9502502667 ], [ 46.9044004417, 68.872378076 ], [ 47.2034741511, 68.7939575508 ], [ 47.5002873459, 68.7149955818 ], [ 47.7948498074, 68.6354990078 ], [ 48.0871716454, 68.5554746147 ], [ 48.3772632828, 68.474929135 ], [ 48.6651354414, 68.3938692469 ], [ 48.9507991281, 68.3123015737 ], [ 49.2342656205, 68.2302326835 ], [ 49.5155464537, 68.1476690883 ], [ 49.7946534072, 68.064617244 ], [ 50.0715984915, 67.9810835495 ], [ 50.3463939361, 67.8970743468 ], [ 50.6190521769, 67.8125959204 ], [ 50.8895858444, 67.7276544969 ], [ 51.1580077518, 67.6422562453 ], [ 51.424330884, 67.5564072762 ], [ 51.6885683864, 67.470113642 ], [ 51.9507335542, 67.3833813366 ], [ 52.2108398219, 67.2962162956 ], [ 52.4689007534, 67.2086243959 ], [ 52.7249300321, 67.1206114559 ], [ 52.9789414511, 67.0321832355 ], [ 53.2309489046, 66.9433454361 ], [ 53.4809663783, 66.8541037006 ], [ 53.7290079412, 66.7644636137 ], [ 53.975087737, 66.6744307018 ], [ 54.2192199762, 66.5840104333 ], [ 54.4614189279, 66.493208219 ], [ 54.7016989128, 66.4020294117 ], [ 54.9400742953, 66.3104793068 ], [ 55.1765594768, 66.2185631428 ], [ 55.4111688889, 66.126286101 ], [ 55.6439169868, 66.0336533061 ], [ 55.8748182428, 65.9406698266 ], [ 56.1038871408, 65.8473406747 ], [ 56.3311381696, 65.7536708071 ], [ 56.556585818, 65.6596651251 ], [ 56.7802445691, 65.565328475 ], [ 57.002128895, 65.4706656482 ], [ 57.2222532524, 65.3756813822 ], [ 57.4406320768, 65.2803803605 ], [ 57.6572797792, 65.1847672129 ], [ 57.8722107404, 65.0888465165 ], [ 58.085439308, 64.9926227955 ], [ 58.2969797916, 64.8961005221 ], [ 58.5068464591, 64.7992841164 ], [ 58.7150535336, 64.7021779475 ], [ 58.9216151889, 64.6047863335 ], [ 59.1265455473, 64.5071135419 ], [ 59.3298586756, 64.4091637905 ], [ 59.5315685824, 64.3109412475 ], [ 59.7316892153, 64.212450032 ], [ 59.9302344579, 64.1136942145 ], [ 60.1272181277, 64.0146778175 ], [ 60.3226539731, 63.9154048159 ], [ 60.5165556717, 63.8158791374 ], [ 60.7089368275, 63.7161046631 ], [ 60.8998109691, 63.6160852279 ], [ 61.0891915481, 63.515824621 ], [ 61.2770919366, 63.4153265865 ], [ 61.4635254261, 63.3145948237 ], [ 61.6485052255, 63.2136329877 ], [ 61.8320444599, 63.1124446899 ], [ 62.0141561687, 63.0110334983 ], [ 62.1948533051, 62.9094029383 ], [ 62.3741487341, 62.8075564929 ], [ 62.5520552317, 62.7054976034 ], [ 62.728585484, 62.6032296698 ], [ 62.903752086, 62.500756051 ], [ 63.0775675409, 62.3980800657 ], [ 63.2500442593, 62.2952049929 ], [ 63.4211945583, 62.1921340719 ], [ 63.5910306609, 62.0888705032 ], [ 63.7595646958, 61.9854174486 ], [ 63.9268086962, 61.8817780321 ], [ 64.0927746001, 61.7779553402 ], [ 64.2574742491, 61.6739524221 ], [ 64.420919389, 61.5697722905 ], [ 64.5831216686, 61.4654179217 ], [ 64.7440926401, 61.3608922565 ], [ 64.9038437588, 61.2561982003 ], [ 65.0623863828, 61.1513386237 ], [ 65.2197317729, 61.0463163627 ], [ 65.3758910931, 60.9411342196 ], [ 65.5308754097, 60.8357949628 ], [ 65.6846956924, 60.7303013279 ], [ 65.8373628135, 60.6246560176 ], [ 65.9888875486, 60.5188617023 ], [ 66.1392805763, 60.4129210206 ], [ 66.2885524789, 60.3068365797 ], [ 66.4367137425, 60.2006109556 ], [ 66.5837747568, 60.0942466936 ], [ 66.729745816, 59.9877463089 ], [ 66.8746371188, 59.8811122868 ], [ 67.0184587688, 59.774347083 ], [ 67.1612207751, 59.6674531241 ], [ 67.3029330522, 59.5604328083 ], [ 67.4436054208, 59.453288505 ], [ 67.5832476082, 59.3460225559 ], [ 67.7218692487, 59.2386372751 ], [ 67.8594798841, 59.1311349494 ], [ 67.9960889641, 59.0235178387 ], [ 68.1317058469, 58.9157881764 ], [ 68.2663398, 58.8079481697 ], [ 68.4, 58.7 ], [ 68.193140819, 58.6307881276 ], [ 67.9872402491, 58.5612113841 ], [ 67.7822969234, 58.4912728862 ], [ 67.5783093898, 58.4209757403 ], [ 67.3752761128, 58.3503230421 ], [ 67.1731954751, 58.279317876 ], [ 66.97206578, 58.2079633156 ], [ 66.7718852529, 58.1362624228 ], [ 66.5726520434, 58.0642182479 ], [ 66.3743642265, 57.9918338292 ], [ 66.1770198053, 57.9191121932 ], [ 65.9806167121, 57.8460563536 ], [ 65.7851528104, 57.7726693122 ], [ 65.5906258967, 57.6989540576 ], [ 65.3970337021, 57.6249135658 ], [ 65.2043738942, 57.5505507996 ], [ 65.0126440784, 57.4758687089 ], [ 64.8218418003, 57.4008702298 ], [ 64.6319645464, 57.3255582853 ], [ 64.4430097466, 57.2499357845 ], [ 64.2549747754, 57.1740056227 ], [ 64.0678569533, 57.0977706813 ], [ 63.881653549, 57.0212338277 ], [ 63.6963617802, 56.944397915 ], [ 63.5119788157, 56.8672657821 ], [ 63.3285017767, 56.7898402534 ], [ 63.1459277382, 56.7121241389 ], [ 62.9642537308, 56.634120234 ], [ 62.7834767416, 56.5558313192 ], [ 62.6035937162, 56.4772601604 ], [ 62.4246015597, 56.3984095085 ], [ 62.2464971382, 56.3192820997 ], [ 62.0692772802, 56.2398806548 ], [ 61.8929387781, 56.1602078799 ], [ 61.7174783892, 56.0802664657 ], [ 61.542892837, 56.0000590878 ], [ 61.3691788128, 55.9195884065 ], [ 61.1963329767, 55.8388570669 ], [ 61.0243519589, 55.7578676987 ], [ 60.8532323609, 55.6766229161 ], [ 60.6829707567, 55.5951253181 ], [ 60.513563694, 55.5133774881 ], [ 60.345007695, 55.431381994 ], [ 60.1772992583, 55.3491413885 ], [ 60.0104348593, 55.2666582083 ], [ 59.8444109513, 55.183934975 ], [ 59.6792239673, 55.1009741945 ], [ 59.5148703199, 55.0177783571 ], [ 59.3513464035, 54.9343499376 ], [ 59.1886485945, 54.8506913953 ], [ 59.0267732523, 54.7668051739 ], [ 58.865716721, 54.6826937014 ], [ 58.7054753294, 54.5983593906 ], [ 58.5460453926, 54.5138046386 ], [ 58.3874232126, 54.4290318268 ], [ 58.2296050791, 54.3440433215 ], [ 58.0725872708, 54.2588414731 ], [ 57.9163660557, 54.1734286169 ], [ 57.7609376923, 54.0878070727 ], [ 57.6062984304, 54.0019791447 ], [ 57.4524445116, 53.9159471219 ], [ 57.2993721704, 53.8297132779 ], [ 57.1470776348, 53.7432798711 ], [ 56.9955571272, 53.6566491445 ], [ 56.8448068647, 53.569823326 ], [ 56.6948230603, 53.4828046282 ], [ 56.5456019234, 53.3955952485 ], [ 56.3971396605, 53.3081973695 ], [ 56.2494324757, 53.2206131584 ], [ 56.1024765715, 53.1328447675 ], [ 55.9562681495, 53.0448943344 ], [ 55.8108034108, 52.9567639813 ], [ 55.6660785566, 52.868455816 ], [ 55.5220897891, 52.7799719313 ], [ 55.3788333118, 52.6913144052 ], [ 55.2363053299, 52.6024853012 ], [ 55.0945020512, 52.513486668 ], [ 54.9534196865, 52.4243205398 ], [ 54.8130544499, 52.3349889363 ], [ 54.6734025596, 52.2454938628 ], [ 54.5344602381, 52.1558373102 ], [ 54.3962237129, 52.0660212549 ], [ 54.2586892169, 51.9760476594 ], [ 54.1218529887, 51.8859184717 ], [ 53.9857112732, 51.7956356258 ], [ 53.8502603218, 51.7052010416 ], [ 53.7154963933, 51.6146166253 ], [ 53.5814157536, 51.5238842687 ], [ 53.4480146767, 51.4330058502 ], [ 53.3152894445, 51.3419832342 ], [ 53.1832363477, 51.2508182715 ], [ 53.0518516859, 51.1595127992 ], [ 52.9211317678, 51.0680686408 ], [ 52.7910729118, 50.9764876065 ], [ 52.6616714463, 50.884771493 ], [ 52.5329237095, 50.7929220837 ], [ 52.4048260506, 50.7009411487 ], [ 52.2773748292, 50.6088304449 ], [ 52.1505664161, 50.5165917162 ], [ 52.0243971934, 50.4242266933 ], [ 51.8988635549, 50.3317370943 ], [ 51.773961906, 50.239124624 ], [ 51.6496886645, 50.1463909746 ], [ 51.5260402601, 50.0535378257 ], [ 51.4030131353, 49.9605668441 ], [ 51.2806037454, 49.867479684 ], [ 51.1588085585, 49.7742779873 ], [ 51.0376240558, 49.6809633834 ], [ 50.9170467319, 49.5875374893 ], [ 50.7970730952, 49.4940019098 ], [ 50.6776996673, 49.4003582376 ], [ 50.558922984, 49.3066080533 ], [ 50.4407395952, 49.2127529253 ], [ 50.3231460646, 49.1187944103 ], [ 50.2061389707, 49.024734053 ], [ 50.0897149061, 48.9305733864 ], [ 49.9738704783, 48.8363139317 ], [ 49.8586023093, 48.7419571987 ], [ 49.7439070362, 48.6475046853 ], [ 49.6297813109, 48.5529578783 ], [ 49.5162218003, 48.4583182528 ], [ 49.4032251869, 48.3635872728 ], [ 49.2907881681, 48.268766391 ], [ 49.1789074567, 48.173857049 ], [ 49.0675797814, 48.0788606771 ], [ 48.9568018859, 47.983778695 ], [ 48.8465705299, 47.8886125111 ], [ 48.7368824887, 47.7933635231 ], [ 48.6277345534, 47.6980331179 ], [ 48.5191235308, 47.6026226718 ], [ 48.411046244, 47.5071335505 ], [ 48.3034995316, 47.4115671088 ], [ 48.1964802484, 47.3159246916 ], [ 48.0899852653, 47.2202076329 ], [ 47.9840114692, 47.1244172567 ], [ 47.8785557632, 47.0285548766 ], [ 47.7736150666, 46.9326217961 ], [ 47.6691863147, 46.8366193086 ], [ 47.5652664593, 46.7405486975 ], [ 47.4618524682, 46.6444112362 ], [ 47.3589413256, 46.5482081881 ], [ 47.2565300319, 46.4519408072 ], [ 47.1546156039, 46.3556103373 ], [ 47.0531950747, 46.2592180128 ], [ 46.9522654935, 46.1627650586 ], [ 46.851823926, 46.0662526898 ], [ 46.7518674542, 45.9696821123 ], [ 46.6523931763, 45.8730545224 ], [ 46.553398207, 45.7763711075 ], [ 46.454879677, 45.6796330452 ], [ 46.3568347336, 45.5828415044 ], [ 46.2592605401, 45.4859976447 ], [ 46.1621542762, 45.3891026168 ], [ 46.0655131377, 45.2921575622 ], [ 45.9693343369, 45.1951636137 ], [ 45.873615102, 45.0981218952 ], [ 45.7783526774, 45.001033522 ], [ 45.6835443238, 44.9038996004 ], [ 45.5891873178, 44.8067212284 ], [ 45.4952789522, 44.7094994953 ], [ 45.4018165358, 44.6122354818 ], [ 45.3087973936, 44.5149302604 ], [ 45.2162188661, 44.417584895 ], [ 45.1240783102, 44.3202004413 ], [ 45.0323730985, 44.2227779468 ], [ 44.9411006195, 44.1253184508 ], [ 44.8502582773, 44.0278229845 ], [ 44.759843492, 43.9302925709 ], [ 44.6698536994, 43.8327282253 ], [ 44.5802863507, 43.7351309548 ], [ 44.4911389131, 43.6375017588 ], [ 44.4024088691, 43.5398416288 ], [ 44.3140937168, 43.4421515486 ], [ 44.2261909696, 43.3444324943 ], [ 44.1386981566, 43.2466854344 ], [ 44.0516128219, 43.1489113298 ], [ 43.9649325253, 43.0511111338 ], [ 43.8786548414, 42.9532857925 ], [ 43.7927773603, 42.8554362443 ], [ 43.707297687, 42.7575634205 ], [ 43.6222134417, 42.659668245 ], [ 43.5375222595, 42.5617516345 ], [ 43.4532217905, 42.4638144985 ], [ 43.3693096996, 42.3658577396 ], [ 43.2857836666, 42.2678822529 ], [ 43.2026413858, 42.1698889269 ], [ 43.1198805665, 42.0718786429 ], [ 43.0374989323, 41.9738522756 ], [ 42.9554942216, 41.8758106925 ], [ 42.8738641871, 41.7777547544 ], [ 42.792606596, 41.6796853157 ], [ 42.7117192298, 41.5816032236 ], [ 42.6311998842, 41.483509319 ], [ 42.5510463691, 41.3854044361 ], [ 42.4712565088, 41.2872894026 ], [ 42.3918281412, 41.1891650398 ], [ 42.3127591186, 41.0910321624 ], [ 42.234047307, 40.9928915787 ], [ 42.1556905862, 40.8947440909 ], [ 42.07768685, 40.7965904947 ], [ 42.0000340057, 40.6984315797 ], [ 41.9227299743, 40.6002681291 ], [ 41.8457726903, 40.5021009203 ], [ 41.7691601018, 40.4039307243 ], [ 41.6928901701, 40.3057583062 ], [ 41.6169608702, 40.207584425 ], [ 41.54137019, 40.1094098339 ], [ 41.4661161307, 40.01123528 ], [ 41.3911967068, 39.9130615047 ], [ 41.3166099455, 39.8148892435 ], [ 41.2423538872, 39.7167192261 ], [ 41.1684265853, 39.6185521766 ], [ 41.0948261058, 39.5203888132 ], [ 41.0215505274, 39.4222298487 ], [ 40.9485979417, 39.3240759902 ], [ 40.8759664528, 39.225927939 ], [ 40.8036541774, 39.1277863914 ], [ 40.7316592443, 39.0296520377 ], [ 40.6599797952, 38.9315255631 ], [ 40.5886139838, 38.8334076473 ], [ 40.517559976, 38.7352989647 ], [ 40.44681595, 38.6372001843 ], [ 40.376380096, 38.53911197 ], [ 40.3062506161, 38.4410349802 ], [ 40.2364257246, 38.3429698683 ], [ 40.1669036475, 38.2449172826 ], [ 40.0976826226, 38.1468778662 ], [ 40.0287608993, 38.0488522572 ], [ 39.9601367389, 37.9508410884 ], [ 39.891808414, 37.852844988 ], [ 39.8237742089, 37.7548645789 ], [ 39.7560324192, 37.6569004794 ], [ 39.6885813519, 37.5589533026 ], [ 39.6214193253, 37.461023657 ], [ 39.5545446687, 37.3631121462 ], [ 39.4879557229, 37.2652193689 ], [ 39.4216508395, 37.1673459193 ], [ 39.3556283811, 37.0694923868 ], [ 39.2898867214, 36.9716593559 ], [ 39.2244242446, 36.8738474069 ], [ 39.1592393461, 36.7760571152 ], [ 39.0943304317, 36.6782890516 ], [ 39.029695918, 36.5805437827 ], [ 38.965334232, 36.4828218702 ], [ 38.9012438114, 36.3851238716 ], [ 38.8374231042, 36.2874503398 ], [ 38.7738705688, 36.1898018235 ], [ 38.7105846738, 36.0921788669 ], [ 38.6475638982, 35.9945820099 ], [ 38.584806731, 35.8970117881 ], [ 38.5223116713, 35.7994687328 ], [ 38.4600772283, 35.7019533711 ], [ 38.3981019211, 35.6044662259 ], [ 38.3363842786, 35.5070078159 ], [ 38.2749228396, 35.4095786556 ], [ 38.2137161527, 35.3121792555 ], [ 38.1527627761, 35.214810122 ], [ 38.0920612777, 35.1174717574 ], [ 38.0316102347, 35.0201646599 ], [ 37.9714082342, 34.9228893239 ], [ 37.9114538723, 34.8256462397 ], [ 37.8517457547, 34.7284358936 ], [ 37.7922824964, 34.6312587682 ], [ 37.7330627215, 34.534115342 ], [ 37.6740850634, 34.4370060898 ], [ 37.6153481644, 34.3399314825 ], [ 37.5568506761, 34.2428919873 ], [ 37.4985912589, 34.1458880675 ], [ 37.440568582, 34.0489201827 ], [ 37.3827813238, 33.9519887888 ], [ 37.3252281713, 33.855094338 ], [ 37.26790782, 33.758237279 ], [ 37.2108189745, 33.6614180565 ], [ 37.1539603477, 33.5646371119 ], [ 37.0973306611, 33.467894883 ], [ 37.0409286447, 33.3711918039 ], [ 36.9847530371, 33.2745283053 ], [ 36.928802585, 33.1779048142 ], [ 36.8730760434, 33.0813217543 ], [ 36.8175721759, 32.9847795459 ], [ 36.762289754, 32.8882786056 ], [ 36.7072275573, 32.7918193469 ], [ 36.6523843736, 32.6954021796 ], [ 36.5977589987, 32.5990275105 ], [ 36.5433502364, 32.5026957427 ], [ 36.4891568983, 32.4064072762 ], [ 36.4351778039, 32.3101625078 ], [ 36.3814117805, 32.2139618307 ], [ 36.3278576632, 32.1178056352 ], [ 36.2745142947, 32.0216943082 ], [ 36.2213805253, 31.9256282335 ], [ 36.168455213, 31.8296077916 ], [ 36.1157372232, 31.73363336 ], [ 36.0632254288, 31.6377053129 ], [ 36.0109187101, 31.5418240215 ], [ 35.9588159549, 31.4459898539 ], [ 35.9069160581, 31.3502031751 ], [ 35.855217922, 31.2544643472 ], [ 35.8037204561, 31.158773729 ], [ 35.7524225769, 31.0631316766 ], [ 35.7013232081, 30.9675385429 ], [ 35.6504212807, 30.8719946779 ], [ 35.5997157321, 30.7765004288 ], [ 35.5492055074, 30.6810561396 ], [ 35.4988895579, 30.5856621516 ], [ 35.4487668422, 30.4903188033 ], [ 35.3988363255, 30.3950264301 ], [ 35.3490969799, 30.2997853647 ], [ 35.2995477841, 30.2045959371 ], [ 35.2501877235, 30.1094584741 ], [ 35.20101579, 30.0143733003 ], [ 35.1520309822, 29.9193407369 ], [ 35.1032323052, 29.8243611029 ], [ 35.0546187704, 29.7294347143 ], [ 35.0061893959, 29.6345618844 ], [ 34.9579432059, 29.539742924 ], [ 34.9098792311, 29.4449781408 ], [ 34.8619965084, 29.3502678405 ], [ 34.8142940811, 29.2556123255 ], [ 34.7667709984, 29.1610118961 ], [ 34.7194263158, 29.0664668497 ], [ 34.672259095, 28.9719774812 ], [ 34.6252684037, 28.877544083 ], [ 34.5784533155, 28.7831669449 ], [ 34.5318129101, 28.6888463541 ], [ 34.485346273, 28.5945825955 ], [ 34.4390524958, 28.5003759514 ], [ 34.3929306758, 28.4062267015 ], [ 34.3469799161, 28.3121351231 ], [ 34.3011993255, 28.2181014912 ], [ 34.2555880187, 28.1241260783 ], [ 34.2101451159, 28.0302091543 ], [ 34.1648697432, 27.936350987 ], [ 34.1197610318, 27.8425518417 ], [ 34.0748181191, 27.7488119812 ], [ 34.0300401474, 27.6551316662 ], [ 33.9854262649, 27.5615111549 ], [ 33.9409756251, 27.4679507032 ], [ 33.8966873869, 27.3744505648 ], [ 33.8525607145, 27.281010991 ], [ 33.8085947774, 27.1876322309 ], [ 33.7647887506, 27.0943145314 ], [ 33.7211418141, 27.0010581369 ], [ 33.6776531533, 26.9078632899 ], [ 33.6343219586, 26.8147302305 ], [ 33.5911474255, 26.7216591966 ], [ 33.5481287549, 26.6286504241 ], [ 33.5052651524, 26.5357041466 ], [ 33.4625558289, 26.4428205954 ], [ 33.42, 26.35 ], [ 33.3167415932, 26.3881208836 ], [ 33.2133308192, 26.4260892962 ], [ 33.1097680157, 26.463904664 ], [ 33.0060535255, 26.5015664142 ], [ 32.9021876961, 26.5390739749 ], [ 32.7981708804, 26.576426775 ], [ 32.6940034358, 26.6136242441 ], [ 32.5896857251, 26.6506658131 ], [ 32.485218116, 26.6875509136 ], [ 32.3806009814, 26.7242789783 ], [ 32.2758346989, 26.7608494406 ], [ 32.1709196515, 26.7972617353 ], [ 32.0658562272, 26.8335152981 ], [ 31.9606448189, 26.8696095656 ], [ 31.8552858249, 26.9055439757 ], [ 31.7497796484, 26.9413179673 ], [ 31.6441266979, 26.9769309805 ], [ 31.5383273867, 27.0123824564 ], [ 31.4323821336, 27.0476718375 ], [ 31.3262913624, 27.0827985673 ], [ 31.220055502, 27.1177620907 ], [ 31.1136749865, 27.1525618537 ], [ 31.0071502553, 27.1871973036 ], [ 30.9004817527, 27.2216678892 ], [ 30.7936699286, 27.2559730604 ], [ 30.6867152376, 27.2901122684 ], [ 30.57961814, 27.324084966 ], [ 30.4723791008, 27.3578906073 ], [ 30.3649985907, 27.3915286477 ], [ 30.2574770852, 27.4249985442 ], [ 30.1498150654, 27.4582997551 ], [ 30.0420130173, 27.4914317405 ], [ 29.9340714323, 27.5243939617 ], [ 29.825990807, 27.5571858816 ], [ 29.7177716433, 27.5898069649 ], [ 29.6094144482, 27.6222566776 ], [ 29.5009197341, 27.6545344875 ], [ 29.3922880185, 27.6866398639 ], [ 29.2835198243, 27.7185722778 ], [ 29.1746156796, 27.7503312021 ], [ 29.0655761176, 27.7819161112 ], [ 28.9564016769, 27.8133264812 ], [ 28.8470929013, 27.8445617901 ], [ 28.73765034, 27.8756215176 ], [ 28.6280745472, 27.9065051453 ], [ 28.5183660825, 27.9372121566 ], [ 28.4085255108, 27.9677420368 ], [ 28.298553402, 27.998094273 ], [ 28.1884503316, 28.0282683542 ], [ 28.07821688, 28.0582637715 ], [ 27.967853633, 28.0880800178 ], [ 27.8573611817, 28.1177165881 ], [ 27.7467401222, 28.1471729793 ], [ 27.6359910561, 28.1764486905 ], [ 27.5251145901, 28.2055432227 ], [ 27.414111336, 28.2344560791 ], [ 27.3029819109, 28.2631867649 ], [ 27.1917269373, 28.2917347877 ], [ 27.0803470424, 28.3200996568 ], [ 26.9688428592, 28.3482808842 ], [ 26.8572150253, 28.3762779838 ], [ 26.7454641839, 28.4040904718 ], [ 26.6335909832, 28.4317178667 ], [ 26.5215960765, 28.4591596892 ], [ 26.4094801222, 28.4864154624 ], [ 26.2972437841, 28.5134847119 ], [ 26.1848877309, 28.5403669652 ], [ 26.0724126364, 28.5670617527 ], [ 25.9598191796, 28.5935686068 ], [ 25.8471080445, 28.6198870626 ], [ 25.7342799202, 28.6460166577 ], [ 25.621335501, 28.6719569318 ], [ 25.508275486, 28.6977074276 ], [ 25.3951005795, 28.7232676899 ], [ 25.2818114908, 28.7486372665 ], [ 25.1684089342, 28.7738157074 ], [ 25.0548936288, 28.7988025654 ], [ 24.941266299, 28.8235973959 ], [ 24.827527674, 28.8481997569 ], [ 24.7136784878, 28.8726092091 ], [ 24.5997194796, 28.896825316 ], [ 24.4856513932, 28.9208476438 ], [ 24.3714749775, 28.9446757613 ], [ 24.2571909862, 28.9683092402 ], [ 24.1428001779, 28.9917476551 ], [ 24.0283033159, 29.0149905831 ], [ 23.9137011684, 29.0380376045 ], [ 23.7989945083, 29.0608883024 ], [ 23.6841841134, 29.0835422625 ], [ 23.5692707661, 29.1059990738 ], [ 23.4542552536, 29.128258328 ], [ 23.3391383678, 29.1503196199 ], [ 23.2239209052, 29.1721825471 ], [ 23.1086036669, 29.1938467104 ], [ 22.9931874588, 29.2153117137 ], [ 22.8776730914, 29.2365771636 ], [ 22.7620613795, 29.2576426701 ], [ 22.6463531426, 29.2785078462 ], [ 22.5305492049, 29.2991723079 ], [ 22.4146503949, 29.3196356747 ], [ 22.2986575454, 29.3398975688 ], [ 22.1825714941, 29.3599576159 ], [ 22.0663930826, 29.3798154449 ], [ 21.9501231572, 29.3994706877 ], [ 21.8337625685, 29.4189229797 ], [ 21.7173121713, 29.4381719594 ], [ 21.6007728248, 29.4572172688 ], [ 21.4841453925, 29.4760585531 ], [ 21.367430742, 29.4946954607 ], [ 21.250629745, 29.5131276436 ], [ 21.1337432777, 29.5313547571 ], [ 21.0167722202, 29.5493764597 ], [ 20.8997174566, 29.5671924137 ], [ 20.7825798753, 29.5848022845 ], [ 20.6653603686, 29.6022057411 ], [ 20.5480598328, 29.6194024561 ], [ 20.4306791681, 29.6363921053 ], [ 20.3132192788, 29.6531743683 ], [ 20.1956810728, 29.6697489282 ], [ 20.0780654622, 29.6861154714 ], [ 19.9603733626, 29.7022736883 ], [ 19.8426056935, 29.7182232725 ], [ 19.7247633783, 29.7339639215 ], [ 19.6068473437, 29.7494953362 ], [ 19.4888585204, 29.7648172214 ], [ 19.3707978427, 29.7799292853 ], [ 19.2526662482, 29.79483124 ], [ 19.1344646783, 29.8095228014 ], [ 19.0161940779, 29.8240036887 ], [ 18.8978553952, 29.8382736252 ], [ 18.7794495819, 29.8523323379 ], [ 18.6609775931, 29.8661795575 ], [ 18.5424403872, 29.8798150186 ], [ 18.4238389259, 29.8932384595 ], [ 18.305174174, 29.9064496223 ], [ 18.1864470999, 29.919448253 ], [ 18.0676586746, 29.9322341016 ], [ 17.9488098727, 29.9448069217 ], [ 17.8299016717, 29.957166471 ], [ 17.7109350519, 29.969312511 ], [ 17.591910997, 29.9812448072 ], [ 17.4728304933, 29.9929631288 ], [ 17.3536945301, 30.0044672494 ], [ 17.2345040996, 30.0157569461 ], [ 17.1152601967, 30.0268320002 ], [ 16.995963819, 30.037692197 ], [ 16.876615967, 30.0483373258 ], [ 16.7572176436, 30.0587671797 ], [ 16.6377698546, 30.0689815563 ], [ 16.518273608, 30.0789802567 ], [ 16.3987299146, 30.0887630864 ], [ 16.2791397875, 30.098329855 ], [ 16.1595042422, 30.1076803759 ], [ 16.0398242967, 30.1168144668 ], [ 15.9201009712, 30.1257319495 ], [ 15.8003352881, 30.1344326499 ], [ 15.6805282721, 30.142916398 ], [ 15.5606809499, 30.1511830279 ], [ 15.4407943507, 30.1592323779 ], [ 15.3208695052, 30.1670642905 ], [ 15.2009074465, 30.1746786124 ], [ 15.0809092095, 30.1820751942 ], [ 14.960875831, 30.1892538911 ], [ 14.8408083496, 30.1962145622 ], [ 14.7207078058, 30.202957071 ], [ 14.6005752418, 30.209481285 ], [ 14.4804117014, 30.2157870761 ], [ 14.3602182301, 30.2218743204 ], [ 14.239995875, 30.2277428983 ], [ 14.1197456847, 30.2333926942 ], [ 13.9994687091, 30.2388235971 ], [ 13.8791659998, 30.2440355001 ], [ 13.7588386095, 30.2490283004 ], [ 13.6384875925, 30.2538018999 ], [ 13.5181140039, 30.2583562044 ], [ 13.3977189005, 30.2626911241 ], [ 13.27730334, 30.2668065736 ], [ 13.156868381, 30.2707024717 ], [ 13.0364150834, 30.2743787416 ], [ 12.915944508, 30.2778353107 ], [ 12.7954577164, 30.2810721108 ], [ 12.6749557713, 30.284089078 ], [ 12.554439736, 30.2868861527 ], [ 12.4339106745, 30.2894632796 ], [ 12.3133696518, 30.2918204079 ], [ 12.1928177331, 30.2939574909 ], [ 12.0722559846, 30.2958744866 ], [ 11.9516854727, 30.2975713568 ], [ 11.8311072645, 30.2990480682 ], [ 11.7105224273, 30.3003045915 ], [ 11.5899320289, 30.3013409019 ], [ 11.4693371374, 30.3021569788 ], [ 11.348738821, 30.3027528063 ], [ 11.2281381482, 30.3031283724 ], [ 11.1075361877, 30.3032836697 ], [ 10.9869340081, 30.3032186952 ], [ 10.866332678, 30.3029334502 ], [ 10.7457332662, 30.3024279402 ], [ 10.6251368411, 30.3017021754 ], [ 10.504544471, 30.30075617 ], [ 10.3839572243, 30.2995899428 ], [ 10.2633761687, 30.2982035167 ], [ 10.1428023718, 30.2965969193 ], [ 10.0222369008, 30.2947701823 ], [ 9.9016808224, 30.2927233417 ], [ 9.7811352029, 30.2904564381 ], [ 9.6606011079, 30.2879695162 ], [ 9.5400796024, 30.2852626252 ], [ 9.4195717509, 30.2823358185 ], [ 9.299078617, 30.2791891539 ], [ 9.1786012637, 30.2758226936 ], [ 9.0581407529, 30.272236504 ], [ 8.9376981459, 30.2684306558 ], [ 8.8172745028, 30.2644052243 ], [ 8.6968708829, 30.2601602887 ], [ 8.5764883443, 30.2556959329 ], [ 8.4561279441, 30.2510122447 ], [ 8.335790738, 30.2461093165 ], [ 8.2154777808, 30.2409872449 ], [ 8.0951901258, 30.2356461307 ], [ 7.974928825, 30.2300860792 ], [ 7.8546949291, 30.2243071996 ], [ 7.7344894872, 30.2183096058 ], [ 7.614313547, 30.2120934155 ], [ 7.4941681547, 30.2056587511 ], [ 7.3740543548, 30.1990057388 ], [ 7.2539731902, 30.1921345094 ], [ 7.133925702, 30.1850451977 ], [ 7.0139129296, 30.1777379428 ], [ 6.8939359106, 30.1702128879 ], [ 6.7739956807, 30.1624701806 ], [ 6.6540932737, 30.1545099724 ], [ 6.5342297213, 30.1463324193 ], [ 6.4144060534, 30.1379376812 ], [ 6.2946232975, 30.1293259223 ], [ 6.1748824794, 30.1204973108 ], [ 6.0551846223, 30.1114520193 ], [ 5.9355307473, 30.1021902242 ], [ 5.8159218735, 30.0927121061 ], [ 5.6963590171, 30.08301785 ], [ 5.5768431925, 30.0731076445 ], [ 5.4573754112, 30.0629816827 ], [ 5.3379566826, 30.0526401615 ], [ 5.2185880132, 30.0420832818 ], [ 5.0992704072, 30.0313112489 ], [ 4.980004866, 30.0203242718 ], [ 4.8607923885, 30.0091225636 ], [ 4.7416339707, 29.9977063413 ], [ 4.6225306059, 29.9860758261 ], [ 4.5034832845, 29.974231243 ], [ 4.3844929942, 29.962172821 ], [ 4.2655607197, 29.949900793 ], [ 4.1466874426, 29.937415396 ], [ 4.0278741418, 29.9247168707 ], [ 3.9091217928, 29.9118054617 ], [ 3.7904313683, 29.8986814177 ], [ 3.6718038376, 29.885344991 ], [ 3.5532401671, 29.8717964378 ], [ 3.4347413198, 29.8580360184 ], [ 3.3163082554, 29.8440639966 ], [ 3.1979419303, 29.82988064 ], [ 3.0796432977, 29.8154862203 ], [ 2.9614133072, 29.8008810126 ], [ 2.8432529051, 29.786065296 ], [ 2.7251630342, 29.7710393532 ], [ 2.6071446336, 29.7558034706 ], [ 2.4891986391, 29.7403579385 ], [ 2.3713259827, 29.7247030505 ], [ 2.2535275929, 29.7088391043 ], [ 2.1358043945, 29.6927664009 ], [ 2.0181573084, 29.6764852451 ], [ 1.900587252, 29.6599959452 ], [ 1.7830951387, 29.6432988132 ], [ 1.6656818781, 29.6263941646 ], [ 1.5483483762, 29.6092823185 ], [ 1.4310955347, 29.5919635973 ], [ 1.3139242515, 29.5744383273 ], [ 1.1968354207, 29.5567068379 ], [ 1.0798299321, 29.5387694623 ], [ 0.9629086717, 29.520626537 ], [ 0.8460725212, 29.5022784018 ], [ 0.7293223585, 29.4837254001 ], [ 0.6126590569, 29.4649678786 ], [ 0.496083486, 29.4460061874 ], [ 0.3795965108, 29.42684068 ], [ 0.2631989922, 29.4074717132 ], [ 0.146891787, 29.3878996469 ], [ 0.0306757475, 29.3681248445 ], [ -0.0854482785, 29.3481476727 ], [ -0.2014794471, 29.3279685013 ], [ -0.3174169192, 29.3075877034 ], [ -0.4332598601, 29.2870056552 ], [ -0.5490074392, 29.2662227363 ], [ -0.6646588307, 29.2452393291 ], [ -0.7802132133, 29.2240558194 ], [ -0.8956697702, 29.2026725961 ], [ -1.011027689, 29.1810900511 ], [ -1.126286162, 29.1593085793 ], [ -1.2414443862, 29.1373285788 ], [ -1.3565015631, 29.1151504507 ], [ -1.4714568989, 29.0927745989 ], [ -1.5863096046, 29.0702014305 ], [ -1.7010588957, 29.0474313555 ], [ -1.8157039926, 29.0244647868 ], [ -1.9302441204, 29.0013021401 ], [ -2.0446785089, 28.9779438341 ], [ -2.1590063927, 28.9543902903 ], [ -2.2732270115, 28.9306419332 ], [ -2.3873396094, 28.9066991898 ], [ -2.5013434356, 28.8825624901 ], [ -2.6152377443, 28.8582322669 ], [ -2.7290217942, 28.8337089556 ], [ -2.8426948494, 28.8089929944 ], [ -2.9562561785, 28.7840848241 ], [ -3.0697050553, 28.7589848883 ], [ -3.1830407585, 28.7336936331 ], [ -3.2962625717, 28.7082115073 ], [ -3.4093697837, 28.6825389622 ], [ -3.5223616881, 28.656676452 ], [ -3.6352375836, 28.6306244329 ], [ -3.747996774, 28.6043833641 ], [ -3.8606385681, 28.577953707 ], [ -3.9731622798, 28.5513359256 ], [ -4.0855672279, 28.5245304864 ], [ -4.1978527367, 28.4975378582 ], [ -4.3100181352, 28.4703585122 ], [ -4.4220627576, 28.442992922 ], [ -4.5339859435, 28.4154415637 ], [ -4.6457870373, 28.3877049155 ], [ -4.7574653888, 28.3597834579 ], [ -4.8690203527, 28.3316776739 ], [ -4.9804512891, 28.3033880485 ], [ -5.0917575632, 28.2749150691 ], [ -5.2029385453, 28.2462592252 ], [ -5.313993611, 28.2174210086 ], [ -5.4249221411, 28.188400913 ], [ -5.5357235215, 28.1591994344 ], [ -5.6463971434, 28.129817071 ], [ -5.7569424032, 28.1002543228 ], [ -5.8673587025, 28.0705116921 ], [ -5.9776454482, 28.040589683 ], [ -6.0878020522, 28.0104888019 ], [ -6.197827932, 27.9802095569 ], [ -6.3077225101, 27.9497524582 ], [ -6.4174852142, 27.9191180177 ], [ -6.5271154773, 27.8883067496 ], [ -6.6366127379, 27.8573191696 ], [ -6.7459764393, 27.8261557954 ], [ -6.8552060304, 27.7948171466 ], [ -6.9643009652, 27.7633037444 ], [ -7.0732607029, 27.731616112 ], [ -7.1820847081, 27.6997547742 ], [ -7.2907724506, 27.6677202575 ], [ -7.3993234054, 27.6355130903 ], [ -7.5077370527, 27.6031338025 ], [ -7.6160128781, 27.5705829257 ], [ -7.7241503724, 27.537860993 ], [ -7.8321490315, 27.5049685394 ], [ -7.9400083568, 27.4719061011 ], [ -8.0477278546, 27.4386742163 ], [ -8.1553070368, 27.4052734242 ], [ -8.2627454202, 27.371704266 ], [ -8.3700425271, 27.3379672841 ], [ -8.4771978848, 27.3040630224 ], [ -8.5842110259, 27.2699920262 ], [ -8.6910814882, 27.2357548423 ], [ -8.7978088148, 27.2013520189 ], [ -8.9043925538, 27.1667841053 ], [ -9.0108322587, 27.1320516525 ], [ -9.1171274881, 27.0971552125 ], [ -9.2232778056, 27.0620953388 ], [ -9.3292827803, 27.026872586 ], [ -9.4351419862, 26.99148751 ], [ -9.5408550026, 26.9559406681 ], [ -9.6464214138, 26.9202326184 ], [ -9.7518408094, 26.8843639205 ], [ -9.857112784, 26.8483351349 ], [ -9.9622369373, 26.8121468235 ], [ -10.0672128742, 26.7757995489 ], [ -10.1720402047, 26.7392938753 ], [ -10.2767185437, 26.7026303674 ], [ -10.3812475115, 26.6658095912 ], [ -10.4856267331, 26.6288321138 ], [ -10.5898558388, 26.591698503 ], [ -10.6939344638, 26.5544093279 ], [ -10.7978622484, 26.5169651581 ], [ -10.901638838, 26.4793665645 ], [ -11.0052638827, 26.4416141187 ], [ -11.1087370378, 26.4037083931 ], [ -11.2120579637, 26.3656499612 ], [ -11.3152263254, 26.327439397 ], [ -11.4182417933, 26.2890772755 ], [ -11.5211040423, 26.2505641724 ], [ -11.6238127524, 26.2119006643 ], [ -11.7263676086, 26.1730873282 ], [ -11.8287683006, 26.1341247421 ], [ -11.9310145231, 26.0950134846 ], [ -12.0331059756, 26.0557541349 ], [ -12.1350423625, 26.016347273 ], [ -12.236823393, 25.9767934793 ], [ -12.3384487809, 25.9370933349 ], [ -12.4399182452, 25.8972474215 ], [ -12.5412315093, 25.8572563214 ], [ -12.6423883016, 25.8171206173 ], [ -12.7433883552, 25.7768408925 ], [ -12.8442314077, 25.7364177308 ], [ -12.9449172017, 25.6958517165 ], [ -13.0454454843, 25.6551434341 ], [ -13.1458160074, 25.6142934689 ], [ -13.2460285275, 25.5733024063 ], [ -13.3460828056, 25.5321708323 ], [ -13.4459786076, 25.4908993331 ], [ -13.5457157037, 25.4494884954 ], [ -13.6452938689, 25.4079389061 ], [ -13.7447128826, 25.3662511525 ], [ -13.8439725288, 25.3244258221 ], [ -13.9430725961, 25.2824635027 ], [ -14.0420128774, 25.2403647825 ], [ -14.1407931702, 25.1981302495 ], [ -14.2394132766, 25.1557604924 ], [ -14.3378730028, 25.1132560999 ], [ -14.4361721598, 25.0706176607 ], [ -14.5343105627, 25.0278457638 ], [ -14.6322880311, 24.9849409984 ], [ -14.730104389, 24.9419039537 ], [ -14.8277594646, 24.898735219 ], [ -14.9252530905, 24.8554353838 ], [ -15.0225851036, 24.8120050374 ], [ -15.1197553451, 24.7684447693 ], [ -15.2167636603, 24.7247551692 ], [ -15.313609899, 24.6809368263 ], [ -15.4102939149, 24.6369903304 ], [ -15.506815566, 24.5929162707 ], [ -15.6031747146, 24.5487152368 ], [ -15.699371227, 24.5043878178 ], [ -15.7954049736, 24.4599346031 ], [ -15.891275829, 24.4153561818 ], [ -15.9869836718, 24.3706531429 ], [ -16.0825283846, 24.3258260752 ], [ -16.1779098542, 24.2808755675 ], [ -16.2731279712, 24.2358022082 ], [ -16.3681826304, 24.1906065857 ], [ -16.4630737304, 24.1452892882 ], [ -16.5578011737, 24.0998509035 ], [ -16.6523648669, 24.0542920193 ], [ -16.7467647203, 24.008613223 ], [ -16.8410006483, 23.9628151016 ], [ -16.9350725688, 23.9168982421 ], [ -17.0289804039, 23.870863231 ], [ -17.1227240793, 23.8247106544 ], [ -17.2163035244, 23.7784410983 ], [ -17.3097186726, 23.732055148 ], [ -17.4029694607, 23.6855533889 ], [ -17.4960558295, 23.6389364056 ], [ -17.5889777233, 23.5922047824 ], [ -17.6817350902, 23.5453591034 ], [ -17.7743278818, 23.498399952 ], [ -17.8667560533, 23.4513279113 ], [ -17.9590195637, 23.4041435639 ], [ -18.0511183753, 23.3568474919 ], [ -18.1430524541, 23.309440277 ], [ -18.2348217695, 23.2619225002 ], [ -18.3264262945, 23.2142947424 ], [ -18.4178660056, 23.1665575834 ], [ -18.5091408825, 23.1187116029 ], [ -18.6002509086, 23.0707573798 ], [ -18.6911960706, 23.0226954926 ], [ -18.7819763584, 22.974526519 ], [ -18.8725917656, 22.9262510364 ], [ -18.9630422888, 22.8778696213 ], [ -19.053327928, 22.8293828498 ], [ -19.1434486866, 22.7807912971 ], [ -19.233404571, 22.7320955379 ], [ -19.3231955911, 22.6832961464 ], [ -19.4128217599, 22.6343936958 ], [ -19.5022830934, 22.5853887588 ], [ -19.5915796111, 22.5362819073 ], [ -19.6807113353, 22.4870737128 ], [ -19.7696782916, 22.4377647455 ], [ -19.8584805087, 22.3883555754 ], [ -19.9471180182, 22.3388467714 ], [ -20.0355908548, 22.2892389019 ], [ -20.1238990564, 22.2395325343 ], [ -20.2120426636, 22.1897282353 ], [ -20.3000217202, 22.1398265708 ], [ -20.3878362727, 22.089828106 ], [ -20.4754863708, 22.0397334051 ], [ -20.5629720669, 21.9895430316 ], [ -20.6502934162, 21.9392575481 ], [ -20.737450477, 21.8888775163 ], [ -20.8244433103, 21.8384034971 ], [ -20.9112719798, 21.7878360506 ], [ -20.9979365521, 21.7371757359 ], [ -21.0844370966, 21.6864231113 ], [ -21.1707736852, 21.6355787339 ], [ -21.2569463926, 21.5846431604 ], [ -21.3429552965, 21.5336169462 ], [ -21.4288004767, 21.4825006458 ], [ -21.5144820161, 21.4312948128 ], [ -21.6, 21.38 ], [ -21.6549987588, 21.459799126 ], [ -21.7101614435, 21.5396232374 ], [ -21.7654886854, 21.6194719976 ], [ -21.8209811181, 21.6993450677 ], [ -21.8766393782, 21.7792421067 ], [ -21.9324641044, 21.8591627711 ], [ -21.9884559383, 21.9391067152 ], [ -22.0446155239, 22.019073591 ], [ -22.1009435077, 22.0990630482 ], [ -22.1574405391, 22.179074734 ], [ -22.2141072698, 22.2591082935 ], [ -22.2709443541, 22.3391633692 ], [ -22.327952449, 22.4192396014 ], [ -22.3851322141, 22.4993366279 ], [ -22.4424843117, 22.5794540842 ], [ -22.5000094064, 22.6595916033 ], [ -22.5577081658, 22.739748816 ], [ -22.6155812598, 22.8199253503 ], [ -22.6736293612, 22.9001208321 ], [ -22.7318531453, 22.9803348846 ], [ -22.7902532901, 23.0605671288 ], [ -22.8488304762, 23.140817183 ], [ -22.9075853868, 23.2210846631 ], [ -22.9665187079, 23.3013691825 ], [ -23.025631128, 23.3816703521 ], [ -23.0849233384, 23.4619877802 ], [ -23.1443960331, 23.5423210727 ], [ -23.2040499086, 23.6226698327 ], [ -23.2638856642, 23.7030336611 ], [ -23.3239040018, 23.783412156 ], [ -23.3841056262, 23.863804913 ], [ -23.4444912447, 23.9442115249 ], [ -23.5050615672, 24.0246315822 ], [ -23.5658173066, 24.1050646726 ], [ -23.6267591783, 24.1855103812 ], [ -23.6878879003, 24.2659682905 ], [ -23.7492041937, 24.3464379802 ], [ -23.8107087818, 24.4269190275 ], [ -23.8724023911, 24.5074110068 ], [ -23.9342857505, 24.58791349 ], [ -23.9963595917, 24.6684260459 ], [ -24.0586246492, 24.748948241 ], [ -24.1210816601, 24.8294796389 ], [ -24.1837313644, 24.9100198004 ], [ -24.2465745045, 24.9905682836 ], [ -24.309611826, 25.0711246437 ], [ -24.3728440769, 25.1516884335 ], [ -24.436272008, 25.2322592025 ], [ -24.4998963729, 25.3128364978 ], [ -24.5637179278, 25.3934198634 ], [ -24.6277374318, 25.4740088405 ], [ -24.6919556467, 25.5546029678 ], [ -24.7563733369, 25.6352017806 ], [ -24.8209912698, 25.7158048118 ], [ -24.8858102153, 25.796411591 ], [ -24.9508309461, 25.8770216453 ], [ -25.0160542377, 25.9576344986 ], [ -25.0814808684, 26.038249672 ], [ -25.147111619, 26.1188666835 ], [ -25.2129472732, 26.1994850485 ], [ -25.2789886175, 26.2801042791 ], [ -25.3452364411, 26.3607238846 ], [ -25.4116915357, 26.4413433711 ], [ -25.4783546961, 26.521962242 ], [ -25.5452267195, 26.6025799975 ], [ -25.6123084062, 26.6831961347 ], [ -25.6796005588, 26.7638101478 ], [ -25.7471039829, 26.8444215279 ], [ -25.8148194868, 26.925029763 ], [ -25.8827478814, 27.005634338 ], [ -25.9508899804, 27.0862347349 ], [ -26.0192466001, 27.1668304322 ], [ -26.0878185598, 27.2474209056 ], [ -26.1566066811, 27.3280056276 ], [ -26.2256117887, 27.4085840674 ], [ -26.2948347095, 27.4891556912 ], [ -26.3642762736, 27.569719962 ], [ -26.4339373135, 27.6502763396 ], [ -26.5038186644, 27.7308242804 ], [ -26.5739211641, 27.8113632379 ], [ -26.6442456534, 27.8918926621 ], [ -26.7147929753, 27.972412 ], [ -26.7855639758, 28.0529206951 ], [ -26.8565595033, 28.1334181877 ], [ -26.9277804091, 28.2139039149 ], [ -26.9992275468, 28.2943773104 ], [ -27.0709017728, 28.3748378047 ], [ -27.1428039462, 28.4552848248 ], [ -27.2149349286, 28.5357177944 ], [ -27.2872955841, 28.6161361341 ], [ -27.3598867795, 28.6965392608 ], [ -27.4327093842, 28.7769265881 ], [ -27.5057642701, 28.8572975262 ], [ -27.5790523115, 28.9376514821 ], [ -27.6525743856, 29.0179878591 ], [ -27.7263313718, 29.0983060572 ], [ -27.8003241521, 29.1786054729 ], [ -27.8745536111, 29.2588854992 ], [ -27.9490206359, 29.3391455257 ], [ -28.0237261159, 29.4193849385 ], [ -28.0986709431, 29.4996031202 ], [ -28.1738560118, 29.5797994497 ], [ -28.249282219, 29.6599733026 ], [ -28.324950464, 29.7401240509 ], [ -28.4008616483, 29.8202510629 ], [ -28.4770166761, 29.9003537036 ], [ -28.5534164537, 29.980431334 ], [ -28.63006189, 30.0604833118 ], [ -28.7069538961, 30.1405089912 ], [ -28.7840933854, 30.2205077223 ], [ -28.8614812736, 30.300478852 ], [ -28.9391184788, 30.3804217234 ], [ -29.0170059213, 30.4603356759 ], [ -29.0951445236, 30.5402200451 ], [ -29.1735352103, 30.6200741632 ], [ -29.2521789086, 30.6998973584 ], [ -29.3310765475, 30.7796889554 ], [ -29.4102290582, 30.8594482749 ], [ -29.4896373743, 30.9391746341 ], [ -29.5693024312, 31.0188673464 ], [ -29.6492251666, 31.0985257212 ], [ -29.7294065202, 31.1781490644 ], [ -29.8098474337, 31.2577366779 ], [ -29.8905488508, 31.3372878599 ], [ -29.9715117172, 31.4168019047 ], [ -30.0527369807, 31.4962781027 ], [ -30.1342255908, 31.5757157407 ], [ -30.2159784992, 31.6551141012 ], [ -30.2979966591, 31.7344724632 ], [ -30.3802810259, 31.8137901017 ], [ -30.4628325567, 31.8930662877 ], [ -30.5456522102, 31.9723002884 ], [ -30.6287409472, 32.0514913669 ], [ -30.7120997299, 32.1306387825 ], [ -30.7957295224, 32.2097417906 ], [ -30.8796312904, 32.2887996424 ], [ -30.9638060012, 32.3678115854 ], [ -31.0482546237, 32.4467768627 ], [ -31.1329781285, 32.5256947139 ], [ -31.2179774874, 32.6045643742 ], [ -31.303253674, 32.6833850749 ], [ -31.3888076631, 32.7621560433 ], [ -31.4746404311, 32.8408765026 ], [ -31.5607529557, 32.9195456718 ], [ -31.647146216, 32.998162766 ], [ -31.7338211921, 33.0767269962 ], [ -31.8207788657, 33.1552375693 ], [ -31.9080202195, 33.2336936879 ], [ -31.9955462375, 33.3120945507 ], [ -32.0833579046, 33.3904393521 ], [ -32.1714562071, 33.4687272826 ], [ -32.2598421319, 33.5469575281 ], [ -32.3485166673, 33.6251292708 ], [ -32.4374808022, 33.7032416885 ], [ -32.5267355267, 33.7812939548 ], [ -32.6162818314, 33.8592852392 ], [ -32.706120708, 33.9372147067 ], [ -32.7962531487, 34.0150815186 ], [ -32.8866801465, 34.0928848314 ], [ -32.977402695, 34.1706237978 ], [ -33.0684217884, 34.248297566 ], [ -33.1597384213, 34.3259052799 ], [ -33.2513535891, 34.4034460795 ], [ -33.3432682872, 34.4809191001 ], [ -33.4354835116, 34.5583234729 ], [ -33.5280002585, 34.6356583247 ], [ -33.6208195243, 34.7129227782 ], [ -33.7139423059, 34.7901159516 ], [ -33.8073695998, 34.8672369588 ], [ -33.9011024029, 34.9442849094 ], [ -33.9951417121, 35.0212589087 ], [ -34.089488524, 35.0981580576 ], [ -34.1841438352, 35.1749814526 ], [ -34.2791086421, 35.251728186 ], [ -34.3743839408, 35.3283973456 ], [ -34.469970727, 35.4049880148 ], [ -34.5658699961, 35.4814992726 ], [ -34.662082743, 35.5579301938 ], [ -34.758609962, 35.6342798486 ], [ -34.8554526466, 35.7105473029 ], [ -34.95261179, 35.7867316181 ], [ -35.0500883842, 35.8628318513 ], [ -35.1478834206, 35.9388470552 ], [ -35.2459978896, 36.0147762778 ], [ -35.3444327807, 36.090618563 ], [ -35.4431890819, 36.1663729501 ], [ -35.5422677806, 36.2420384741 ], [ -35.6416698625, 36.3176141652 ], [ -35.7413963121, 36.3930990496 ], [ -35.8414481126, 36.4684921488 ], [ -35.9418262455, 36.5437924799 ], [ -36.0425316908, 36.6189990555 ], [ -36.1435654268, 36.6941108838 ], [ -36.2449284301, 36.7691269684 ], [ -36.3466216751, 36.8440463087 ], [ -36.4486461347, 36.9188678993 ], [ -36.5510027795, 36.9935907307 ], [ -36.6536925779, 37.0682137886 ], [ -36.7567164962, 37.1427360544 ], [ -36.8600754982, 37.2171565049 ], [ -36.9637705455, 37.2914741126 ], [ -37.0678025968, 37.3656878455 ], [ -37.1721726085, 37.4397966669 ], [ -37.276881534, 37.5137995359 ], [ -37.3819303241, 37.5876954071 ], [ -37.4873199263, 37.6614832304 ], [ -37.5930512854, 37.7351619514 ], [ -37.6991253427, 37.8087305114 ], [ -37.8055430365, 37.8821878469 ], [ -37.9123053016, 37.9555328901 ], [ -38.0194130691, 38.0287645688 ], [ -38.1268672668, 38.1018818063 ], [ -38.2346688185, 38.1748835214 ], [ -38.3428186443, 38.2477686286 ], [ -38.4513176603, 38.3205360377 ], [ -38.5601667784, 38.3931846544 ], [ -38.6693669065, 38.4657133798 ], [ -38.778918948, 38.5381211104 ], [ -38.8888238018, 38.6104067387 ], [ -38.9990823624, 38.6825691525 ], [ -39.1096955194, 38.7546072352 ], [ -39.2206641577, 38.8265198659 ], [ -39.3319891572, 38.8983059193 ], [ -39.4436713925, 38.9699642658 ], [ -39.5557117332, 39.0414937714 ], [ -39.6681110436, 39.1128932975 ], [ -39.7808701822, 39.1841617016 ], [ -39.893990002, 39.2552978366 ], [ -40.0074713503, 39.326300551 ], [ -40.1213150684, 39.3971686893 ], [ -40.2355219916, 39.4679010914 ], [ -40.3500929488, 39.5384965931 ], [ -40.4650287628, 39.6089540259 ], [ -40.5803302497, 39.6792722171 ], [ -40.6959982191, 39.7494499896 ], [ -40.8120334738, 39.8194861622 ], [ -40.9284368095, 39.8893795495 ], [ -41.0452090149, 39.9591289619 ], [ -41.1623508716, 40.0287332057 ], [ -41.2798631535, 40.0981910828 ], [ -41.3977466271, 40.1675013914 ], [ -41.5160020513, 40.2366629251 ], [ -41.6346301768, 40.3056744738 ], [ -41.7536317466, 40.3745348231 ], [ -41.8730074953, 40.4432427546 ], [ -41.9927581491, 40.511797046 ], [ -42.1128844259, 40.5801964709 ], [ -42.2333870345, 40.6484397987 ], [ -42.3542666753, 40.7165257953 ], [ -42.4755240394, 40.7844532223 ], [ -42.5971598086, 40.8522208376 ], [ -42.7191746556, 40.919827395 ], [ -42.8415692433, 40.9872716447 ], [ -42.964344225, 41.0545523329 ], [ -43.087500244, 41.1216682021 ], [ -43.2110379337, 41.1886179909 ], [ -43.334957917, 41.2554004343 ], [ -43.4592608065, 41.3220142636 ], [ -43.5839472042, 41.3884582062 ], [ -43.7090177011, 41.4547309862 ], [ -43.8344728775, 41.5208313238 ], [ -43.9603133022, 41.5867579357 ], [ -44.0865395329, 41.6525095352 ], [ -44.2131521155, 41.7180848319 ], [ -44.3401515844, 41.783482532 ], [ -44.467538462, 41.8487013383 ], [ -44.5953132583, 41.9137399502 ], [ -44.7234764715, 41.9785970635 ], [ -44.8520285867, 42.0432713712 ], [ -44.9809700767, 42.1077615625 ], [ -45.1103014013, 42.1720663236 ], [ -45.2400230072, 42.2361843375 ], [ -45.3701353275, 42.3001142841 ], [ -45.5006387824, 42.36385484 ], [ -45.6315337777, 42.4274046789 ], [ -45.7628207059, 42.4907624715 ], [ -45.894499945, 42.5539268853 ], [ -46.0265718588, 42.6168965852 ], [ -46.1590367967, 42.6796702329 ], [ -46.2918950931, 42.7422464876 ], [ -46.4251470678, 42.8046240054 ], [ -46.5587930252, 42.8668014399 ], [ -46.6928332545, 42.9287774419 ], [ -46.8272680292, 42.9905506597 ], [ -46.9620976073, 43.052119739 ], [ -47.0973222306, 43.1134833228 ], [ -47.2329421248, 43.1746400519 ], [ -47.3689574991, 43.2355885645 ], [ -47.5053685462, 43.2963274967 ], [ -47.642175442, 43.3568554821 ], [ -47.7793783454, 43.4171711521 ], [ -47.9169773978, 43.477273136 ], [ -48.0549727234, 43.537160061 ], [ -48.1933644287, 43.5968305522 ], [ -48.3321526022, 43.6562832329 ], [ -48.4713373143, 43.7155167243 ], [ -48.6109186173, 43.7745296457 ], [ -48.7508965447, 43.8333206149 ], [ -48.8912711113, 43.8918882478 ], [ -49.0320423131, 43.9502311586 ], [ -49.1732101268, 44.0083479601 ], [ -49.3147745098, 44.0662372635 ], [ -49.4567353996, 44.1238976786 ], [ -49.5990927143, 44.1813278139 ], [ -49.7418463518, 44.2385262765 ], [ -49.8849961895, 44.2954916724 ], [ -50.0285420846, 44.3522226063 ], [ -50.1724838737, 44.4087176822 ], [ -50.3168213723, 44.4649755028 ], [ -50.4615543749, 44.5209946699 ], [ -50.6066826545, 44.5767737848 ], [ -50.7522059629, 44.6323114478 ], [ -50.8981240299, 44.6876062585 ], [ -51.0444365635, 44.7426568162 ], [ -51.1911432494, 44.7974617196 ], [ -51.338243751, 44.8520195668 ], [ -51.4857377091, 44.906328956 ], [ -51.6336247418, 44.9603884847 ], [ -51.7819044442, 45.0141967507 ], [ -51.9305763881, 45.0677523516 ], [ -52.079640122, 45.1210538848 ], [ -52.2290951707, 45.1740999483 ], [ -52.3789410354, 45.22688914 ], [ -52.529177193, 45.2794200582 ], [ -52.6798030965, 45.3316913018 ], [ -52.8308181744, 45.3837014699 ], [ -52.9822218306, 45.4354491624 ], [ -53.1340134441, 45.4869329799 ], [ -53.2861923692, 45.538151524 ], [ -53.4387579349, 45.5891033967 ], [ -53.5917094447, 45.6397872017 ], [ -53.7450461769, 45.6902015432 ], [ -53.8987673838, 45.7403450269 ], [ -54.052872292, 45.7902162599 ], [ -54.2073601019, 45.8398138506 ], [ -54.3622299876, 45.889136409 ], [ -54.5174810971, 45.9381825466 ], [ -54.6731125513, 45.9869508768 ], [ -54.8291234449, 46.0354400149 ], [ -54.9855128452, 46.0836485781 ], [ -55.1422797927, 46.1315751855 ], [ -55.2994233006, 46.1792184587 ], [ -55.4569423545, 46.2265770214 ], [ -55.6148359127, 46.2736494998 ], [ -55.7731029056, 46.3204345226 ], [ -55.9317422359, 46.3669307213 ], [ -56.0907527782, 46.4131367298 ], [ -56.2501333789, 46.4590511852 ], [ -56.4098828563, 46.5046727276 ], [ -56.57, 46.55 ] ] ] } },
{ "type": "Feature", "properties": { "fid": 2, "chart": "G" }, "geometry": { "type": "Polygon", "coordinates": [ [ [ -28.37, 35.87 ], [ -28.3779571574, 35.9800908799 ], [ -28.3859520435, 36.0902862873 ], [ -28.3939849269, 36.2005861582 ], [ -28.4020560789, 36.3109904274 ], [ -28.4101657732, 36.4214990288 ], [ -28.4183142862, 36.5321118956 ], [ -28.4265018971, 36.6428289596 ], [ -28.4347288875, 36.753650152 ], [ -28.4429955419, 36.8645754029 ], [ -28.4513021474, 36.9756046415 ], [ -28.4596489941, 37.0867377959 ], [ -28.4680363747, 37.1979747932 ], [ -28.4764645849, 37.3093155598 ], [ -28.4849339231, 37.4207600209 ], [ -28.4934446907, 37.5323081006 ], [ -28.5019971921, 37.6439597223 ], [ -28.5105917347, 37.7557148082 ], [ -28.5192286287, 37.8675732796 ], [ -28.5279081877, 37.9795350567 ], [ -28.5366307281, 38.091600059 ], [ -28.5453965696, 38.2037682045 ], [ -28.554206035, 38.3160394106 ], [ -28.5630594504, 38.4284135935 ], [ -28.5719571451, 38.5408906685 ], [ -28.5808994516, 38.6534705497 ], [ -28.5898867058, 38.7661531504 ], [ -28.5989192471, 38.8789383827 ], [ -28.6079974182, 38.9918261578 ], [ -28.6171215653, 39.1048163858 ], [ -28.626292038, 39.2179089757 ], [ -28.6355091895, 39.3311038356 ], [ -28.6447733768, 39.4444008725 ], [ -28.6540849602, 39.5577999924 ], [ -28.663444304, 39.6713011 ], [ -28.672851776, 39.7849040993 ], [ -28.6823077479, 39.8986088931 ], [ -28.6918125952, 40.0124153831 ], [ -28.7013666974, 40.1263234699 ], [ -28.7109704376, 40.2403330533 ], [ -28.7206242034, 40.3544440316 ], [ -28.7303283858, 40.4686563024 ], [ -28.7400833805, 40.5829697621 ], [ -28.749889587, 40.6973843059 ], [ -28.759747409, 40.8118998282 ], [ -28.7696572545, 40.9265162219 ], [ -28.7796195359, 41.0412333793 ], [ -28.7896346697, 41.1560511912 ], [ -28.7997030773, 41.2709695475 ], [ -28.809825184, 41.3859883369 ], [ -28.82000142, 41.5011074471 ], [ -28.83023222, 41.6163267647 ], [ -28.8405180235, 41.731646175 ], [ -28.8508592744, 41.8470655625 ], [ -28.8612564217, 41.9625848102 ], [ -28.8717099191, 42.0782038003 ], [ -28.8822202253, 42.1939224137 ], [ -28.8927878039, 42.3097405303 ], [ -28.9034131235, 42.4256580287 ], [ -28.914096658, 42.5416747865 ], [ -28.9248388864, 42.65779068 ], [ -28.9356402929, 42.7740055847 ], [ -28.9465013671, 42.8903193744 ], [ -28.9574226041, 43.0067319224 ], [ -28.9684045042, 43.1232431002 ], [ -28.9794475736, 43.2398527787 ], [ -28.9905523238, 43.3565608272 ], [ -29.0017192723, 43.4733671141 ], [ -29.0129489423, 43.5902715066 ], [ -29.0242418627, 43.7072738706 ], [ -29.0355985687, 43.8243740709 ], [ -29.0470196012, 43.9415719711 ], [ -29.0585055074, 44.0588674336 ], [ -29.0700568408, 44.1762603197 ], [ -29.0816741609, 44.2937504894 ], [ -29.093358034, 44.4113378015 ], [ -29.1051090324, 44.5290221137 ], [ -29.1169277355, 44.6468032824 ], [ -29.1288147289, 44.7646811628 ], [ -29.1407706053, 44.8826556089 ], [ -29.1527959641, 45.0007264735 ], [ -29.1648914117, 45.1188936082 ], [ -29.1770575615, 45.2371568632 ], [ -29.1892950342, 45.3555160877 ], [ -29.2016044577, 45.4739711295 ], [ -29.2139864673, 45.5925218352 ], [ -29.2264417057, 45.7111680502 ], [ -29.2389708233, 45.8299096186 ], [ -29.2515744782, 45.9487463833 ], [ -29.2642533363, 46.0676781859 ], [ -29.2770080714, 46.1867048667 ], [ -29.2898393654, 46.3058262648 ], [ -29.3027479085, 46.425042218 ], [ -29.3157343989, 46.5443525628 ], [ -29.3287995435, 46.6637571344 ], [ -29.3419440577, 46.7832557669 ], [ -29.3551686655, 46.9028482928 ], [ -29.3684740998, 47.0225345435 ], [ -29.3818611024, 47.142314349 ], [ -29.3953304243, 47.2621875382 ], [ -29.4088828254, 47.3821539384 ], [ -29.4225190755, 47.5022133759 ], [ -29.4362399534, 47.6223656752 ], [ -29.4500462478, 47.7426106601 ], [ -29.4639387573, 47.8629481525 ], [ -29.4779182902, 47.9833779733 ], [ -29.4919856652, 48.1038999419 ], [ -29.5061417111, 48.2245138764 ], [ -29.5203872672, 48.3452195937 ], [ -29.5347231834, 48.466016909 ], [ -29.5491503203, 48.5869056364 ], [ -29.5636695495, 48.7078855885 ], [ -29.5782817537, 48.8289565767 ], [ -29.592987827, 48.9501184108 ], [ -29.6077886749, 49.0713708993 ], [ -29.6226852144, 49.1927138493 ], [ -29.6376783746, 49.3141470664 ], [ -29.6527690965, 49.4356703551 ], [ -29.6679583333, 49.5572835182 ], [ -29.6832470508, 49.6789863571 ], [ -29.6986362272, 49.8007786718 ], [ -29.7141268537, 49.922660261 ], [ -29.7297199346, 50.0446309218 ], [ -29.7454164873, 50.16669045 ], [ -29.7612175428, 50.2888386396 ], [ -29.7771241457, 50.4110752836 ], [ -29.7931373548, 50.5334001733 ], [ -29.8092582426, 50.6558130985 ], [ -29.8254878966, 50.7783138475 ], [ -29.8418274185, 50.9009022073 ], [ -29.858277925, 51.0235779632 ], [ -29.8748405481, 51.146340899 ], [ -29.891516435, 51.2691907971 ], [ -29.9083067487, 51.3921274384 ], [ -29.9252126682, 51.515150602 ], [ -29.9422353885, 51.6382600659 ], [ -29.9593761212, 51.7614556061 ], [ -29.9766360947, 51.8847369973 ], [ -29.9940165545, 52.0081040126 ], [ -30.0115187633, 52.1315564236 ], [ -30.0291440016, 52.2550940001 ], [ -30.0468935679, 52.3787165105 ], [ -30.0647687788, 52.5024237215 ], [ -30.0827709698, 52.6262153982 ], [ -30.100901495, 52.7500913042 ], [ -30.119161728, 52.8740512012 ], [ -30.137553062, 52.9980948497 ], [ -30.1560769101, 53.122222008 ], [ -30.1747347058, 53.2464324331 ], [ -30.1935279032, 53.3707258803 ], [ -30.2124579775, 53.4951021032 ], [ -30.2315264254, 53.6195608535 ], [ -30.2507347655, 53.7441018815 ], [ -30.2700845384, 53.8687249356 ], [ -30.2895773075, 53.9934297624 ], [ -30.3092146593, 54.1182161071 ], [ -30.3289982037, 54.2430837126 ], [ -30.3489295746, 54.3680323207 ], [ -30.3690104302, 54.4930616707 ], [ -30.3892424534, 54.6181715008 ], [ -30.4096273527, 54.7433615468 ], [ -30.4301668622, 54.8686315431 ], [ -30.450862742, 54.9939812221 ], [ -30.4717167794, 55.1194103143 ], [ -30.4927307886, 55.2449185484 ], [ -30.5139066117, 55.3705056513 ], [ -30.5352461191, 55.4961713478 ], [ -30.5567512101, 55.6219153609 ], [ -30.5784238133, 55.7477374119 ], [ -30.6002658873, 55.8736372197 ], [ -30.6222794212, 55.9996145016 ], [ -30.6444664355, 56.1256689728 ], [ -30.6668289821, 56.2518003465 ], [ -30.6893691455, 56.3780083339 ], [ -30.7120890432, 56.5042926442 ], [ -30.7349908265, 56.6306529845 ], [ -30.7580766807, 56.7570890598 ], [ -30.7813488264, 56.8836005731 ], [ -30.80480952, 57.0101872253 ], [ -30.8284610541, 57.1368487151 ], [ -30.8523057587, 57.2635847391 ], [ -30.8763460017, 57.3903949916 ], [ -30.9005841897, 57.5172791649 ], [ -30.9250227688, 57.644236949 ], [ -30.9496642254, 57.7712680316 ], [ -30.9745110871, 57.8983720982 ], [ -30.9995659235, 58.025548832 ], [ -31.0248313471, 58.1527979139 ], [ -31.0503100142, 58.2801190224 ], [ -31.0760046256, 58.4075118337 ], [ -31.1019179279, 58.5349760215 ], [ -31.1280527143, 58.6625112572 ], [ -31.1544118256, 58.7901172098 ], [ -31.1809981511, 58.9177935456 ], [ -31.2078146298, 59.0455399286 ], [ -31.2348642514, 59.1733560201 ], [ -31.2621500572, 59.3012414789 ], [ -31.2896751419, 59.4291959612 ], [ -31.3174426537, 59.5572191206 ], [ -31.3454557964, 59.685310608 ], [ -31.3737178302, 59.8134700715 ], [ -31.4022320731, 59.9416971565 ], [ -31.4310019017, 60.0699915057 ], [ -31.4600307534, 60.1983527589 ], [ -31.4893221269, 60.3267805531 ], [ -31.5188795839, 60.4552745224 ], [ -31.5487067509, 60.5838342978 ], [ -31.57880732, 60.7124595075 ], [ -31.6091850506, 60.8411497766 ], [ -31.6398437713, 60.9699047272 ], [ -31.6707873811, 61.0987239782 ], [ -31.702019851, 61.2276071453 ], [ -31.7335452261, 61.356553841 ], [ -31.7653676268, 61.4855636747 ], [ -31.7974912508, 61.6146362523 ], [ -31.829920375, 61.7437711763 ], [ -31.862659357, 61.872968046 ], [ -31.8957126375, 62.0022264569 ], [ -31.9290847421, 62.1315460013 ], [ -31.9627802829, 62.2609262677 ], [ -31.9968039614, 62.3903668409 ], [ -32.0311605698, 62.5198673021 ], [ -32.0658549939, 62.6494272287 ], [ -32.1008922148, 62.779046194 ], [ -32.1362773116, 62.9087237679 ], [ -32.1720154637, 63.0384595156 ], [ -32.2081119534, 63.1682529989 ], [ -32.2445721682, 63.2981037751 ], [ -32.2814016035, 63.4280113972 ], [ -32.3186058653, 63.5579754141 ], [ -32.3561906733, 63.6879953703 ], [ -32.3941618632, 63.8180708057 ], [ -32.4325253902, 63.9482012557 ], [ -32.4712873315, 64.078386251 ], [ -32.5104538901, 64.2086253177 ], [ -32.5500313973, 64.3389179769 ], [ -32.5900263166, 64.4692637448 ], [ -32.6304452469, 64.5996621326 ], [ -32.6712949261, 64.7301126463 ], [ -32.7125822346, 64.8606147866 ], [ -32.7543141994, 64.991168049 ], [ -32.7964979976, 65.1217719232 ], [ -32.8391409607, 65.2524258936 ], [ -32.8822505786, 65.3831294388 ], [ -32.925834504, 65.5138820312 ], [ -32.9699005567, 65.6446831377 ], [ -33.014456728, 65.7755322187 ], [ -33.0595111859, 65.9064287285 ], [ -33.1050722793, 66.0373721148 ], [ -33.1511485438, 66.168361819 ], [ -33.1977487061, 66.2993972754 ], [ -33.2448816899, 66.4304779117 ], [ -33.292556621, 66.5616031485 ], [ -33.3407828337, 66.6927723989 ], [ -33.3895698758, 66.8239850688 ], [ -33.4389275157, 66.9552405565 ], [ -33.4888657479, 67.0865382525 ], [ -33.5393948001, 67.217877539 ], [ -33.5905251395, 67.3492577905 ], [ -33.6422674804, 67.4806783727 ], [ -33.694632791, 67.6121386427 ], [ -33.747632301, 67.7436379488 ], [ -33.8012775095, 67.8751756302 ], [ -33.8555801929, 68.0067510167 ], [ -33.9105524133, 68.1383634284 ], [ -33.9662065274, 68.2700121758 ], [ -34.0225551948, 68.4016965588 ], [ -34.0796113881, 68.5334158672 ], [ -34.1373884019, 68.66516938 ], [ -34.1958998629, 68.796956365 ], [ -34.2551597405, 68.9287760788 ], [ -34.3151823574, 69.0606277662 ], [ -34.3759824006, 69.1925106599 ], [ -34.4375749328, 69.3244239804 ], [ -34.499975405, 69.4563669352 ], [ -34.5631996684, 69.5883387188 ], [ -34.6272639875, 69.720338512 ], [ -34.6921850533, 69.8523654818 ], [ -34.7579799978, 69.9844187805 ], [ -34.8246664077, 70.1164975459 ], [ -34.8922623403, 70.2486009001 ], [ -34.9607863383, 70.3807279496 ], [ -35.0302574468, 70.5128777845 ], [ -35.1006952296, 70.6450494781 ], [ -35.1721197872, 70.7772420862 ], [ -35.2445517751, 70.9094546466 ], [ -35.3180124225, 71.0416861785 ], [ -35.3925235526, 71.1739356821 ], [ -35.4681076028, 71.3062021374 ], [ -35.5447876465, 71.4384845042 ], [ -35.6225874155, 71.5707817208 ], [ -35.7015313233, 71.7030927036 ], [ -35.7816444891, 71.8354163464 ], [ -35.8629527637, 71.9677515191 ], [ -35.9454827556, 72.1000970675 ], [ -36.0292618589, 72.2324518121 ], [ -36.1143182816, 72.3648145471 ], [ -36.200681076, 72.4971840397 ], [ -36.2883801701, 72.6295590288 ], [ -36.3774463999, 72.7619382243 ], [ -36.4679115444, 72.8943203056 ], [ -36.5598083604, 73.026703921 ], [ -36.6531706205, 73.1590876858 ], [ -36.748033152, 73.2914701819 ], [ -36.8444318774, 73.4238499555 ], [ -36.9424038576, 73.5562255167 ], [ -37.0419873361, 73.6885953373 ], [ -37.1432217862, 73.8209578499 ], [ -37.2461479596, 73.9533114458 ], [ -37.3508079376, 74.0856544736 ], [ -37.4572451853, 74.2179852374 ], [ -37.5655046073, 74.3503019953 ], [ -37.6756326071, 74.4826029567 ], [ -37.7876771484, 74.614886281 ], [ -37.9016878207, 74.7471500754 ], [ -38.0177159067, 74.8793923924 ], [ -38.135814454, 75.0116112274 ], [ -38.2560383501, 75.1438045166 ], [ -38.378444401, 75.2759701344 ], [ -38.5030914142, 75.4081058902 ], [ -38.6300402851, 75.540209526 ], [ -38.759354089, 75.6722787131 ], [ -38.8910981766, 75.8043110493 ], [ -39.0253402758, 75.936304055 ], [ -39.1621505974, 76.0682551699 ], [ -39.3016019474, 76.2001617495 ], [ -39.4437698448, 76.3320210607 ], [ -39.5887326462, 76.4638302782 ], [ -39.736571676, 76.5955864793 ], [ -39.887371365, 76.72728664 ], [ -40.0412193955, 76.8589276298 ], [ -40.1982068551, 76.9905062062 ], [ -40.3584283983, 77.1220190097 ], [ -40.5219824177, 77.2534625577 ], [ -40.6889712244, 77.3848332382 ], [ -40.8595012389, 77.5161273033 ], [ -41.0336831923, 77.6473408626 ], [ -41.2116323393, 77.7784698752 ], [ -41.3934686837, 77.9095101424 ], [ -41.5793172166, 78.0404572993 ], [ -41.7693081681, 78.1713068055 ], [ -41.9635772746, 78.3020539364 ], [ -42.1622660612, 78.4326937728 ], [ -42.3655221407, 78.5632211903 ], [ -42.5734995312, 78.6936308481 ], [ -42.7863589915, 78.8239171768 ], [ -43.0042683778, 78.9540743659 ], [ -43.2274030215, 79.0840963496 ], [ -43.4559461295, 79.2139767928 ], [ -43.6900892101, 79.3437090749 ], [ -43.9300325238, 79.4732862737 ], [ -44.1759855623, 79.6027011472 ], [ -44.4281675576, 79.7319461149 ], [ -44.6868080218, 79.8610132374 ], [ -44.952147321, 79.9898941945 ], [ -45.2244372846, 80.118580262 ], [ -45.5039418533, 80.2470622871 ], [ -45.7909377666, 80.3753306609 ], [ -46.0857152941, 80.5033752905 ], [ -46.3885790124, 80.6311855679 ], [ -46.69984863, 80.7587503369 ], [ -47.0198598639, 80.886057858 ], [ -47.3489653713, 81.0130957699 ], [ -47.6875357379, 81.139851049 ], [ -48.0359605276, 81.2663099649 ], [ -48.394649396, 81.3924580335 ], [ -48.7640332716, 81.5182799657 ], [ -49.144565607, 81.6437596127 ], [ -49.5367237048, 81.7688799069 ], [ -49.9410101191, 81.8936227983 ], [ -50.3579541372, 82.0179691853 ], [ -50.7881133434, 82.1418988418 ], [ -51.2320752657, 82.2653903364 ], [ -51.6904591084, 82.3884209469 ], [ -52.1639175693, 82.5109665678 ], [ -52.6531387417, 82.6330016097 ], [ -53.1588480981, 82.754498892 ], [ -53.6818105519, 82.8754295264 ], [ -54.2228325906, 82.9957627919 ], [ -54.7827644702, 83.1154659997 ], [ -55.3625024595, 83.2345043477 ], [ -55.9629911153, 83.3528407649 ], [ -56.5852255661, 83.4704357428 ], [ -57.2302537769, 83.5872471554 ], [ -57.8991787563, 83.703230066 ], [ -58.5931606609, 83.8183365203 ], [ -59.31341874, 83.9325153251 ], [ -60.0612330511, 84.0457118138 ], [ -60.8379458603, 84.1578675959 ], [ -61.644962625, 84.2689202927 ], [ -62.4837524355, 84.3788032587 ], [ -63.3558477691, 84.4874452895 ], [ -64.2628433813, 84.5947703173 ], [ -65.2063941331, 84.7006970967 ], [ -66.188211516, 84.8051388826 ], [ -67.2100586044, 84.9080031038 ], [ -68.2737431272, 85.0091910387 ], [ -69.3811083128, 85.1085974968 ], [ -70.5340211271, 85.2061105169 ], [ -71.7343574934, 85.301611089 ], [ -72.9839840611, 85.3949729137 ], [ -74.2847360817, 85.4860622131 ], [ -75.6383909649, 85.5747376101 ], [ -77.0466371263, 85.6608500946 ], [ -78.5110378196, 85.7442431018 ], [ -80.0329897705, 85.8247527248 ], [ -81.6136766182, 85.9022080891 ], [ -83.2540174205, 85.9764319185 ], [ -84.9546108063, 86.0472413184 ], [ -86.7156757619, 86.1144488048 ], [ -88.5369905077, 86.1778636013 ], [ -90.4178314396, 86.2372932202 ], [ -92.3569146486, 86.2925453363 ], [ -94.3523430375, 86.343429946 ], [ -96.4015624661, 86.3897617935 ], [ -98.5013306017, 86.4313630232 ], [ -100.6477021473, 86.4680660007 ], [ -102.8360338043, 86.4997162234 ], [ -105.0610116403, 86.5261752244 ], [ -107.3167024775, 86.547323358 ], [ -109.5966295314, 86.5630623496 ], [ -111.8938709123, 86.5733174885 ], [ -114.2011779107, 86.5780393569 ], [ -116.5111084026, 86.5772050021 ], [ -118.8161694376, 86.5708184891 ], [ -121.1089622677, 86.5589108021 ], [ -123.3823228608, 86.5415391016 ], [ -125.6294513411, 86.5187853763 ], [ -127.8440247571, 86.4907545652 ], [ -130.0202889675, 86.4575722446 ], [ -132.1531270686, 86.4193819953 ], [ -134.23810348, 86.3763425695 ], [ -136.2714843613, 86.3286249729 ], [ -138.250236332, 86.2764095728 ], [ -140.1720064099, 86.2198833194 ], [ -142.0350866557, 86.1592371563 ], [ -143.8383672291, 86.0946636718 ], [ -145.5812814809, 86.0263550231 ], [ -147.2637464037, 85.9545011514 ], [ -148.8861013143, 85.8792882865 ], [ -150.4490471198, 85.800897733 ], [ -151.9535879851, 85.7195049171 ], [ -153.4009767073, 85.635278672 ], [ -154.7926646579, 85.548380732 ], [ -156.1302567691, 85.4589654098 ], [ -157.415471737, 85.3671794267 ], [ -158.6501073856, 85.2731618709 ], [ -159.8360109648, 85.1770442592 ], [ -160.9750540458, 85.0789506802 ], [ -162.0691116124, 84.9789980007 ], [ -163.1200449118, 84.877296119 ], [ -164.1296876248, 84.7739482511 ], [ -165.099834929, 84.6690512384 ], [ -166.0322350499, 84.562695869 ], [ -166.9285829324, 84.4549672029 ], [ -167.7905156953, 84.3459448977 ], [ -168.6196095747, 84.2357035287 ], [ -169.4173780933, 84.1243129002 ], [ -170.1852712314, 84.0118383468 ], [ -170.9246754034, 83.8983410215 ], [ -171.6369140768, 83.7838781697 ], [ -172.323248892, 83.6685033898 ], [ -172.9848811675, 83.5522668787 ], [ -173.622953692, 83.4352156622 ], [ -174.2385527239, 83.3173938123 ], [ -174.8327101324, 83.1988426495 ], [ -175.4064056256, 83.0796009322 ], [ -175.9605690248, 82.9597050333 ], [ -176.4960825485, 82.8391891045 ], [ -177.0137830803, 82.7180852292 ], [ -177.5144643997, 82.5964235645 ], [ -177.9988793596, 82.4742324733 ], [ -178.4677419985, 82.3515386469 ], [ -178.9217295799, 82.2283672181 ], [ -179.3614845513, 82.1047418671 ], [ -179.7876164212, 81.9806849192 ], [ 179.7992964491, 81.8562174351 ], [ 179.398705139, 81.7313592954 ], [ 179.0100885465, 81.6061292784 ], [ 178.6329518495, 81.4805451323 ], [ 178.2668250489, 81.3546236424 ], [ 177.9112615889, 81.2283806935 ], [ 177.5658370554, 81.1018313273 ], [ 177.2301479446, 80.9749897965 ], [ 176.9038105039, 80.8478696146 ], [ 176.5864596368, 80.7204836018 ], [ 176.2777478725, 80.5928439287 ], [ 175.9773443947, 80.4649621558 ], [ 175.684934127, 80.336849271 ], [ 175.4002168721, 80.2085157245 ], [ 175.1229065014, 80.0799714607 ], [ 174.8527301921, 79.9512259486 ], [ 174.5894277096, 79.8222882096 ], [ 174.3327507318, 79.6931668443 ], [ 174.0824622132, 79.563870056 ], [ 173.8383357863, 79.4344056742 ], [ 173.6001551984, 79.3047811757 ], [ 173.3677137808, 79.1750037046 ], [ 173.1408139494, 79.0450800908 ], [ 172.919266734, 78.9150168674 ], [ 172.7028913353, 78.7848202871 ], [ 172.491514707, 78.6544963376 ], [ 172.2849711619, 78.5240507556 ], [ 172.0831020014, 78.3934890406 ], [ 171.8857551644, 78.2628164672 ], [ 171.6927848981, 78.1320380969 ], [ 171.5040514458, 78.0011587896 ], [ 171.3194207528, 77.8701832135 ], [ 171.1387641892, 77.7391158554 ], [ 170.9619582867, 77.6079610293 ], [ 170.7888844916, 77.4767228859 ], [ 170.6194289302, 77.3454054198 ], [ 170.4534821871, 77.2140124782 ], [ 170.2909390963, 77.0825477673 ], [ 170.1316985424, 76.9510148595 ], [ 169.9756632734, 76.8194172 ], [ 169.822739723, 76.6877581126 ], [ 169.6728378427, 76.5560408054 ], [ 169.5258709418, 76.4242683766 ], [ 169.381755537, 76.2924438192 ], [ 169.2404112089, 76.1605700261 ], [ 169.1017604662, 76.0286497947 ], [ 168.965728617, 75.8966858309 ], [ 168.8322436466, 75.7646807535 ], [ 168.7012361008, 75.6326370983 ], [ 168.5726389764, 75.5005573212 ], [ 168.4463876161, 75.3684438022 ], [ 168.3224196089, 75.2362988482 ], [ 168.2006746953, 75.1041246967 ], [ 168.0810946779, 74.9719235185 ], [ 167.9636233349, 74.8396974206 ], [ 167.8482063393, 74.7074484485 ], [ 167.734791181, 74.5751785894 ], [ 167.6233270928, 74.4428897743 ], [ 167.5137649805, 74.31058388 ], [ 167.4060573551, 74.1782627319 ], [ 167.3001582696, 74.0459281057 ], [ 167.1960232575, 73.9135817295 ], [ 167.0936092751, 73.7812252854 ], [ 166.9928746455, 73.648860412 ], [ 166.8937790061, 73.5164887053 ], [ 166.7962832579, 73.3841117209 ], [ 166.7003495171, 73.2517309752 ], [ 166.6059410693, 73.1193479472 ], [ 166.5130223249, 72.9869640799 ], [ 166.4215587777, 72.8545807811 ], [ 166.3315169638, 72.7221994255 ], [ 166.2428644239, 72.5898213554 ], [ 166.1555696658, 72.4574478821 ], [ 166.0696021295, 72.3250802869 ], [ 165.9849321533, 72.1927198223 ], [ 165.9015309415, 72.0603677128 ], [ 165.8193705335, 71.9280251563 ], [ 165.7384237742, 71.7956933246 ], [ 165.6586642853, 71.6633733646 ], [ 165.5800664383, 71.531066399 ], [ 165.5026053284, 71.3987735274 ], [ 165.4262567493, 71.2664958265 ], [ 165.3509971694, 71.1342343515 ], [ 165.2768037083, 71.0019901365 ], [ 165.2036541153, 70.8697641955 ], [ 165.1315267477, 70.7375575223 ], [ 165.0604005504, 70.6053710923 ], [ 164.9902550366, 70.473205862 ], [ 164.9210702688, 70.3410627704 ], [ 164.8528268407, 70.208942739 ], [ 164.7855058597, 70.0768466729 ], [ 164.7190889305, 69.9447754608 ], [ 164.6535581388, 69.8127299758 ], [ 164.5888960359, 69.6807110757 ], [ 164.5250856236, 69.5487196037 ], [ 164.4621103405, 69.4167563887 ], [ 164.3999540473, 69.2848222457 ], [ 164.3386010146, 69.1529179763 ], [ 164.2780359091, 69.0210443689 ], [ 164.218243782, 68.8892021996 ], [ 164.1592100569, 68.7573922318 ], [ 164.1009205185, 68.6256152171 ], [ 164.0433613013, 68.4938718956 ], [ 163.9865188792, 68.3621629961 ], [ 163.9303800554, 68.2304892363 ], [ 163.8749319523, 68.0988513233 ], [ 163.8201620021, 67.9672499541 ], [ 163.7660579376, 67.8356858152 ], [ 163.7126077832, 67.7041595835 ], [ 163.6597998467, 67.5726719265 ], [ 163.6076227106, 67.4412235022 ], [ 163.5560652245, 67.3098149597 ], [ 163.5051164974, 67.1784469391 ], [ 163.4547658898, 67.0471200721 ], [ 163.405003007, 66.915834982 ], [ 163.3558176922, 66.7845922839 ], [ 163.3072000193, 66.6533925851 ], [ 163.2591402869, 66.5222364849 ], [ 163.2116290118, 66.3911245753 ], [ 163.1646569231, 66.2600574409 ], [ 163.1182149561, 66.1290356588 ], [ 163.0722942467, 65.9980597996 ], [ 163.0268861263, 65.8671304265 ], [ 162.9819821159, 65.7362480965 ], [ 162.9375739214, 65.6054133598 ], [ 162.8936534283, 65.4746267602 ], [ 162.8502126972, 65.3438888353 ], [ 162.807243959, 65.2132001167 ], [ 162.7647396104, 65.08256113 ], [ 162.7226922094, 64.9519723948 ], [ 162.6810944714, 64.8214344253 ], [ 162.6399392646, 64.6909477298 ], [ 162.5992196065, 64.5605128114 ], [ 162.5589286598, 64.4301301677 ], [ 162.5190597289, 64.2998002912 ], [ 162.4796062557, 64.1695236692 ], [ 162.4405618168, 64.0393007839 ], [ 162.4019201198, 63.9091321128 ], [ 162.3636749998, 63.7790181283 ], [ 162.3258204165, 63.6489592985 ], [ 162.288350451, 63.5189560864 ], [ 162.2512593025, 63.3890089508 ], [ 162.214541286, 63.2591183458 ], [ 162.1781908288, 63.1292847215 ], [ 162.1422024682, 62.9995085233 ], [ 162.1065708485, 62.8697901927 ], [ 162.0712907188, 62.7401301669 ], [ 162.0363569298, 62.6105288791 ], [ 162.0017644323, 62.4809867586 ], [ 161.9675082738, 62.3515042308 ], [ 161.933583597, 62.2220817171 ], [ 161.899985637, 62.0927196352 ], [ 161.8667097196, 61.9634183991 ], [ 161.8337512586, 61.8341784193 ], [ 161.8011057543, 61.7050001026 ], [ 161.7687687912, 61.5758838522 ], [ 161.7367360359, 61.4468300679 ], [ 161.7050032356, 61.3178391461 ], [ 161.673566216, 61.1889114799 ], [ 161.6424208794, 61.060047459 ], [ 161.6115632032, 60.93124747 ], [ 161.5809892382, 60.802511896 ], [ 161.5506951067, 60.6738411172 ], [ 161.5206770011, 60.5452355108 ], [ 161.4909311821, 60.4166954505 ], [ 161.4614539776, 60.2882213075 ], [ 161.4322417809, 60.1598134497 ], [ 161.4032910491, 60.0314722422 ], [ 161.3745983021, 59.9031980471 ], [ 161.3461601209, 59.7749912237 ], [ 161.3179731467, 59.6468521286 ], [ 161.2900340789, 59.5187811156 ], [ 161.2623396744, 59.3907785355 ], [ 161.2348867462, 59.2628447368 ], [ 161.2076721622, 59.1349800652 ], [ 161.1806928441, 59.0071848635 ], [ 161.153945766, 58.8794594723 ], [ 161.1274279535, 58.7518042294 ], [ 161.1011364828, 58.6242194701 ], [ 161.075068479, 58.4967055273 ], [ 161.049221116, 58.3692627313 ], [ 161.0235916145, 58.2418914101 ], [ 160.9981772419, 58.1145918891 ], [ 160.9729753107, 57.9873644915 ], [ 160.9479831779, 57.860209538 ], [ 160.923198244, 57.733127347 ], [ 160.8986179521, 57.6061182347 ], [ 160.874239787, 57.4791825149 ], [ 160.8500612746, 57.3523204991 ], [ 160.8260799805, 57.2255324968 ], [ 160.80229351, 57.0988188149 ], [ 160.7786995067, 56.9721797586 ], [ 160.7552956517, 56.8456156305 ], [ 160.7320796635, 56.7191267313 ], [ 160.7090492966, 56.5927133595 ], [ 160.6862023409, 56.4663758115 ], [ 160.6635366213, 56.3401143817 ], [ 160.641049997, 56.2139293622 ], [ 160.6187403603, 56.0878210434 ], [ 160.5966056365, 55.9617897133 ], [ 160.5746437833, 55.8358356582 ], [ 160.5528527897, 55.7099591624 ], [ 160.5312306757, 55.5841605079 ], [ 160.5097754919, 55.4584399751 ], [ 160.4884853185, 55.3327978423 ], [ 160.4673582648, 55.207234386 ], [ 160.4463924692, 55.0817498806 ], [ 160.4255860979, 54.9563445988 ], [ 160.4049373448, 54.8310188112 ], [ 160.3844444309, 54.7057727869 ], [ 160.3641056039, 54.5806067928 ], [ 160.3439191374, 54.4555210941 ], [ 160.3238833308, 54.3305159542 ], [ 160.3039965084, 54.2055916348 ], [ 160.2842570196, 54.0807483955 ], [ 160.2646632376, 53.9559864945 ], [ 160.2452135595, 53.8313061881 ], [ 160.225906406, 53.7067077306 ], [ 160.2067402205, 53.5821913749 ], [ 160.1877134689, 53.457757372 ], [ 160.1688246394, 53.3334059713 ], [ 160.1500722418, 53.2091374204 ], [ 160.1314548071, 53.0849519652 ], [ 160.1129708876, 52.9608498499 ], [ 160.0946190558, 52.8368313172 ], [ 160.0763979048, 52.712896608 ], [ 160.0583060472, 52.5890459616 ], [ 160.0403421153, 52.4652796156 ], [ 160.0225047606, 52.3415978059 ], [ 160.0047926533, 52.2180007671 ], [ 159.9872044823, 52.0944887319 ], [ 159.9697389546, 51.9710619315 ], [ 159.952394795, 51.8477205954 ], [ 159.935170746, 51.7244649517 ], [ 159.9180655673, 51.6012952269 ], [ 159.9010780355, 51.4782116457 ], [ 159.8842069441, 51.3552144317 ], [ 159.8674511028, 51.2323038064 ], [ 159.8508093376, 51.1094799902 ], [ 159.8342804902, 50.9867432019 ], [ 159.817863418, 50.8640936585 ], [ 159.8015569936, 50.7415315758 ], [ 159.7853601048, 50.619057168 ], [ 159.7692716542, 50.4966706477 ], [ 159.7532905589, 50.3743722261 ], [ 159.7374157504, 50.2521621131 ], [ 159.7216461743, 50.1300405167 ], [ 159.7059807901, 50.0080076438 ], [ 159.6904185709, 49.8860636997 ], [ 159.6749585032, 49.7642088882 ], [ 159.6595995867, 49.6424434118 ], [ 159.6443408342, 49.5207674714 ], [ 159.6291812711, 49.3991812666 ], [ 159.6141199354, 49.2776849956 ], [ 159.5991558777, 49.1562788549 ], [ 159.5842881606, 49.0349630398 ], [ 159.5695158586, 48.9137377444 ], [ 159.5548380581, 48.792603161 ], [ 159.540253857, 48.6715594807 ], [ 159.5257623649, 48.5506068932 ], [ 159.5113627023, 48.4297455868 ], [ 159.4970540009, 48.3089757485 ], [ 159.4828354033, 48.1882975639 ], [ 159.4687060629, 48.0677112171 ], [ 159.4546651435, 47.9472168909 ], [ 159.4407118193, 47.826814767 ], [ 159.4268452749, 47.7065050253 ], [ 159.4130647048, 47.5862878448 ], [ 159.3993693134, 47.4661634028 ], [ 159.385758315, 47.3461318755 ], [ 159.3722309336, 47.2261934378 ], [ 159.3587864023, 47.106348263 ], [ 159.3454239638, 46.9865965235 ], [ 159.33214287, 46.8669383899 ], [ 159.3189423818, 46.7473740319 ], [ 159.3058217689, 46.6279036177 ], [ 159.29278031, 46.5085273143 ], [ 159.2798172921, 46.3892452873 ], [ 159.2669320112, 46.2700577012 ], [ 159.2541237712, 46.1509647189 ], [ 159.2413918846, 46.0319665024 ], [ 159.2287356719, 45.9130632122 ], [ 159.2161544617, 45.7942550076 ], [ 159.2036475904, 45.6755420465 ], [ 159.1912144023, 45.5569244857 ], [ 159.1788542492, 45.4384024809 ], [ 159.1665664907, 45.3199761861 ], [ 159.1543504938, 45.2016457544 ], [ 159.1422056327, 45.0834113376 ], [ 159.1301312889, 44.9652730863 ], [ 159.1181268512, 44.8472311496 ], [ 159.1061917152, 44.7292856758 ], [ 159.0943252835, 44.6114368117 ], [ 159.0825269657, 44.4936847028 ], [ 159.0707961779, 44.3760294937 ], [ 159.059132343, 44.2584713275 ], [ 159.0475348903, 44.1410103463 ], [ 159.0360032558, 44.0236466907 ], [ 159.0245368816, 43.9063805006 ], [ 159.0131352162, 43.7892119142 ], [ 159.0017977144, 43.6721410688 ], [ 158.9905238368, 43.5551681003 ], [ 158.9793130502, 43.4382931438 ], [ 158.9681648275, 43.3215163328 ], [ 158.9570786471, 43.2048377999 ], [ 158.9460539934, 43.0882576763 ], [ 158.9350903565, 42.9717760923 ], [ 158.9241872319, 42.8553931768 ], [ 158.9133441208, 42.7391090577 ], [ 158.90256053, 42.6229238617 ], [ 158.8918359713, 42.5068377143 ], [ 158.8811699622, 42.3908507399 ], [ 158.8705620252, 42.2749630618 ], [ 158.860011688, 42.159174802 ], [ 158.8495184835, 42.0434860816 ], [ 158.8390819496, 41.9278970203 ], [ 158.828701629, 41.8124077369 ], [ 158.8183770696, 41.697018349 ], [ 158.8081078239, 41.5817289731 ], [ 158.7978934491, 41.4665397244 ], [ 158.7877335075, 41.3514507173 ], [ 158.7776275655, 41.2364620647 ], [ 158.7675751945, 41.1215738789 ], [ 158.7575759702, 41.0067862706 ], [ 158.747629473, 40.8920993497 ], [ 158.7377352873, 40.7775132249 ], [ 158.7278930023, 40.6630280038 ], [ 158.7181022111, 40.548643793 ], [ 158.7083625113, 40.4343606979 ], [ 158.6986735046, 40.3201788229 ], [ 158.6890347968, 40.2060982712 ], [ 158.6794459977, 40.0921191452 ], [ 158.6699067213, 39.9782415458 ], [ 158.6604165853, 39.8644655733 ], [ 158.6509752117, 39.7507913265 ], [ 158.641582226, 39.6372189035 ], [ 158.6322372577, 39.5237484012 ], [ 158.62293994, 39.4103799154 ], [ 158.61368991, 39.2971135408 ], [ 158.6044868081, 39.1839493712 ], [ 158.5953302787, 39.0708874993 ], [ 158.5862199696, 38.9579280168 ], [ 158.5771555321, 38.8450710143 ], [ 158.5681366212, 38.7323165813 ], [ 158.5591628952, 38.6196648064 ], [ 158.5502340157, 38.5071157771 ], [ 158.5413496478, 38.39466958 ], [ 158.5325094601, 38.2823263004 ], [ 158.523713124, 38.170086023 ], [ 158.5149603147, 38.057948831 ], [ 158.5062507101, 37.945914807 ], [ 158.4975839917, 37.8339840324 ], [ 158.4889598438, 37.7221565876 ], [ 158.4803779539, 37.610432552 ], [ 158.4718380125, 37.4988120041 ], [ 158.4633397133, 37.3872950213 ], [ 158.4548827527, 37.27588168 ], [ 158.4464668302, 37.1645720557 ], [ 158.4380916483, 37.0533662229 ], [ 158.429756912, 36.9422642551 ], [ 158.4214623296, 36.8312662247 ], [ 158.4132076118, 36.7203722033 ], [ 158.4049924724, 36.6095822615 ], [ 158.3968166277, 36.4988964689 ], [ 158.3886797967, 36.3883148941 ], [ 158.3805817012, 36.2778376047 ], [ 158.3725220655, 36.1674646676 ], [ 158.3645006168, 36.0571961485 ], [ 158.3565170844, 35.9470321121 ], [ 158.3485712006, 35.8369726223 ], [ 158.3406626999, 35.7270177421 ], [ 158.3327913194, 35.6171675335 ], [ 158.3249567988, 35.5074220574 ], [ 158.3171588799, 35.3977813739 ], [ 158.3093973072, 35.2882455423 ], [ 158.3016718274, 35.1788146207 ], [ 158.2939821896, 35.0694886665 ], [ 158.2863281453, 34.9602677361 ], [ 158.2787094482, 34.851151885 ], [ 158.2711258542, 34.7421411676 ], [ 158.2635771216, 34.6332356377 ], [ 158.2560630108, 34.524435348 ], [ 158.2485832843, 34.4157403502 ], [ 158.241137707, 34.3071506954 ], [ 158.2337260459, 34.1986664335 ], [ 158.2263480698, 34.0902876137 ], [ 158.21900355, 33.9820142842 ], [ 158.2116922597, 33.8738464923 ], [ 158.204413974, 33.7657842845 ], [ 158.1971684702, 33.6578277064 ], [ 158.1899555276, 33.5499768027 ], [ 158.1827749274, 33.4422316171 ], [ 158.1756264528, 33.3345921926 ], [ 158.1685098888, 33.2270585713 ], [ 158.1614250226, 33.1196307943 ], [ 158.154371643, 33.012308902 ], [ 158.1473495407, 32.9050929339 ], [ 158.1403585085, 32.7979829286 ], [ 158.1333983408, 32.6909789238 ], [ 158.1264688338, 32.5840809564 ], [ 158.1195697855, 32.4772890625 ], [ 158.1127009959, 32.3706032773 ], [ 158.1058622664, 32.2640236352 ], [ 158.0990534004, 32.1575501696 ], [ 158.0922742028, 32.0511829133 ], [ 158.0855244804, 31.9449218981 ], [ 158.0788040415, 31.838767155 ], [ 158.0721126962, 31.7327187143 ], [ 158.0654502561, 31.6267766052 ], [ 158.0588165345, 31.5209408564 ], [ 158.0522113463, 31.4152114956 ], [ 158.045634508, 31.3095885497 ], [ 158.0390858376, 31.2040720449 ], [ 158.0325651547, 31.0986620063 ], [ 158.0260722804, 30.9933584585 ], [ 158.0196070375, 30.8881614252 ], [ 158.0131692499, 30.7830709293 ], [ 158.0067587435, 30.6780869928 ], [ 158.0003753453, 30.5732096371 ], [ 157.9940188839, 30.4684388827 ], [ 157.9876891892, 30.3637747493 ], [ 157.9813860928, 30.2592172559 ], [ 157.9751094275, 30.1547664205 ], [ 157.9688590275, 30.0504222607 ], [ 157.9626347284, 29.9461847929 ], [ 157.9564363673, 29.8420540331 ], [ 157.9502637824, 29.7380299963 ], [ 157.9441168136, 29.6341126968 ], [ 157.9379953017, 29.5303021481 ], [ 157.9318990892, 29.4265983631 ], [ 157.9258280196, 29.3230013538 ], [ 157.9197819379, 29.2195111314 ], [ 157.9137606902, 29.1161277065 ], [ 157.9077641239, 29.0128510888 ], [ 157.9017920878, 28.9096812874 ], [ 157.8958444318, 28.8066183106 ], [ 157.889921007, 28.7036621659 ], [ 157.8840216657, 28.6008128602 ], [ 157.8781462615, 28.4980703995 ], [ 157.8722946492, 28.3954347892 ], [ 157.8664666846, 28.2929060341 ], [ 157.8606622248, 28.1904841378 ], [ 157.8548811279, 28.0881691038 ], [ 157.8491232535, 27.9859609345 ], [ 157.8433884618, 27.8838596315 ], [ 157.8376766145, 27.7818651961 ], [ 157.8319875743, 27.6799776285 ], [ 157.826321205, 27.5781969284 ], [ 157.8206773714, 27.4765230948 ], [ 157.8150559395, 27.3749561258 ], [ 157.8094567763, 27.2734960191 ], [ 157.8038797498, 27.1721427716 ], [ 157.798324729, 27.0708963793 ], [ 157.7927915842, 26.9697568379 ], [ 157.7872801865, 26.8687241421 ], [ 157.7817904079, 26.767798286 ], [ 157.7763221216, 26.666979263 ], [ 157.7708752019, 26.5662670661 ], [ 157.7654495237, 26.4656616873 ], [ 157.7600449631, 26.3651631179 ], [ 157.7546613973, 26.2647713489 ], [ 157.7492987042, 26.1644863703 ], [ 157.7439567627, 26.0643081716 ], [ 157.7386354527, 25.9642367416 ], [ 157.7333346551, 25.8642720684 ], [ 157.7280542515, 25.7644141396 ], [ 157.7227941245, 25.664662942 ], [ 157.7175541577, 25.5650184617 ], [ 157.7123342355, 25.4654806845 ], [ 157.7071342431, 25.3660495951 ], [ 157.7019540668, 25.266725178 ], [ 157.6967935935, 25.1675074167 ], [ 157.6916527112, 25.0683962944 ], [ 157.6865313085, 24.9693917934 ], [ 157.6814292751, 24.8704938955 ], [ 157.6763465013, 24.7717025819 ], [ 157.6712828785, 24.6730178332 ], [ 157.6662382985, 24.5744396292 ], [ 157.6612126544, 24.4759679493 ], [ 157.6562058397, 24.3776027723 ], [ 157.6512177489, 24.2793440762 ], [ 157.6462482772, 24.1811918386 ], [ 157.6412973207, 24.0831460364 ], [ 157.6363647761, 23.9852066458 ], [ 157.631450541, 23.8873736426 ], [ 157.6265545138, 23.789647002 ], [ 157.6216765934, 23.6920266985 ], [ 157.6168166797, 23.5945127061 ], [ 157.6119746733, 23.497104998 ], [ 157.6071504753, 23.3998035472 ], [ 157.6023439879, 23.3026083258 ], [ 157.5975551137, 23.2055193055 ], [ 157.5927837562, 23.1085364574 ], [ 157.5880298195, 23.011659752 ], [ 157.5832932084, 22.9148891592 ], [ 157.5785738284, 22.8182246484 ], [ 157.5738715858, 22.7216661885 ], [ 157.5691863874, 22.6252137477 ], [ 157.5645181409, 22.5288672936 ], [ 157.5598667544, 22.4326267936 ], [ 157.5552321367, 22.3364922142 ], [ 157.5506141976, 22.2404635214 ], [ 157.5460128471, 22.1445406809 ], [ 157.541427996, 22.0487236576 ], [ 157.536859556, 21.9530124159 ], [ 157.532307439, 21.8574069197 ], [ 157.5277715577, 21.7619071325 ], [ 157.5232518256, 21.6665130172 ], [ 157.5187481566, 21.571224536 ], [ 157.5142604653, 21.4760416507 ], [ 157.5097886669, 21.3809643228 ], [ 157.505332677, 21.2859925128 ], [ 157.5008924122, 21.1911261812 ], [ 157.4964677894, 21.0963652876 ], [ 157.492058726, 21.0017097913 ], [ 157.4876651403, 20.907159651 ], [ 157.4832869509, 20.812714825 ], [ 157.4789240772, 20.7183752709 ], [ 157.4745764388, 20.6241409461 ], [ 157.4702439562, 20.5300118073 ], [ 157.4659265504, 20.4359878106 ], [ 157.4616241428, 20.342068912 ], [ 157.4573366554, 20.2482550665 ], [ 157.4530640109, 20.1545462291 ], [ 157.4488061323, 20.0609423541 ], [ 157.4445629433, 19.9674433951 ], [ 157.4403343679, 19.8740493057 ], [ 157.436120331, 19.7807600387 ], [ 157.4319207577, 19.6875755464 ], [ 157.4277355737, 19.5944957808 ], [ 157.4235647052, 19.5015206935 ], [ 157.419408079, 19.4086502353 ], [ 157.4152656222, 19.3158843569 ], [ 157.4111372626, 19.2232230084 ], [ 157.4070229284, 19.1306661393 ], [ 157.4029225483, 19.0382136989 ], [ 157.3988360513, 18.9458656359 ], [ 157.3947633673, 18.8536218985 ], [ 157.3907044263, 18.7614824347 ], [ 157.3866591589, 18.6694471918 ], [ 157.3826274962, 18.5775161168 ], [ 157.3786093697, 18.4856891562 ], [ 157.3746047114, 18.3939662561 ], [ 157.3706134537, 18.3023473622 ], [ 157.3666355295, 18.2108324197 ], [ 157.3626708721, 18.1194213733 ], [ 157.3587194153, 18.0281141676 ], [ 157.3547810934, 17.9369107464 ], [ 157.350855841, 17.8458110533 ], [ 157.3469435932, 17.7548150313 ], [ 157.3430442854, 17.6639226233 ], [ 157.3391578537, 17.5731337716 ], [ 157.3352842344, 17.4824484179 ], [ 157.3314233643, 17.3918665038 ], [ 157.3275751805, 17.3013879704 ], [ 157.3237396208, 17.2110127584 ], [ 157.319916623, 17.120740808 ], [ 157.3161061257, 17.0305720592 ], [ 157.3123080676, 16.9405064514 ], [ 157.308522388, 16.8505439237 ], [ 157.3047490264, 16.7606844148 ], [ 157.300987923, 16.6709278631 ], [ 157.297239018, 16.5812742066 ], [ 157.2935022523, 16.4917233827 ], [ 157.2897775671, 16.4022753286 ], [ 157.2860649038, 16.3129299813 ], [ 157.2823642045, 16.223687277 ], [ 157.2786754113, 16.1345471519 ], [ 157.274998467, 16.0455095417 ], [ 157.2713333145, 15.9565743817 ], [ 157.2676798974, 15.8677416068 ], [ 157.2640381593, 15.7790111517 ], [ 157.2604080444, 15.6903829506 ], [ 157.2567894971, 15.6018569373 ], [ 157.2531824623, 15.5134330455 ], [ 157.2495868851, 15.4251112082 ], [ 157.246002711, 15.3368913584 ], [ 157.242429886, 15.2487734285 ], [ 157.2388683562, 15.1607573505 ], [ 157.2353180682, 15.0728430565 ], [ 157.2317789688, 14.9850304776 ], [ 157.2282510054, 14.8973195452 ], [ 157.2247341253, 14.80971019 ], [ 157.2212282766, 14.7222023423 ], [ 157.2177334074, 14.6347959324 ], [ 157.2142494663, 14.54749089 ], [ 157.210776402, 14.4602871445 ], [ 157.2073141638, 14.3731846251 ], [ 157.2038627012, 14.2861832606 ], [ 157.2004219639, 14.1992829796 ], [ 157.1969919021, 14.11248371 ], [ 157.1935724661, 14.0257853799 ], [ 157.1901636067, 13.9391879168 ], [ 157.186765275, 13.8526912479 ], [ 157.1833774222, 13.7662953001 ], [ 157.18, 13.68 ], [ 157.0918383868, 13.6834445674 ], [ 157.0036661404, 13.6867566298 ], [ 156.9154836766, 13.6899361458 ], [ 156.8272914114, 13.6929830757 ], [ 156.7390897612, 13.6958973813 ], [ 156.6508791425, 13.6986790263 ], [ 156.5626599723, 13.7013279759 ], [ 156.4744326677, 13.7038441969 ], [ 156.3861976459, 13.7062276578 ], [ 156.2979553245, 13.7084783289 ], [ 156.2097061213, 13.7105961819 ], [ 156.1214504542, 13.7125811904 ], [ 156.0331887414, 13.7144333295 ], [ 155.9449214012, 13.7161525761 ], [ 155.8566488521, 13.7177389086 ], [ 155.7683715126, 13.7191923071 ], [ 155.6800898016, 13.7205127535 ], [ 155.5918041379, 13.7217002312 ], [ 155.5035149405, 13.7227547254 ], [ 155.4152226285, 13.7236762228 ], [ 155.3269276211, 13.7244647119 ], [ 155.2386303375, 13.7251201828 ], [ 155.1503311971, 13.7256426274 ], [ 155.0620306193, 13.726032039 ], [ 154.9737290234, 13.7262884127 ], [ 154.8854268289, 13.7264117455 ], [ 154.7971244553, 13.7264020357 ], [ 154.7088223221, 13.7262592834 ], [ 154.6205208487, 13.7259834905 ], [ 154.5322204545, 13.7255746604 ], [ 154.443921559, 13.7250327982 ], [ 154.3556245815, 13.7243579107 ], [ 154.2673299414, 13.7235500063 ], [ 154.1790380579, 13.7226090953 ], [ 154.0907493502, 13.7215351893 ], [ 154.0024642373, 13.7203283018 ], [ 153.9141831383, 13.7189884479 ], [ 153.8259064719, 13.7175156445 ], [ 153.737634657, 13.7159099099 ], [ 153.6493681122, 13.7141712643 ], [ 153.5611072558, 13.7122997293 ], [ 153.4728525061, 13.7102953286 ], [ 153.3846042814, 13.708158087 ], [ 153.2963629995, 13.7058880315 ], [ 153.2081290781, 13.7034851903 ], [ 153.1199029348, 13.7009495935 ], [ 153.0316849868, 13.698281273 ], [ 152.9434756513, 13.6954802619 ], [ 152.855275345, 13.6925465954 ], [ 152.7670844845, 13.6894803102 ], [ 152.6789034861, 13.6862814445 ], [ 152.5907327659, 13.6829500384 ], [ 152.5025727395, 13.6794861334 ], [ 152.4144238225, 13.6758897728 ], [ 152.3262864297, 13.6721610016 ], [ 152.2381609762, 13.6682998664 ], [ 152.1500478763, 13.6643064152 ], [ 152.061947544, 13.6601806979 ], [ 151.9738603932, 13.6559227661 ], [ 151.8857868372, 13.6515326728 ], [ 151.797727289, 13.6470104728 ], [ 151.7096821611, 13.6423562224 ], [ 151.6216518657, 13.6375699797 ], [ 151.5336368145, 13.6326518043 ], [ 151.445637419, 13.6276017574 ], [ 151.3576540899, 13.6224199019 ], [ 151.2696872377, 13.6171063023 ], [ 151.1817372723, 13.6116610248 ], [ 151.0938046032, 13.606084137 ], [ 151.0058896395, 13.6003757083 ], [ 150.9179927896, 13.5945358097 ], [ 150.8301144616, 13.5885645137 ], [ 150.7422550628, 13.5824618945 ], [ 150.6544150003, 13.5762280278 ], [ 150.5665946803, 13.5698629911 ], [ 150.4787945089, 13.5633668632 ], [ 150.3910148912, 13.5567397247 ], [ 150.3032562319, 13.5499816578 ], [ 150.2155189352, 13.5430927463 ], [ 150.1278034046, 13.5360730753 ], [ 150.040110043, 13.5289227319 ], [ 149.9524392526, 13.5216418044 ], [ 149.8647914352, 13.514230383 ], [ 149.7771669918, 13.5066885593 ], [ 149.6895663226, 13.4990164264 ], [ 149.6019898276, 13.4912140791 ], [ 149.5144379056, 13.4832816136 ], [ 149.426910955, 13.475219128 ], [ 149.3394093735, 13.4670267215 ], [ 149.251933558, 13.4587044952 ], [ 149.1644839048, 13.4502525515 ], [ 149.0770608094, 13.4416709946 ], [ 148.9896646666, 13.43295993 ], [ 148.9022958704, 13.4241194648 ], [ 148.8149548141, 13.4151497077 ], [ 148.7276418901, 13.4060507689 ], [ 148.6403574904, 13.3968227601 ], [ 148.5531020057, 13.3874657945 ], [ 148.4658758263, 13.3779799869 ], [ 148.3786793415, 13.3683654535 ], [ 148.2915129398, 13.3586223121 ], [ 148.2043770091, 13.3487506818 ], [ 148.117271936, 13.3387506835 ], [ 148.0301981068, 13.3286224395 ], [ 147.9431559064, 13.3183660733 ], [ 147.8561457194, 13.3079817104 ], [ 147.7691679291, 13.2974694772 ], [ 147.682222918, 13.2868295021 ], [ 147.5953110679, 13.2760619146 ], [ 147.5084327595, 13.2651668459 ], [ 147.4215883727, 13.2541444285 ], [ 147.3347782864, 13.2429947964 ], [ 147.2480028786, 13.2317180851 ], [ 147.1612625263, 13.2203144314 ], [ 147.0745576058, 13.2087839739 ], [ 146.9878884921, 13.1971268522 ], [ 146.9012555594, 13.1853432076 ], [ 146.8146591811, 13.1734331826 ], [ 146.7280997293, 13.1613969214 ], [ 146.6415775752, 13.1492345695 ], [ 146.5550930892, 13.1369462737 ], [ 146.4686466405, 13.1245321823 ], [ 146.3822385972, 13.1119924451 ], [ 146.2958693266, 13.0993272131 ], [ 146.2095391949, 13.0865366387 ], [ 146.1232485672, 13.0736208759 ], [ 146.0369978075, 13.0605800798 ], [ 145.9507872789, 13.0474144071 ], [ 145.8646173432, 13.0341240158 ], [ 145.7784883615, 13.0207090651 ], [ 145.6924006934, 13.0071697159 ], [ 145.6063546976, 12.99350613 ], [ 145.5203507318, 12.979718471 ], [ 145.4343891524, 12.9658069035 ], [ 145.3484703148, 12.9517715935 ], [ 145.2625945733, 12.9376127085 ], [ 145.1767622809, 12.9233304172 ], [ 145.0909737898, 12.9089248895 ], [ 145.0052294506, 12.8943962968 ], [ 144.9195296131, 12.8797448118 ], [ 144.8338746258, 12.8649706083 ], [ 144.7482648361, 12.8500738616 ], [ 144.6627005902, 12.8350547482 ], [ 144.577182233, 12.8199134458 ], [ 144.4917101085, 12.8046501335 ], [ 144.4062845592, 12.7892649916 ], [ 144.3209059265, 12.7737582017 ], [ 144.2355745506, 12.7581299467 ], [ 144.1502907706, 12.7423804105 ], [ 144.0650549243, 12.7265097786 ], [ 143.9798673481, 12.7105182375 ], [ 143.8947283775, 12.6944059749 ], [ 143.8096383464, 12.6781731799 ], [ 143.7245975877, 12.6618200428 ], [ 143.6396064329, 12.6453467548 ], [ 143.5546652125, 12.6287535087 ], [ 143.4697742554, 12.6120404984 ], [ 143.3849338894, 12.5952079187 ], [ 143.300144441, 12.578255966 ], [ 143.2154062354, 12.5611848375 ], [ 143.1307195965, 12.543994732 ], [ 143.046084847, 12.5266858489 ], [ 142.9615023083, 12.5092583894 ], [ 142.8769723002, 12.4917125552 ], [ 142.7924951415, 12.4740485497 ], [ 142.7080711497, 12.4562665772 ], [ 142.6237006407, 12.4383668429 ], [ 142.5393839294, 12.4203495536 ], [ 142.4551213291, 12.4022149168 ], [ 142.3709131519, 12.3839631414 ], [ 142.2867597085, 12.3655944372 ], [ 142.2026613083, 12.3471090152 ], [ 142.1186182593, 12.3285070875 ], [ 142.0346308682, 12.3097888672 ], [ 141.9506994403, 12.2909545685 ], [ 141.8668242796, 12.2720044067 ], [ 141.7830056885, 12.2529385981 ], [ 141.6992439683, 12.2337573603 ], [ 141.6155394187, 12.2144609115 ], [ 141.5318923383, 12.1950494713 ], [ 141.448303024, 12.1755232602 ], [ 141.3647717714, 12.1558824998 ], [ 141.2812988749, 12.1361274126 ], [ 141.1978846272, 12.1162582222 ], [ 141.1145293197, 12.0962751532 ], [ 141.0312332426, 12.0761784311 ], [ 140.9479966844, 12.0559682825 ], [ 140.8648199322, 12.0356449349 ], [ 140.781703272, 12.0152086169 ], [ 140.6986469879, 11.994659558 ], [ 140.615651363, 11.9739979885 ], [ 140.5327166786, 11.95322414 ], [ 140.449843215, 11.9323382447 ], [ 140.3670312506, 11.911340536 ], [ 140.2842810627, 11.890231248 ], [ 140.201592927, 11.8690106159 ], [ 140.1189671177, 11.8476788758 ], [ 140.0364039077, 11.8262362647 ], [ 139.9539035684, 11.8046830203 ], [ 139.8714663697, 11.7830193815 ], [ 139.78909258, 11.7612455879 ], [ 139.7067824664, 11.7393618801 ], [ 139.6245362944, 11.7173684995 ], [ 139.5423543281, 11.6952656883 ], [ 139.4602368301, 11.6730536897 ], [ 139.3781840614, 11.6507327477 ], [ 139.2961962818, 11.6283031071 ], [ 139.2142737495, 11.6057650135 ], [ 139.1324167211, 11.5831187134 ], [ 139.0506254518, 11.5603644542 ], [ 138.9689001955, 11.537502484 ], [ 138.8872412044, 11.5145330517 ], [ 138.8056487292, 11.491456407 ], [ 138.7241230192, 11.4682728005 ], [ 138.6426643223, 11.4449824835 ], [ 138.5612728847, 11.421585708 ], [ 138.4799489512, 11.398082727 ], [ 138.3986927652, 11.374473794 ], [ 138.3175045685, 11.3507591634 ], [ 138.2363846015, 11.3269390903 ], [ 138.1553331028, 11.3030138305 ], [ 138.07435031, 11.2789836408 ], [ 137.9934364587, 11.2548487782 ], [ 137.9125917834, 11.230609501 ], [ 137.8318165168, 11.2062660679 ], [ 137.7511108903, 11.1818187382 ], [ 137.6704751337, 11.1572677721 ], [ 137.5899094754, 11.1326134305 ], [ 137.509414142, 11.1078559749 ], [ 137.428989359, 11.0829956673 ], [ 137.3486353502, 11.0580327707 ], [ 137.2683523377, 11.0329675486 ], [ 137.1881405424, 11.0078002651 ], [ 137.1080001836, 10.982531185 ], [ 137.027931479, 10.9571605738 ], [ 136.9479346449, 10.9316886974 ], [ 136.868009896, 10.9061158226 ], [ 136.7881574456, 10.8804422167 ], [ 136.7083775054, 10.8546681475 ], [ 136.6286702856, 10.8287938835 ], [ 136.549035995, 10.8028196939 ], [ 136.4694748406, 10.7767458483 ], [ 136.3899870283, 10.750572617 ], [ 136.3105727622, 10.7243002707 ], [ 136.231232245, 10.6979290809 ], [ 136.1519656778, 10.6714593194 ], [ 136.0727732603, 10.6448912587 ], [ 135.9936551908, 10.618225172 ], [ 135.9146116657, 10.5914613326 ], [ 135.8356428803, 10.5646000147 ], [ 135.7567490281, 10.5376414929 ], [ 135.6779303015, 10.5105860422 ], [ 135.5991868909, 10.4834339384 ], [ 135.5205189855, 10.4561854574 ], [ 135.4419267729, 10.4288408759 ], [ 135.3634104392, 10.4014004709 ], [ 135.2849701692, 10.3738645201 ], [ 135.2066061459, 10.3462333013 ], [ 135.1283185509, 10.3185070931 ], [ 135.0501075644, 10.2906861743 ], [ 134.9719733651, 10.2627708245 ], [ 134.89391613, 10.2347613233 ], [ 134.8159360349, 10.206657951 ], [ 134.7380332539, 10.1784609883 ], [ 134.6602079598, 10.1501707162 ], [ 134.5824603236, 10.1217874162 ], [ 134.5047905151, 10.0933113703 ], [ 134.4271987025, 10.0647428607 ], [ 134.3496850526, 10.0360821701 ], [ 134.2722497306, 10.0073295815 ], [ 134.1948929003, 9.9784853784 ], [ 134.1176147241, 9.9495498445 ], [ 134.0404153627, 9.9205232641 ], [ 133.9632949756, 9.8914059216 ], [ 133.8862537205, 9.8621981019 ], [ 133.809291754, 9.8329000902 ], [ 133.732409231, 9.803512172 ], [ 133.6556063049, 9.7740346331 ], [ 133.5788831279, 9.7444677598 ], [ 133.5022398504, 9.7148118386 ], [ 133.4256766216, 9.6850671561 ], [ 133.3491935892, 9.6552339996 ], [ 133.2727908993, 9.6253126563 ], [ 133.1964686967, 9.595303414 ], [ 133.1202271248, 9.5652065605 ], [ 133.0440663253, 9.5350223841 ], [ 132.9679864387, 9.5047511733 ], [ 132.891987604, 9.4743932168 ], [ 132.8160699588, 9.4439488036 ], [ 132.7402336391, 9.4134182229 ], [ 132.6644787796, 9.3828017641 ], [ 132.5888055136, 9.352099717 ], [ 132.5132139728, 9.3213123715 ], [ 132.4377042878, 9.2904400177 ], [ 132.3622765875, 9.259482946 ], [ 132.2869309994, 9.2284414469 ], [ 132.2116676497, 9.1973158112 ], [ 132.1364866632, 9.1661063297 ], [ 132.0613881632, 9.1348132937 ], [ 131.9863722715, 9.1034369944 ], [ 131.9114391089, 9.0719777233 ], [ 131.8365887943, 9.040435772 ], [ 131.7618214455, 9.0088114324 ], [ 131.6871371789, 8.9771049963 ], [ 131.6125361094, 8.945316756 ], [ 131.5380183506, 8.9134470036 ], [ 131.4635840147, 8.8814960314 ], [ 131.3892332125, 8.8494641321 ], [ 131.3149660535, 8.8173515981 ], [ 131.2407826457, 8.7851587223 ], [ 131.1666830958, 8.7528857975 ], [ 131.0926675092, 8.7205331166 ], [ 131.0187359899, 8.6881009727 ], [ 130.9448886404, 8.6555896589 ], [ 130.8711255622, 8.6229994684 ], [ 130.797446855, 8.5903306945 ], [ 130.7238526175, 8.5575836306 ], [ 130.6503429469, 8.52475857 ], [ 130.5769179391, 8.4918558064 ], [ 130.5035776887, 8.4588756332 ], [ 130.4303222889, 8.425818344 ], [ 130.3571518317, 8.3926842325 ], [ 130.2840664076, 8.3594735923 ], [ 130.211066106, 8.3261867171 ], [ 130.1381510147, 8.2928239007 ], [ 130.0653212205, 8.2593854367 ], [ 129.9925768087, 8.2258716191 ], [ 129.9199178633, 8.1922827414 ], [ 129.8473444671, 8.1586190975 ], [ 129.7748567016, 8.1248809811 ], [ 129.7024546469, 8.091068686 ], [ 129.6301383819, 8.0571825059 ], [ 129.5579079842, 8.0232227346 ], [ 129.4857635302, 7.9891896656 ], [ 129.4137050949, 7.9550835927 ], [ 129.3417327521, 7.9209048095 ], [ 129.2698465744, 7.8866536095 ], [ 129.1980466329, 7.8523302863 ], [ 129.1263329978, 7.8179351333 ], [ 129.0547057377, 7.7834684439 ], [ 128.9831649203, 7.7489305114 ], [ 128.9117106117, 7.7143216292 ], [ 128.8403428771, 7.6796420905 ], [ 128.7690617802, 7.6448921882 ], [ 128.6978673836, 7.6100722155 ], [ 128.6267597487, 7.5751824653 ], [ 128.5557389356, 7.5402232304 ], [ 128.4848050033, 7.5051948035 ], [ 128.4139580094, 7.4700974773 ], [ 128.3431980106, 7.4349315443 ], [ 128.272525062, 7.3996972968 ], [ 128.2019392179, 7.3643950272 ], [ 128.1314405311, 7.3290250276 ], [ 128.0610290533, 7.2935875899 ], [ 127.9907048352, 7.258083006 ], [ 127.9204679262, 7.2225115677 ], [ 127.8503183744, 7.1868735666 ], [ 127.7802562268, 7.151169294 ], [ 127.7102815294, 7.1153990413 ], [ 127.6403943269, 7.0795630994 ], [ 127.5705946629, 7.0436617594 ], [ 127.5008825797, 7.0076953121 ], [ 127.4312581186, 6.9716640479 ], [ 127.3617213198, 6.9355682573 ], [ 127.2922722224, 6.8994082305 ], [ 127.222910864, 6.8631842576 ], [ 127.1536372816, 6.8268966283 ], [ 127.0844515108, 6.7905456323 ], [ 127.015353586, 6.754131559 ], [ 126.9463435406, 6.7176546976 ], [ 126.8774214071, 6.6811153371 ], [ 126.8085872165, 6.6445137662 ], [ 126.739840999, 6.6078502736 ], [ 126.6711827836, 6.5711251476 ], [ 126.6026125982, 6.5343386761 ], [ 126.5341304697, 6.4974911472 ], [ 126.4657364238, 6.4605828483 ], [ 126.3974304853, 6.4236140669 ], [ 126.3292126778, 6.3865850901 ], [ 126.2610830239, 6.3494962047 ], [ 126.1930415451, 6.3123476974 ], [ 126.1250882619, 6.2751398544 ], [ 126.0572231937, 6.2378729619 ], [ 125.9894463589, 6.2005473057 ], [ 125.9217577748, 6.1631631713 ], [ 125.8541574578, 6.1257208438 ], [ 125.7866454232, 6.0882206084 ], [ 125.7192216852, 6.0506627497 ], [ 125.6518862571, 6.013047552 ], [ 125.5846391512, 5.9753752995 ], [ 125.5174803787, 5.9376462759 ], [ 125.4504099498, 5.8998607648 ], [ 125.3834278739, 5.8620190492 ], [ 125.316534159, 5.8241214122 ], [ 125.2497288126, 5.7861681361 ], [ 125.183011841, 5.7481595034 ], [ 125.1163832493, 5.7100957958 ], [ 125.0498430421, 5.671977295 ], [ 124.9833912226, 5.6338042823 ], [ 124.9170277933, 5.5955770385 ], [ 124.8507527556, 5.5572958442 ], [ 124.7845661102, 5.5189609797 ], [ 124.7184678564, 5.4805727249 ], [ 124.6524579931, 5.4421313593 ], [ 124.5865365178, 5.4036371622 ], [ 124.5207034274, 5.3650904124 ], [ 124.4549587176, 5.3264913884 ], [ 124.3893023835, 5.2878403682 ], [ 124.323734419, 5.2491376298 ], [ 124.2582548171, 5.2103834503 ], [ 124.1928635702, 5.171578107 ], [ 124.1275606695, 5.1327218764 ], [ 124.0623461054, 5.0938150347 ], [ 123.9972198674, 5.054857858 ], [ 123.9321819441, 5.0158506215 ], [ 123.8672323233, 4.9767936006 ], [ 123.8023709919, 4.9376870699 ], [ 123.7375979358, 4.8985313036 ], [ 123.6729131402, 4.8593265759 ], [ 123.6083165894, 4.82007316 ], [ 123.5438082667, 4.7807713293 ], [ 123.4793881549, 4.7414213563 ], [ 123.4150562355, 4.7020235134 ], [ 123.3508124895, 4.6625780725 ], [ 123.2866568969, 4.6230853051 ], [ 123.222589437, 4.5835454822 ], [ 123.1586100882, 4.5439588743 ], [ 123.094718828, 4.5043257518 ], [ 123.0309156333, 4.4646463845 ], [ 122.9672004799, 4.4249210415 ], [ 122.903573343, 4.385149992 ], [ 122.840034197, 4.3453335043 ], [ 122.7765830155, 4.3054718464 ], [ 122.7132197711, 4.2655652861 ], [ 122.649944436, 4.2256140903 ], [ 122.5867569812, 4.1856185259 ], [ 122.5236573772, 4.145578859 ], [ 122.4606455938, 4.1054953556 ], [ 122.3977215997, 4.0653682808 ], [ 122.3348853631, 4.0251978997 ], [ 122.2721368514, 3.9849844766 ], [ 122.2094760312, 3.9447282754 ], [ 122.1469028683, 3.9044295598 ], [ 122.084417328, 3.8640885928 ], [ 122.0220193747, 3.8237056368 ], [ 121.9597089719, 3.783280954 ], [ 121.8974860827, 3.7428148059 ], [ 121.8353506692, 3.7023074539 ], [ 121.773302693, 3.6617591584 ], [ 121.7113421149, 3.6211701797 ], [ 121.649468895, 3.5805407774 ], [ 121.5876829926, 3.5398712108 ], [ 121.5259843664, 3.4991617386 ], [ 121.4643729744, 3.458412619 ], [ 121.402848774, 3.4176241097 ], [ 121.3414117217, 3.376796468 ], [ 121.2800617735, 3.3359299507 ], [ 121.2187988847, 3.2950248139 ], [ 121.1576230098, 3.2540813134 ], [ 121.0965341028, 3.2130997044 ], [ 121.035532117, 3.1720802417 ], [ 120.974617005, 3.1310231796 ], [ 120.9137887188, 3.0899287716 ], [ 120.8530472096, 3.0487972711 ], [ 120.7923924282, 3.0076289306 ], [ 120.7318243246, 2.9664240025 ], [ 120.6713428482, 2.9251827383 ], [ 120.6109479479, 2.8839053891 ], [ 120.5506395717, 2.8425922057 ], [ 120.4904176672, 2.8012434381 ], [ 120.4302821814, 2.7598593359 ], [ 120.3702330605, 2.7184401481 ], [ 120.3102702503, 2.6769861233 ], [ 120.2503936959, 2.6354975094 ], [ 120.1906033418, 2.5939745538 ], [ 120.130899132, 2.5524175036 ], [ 120.0712810097, 2.5108266052 ], [ 120.0117489178, 2.4692021043 ], [ 119.9523027983, 2.4275442462 ], [ 119.892942593, 2.3858532759 ], [ 119.8336682429, 2.3441294375 ], [ 119.7744796884, 2.3023729747 ], [ 119.7153768695, 2.2605841306 ], [ 119.6563597254, 2.2187631479 ], [ 119.5974281951, 2.1769102687 ], [ 119.5385822167, 2.1350257344 ], [ 119.4798217281, 2.093109786 ], [ 119.4211466663, 2.051162664 ], [ 119.362556968, 2.0091846081 ], [ 119.3040525693, 1.9671758578 ], [ 119.2456334058, 1.9251366517 ], [ 119.1872994126, 1.8830672281 ], [ 119.1290505242, 1.8409678246 ], [ 119.0708866747, 1.7988386782 ], [ 119.0128077976, 1.7566800256 ], [ 118.9548138259, 1.7144921026 ], [ 118.8969046921, 1.6722751447 ], [ 118.8390803282, 1.6300293868 ], [ 118.7813406659, 1.587755063 ], [ 118.7236856361, 1.545452407 ], [ 118.6661151694, 1.5031216522 ], [ 118.6086291959, 1.4607630309 ], [ 118.5512276452, 1.4183767752 ], [ 118.4939104464, 1.3759631166 ], [ 118.4366775283, 1.3335222858 ], [ 118.3795288189, 1.2910545133 ], [ 118.3224642461, 1.2485600287 ], [ 118.2654837372, 1.2060390611 ], [ 118.208587219, 1.1634918392 ], [ 118.1517746178, 1.1209185909 ], [ 118.0950458597, 1.0783195437 ], [ 118.0384008702, 1.0356949244 ], [ 117.9818395743, 0.9930449592 ], [ 117.9253618966, 0.9503698738 ], [ 117.8689677615, 0.9076698934 ], [ 117.8126570927, 0.8649452424 ], [ 117.7564298135, 0.8221961449 ], [ 117.700285847, 0.7794228241 ], [ 117.6442251156, 0.7366255029 ], [ 117.5882475416, 0.6938044034 ], [ 117.5323530466, 0.6509597473 ], [ 117.476541552, 0.6080917555 ], [ 117.4208129788, 0.5652006485 ], [ 117.3651672474, 0.5222866463 ], [ 117.309604278, 0.4793499679 ], [ 117.2541239905, 0.4363908321 ], [ 117.1987263042, 0.3934094571 ], [ 117.143411138, 0.3504060602 ], [ 117.0881784107, 0.3073808585 ], [ 117.0330280406, 0.2643340682 ], [ 116.9779599454, 0.221265905 ], [ 116.9229740428, 0.1781765842 ], [ 116.8680702499, 0.1350663202 ], [ 116.8132484836, 0.091935327 ], [ 116.7585086603, 0.0487838179 ], [ 116.7038506962, 0.0056120058 ], [ 116.6492745069, -0.0375798971 ], [ 116.594780008, -0.0807916794 ], [ 116.5403671146, -0.1240231299 ], [ 116.4860357414, -0.1672740384 ], [ 116.4317858028, -0.2105441949 ], [ 116.377617213, -0.2538333904 ], [ 116.3235298856, -0.2971414161 ], [ 116.2695237343, -0.3404680641 ], [ 116.215598672, -0.383813127 ], [ 116.1617546117, -0.4271763978 ], [ 116.1079914659, -0.4705576705 ], [ 116.0543091467, -0.5139567394 ], [ 116.0007075661, -0.5573733993 ], [ 115.9471866356, -0.600807446 ], [ 115.8937462666, -0.6442586755 ], [ 115.8403863701, -0.6877268846 ], [ 115.7871068569, -0.7312118707 ], [ 115.7339076372, -0.7747134318 ], [ 115.6807886214, -0.8182313663 ], [ 115.6277497192, -0.8617654734 ], [ 115.5747908402, -0.9053155529 ], [ 115.5219118939, -0.9488814051 ], [ 115.4691127891, -0.992462831 ], [ 115.4163934348, -1.0360596321 ], [ 115.3637537393, -1.0796716105 ], [ 115.3111936111, -1.1232985691 ], [ 115.2587129579, -1.166940311 ], [ 115.2063116877, -1.2105966403 ], [ 115.1539897079, -1.2542673616 ], [ 115.1017469256, -1.2979522798 ], [ 115.049583248, -1.3416512009 ], [ 114.9974985817, -1.385363931 ], [ 114.9454928333, -1.4290902771 ], [ 114.893565909, -1.4728300469 ], [ 114.8417177149, -1.5165830483 ], [ 114.7899481568, -1.5603490901 ], [ 114.7382571402, -1.6041279816 ], [ 114.6866445705, -1.6479195328 ], [ 114.6351103529, -1.6917235541 ], [ 114.5836543922, -1.7355398568 ], [ 114.5322765931, -1.7793682524 ], [ 114.4809768601, -1.8232085533 ], [ 114.4297550976, -1.8670605725 ], [ 114.3786112094, -1.9109241233 ], [ 114.3275450996, -1.95479902 ], [ 114.2765566718, -1.9986850772 ], [ 114.2256458293, -2.0425821102 ], [ 114.1748124756, -2.0864899349 ], [ 114.1240565136, -2.1304083677 ], [ 114.0733778462, -2.1743372258 ], [ 114.0227763761, -2.2182763269 ], [ 113.9722520058, -2.2622254891 ], [ 113.9218046377, -2.3061845314 ], [ 113.8714341738, -2.3501532732 ], [ 113.8211405161, -2.3941315346 ], [ 113.7709235665, -2.4381191362 ], [ 113.7207832265, -2.4821158993 ], [ 113.6707193975, -2.5261216456 ], [ 113.6207319809, -2.5701361976 ], [ 113.5708208778, -2.6141593784 ], [ 113.5209859891, -2.6581910115 ], [ 113.4712272156, -2.7022309211 ], [ 113.4215444579, -2.746278932 ], [ 113.3719376166, -2.7903348696 ], [ 113.3224065919, -2.8343985599 ], [ 113.2729512841, -2.8784698294 ], [ 113.2235715932, -2.9225485053 ], [ 113.174267419, -2.9666344152 ], [ 113.1250386614, -3.0107273876 ], [ 113.0758852199, -3.0548272512 ], [ 113.026806994, -3.0989338357 ], [ 112.9778038831, -3.1430469712 ], [ 112.9288757863, -3.1871664881 ], [ 112.8800226028, -3.2312922179 ], [ 112.8312442315, -3.2754239924 ], [ 112.7825405712, -3.319561644 ], [ 112.7339115207, -3.3637050057 ], [ 112.6853569785, -3.407853911 ], [ 112.6368768431, -3.4520081942 ], [ 112.5884710128, -3.49616769 ], [ 112.540139386, -3.5403322338 ], [ 112.4918818606, -3.5845016615 ], [ 112.4436983348, -3.6286758095 ], [ 112.3955887065, -3.6728545149 ], [ 112.3475528734, -3.7170376155 ], [ 112.2995907333, -3.7612249493 ], [ 112.2517021838, -3.8054163553 ], [ 112.2038871225, -3.8496116729 ], [ 112.1561454466, -3.8938107419 ], [ 112.1084770536, -3.938013403 ], [ 112.0608818407, -3.9822194972 ], [ 112.0133597051, -4.0264288662 ], [ 111.9659105437, -4.0706413523 ], [ 111.9185342536, -4.1148567984 ], [ 111.8712307317, -4.1590750478 ], [ 111.8239998747, -4.2032959445 ], [ 111.7768415795, -4.2475193331 ], [ 111.7297557426, -4.2917450587 ], [ 111.6827422607, -4.3359729669 ], [ 111.6358010302, -4.3802029041 ], [ 111.5889319477, -4.424434717 ], [ 111.5421349094, -4.4686682531 ], [ 111.4954098117, -4.5129033602 ], [ 111.4487565509, -4.557139887 ], [ 111.402175023, -4.6013776825 ], [ 111.3556651243, -4.6456165964 ], [ 111.3092267508, -4.6898564789 ], [ 111.2628597985, -4.7340971807 ], [ 111.2165641633, -4.7783385531 ], [ 111.1703397412, -4.8225804482 ], [ 111.124186428, -4.8668227183 ], [ 111.0781041195, -4.9110652165 ], [ 111.0320927114, -4.9553077963 ], [ 110.9861520995, -4.9995503119 ], [ 110.9402821794, -5.0437926179 ], [ 110.8944828468, -5.0880345697 ], [ 110.8487539972, -5.1322760229 ], [ 110.8030955261, -5.1765168339 ], [ 110.7575073291, -5.2207568598 ], [ 110.7119893017, -5.2649959578 ], [ 110.6665413392, -5.309233986 ], [ 110.6211633372, -5.353470803 ], [ 110.5758551909, -5.3977062679 ], [ 110.5306167957, -5.4419402403 ], [ 110.485448047, -5.4861725804 ], [ 110.4403488401, -5.530403149 ], [ 110.3953190702, -5.5746318074 ], [ 110.3503586325, -5.6188584174 ], [ 110.3054674225, -5.6630828414 ], [ 110.2606453351, -5.7073049423 ], [ 110.2158922658, -5.7515245836 ], [ 110.1712081095, -5.7957416293 ], [ 110.1265927617, -5.839955944 ], [ 110.0820461173, -5.8841673927 ], [ 110.0375680715, -5.928375841 ], [ 109.9931585196, -5.9725811551 ], [ 109.9488173567, -6.0167832018 ], [ 109.9045444778, -6.0609818482 ], [ 109.8603397781, -6.1051769622 ], [ 109.8162031528, -6.1493684119 ], [ 109.772134497, -6.1935560663 ], [ 109.7281337058, -6.2377397947 ], [ 109.6842006743, -6.281919467 ], [ 109.6403352978, -6.3260949537 ], [ 109.5965374713, -6.3702661256 ], [ 109.55280709, -6.4144328543 ], [ 109.509144049, -6.4585950117 ], [ 109.4655482436, -6.5027524704 ], [ 109.4220195689, -6.5469051035 ], [ 109.3785579201, -6.5910527845 ], [ 109.3351631923, -6.6351953875 ], [ 109.291835281, -6.6793327872 ], [ 109.2485740812, -6.7234648586 ], [ 109.2053794882, -6.7675914775 ], [ 109.1622513974, -6.8117125199 ], [ 109.1191897039, -6.8558278627 ], [ 109.0761943032, -6.899937383 ], [ 109.0332650906, -6.9440409585 ], [ 108.9904019614, -6.9881384674 ], [ 108.947604811, -7.0322297886 ], [ 108.9048735349, -7.0763148013 ], [ 108.8622080285, -7.1203933852 ], [ 108.8196081874, -7.1644654206 ], [ 108.7770739069, -7.2085307883 ], [ 108.7346050826, -7.2525893697 ], [ 108.6922016102, -7.2966410465 ], [ 108.6498633853, -7.3406857009 ], [ 108.6075903034, -7.3847232159 ], [ 108.5653822602, -7.4287534748 ], [ 108.5232391516, -7.4727763613 ], [ 108.4811608733, -7.5167917597 ], [ 108.439147321, -7.5607995549 ], [ 108.3971983906, -7.6047996323 ], [ 108.355313978, -7.6487918775 ], [ 108.3134939791, -7.6927761769 ], [ 108.27173829, -7.7367524173 ], [ 108.2300468066, -7.7807204861 ], [ 108.188419425, -7.8246802709 ], [ 108.1468560413, -7.8686316601 ], [ 108.1053565517, -7.9125745425 ], [ 108.0639208524, -7.9565088072 ], [ 108.0225488398, -8.0004343441 ], [ 107.98124041, -8.0443510433 ], [ 107.9399954596, -8.0882587957 ], [ 107.8988138849, -8.1321574924 ], [ 107.8576955824, -8.176047025 ], [ 107.8166404487, -8.2199272859 ], [ 107.7756483804, -8.2637981675 ], [ 107.7347192742, -8.3076595631 ], [ 107.6938530267, -8.3515113663 ], [ 107.6530495348, -8.3953534711 ], [ 107.6123086953, -8.4391857722 ], [ 107.5716304051, -8.4830081645 ], [ 107.5310145612, -8.5268205436 ], [ 107.4904610607, -8.5706228055 ], [ 107.4499698006, -8.6144148466 ], [ 107.4095406782, -8.658196564 ], [ 107.3691735906, -8.7019678548 ], [ 107.3288684353, -8.7457286172 ], [ 107.2886251094, -8.7894787493 ], [ 107.2484435106, -8.8332181501 ], [ 107.2083235364, -8.8769467187 ], [ 107.1682650842, -8.920664355 ], [ 107.1282680519, -8.9643709591 ], [ 107.0883323371, -9.0080664316 ], [ 107.0484578377, -9.0517506738 ], [ 107.0086444515, -9.0954235871 ], [ 106.9688920766, -9.1390850737 ], [ 106.9292006109, -9.182735036 ], [ 106.8895699527, -9.2263733769 ], [ 106.85, -9.27 ], [ 106.8059296705, -9.2308627205 ], [ 106.7617987026, -9.1917278586 ], [ 106.7176070235, -9.1525955369 ], [ 106.6733545604, -9.1134658784 ], [ 106.6290412408, -9.0743390065 ], [ 106.5846669923, -9.0352150451 ], [ 106.5402317423, -8.9960941185 ], [ 106.4957354186, -8.9569763513 ], [ 106.451177949, -8.9178618687 ], [ 106.4065592613, -8.8787507962 ], [ 106.3618792836, -8.8396432598 ], [ 106.3171379438, -8.8005393857 ], [ 106.2723351703, -8.7614393009 ], [ 106.2274708912, -8.7223431324 ], [ 106.1825450349, -8.683251008 ], [ 106.1375575301, -8.6441630556 ], [ 106.0925083052, -8.6050794037 ], [ 106.0473972889, -8.5660001813 ], [ 106.0022244102, -8.5269255176 ], [ 105.9569895979, -8.4878555423 ], [ 105.911692781, -8.4487903856 ], [ 105.8663338888, -8.4097301781 ], [ 105.8209128506, -8.3706750507 ], [ 105.7754295956, -8.3316251349 ], [ 105.7298840536, -8.2925805626 ], [ 105.684276154, -8.2535414659 ], [ 105.6386058266, -8.2145079776 ], [ 105.5928730014, -8.1754802308 ], [ 105.5470776084, -8.136458359 ], [ 105.5012195776, -8.0974424962 ], [ 105.4552988395, -8.0584327768 ], [ 105.4093153243, -8.0194293355 ], [ 105.3632689627, -7.9804323077 ], [ 105.3171596852, -7.941441829 ], [ 105.2709874228, -7.9024580355 ], [ 105.2247521063, -7.8634810637 ], [ 105.1784536669, -7.8245110505 ], [ 105.1320920357, -7.7855481334 ], [ 105.0856671442, -7.7465924501 ], [ 105.0391789239, -7.7076441388 ], [ 104.9926273064, -7.6687033382 ], [ 104.9460122235, -7.6297701875 ], [ 104.8993336072, -7.590844826 ], [ 104.8525913897, -7.5519273937 ], [ 104.8057855031, -7.513018031 ], [ 104.75891588, -7.4741168787 ], [ 104.7119824528, -7.4352240781 ], [ 104.6649851544, -7.3963397707 ], [ 104.6179239176, -7.3574640986 ], [ 104.5707986755, -7.3185972044 ], [ 104.5236093613, -7.279739231 ], [ 104.4763559084, -7.2408903218 ], [ 104.4290382503, -7.2020506206 ], [ 104.3816563209, -7.1632202715 ], [ 104.334210054, -7.1243994193 ], [ 104.2866993836, -7.085588209 ], [ 104.2391242441, -7.0467867862 ], [ 104.1914845698, -7.0079952968 ], [ 104.1437802953, -6.9692138872 ], [ 104.0960113555, -6.9304427042 ], [ 104.0481776853, -6.8916818951 ], [ 104.0002792199, -6.8529316074 ], [ 103.9523158945, -6.8141919894 ], [ 103.9042876448, -6.7754631894 ], [ 103.8561944065, -6.7367453566 ], [ 103.8080361154, -6.6980386403 ], [ 103.7598127076, -6.6593431903 ], [ 103.7115241195, -6.6206591568 ], [ 103.6631702876, -6.5819866906 ], [ 103.6147511486, -6.5433259428 ], [ 103.5662666393, -6.5046770649 ], [ 103.5177166969, -6.4660402088 ], [ 103.4691012586, -6.427415527 ], [ 103.4204202621, -6.3888031724 ], [ 103.371673645, -6.3502032981 ], [ 103.3228613452, -6.3116160579 ], [ 103.273983301, -6.2730416059 ], [ 103.2250394507, -6.2344800966 ], [ 103.1760297328, -6.1959316851 ], [ 103.1269540863, -6.1573965268 ], [ 103.0778124501, -6.1188747774 ], [ 103.0286047634, -6.0803665934 ], [ 102.9793309658, -6.0418721313 ], [ 102.929990997, -6.0033915483 ], [ 102.8805847969, -5.9649250019 ], [ 102.8311123057, -5.9264726503 ], [ 102.7815734638, -5.8880346517 ], [ 102.7319682119, -5.849611165 ], [ 102.6822964907, -5.8112023496 ], [ 102.6325582415, -5.772808365 ], [ 102.5827534057, -5.7344293715 ], [ 102.5328819248, -5.6960655296 ], [ 102.4829437406, -5.6577170002 ], [ 102.4329387954, -5.6193839449 ], [ 102.3828670315, -5.5810665254 ], [ 102.3327283914, -5.542764904 ], [ 102.2825228181, -5.5044792434 ], [ 102.2322502547, -5.4662097067 ], [ 102.1819106446, -5.4279564575 ], [ 102.1315039315, -5.3897196597 ], [ 102.0810300592, -5.3514994778 ], [ 102.0304889719, -5.3132960765 ], [ 101.9798806142, -5.2751096212 ], [ 101.9292049307, -5.2369402774 ], [ 101.8784618665, -5.1987882112 ], [ 101.8276513668, -5.1606535893 ], [ 101.7767733772, -5.1225365784 ], [ 101.7258278435, -5.0844373461 ], [ 101.6748147119, -5.04635606 ], [ 101.6237339287, -5.0082928885 ], [ 101.5725854407, -4.970248 ], [ 101.5213691949, -4.9322215637 ], [ 101.4700851385, -4.894213749 ], [ 101.4187332191, -4.8562247258 ], [ 101.3673133845, -4.8182546645 ], [ 101.315825583, -4.7803037357 ], [ 101.2642697631, -4.7423721106 ], [ 101.2126458734, -4.7044599608 ], [ 101.1609538631, -4.6665674582 ], [ 101.1091936816, -4.6286947753 ], [ 101.0573652786, -4.5908420849 ], [ 101.0054686041, -4.5530095601 ], [ 100.9535036085, -4.5151973747 ], [ 100.9014702423, -4.4774057027 ], [ 100.8493684566, -4.4396347186 ], [ 100.7971982027, -4.4018845973 ], [ 100.7449594322, -4.364155514 ], [ 100.6926520971, -4.3264476445 ], [ 100.6402761495, -4.2887611649 ], [ 100.5878315423, -4.2510962518 ], [ 100.5353182282, -4.2134530821 ], [ 100.4827361607, -4.1758318332 ], [ 100.4300852933, -4.1382326828 ], [ 100.37736558, -4.100655809 ], [ 100.3245769752, -4.0631013906 ], [ 100.2717194334, -4.0255696064 ], [ 100.2187929098, -3.9880606359 ], [ 100.1657973598, -3.9505746589 ], [ 100.1127327389, -3.9131118555 ], [ 100.0595990034, -3.8756724064 ], [ 100.0063961096, -3.8382564926 ], [ 99.9531240145, -3.8008642955 ], [ 99.8997826751, -3.7634959969 ], [ 99.8463720491, -3.726151779 ], [ 99.7928920943, -3.6888318245 ], [ 99.7393427691, -3.6515363163 ], [ 99.685724032, -3.6142654379 ], [ 99.6320358423, -3.5770193731 ], [ 99.5782781592, -3.5397983061 ], [ 99.5244509426, -3.5026024214 ], [ 99.4705541528, -3.4654319041 ], [ 99.4165877502, -3.4282869396 ], [ 99.362551696, -3.3911677137 ], [ 99.3084459515, -3.3540744124 ], [ 99.2542704783, -3.3170072224 ], [ 99.2000252389, -3.2799663306 ], [ 99.1457101956, -3.2429519244 ], [ 99.0913253115, -3.2059641915 ], [ 99.03687055, -3.16900332 ], [ 98.982345875, -3.1320694983 ], [ 98.9277512505, -3.0951629155 ], [ 98.8730866413, -3.0582837607 ], [ 98.8183520124, -3.0214322235 ], [ 98.7635473292, -2.9846084941 ], [ 98.7086725578, -2.9478127629 ], [ 98.6537276643, -2.9110452205 ], [ 98.5987126156, -2.8743060581 ], [ 98.5436273789, -2.8375954674 ], [ 98.4884719217, -2.8009136403 ], [ 98.4332462122, -2.7642607689 ], [ 98.3779502188, -2.727637046 ], [ 98.3225839104, -2.6910426646 ], [ 98.2671472566, -2.6544778182 ], [ 98.2116402271, -2.6179427004 ], [ 98.1560627922, -2.5814375054 ], [ 98.1004149226, -2.5449624278 ], [ 98.0446965896, -2.5085176623 ], [ 97.9889077649, -2.4721034043 ], [ 97.9330484205, -2.4357198493 ], [ 97.8771185291, -2.3993671933 ], [ 97.8211180636, -2.3630456325 ], [ 97.7650469978, -2.3267553638 ], [ 97.7089053054, -2.290496584 ], [ 97.6526929612, -2.2542694907 ], [ 97.5964099399, -2.2180742815 ], [ 97.5400562171, -2.1819111545 ], [ 97.4836317686, -2.1457803082 ], [ 97.427136571, -2.1096819414 ], [ 97.3705706011, -2.0736162531 ], [ 97.3139338363, -2.037583443 ], [ 97.2572262546, -2.0015837108 ], [ 97.2004478343, -1.9656172568 ], [ 97.1435985543, -1.9296842814 ], [ 97.0866783941, -1.8937849854 ], [ 97.0296873335, -1.8579195702 ], [ 96.972625353, -1.8220882372 ], [ 96.9154924336, -1.7862911883 ], [ 96.8582885567, -1.7505286258 ], [ 96.8010137042, -1.714800752 ], [ 96.7436678588, -1.6791077701 ], [ 96.6862510033, -1.643449883 ], [ 96.6287631214, -1.6078272944 ], [ 96.5712041972, -1.5722402081 ], [ 96.5135742153, -1.5366888282 ], [ 96.4558731608, -1.5011733594 ], [ 96.3981010194, -1.4656940063 ], [ 96.3402577774, -1.4302509742 ], [ 96.2823434216, -1.3948444684 ], [ 96.2243579394, -1.3594746948 ], [ 96.1663013185, -1.3241418595 ], [ 96.1081735474, -1.2888461687 ], [ 96.0499746152, -1.2535878293 ], [ 95.9917045114, -1.2183670483 ], [ 95.9333632261, -1.1831840329 ], [ 95.8749507501, -1.1480389907 ], [ 95.8164670745, -1.1129321298 ], [ 95.7579121913, -1.0778636583 ], [ 95.6992860927, -1.0428337847 ], [ 95.6405887719, -1.0078427178 ], [ 95.5818202224, -0.9728906669 ], [ 95.5229804383, -0.9379778411 ], [ 95.4640694143, -0.9031044504 ], [ 95.4050871458, -0.8682707045 ], [ 95.3460336288, -0.8334768139 ], [ 95.2869088596, -0.798722989 ], [ 95.2277128355, -0.7640094406 ], [ 95.1684455542, -0.72933638 ], [ 95.1091070139, -0.6947040184 ], [ 95.0496972136, -0.6601125675 ], [ 94.9902161529, -0.6255622393 ], [ 94.9306638319, -0.5910532459 ], [ 94.8710402513, -0.5565857999 ], [ 94.8113454125, -0.5221601139 ], [ 94.7515793177, -0.487776401 ], [ 94.6917419693, -0.4534348745 ], [ 94.6318333706, -0.4191357478 ], [ 94.5718535256, -0.3848792348 ], [ 94.5118024387, -0.3506655495 ], [ 94.4516801152, -0.3164949061 ], [ 94.3914865608, -0.2823675193 ], [ 94.331221782, -0.2482836037 ], [ 94.2708857859, -0.2142433745 ], [ 94.2104785801, -0.1802470469 ], [ 94.1500001732, -0.1462948365 ], [ 94.0894505741, -0.1123869589 ], [ 94.0288297925, -0.0785236302 ], [ 93.9681378389, -0.0447050666 ], [ 93.9073747242, -0.0109314845 ], [ 93.8465404602, 0.0227968992 ], [ 93.7856350591, 0.0564798679 ], [ 93.7246585341, 0.0901172042 ], [ 93.6636108988, 0.1237086909 ], [ 93.6024921676, 0.1572541105 ], [ 93.5413023556, 0.190753245 ], [ 93.4800414786, 0.2242058765 ], [ 93.4187095529, 0.2576117868 ], [ 93.3573065958, 0.2909707574 ], [ 93.2958326249, 0.3242825698 ], [ 93.2342876589, 0.3575470052 ], [ 93.172671717, 0.3907638444 ], [ 93.110984819, 0.4239328683 ], [ 93.0492269856, 0.4570538574 ], [ 92.9873982382, 0.4901265922 ], [ 92.9254985986, 0.5231508528 ], [ 92.8635280898, 0.5561264193 ], [ 92.8014867351, 0.5890530715 ], [ 92.7393745587, 0.6219305891 ], [ 92.6771915856, 0.6547587515 ], [ 92.6149378413, 0.687537338 ], [ 92.5526133523, 0.7202661277 ], [ 92.4902181455, 0.7529448997 ], [ 92.4277522488, 0.7855734327 ], [ 92.3652156908, 0.8181515053 ], [ 92.3026085007, 0.8506788961 ], [ 92.2399307086, 0.8831553833 ], [ 92.1771823452, 0.9155807451 ], [ 92.1143634421, 0.9479547594 ], [ 92.0514740315, 0.9802772043 ], [ 91.9885141464, 1.0125478573 ], [ 91.9254838207, 1.0447664961 ], [ 91.8623830888, 1.076932898 ], [ 91.7992119861, 1.1090468405 ], [ 91.7359705485, 1.1411081006 ], [ 91.672658813, 1.1731164554 ], [ 91.6092768171, 1.2050716818 ], [ 91.5458245992, 1.2369735567 ], [ 91.4823021983, 1.2688218565 ], [ 91.4187096545, 1.300616358 ], [ 91.3550470084, 1.3323568375 ], [ 91.2913143014, 1.3640430714 ], [ 91.2275115759, 1.3956748359 ], [ 91.1636388749, 1.4272519071 ], [ 91.0996962422, 1.458774061 ], [ 91.0356837224, 1.4902410736 ], [ 90.971601361, 1.5216527206 ], [ 90.9074492042, 1.5530087778 ], [ 90.8432272991, 1.5843090209 ], [ 90.7789356933, 1.6155532254 ], [ 90.7145744357, 1.6467411667 ], [ 90.6501435756, 1.6778726203 ], [ 90.5856431632, 1.7089473616 ], [ 90.5210732497, 1.7399651657 ], [ 90.4564338869, 1.7709258078 ], [ 90.3917251275, 1.8018290632 ], [ 90.326947025, 1.8326747068 ], [ 90.2620996338, 1.8634625137 ], [ 90.1971830091, 1.8941922588 ], [ 90.1321972069, 1.924863717 ], [ 90.0671422839, 1.9554766633 ], [ 90.0020182979, 1.9860308723 ], [ 89.9368253073, 2.016526119 ], [ 89.8715633716, 2.046962178 ], [ 89.8062325508, 2.0773388241 ], [ 89.7408329061, 2.1076558319 ], [ 89.6753644992, 2.1379129762 ], [ 89.6098273929, 2.1681100314 ], [ 89.5442216508, 2.1982467724 ], [ 89.4785473374, 2.2283229737 ], [ 89.4128045177, 2.2583384099 ], [ 89.3469932581, 2.2882928555 ], [ 89.2811136256, 2.3181860853 ], [ 89.2151656878, 2.3480178737 ], [ 89.1491495137, 2.3777879955 ], [ 89.0830651728, 2.4074962251 ], [ 89.0169127356, 2.4371423372 ], [ 88.9506922733, 2.4667261066 ], [ 88.8844038582, 2.4962473077 ], [ 88.8180475634, 2.5257057154 ], [ 88.7516234628, 2.5551011043 ], [ 88.6851316313, 2.5844332492 ], [ 88.6185721446, 2.6137019248 ], [ 88.5519450793, 2.6429069061 ], [ 88.4852505129, 2.6720479678 ], [ 88.4184885238, 2.7011248848 ], [ 88.3516591913, 2.7301374323 ], [ 88.2847625955, 2.759085385 ], [ 88.2177988174, 2.7879685183 ], [ 88.1507679391, 2.8167866071 ], [ 88.0836700435, 2.8455394268 ], [ 88.0165052142, 2.8742267526 ], [ 87.9492735359, 2.9028483599 ], [ 87.8819750942, 2.9314040241 ], [ 87.8146099756, 2.9598935208 ], [ 87.7471782674, 2.9883166255 ], [ 87.679680058, 3.016673114 ], [ 87.6121154365, 3.0449627621 ], [ 87.5444844932, 3.0731853457 ], [ 87.4767873189, 3.1013406408 ], [ 87.4090240057, 3.1294284236 ], [ 87.3411946464, 3.1574484702 ], [ 87.2732993349, 3.1854005571 ], [ 87.2053381658, 3.2132844607 ], [ 87.1373112348, 3.2410999575 ], [ 87.0692186385, 3.2688468245 ], [ 87.0010604744, 3.2965248383 ], [ 86.9328368409, 3.324133776 ], [ 86.8645478373, 3.3516734148 ], [ 86.796193564, 3.379143532 ], [ 86.7277741222, 3.4065439049 ], [ 86.6592896141, 3.4338743112 ], [ 86.5907401427, 3.4611345288 ], [ 86.5221258122, 3.4883243354 ], [ 86.4534467274, 3.5154435091 ], [ 86.3847029944, 3.5424918284 ], [ 86.31589472, 3.5694690715 ], [ 86.247022012, 3.5963750172 ], [ 86.1780849791, 3.6232094442 ], [ 86.1090837312, 3.6499721315 ], [ 86.0400183788, 3.6766628585 ], [ 85.9708890336, 3.7032814043 ], [ 85.9016958081, 3.7298275487 ], [ 85.8324388159, 3.7563010715 ], [ 85.7631181714, 3.7827017527 ], [ 85.69373399, 3.8090293725 ], [ 85.6242863883, 3.8352837114 ], [ 85.5547754834, 3.8614645501 ], [ 85.4852013937, 3.8875716695 ], [ 85.4155642384, 3.9136048507 ], [ 85.3458641379, 3.9395638753 ], [ 85.2761012132, 3.9654485247 ], [ 85.2062755865, 3.991258581 ], [ 85.136387381, 4.0169938262 ], [ 85.0664367208, 4.0426540427 ], [ 84.9964237308, 4.0682390133 ], [ 84.9263485371, 4.0937485208 ], [ 84.8562112666, 4.1191823484 ], [ 84.7860120475, 4.1445402797 ], [ 84.7157510085, 4.1698220984 ], [ 84.6454282795, 4.1950275885 ], [ 84.5750439915, 4.2201565343 ], [ 84.5045982762, 4.2452087206 ], [ 84.4340912665, 4.2701839322 ], [ 84.3635230962, 4.2950819544 ], [ 84.2928939, 4.3199025728 ], [ 84.2222038137, 4.3446455731 ], [ 84.1514529739, 4.3693107415 ], [ 84.0806415184, 4.3938978647 ], [ 84.0097695859, 4.4184067293 ], [ 83.9388373159, 4.4428371225 ], [ 83.8678448491, 4.4671888319 ], [ 83.796792327, 4.4914616453 ], [ 83.7256798924, 4.5156553508 ], [ 83.6545076887, 4.5397697371 ], [ 83.5832758604, 4.5638045929 ], [ 83.5119845531, 4.5877597076 ], [ 83.4406339132, 4.6116348707 ], [ 83.3692240883, 4.6354298723 ], [ 83.2977552268, 4.6591445028 ], [ 83.2262274781, 4.6827785527 ], [ 83.1546409926, 4.7063318134 ], [ 83.0829959218, 4.7298040762 ], [ 83.0112924179, 4.7531951332 ], [ 82.9395306345, 4.7765047766 ], [ 82.8677107257, 4.7997327991 ], [ 82.795832847, 4.8228789938 ], [ 82.7238971546, 4.8459431543 ], [ 82.6519038058, 4.8689250746 ], [ 82.5798529589, 4.891824549 ], [ 82.507744773, 4.9146413722 ], [ 82.4355794085, 4.9373753396 ], [ 82.3633570265, 4.9600262468 ], [ 82.2910777892, 4.98259389 ], [ 82.2187418598, 5.0050780656 ], [ 82.1463494024, 5.0274785706 ], [ 82.0739005821, 5.0497952027 ], [ 82.0013955651, 5.0720277596 ], [ 81.9288345183, 5.0941760398 ], [ 81.8562176098, 5.1162398421 ], [ 81.7835450088, 5.1382189658 ], [ 81.710816885, 5.1601132109 ], [ 81.6380334097, 5.1819223775 ], [ 81.5651947546, 5.2036462666 ], [ 81.4923010928, 5.2252846793 ], [ 81.4193525981, 5.2468374175 ], [ 81.3463494454, 5.2683042834 ], [ 81.2732918105, 5.2896850798 ], [ 81.2001798703, 5.3109796102 ], [ 81.1270138026, 5.3321876782 ], [ 81.0537937861, 5.3533090883 ], [ 80.9805200005, 5.3743436454 ], [ 80.9071926266, 5.3952911548 ], [ 80.8338118459, 5.4161514226 ], [ 80.7603778411, 5.4369242552 ], [ 80.6868907959, 5.4576094596 ], [ 80.6133508947, 5.4782068435 ], [ 80.5397583231, 5.4987162151 ], [ 80.4661132675, 5.519137383 ], [ 80.3924159154, 5.5394701566 ], [ 80.3186664552, 5.5597143457 ], [ 80.2448650763, 5.5798697607 ], [ 80.1710119688, 5.5999362126 ], [ 80.0971073242, 5.6199135132 ], [ 80.0231513346, 5.6398014744 ], [ 79.9491441931, 5.6595999093 ], [ 79.875086094, 5.679308631 ], [ 79.8009772322, 5.6989274538 ], [ 79.7268178038, 5.718456192 ], [ 79.6526080057, 5.737894661 ], [ 79.5783480359, 5.7572426766 ], [ 79.5040380931, 5.7765000553 ], [ 79.4296783772, 5.7956666142 ], [ 79.3552690889, 5.8147421709 ], [ 79.2808104298, 5.8337265439 ], [ 79.2063026025, 5.8526195522 ], [ 79.1317458106, 5.8714210154 ], [ 79.0571402585, 5.8901307538 ], [ 78.9824861516, 5.9087485885 ], [ 78.9077836962, 5.927274341 ], [ 78.8330330996, 5.9457078336 ], [ 78.7582345698, 5.9640488893 ], [ 78.683388316, 5.9822973318 ], [ 78.6084945483, 6.0004529854 ], [ 78.5335534774, 6.0185156751 ], [ 78.4585653152, 6.0364852265 ], [ 78.3835302745, 6.0543614662 ], [ 78.3084485689, 6.0721442212 ], [ 78.233320413, 6.0898333192 ], [ 78.1581460222, 6.1074285889 ], [ 78.0829256129, 6.1249298593 ], [ 78.0076594024, 6.1423369606 ], [ 77.9323476088, 6.1596497233 ], [ 77.8569904511, 6.1768679788 ], [ 77.7815881494, 6.1939915592 ], [ 77.7061409244, 6.2110202975 ], [ 77.6306489979, 6.2279540271 ], [ 77.5551125924, 6.2447925826 ], [ 77.4795319316, 6.2615357989 ], [ 77.4039072396, 6.2781835118 ], [ 77.3282387418, 6.2947355581 ], [ 77.2525266643, 6.3111917751 ], [ 77.176771234, 6.3275520009 ], [ 77.1009726788, 6.3438160744 ], [ 77.0251312274, 6.3599838354 ], [ 76.9492471094, 6.3760551243 ], [ 76.8733205553, 6.3920297823 ], [ 76.7973517961, 6.4079076515 ], [ 76.7213410643, 6.4236885748 ], [ 76.6452885926, 6.4393723957 ], [ 76.5691946149, 6.4549589588 ], [ 76.4930593659, 6.4704481093 ], [ 76.4168830811, 6.4858396932 ], [ 76.3406659968, 6.5011335574 ], [ 76.2644083502, 6.5163295496 ], [ 76.1881103793, 6.5314275184 ], [ 76.1117723229, 6.5464273131 ], [ 76.0353944206, 6.5613287839 ], [ 75.9589769129, 6.5761317817 ], [ 75.8825200411, 6.5908361586 ], [ 75.8060240472, 6.6054417671 ], [ 75.7294891742, 6.6199484609 ], [ 75.6529156656, 6.6343560944 ], [ 75.576303766, 6.6486645228 ], [ 75.4996537208, 6.6628736023 ], [ 75.4229657758, 6.6769831899 ], [ 75.346240178, 6.6909931434 ], [ 75.2694771751, 6.7049033217 ], [ 75.1926770154, 6.7187135843 ], [ 75.1158399482, 6.7324237918 ], [ 75.0389662233, 6.7460338055 ], [ 74.9620560916, 6.7595434877 ], [ 74.8851098045, 6.7729527017 ], [ 74.8081276142, 6.7862613115 ], [ 74.7311097738, 6.7994691822 ], [ 74.6540565371, 6.8125761795 ], [ 74.5769681584, 6.8255821703 ], [ 74.4998448931, 6.8384870224 ], [ 74.4226869971, 6.8512906043 ], [ 74.3454947271, 6.8639927856 ], [ 74.2682683407, 6.8765934369 ], [ 74.1910080958, 6.8890924295 ], [ 74.1137142515, 6.9014896358 ], [ 74.0363870672, 6.913784929 ], [ 73.9590268033, 6.9259781835 ], [ 73.8816337209, 6.9380692743 ], [ 73.8042080816, 6.9500580776 ], [ 73.7267501477, 6.9619444706 ], [ 73.6492601825, 6.9737283311 ], [ 73.5717384497, 6.9854095382 ], [ 73.4941852138, 6.9969879719 ], [ 73.4166007398, 7.0084635131 ], [ 73.3389852936, 7.0198360436 ], [ 73.2613391418, 7.0311054463 ], [ 73.1836625513, 7.0422716052 ], [ 73.1059557901, 7.0533344049 ], [ 73.0282191265, 7.0642937314 ], [ 72.9504528297, 7.0751494713 ], [ 72.8726571694, 7.0859015126 ], [ 72.794832416, 7.0965497439 ], [ 72.7169788405, 7.107094055 ], [ 72.6390967145, 7.1175343368 ], [ 72.5611863102, 7.127870481 ], [ 72.4832479006, 7.1381023804 ], [ 72.4052817591, 7.1482299288 ], [ 72.3272881599, 7.158253021 ], [ 72.2492673775, 7.1681715529 ], [ 72.1712196873, 7.1779854213 ], [ 72.0931453651, 7.187694524 ], [ 72.0150446875, 7.1972987601 ], [ 71.9369179314, 7.2067980293 ], [ 71.8587653744, 7.2161922328 ], [ 71.7805872948, 7.2254812724 ], [ 71.7023839712, 7.2346650512 ], [ 71.6241556829, 7.2437434734 ], [ 71.5459027098, 7.2527164439 ], [ 71.4676253323, 7.2615838691 ], [ 71.3893238313, 7.2703456561 ], [ 71.3109984883, 7.2790017132 ], [ 71.2326495852, 7.2875519497 ], [ 71.1542774045, 7.2959962761 ], [ 71.0758822294, 7.3043346037 ], [ 70.9974643432, 7.3125668452 ], [ 70.9190240302, 7.320692914 ], [ 70.8405615747, 7.3287127248 ], [ 70.7620772618, 7.3366261934 ], [ 70.6835713771, 7.3444332366 ], [ 70.6050442066, 7.3521337722 ], [ 70.5264960367, 7.3597277192 ], [ 70.4479271544, 7.3672149976 ], [ 70.369337847, 7.3745955286 ], [ 70.2907284025, 7.3818692343 ], [ 70.2120991092, 7.3890360382 ], [ 70.1334502558, 7.3960958644 ], [ 70.0547821315, 7.4030486387 ], [ 69.976095026, 7.4098942875 ], [ 69.8973892292, 7.4166327385 ], [ 69.8186650318, 7.4232639205 ], [ 69.7399227246, 7.4297877634 ], [ 69.6611625988, 7.4362041982 ], [ 69.5823849462, 7.442513157 ], [ 69.5035900589, 7.448714573 ], [ 69.4247782293, 7.4548083805 ], [ 69.3459497504, 7.460794515 ], [ 69.2671049153, 7.466672913 ], [ 69.1882440177, 7.4724435122 ], [ 69.1093673515, 7.4781062514 ], [ 69.0304752111, 7.4836610705 ], [ 68.9515678912, 7.4891079105 ], [ 68.8726456868, 7.4944467136 ], [ 68.7937088932, 7.4996774232 ], [ 68.7147578061, 7.5047999835 ], [ 68.6357927216, 7.5098143402 ], [ 68.556813936, 7.51472044 ], [ 68.4778217459, 7.5195182306 ], [ 68.3988164483, 7.524207661 ], [ 68.3197983405, 7.5287886814 ], [ 68.2407677199, 7.5332612429 ], [ 68.1617248844, 7.5376252979 ], [ 68.0826701321, 7.5418808 ], [ 68.0036037613, 7.5460277038 ], [ 67.9245260708, 7.550065965 ], [ 67.8454373594, 7.5539955407 ], [ 67.7663379262, 7.557816389 ], [ 67.6872280707, 7.561528469 ], [ 67.6081080924, 7.5651317412 ], [ 67.5289782913, 7.5686261672 ], [ 67.4498389674, 7.5720117096 ], [ 67.370690421, 7.5752883323 ], [ 67.2915329526, 7.5784560004 ], [ 67.212366863, 7.5815146798 ], [ 67.1331924531, 7.5844643382 ], [ 67.054010024, 7.5873049437 ], [ 66.9748198769, 7.5900364663 ], [ 66.8956223133, 7.5926588765 ], [ 66.8164176349, 7.5951721465 ], [ 66.7372061434, 7.5975762493 ], [ 66.6579881409, 7.5998711592 ], [ 66.5787639294, 7.6020568517 ], [ 66.4995338111, 7.6041333034 ], [ 66.4202980885, 7.6061004921 ], [ 66.3410570641, 7.6079583967 ], [ 66.2618110404, 7.6097069973 ], [ 66.1825603203, 7.6113462753 ], [ 66.1033052065, 7.6128762131 ], [ 66.0240460021, 7.6142967943 ], [ 65.9447830101, 7.6156080037 ], [ 65.8655165336, 7.6168098273 ], [ 65.7862468759, 7.6179022522 ], [ 65.7069743401, 7.6188852667 ], [ 65.6276992298, 7.6197588602 ], [ 65.5484218483, 7.6205230235 ], [ 65.469142499, 7.6211777483 ], [ 65.3898614855, 7.6217230277 ], [ 65.3105791113, 7.6221588557 ], [ 65.23129568, 7.6224852277 ], [ 65.1520114952, 7.6227021403 ], [ 65.0727268606, 7.622809591 ], [ 64.9934420797, 7.6228075788 ], [ 64.9141574562, 7.6226961037 ], [ 64.8348732938, 7.6224751668 ], [ 64.755589896, 7.6221447706 ], [ 64.6763075664, 7.6217049185 ], [ 64.5970266087, 7.6211556153 ], [ 64.5177473264, 7.6204968668 ], [ 64.438470023, 7.6197286802 ], [ 64.3591950019, 7.6188510636 ], [ 64.2799225666, 7.6178640265 ], [ 64.2006530205, 7.6167675793 ], [ 64.1213866667, 7.6155617339 ], [ 64.0421238086, 7.6142465032 ], [ 63.9628647492, 7.6128219012 ], [ 63.8836097916, 7.6112879433 ], [ 63.8043592388, 7.6096446457 ], [ 63.7251133936, 7.6078920262 ], [ 63.6458725587, 7.6060301034 ], [ 63.5666370368, 7.6040588973 ], [ 63.4874071303, 7.6019784289 ], [ 63.4081831417, 7.5997887207 ], [ 63.3289653732, 7.5974897958 ], [ 63.2497541269, 7.595081679 ], [ 63.1705497048, 7.5925643961 ], [ 63.0913524085, 7.5899379738 ], [ 63.0121625398, 7.5872024403 ], [ 62.9329804002, 7.5843578249 ], [ 62.8538062908, 7.5814041578 ], [ 62.7746405128, 7.5783414708 ], [ 62.6954833672, 7.5751697965 ], [ 62.6163351545, 7.5718891687 ], [ 62.5371961754, 7.5684996225 ], [ 62.4580667301, 7.5650011942 ], [ 62.3789471187, 7.5613939209 ], [ 62.2998376411, 7.5576778413 ], [ 62.2207385968, 7.553852995 ], [ 62.1416502852, 7.5499194227 ], [ 62.0625730056, 7.5458771665 ], [ 61.9835070567, 7.5417262693 ], [ 61.9044527373, 7.5374667755 ], [ 61.8254103456, 7.5330987304 ], [ 61.7463801797, 7.5286221805 ], [ 61.6673625375, 7.5240371736 ], [ 61.5883577166, 7.5193437584 ], [ 61.5093660141, 7.5145419849 ], [ 61.4303877269, 7.5096319041 ], [ 61.3514231518, 7.5046135684 ], [ 61.272472585, 7.499487031 ], [ 61.1935363225, 7.4942523464 ], [ 61.1146146601, 7.4889095703 ], [ 61.035707893, 7.4834587594 ], [ 60.9568163163, 7.4778999716 ], [ 60.8779402247, 7.4722332658 ], [ 60.7990799124, 7.4664587023 ], [ 60.7202356735, 7.4605763423 ], [ 60.6414078015, 7.454586248 ], [ 60.5625965896, 7.4484884832 ], [ 60.4838023307, 7.4422831122 ], [ 60.4050253173, 7.4359702009 ], [ 60.3262658415, 7.429549816 ], [ 60.2475241949, 7.4230220255 ], [ 60.1688006688, 7.4163868985 ], [ 60.0900955541, 7.4096445052 ], [ 60.0114091413, 7.4027949166 ], [ 59.9327417204, 7.3958382053 ], [ 59.854093581, 7.3887744447 ], [ 59.7754650123, 7.3816037093 ], [ 59.696856303, 7.3743260747 ], [ 59.6182677415, 7.3669416178 ], [ 59.5396996156, 7.3594504163 ], [ 59.4611522127, 7.3518525492 ], [ 59.3826258196, 7.3441480964 ], [ 59.304120723, 7.336337139 ], [ 59.2256372086, 7.3284197593 ], [ 59.1471755622, 7.3203960404 ], [ 59.0687360686, 7.3122660666 ], [ 58.9903190124, 7.3040299234 ], [ 58.9119246776, 7.2956876971 ], [ 58.8335533478, 7.2872394754 ], [ 58.7552053058, 7.2786853468 ], [ 58.6768808344, 7.2700254009 ], [ 58.5985802153, 7.2612597285 ], [ 58.52030373, 7.2523884213 ], [ 58.4420516595, 7.2434115722 ], [ 58.3638242841, 7.2343292749 ], [ 58.2856218837, 7.2251416245 ], [ 58.2074447374, 7.2158487168 ], [ 58.1292931241, 7.2064506489 ], [ 58.0511673219, 7.1969475187 ], [ 57.9730676083, 7.1873394255 ], [ 57.8949942604, 7.1776264693 ], [ 57.8169475546, 7.1678087511 ], [ 57.7389277667, 7.1578863733 ], [ 57.6609351721, 7.1478594389 ], [ 57.5829700453, 7.1377280521 ], [ 57.5050326605, 7.1274923183 ], [ 57.427123291, 7.1171523436 ], [ 57.3492422099, 7.1067082352 ], [ 57.2713896892, 7.0961601015 ], [ 57.1935660006, 7.0855080517 ], [ 57.115771415, 7.074752196 ], [ 57.0380062029, 7.0638926457 ], [ 56.960270634, 7.052929513 ], [ 56.8825649772, 7.0418629113 ], [ 56.8048895011, 7.0306929546 ], [ 56.7272444734, 7.0194197583 ], [ 56.6496301612, 7.0080434385 ], [ 56.572046831, 6.9965641124 ], [ 56.4944947486, 6.9849818982 ], [ 56.416974179, 6.9732969149 ], [ 56.3394853868, 6.9615092826 ], [ 56.2620286356, 6.9496191224 ], [ 56.1846041886, 6.9376265563 ], [ 56.1072123081, 6.9255317072 ], [ 56.0298532558, 6.9133346991 ], [ 55.9525272927, 6.9010356568 ], [ 55.875234679, 6.8886347061 ], [ 55.7979756744, 6.8761319737 ], [ 55.7207505376, 6.8635275874 ], [ 55.6435595269, 6.8508216758 ], [ 55.5664028995, 6.8380143684 ], [ 55.4892809123, 6.8251057956 ], [ 55.4121938211, 6.812096089 ], [ 55.3351418812, 6.7989853807 ], [ 55.258125347, 6.785773804 ], [ 55.1811444722, 6.7724614931 ], [ 55.1041995099, 6.759048583 ], [ 55.0272907122, 6.7455352096 ], [ 54.9504183306, 6.7319215098 ], [ 54.8735826159, 6.7182076214 ], [ 54.7967838178, 6.7043936829 ], [ 54.7200221857, 6.6904798339 ], [ 54.6432979679, 6.6764662148 ], [ 54.5666114119, 6.6623529669 ], [ 54.4899627647, 6.6481402323 ], [ 54.4133522723, 6.6338281541 ], [ 54.3367801798, 6.6194168761 ], [ 54.2602467319, 6.6049065431 ], [ 54.183752172, 6.5902973008 ], [ 54.1072967431, 6.5755892955 ], [ 54.0308806873, 6.5607826746 ], [ 53.9545042457, 6.5458775864 ], [ 53.8781676587, 6.5308741796 ], [ 53.8018711661, 6.5157726044 ], [ 53.7256150066, 6.5005730112 ], [ 53.6493994181, 6.4852755516 ], [ 53.5732246378, 6.4698803779 ], [ 53.497090902, 6.4543876434 ], [ 53.4209984461, 6.4387975019 ], [ 53.3449475048, 6.4231101082 ], [ 53.268938312, 6.407325618 ], [ 53.1929711004, 6.3914441875 ], [ 53.1170461023, 6.3754659741 ], [ 53.0411635489, 6.3593911356 ], [ 52.9653236705, 6.3432198309 ], [ 52.8895266968, 6.3269522195 ], [ 52.8137728563, 6.3105884617 ], [ 52.738062377, 6.2941287187 ], [ 52.6623954857, 6.2775731523 ], [ 52.5867724086, 6.2609219253 ], [ 52.5111933708, 6.2441752009 ], [ 52.4356585966, 6.2273331435 ], [ 52.3601683096, 6.2103959179 ], [ 52.2847227323, 6.1933636898 ], [ 52.2093220864, 6.1762366257 ], [ 52.1339665927, 6.1590148927 ], [ 52.058656471, 6.1416986586 ], [ 51.9833919405, 6.1242880923 ], [ 51.9081732193, 6.1067833629 ], [ 51.8330005245, 6.0891846406 ], [ 51.7578740725, 6.0714920962 ], [ 51.6827940788, 6.0537059013 ], [ 51.6077607578, 6.0358262279 ], [ 51.5327743231, 6.0178532492 ], [ 51.4578349876, 5.9997871386 ], [ 51.3829429629, 5.9816280705 ], [ 51.30809846, 5.96337622 ], [ 51.2333016888, 5.9450317627 ], [ 51.1585528584, 5.926594875 ], [ 51.0838521769, 5.908065734 ], [ 51.0091998514, 5.8894445173 ], [ 50.9345960884, 5.8707314034 ], [ 50.860041093, 5.8519265714 ], [ 50.7855350698, 5.8330302009 ], [ 50.7110782223, 5.8140424723 ], [ 50.6366707529, 5.7949635667 ], [ 50.5623128634, 5.7757936656 ], [ 50.4880047543, 5.7565329514 ], [ 50.4137466255, 5.737181607 ], [ 50.3395386758, 5.717739816 ], [ 50.265381103, 5.6982077625 ], [ 50.191274104, 5.6785856314 ], [ 50.1172178749, 5.658873608 ], [ 50.0432126106, 5.6390718785 ], [ 49.9692585053, 5.6191806293 ], [ 49.895355752, 5.5992000478 ], [ 49.821504543, 5.5791303218 ], [ 49.7477050695, 5.5589716396 ], [ 49.6739575217, 5.5387241904 ], [ 49.6002620889, 5.5183881637 ], [ 49.5266189596, 5.4979637496 ], [ 49.4530283211, 5.4774511388 ], [ 49.3794903599, 5.4568505228 ], [ 49.3060052614, 5.4361620933 ], [ 49.2325732102, 5.4153860427 ], [ 49.1591943898, 5.3945225641 ], [ 49.0858689828, 5.3735718509 ], [ 49.0125971709, 5.3525340973 ], [ 48.9393791346, 5.3314094978 ], [ 48.8662150537, 5.3101982475 ], [ 48.7931051069, 5.2889005421 ], [ 48.720049472, 5.2675165778 ], [ 48.6470483257, 5.2460465513 ], [ 48.5741018438, 5.2244906598 ], [ 48.5012102012, 5.202849101 ], [ 48.4283735718, 5.1811220732 ], [ 48.3555921284, 5.1593097752 ], [ 48.2828660429, 5.137412406 ], [ 48.2101954864, 5.1154301655 ], [ 48.1375806287, 5.0933632538 ], [ 48.0650216389, 5.0712118716 ], [ 47.9925186849, 5.0489762201 ], [ 47.9200719339, 5.0266565009 ], [ 47.8476815518, 5.0042529161 ], [ 47.7753477038, 4.9817656682 ], [ 47.7030705539, 4.9591949603 ], [ 47.6308502653, 4.9365409958 ], [ 47.5586870001, 4.9138039785 ], [ 47.4865809195, 4.890984113 ], [ 47.4145321837, 4.8680816039 ], [ 47.3425409518, 4.8450966564 ], [ 47.2706073821, 4.8220294762 ], [ 47.1987316319, 4.7988802694 ], [ 47.1269138574, 4.7756492425 ], [ 47.0551542138, 4.7523366023 ], [ 46.9834528556, 4.7289425561 ], [ 46.911809936, 4.7054673117 ], [ 46.8402256073, 4.6819110771 ], [ 46.7687000209, 4.6582740609 ], [ 46.6972333272, 4.634556472 ], [ 46.6258256756, 4.6107585195 ], [ 46.5544772145, 4.5868804132 ], [ 46.4831880913, 4.5629223631 ], [ 46.4119584526, 4.5388845796 ], [ 46.3407884437, 4.5147672735 ], [ 46.2696782092, 4.4905706558 ], [ 46.1986278926, 4.4662949381 ], [ 46.1276376364, 4.4419403321 ], [ 46.0567075822, 4.4175070501 ], [ 45.9858378707, 4.3929953045 ], [ 45.9150286412, 4.3684053083 ], [ 45.8442800327, 4.3437372746 ], [ 45.7735921825, 4.3189914169 ], [ 45.7029652276, 4.294167949 ], [ 45.6323993034, 4.2692670851 ], [ 45.5618945449, 4.2442890397 ], [ 45.4914510856, 4.2192340276 ], [ 45.4210690585, 4.1941022637 ], [ 45.3507485952, 4.1688939636 ], [ 45.2804898267, 4.1436093428 ], [ 45.2102928828, 4.1182486174 ], [ 45.1401578924, 4.0928120035 ], [ 45.0700849834, 4.0672997178 ], [ 45.0000742827, 4.041711977 ], [ 44.9301259164, 4.0160489982 ], [ 44.8602400094, 3.9903109987 ], [ 44.7904166858, 3.9644981962 ], [ 44.7206560687, 3.9386108085 ], [ 44.6509582802, 3.9126490537 ], [ 44.5813234414, 3.8866131502 ], [ 44.5117516726, 3.8605033166 ], [ 44.4422430929, 3.8343197718 ], [ 44.3727978207, 3.8080627349 ], [ 44.3034159733, 3.7817324251 ], [ 44.2340976669, 3.755329062 ], [ 44.164843017, 3.7288528654 ], [ 44.0956521381, 3.7023040553 ], [ 44.0265251436, 3.6756828518 ], [ 43.9574621461, 3.6489894753 ], [ 43.888463257, 3.6222241465 ], [ 43.8195285871, 3.5953870862 ], [ 43.7506582461, 3.5684785154 ], [ 43.6818523426, 3.5414986552 ], [ 43.6131109845, 3.5144477271 ], [ 43.5444342786, 3.4873259526 ], [ 43.4758223307, 3.4601335534 ], [ 43.4072752459, 3.4328707515 ], [ 43.3387931281, 3.4055377689 ], [ 43.2703760804, 3.3781348279 ], [ 43.202024205, 3.3506621508 ], [ 43.133737603, 3.3231199603 ], [ 43.0655163747, 3.295508479 ], [ 42.9973606194, 3.2678279299 ], [ 42.9292704356, 3.2400785358 ], [ 42.8612459206, 3.21226052 ], [ 42.7932871711, 3.1843741057 ], [ 42.7253942826, 3.1564195164 ], [ 42.6575673499, 3.1283969755 ], [ 42.5898064666, 3.1003067066 ], [ 42.5221117257, 3.0721489337 ], [ 42.4544832191, 3.0439238805 ], [ 42.3869210376, 3.0156317711 ], [ 42.3194252716, 2.9872728294 ], [ 42.25199601, 2.9588472798 ], [ 42.1846333412, 2.9303553466 ], [ 42.1173373526, 2.901797254 ], [ 42.0501081305, 2.8731732266 ], [ 41.9829457605, 2.8444834889 ], [ 41.9158503272, 2.8157282657 ], [ 41.8488219144, 2.7869077815 ], [ 41.7818606049, 2.7580222612 ], [ 41.7149664806, 2.7290719296 ], [ 41.6481396225, 2.7000570116 ], [ 41.5813801108, 2.6709777323 ], [ 41.5146880247, 2.6418343166 ], [ 41.4480634426, 2.6126269897 ], [ 41.3815064419, 2.5833559766 ], [ 41.3150170991, 2.5540215025 ], [ 41.2485954901, 2.5246237928 ], [ 41.1822416896, 2.4951630725 ], [ 41.1159557715, 2.4656395671 ], [ 41.0497378089, 2.4360535017 ], [ 40.9835878739, 2.4064051018 ], [ 40.9175060379, 2.3766945927 ], [ 40.8514923713, 2.3469221998 ], [ 40.7855469436, 2.3170881485 ], [ 40.7196698236, 2.2871926642 ], [ 40.653861079, 2.2572359722 ], [ 40.5881207768, 2.227218298 ], [ 40.5224489832, 2.197139867 ], [ 40.4568457634, 2.1670009046 ], [ 40.3913111817, 2.1368016361 ], [ 40.3258453018, 2.106542287 ], [ 40.2604481862, 2.0762230826 ], [ 40.195119897, 2.0458442482 ], [ 40.1298604949, 2.0154060092 ], [ 40.0646700403, 1.9849085908 ], [ 39.9995485923, 1.9543522183 ], [ 39.9344962096, 1.9237371169 ], [ 39.8695129496, 1.8930635117 ], [ 39.8045988693, 1.862331628 ], [ 39.7397540245, 1.8315416908 ], [ 39.6749784705, 1.8006939251 ], [ 39.6102722615, 1.7697885559 ], [ 39.5456354511, 1.7388258082 ], [ 39.4810680919, 1.7078059068 ], [ 39.4165702357, 1.6767290766 ], [ 39.3521419336, 1.6455955422 ], [ 39.2877832358, 1.6144055284 ], [ 39.2234941918, 1.5831592597 ], [ 39.1592748501, 1.5518569607 ], [ 39.0951252585, 1.5204988557 ], [ 39.031045464, 1.4890851692 ], [ 38.9670355128, 1.4576161254 ], [ 38.9030954504, 1.4260919485 ], [ 38.8392253212, 1.3945128625 ], [ 38.7754251692, 1.3628790915 ], [ 38.7116950373, 1.3311908593 ], [ 38.6480349678, 1.2994483897 ], [ 38.584445002, 1.2676519064 ], [ 38.5209251807, 1.2358016329 ], [ 38.4574755438, 1.2038977926 ], [ 38.3940961303, 1.171940609 ], [ 38.3307869786, 1.1399303052 ], [ 38.2675481263, 1.1078671043 ], [ 38.2043796101, 1.0757512292 ], [ 38.1412814661, 1.0435829028 ], [ 38.0782537295, 1.0113623478 ], [ 38.0152964348, 0.9790897867 ], [ 37.9524096159, 0.946765442 ], [ 37.8895933056, 0.9143895359 ], [ 37.8268475362, 0.8819622905 ], [ 37.7641723392, 0.8494839279 ], [ 37.7015677454, 0.8169546699 ], [ 37.6390337847, 0.7843747382 ], [ 37.5765704865, 0.7517443543 ], [ 37.5141778791, 0.7190637395 ], [ 37.4518559905, 0.686333115 ], [ 37.3896048477, 0.653552702 ], [ 37.3274244769, 0.6207227211 ], [ 37.2653149039, 0.5878433932 ], [ 37.2032761534, 0.5549149388 ], [ 37.1413082497, 0.5219375782 ], [ 37.0794112161, 0.4889115315 ], [ 37.0175850754, 0.4558370187 ], [ 36.9558298496, 0.4227142597 ], [ 36.8941455599, 0.389543474 ], [ 36.8325322271, 0.356324881 ], [ 36.7709898709, 0.3230587 ], [ 36.7095185105, 0.28974515 ], [ 36.6481181645, 0.2563844497 ], [ 36.5867888507, 0.2229768178 ], [ 36.5255305861, 0.1895224728 ], [ 36.4643433871, 0.1560216328 ], [ 36.4032272695, 0.1224745157 ], [ 36.3421822483, 0.0888813395 ], [ 36.2812083379, 0.0552423216 ], [ 36.2203055519, 0.0215576795 ], [ 36.1594739035, -0.0121723698 ], [ 36.0987134048, -0.0459476095 ], [ 36.0380240676, -0.0797678227 ], [ 35.9774059029, -0.1136327931 ], [ 35.9168589211, -0.1475423044 ], [ 35.8563831317, -0.1814961406 ], [ 35.7959785438, -0.215494086 ], [ 35.7356451658, -0.2495359252 ], [ 35.6753830055, -0.2836214428 ], [ 35.6151920698, -0.3177504237 ], [ 35.5550723651, -0.3519226533 ], [ 35.4950238974, -0.386137917 ], [ 35.4350466717, -0.4203960005 ], [ 35.3751406925, -0.4546966898 ], [ 35.3153059636, -0.4890397711 ], [ 35.2555424884, -0.5234250309 ], [ 35.1958502695, -0.5578522559 ], [ 35.1362293087, -0.5923212332 ], [ 35.0766796076, -0.62683175 ], [ 35.0172011667, -0.6613835938 ], [ 34.9577939863, -0.6959765526 ], [ 34.8984580659, -0.7306104142 ], [ 34.8391934044, -0.7652849671 ], [ 34.78, -0.8 ], [ 34.7453907873, -0.7404905846 ], [ 34.7107100586, -0.6809400047 ], [ 34.6759576175, -0.6213483279 ], [ 34.641133267, -0.5617156223 ], [ 34.6062368096, -0.5020419569 ], [ 34.5712680469, -0.442327401 ], [ 34.5362267801, -0.3825720248 ], [ 34.5011128099, -0.3227758991 ], [ 34.4659259362, -0.2629390953 ], [ 34.4306659583, -0.2030616855 ], [ 34.3953326749, -0.1431437425 ], [ 34.3599258842, -0.0831853397 ], [ 34.3244453837, -0.0231865512 ], [ 34.2888909703, 0.0368525482 ], [ 34.2532624402, 0.096931883 ], [ 34.217559589, 0.1570513772 ], [ 34.1817822118, 0.217210954 ], [ 34.1459301031, 0.2774105358 ], [ 34.1100030564, 0.3376500444 ], [ 34.0740008651, 0.397929401 ], [ 34.0379233215, 0.458248526 ], [ 34.0017702177, 0.5186073392 ], [ 33.9655413448, 0.5790057595 ], [ 33.9292364935, 0.6394437053 ], [ 33.8928554537, 0.6999210941 ], [ 33.8563980148, 0.760437843 ], [ 33.8198639655, 0.8209938681 ], [ 33.7832530939, 0.8815890848 ], [ 33.7465651874, 0.9422234078 ], [ 33.7098000328, 1.0028967513 ], [ 33.6729574161, 1.0636090285 ], [ 33.636037123, 1.124360152 ], [ 33.5990389383, 1.1851500335 ], [ 33.5619626461, 1.2459785841 ], [ 33.52480803, 1.3068457143 ], [ 33.487574873, 1.3677513335 ], [ 33.4502629572, 1.4286953507 ], [ 33.4128720642, 1.4896776738 ], [ 33.3754019749, 1.5506982104 ], [ 33.3378524697, 1.6117568668 ], [ 33.3002233282, 1.672853549 ], [ 33.2625143292, 1.733988162 ], [ 33.2247252512, 1.79516061 ], [ 33.1868558716, 1.8563707965 ], [ 33.1489059675, 1.9176186243 ], [ 33.1108753152, 1.9789039953 ], [ 33.0727636903, 2.0402268107 ], [ 33.0345708677, 2.1015869708 ], [ 32.9962966218, 2.1629843751 ], [ 32.9579407261, 2.2244189226 ], [ 32.9195029535, 2.2858905111 ], [ 32.8809830764, 2.3473990378 ], [ 32.8423808664, 2.4089443992 ], [ 32.8036960942, 2.4705264906 ], [ 32.7649285302, 2.532145207 ], [ 32.7260779439, 2.5938004422 ], [ 32.6871441041, 2.6554920893 ], [ 32.6481267791, 2.7172200407 ], [ 32.6090257363, 2.7789841877 ], [ 32.5698407425, 2.8407844209 ], [ 32.5305715639, 2.9026206303 ], [ 32.4912179658, 2.9644927047 ], [ 32.4517797131, 3.0264005322 ], [ 32.4122565697, 3.088344 ], [ 32.372648299, 3.1503229946 ], [ 32.3329546636, 3.2123374016 ], [ 32.2931754256, 3.2743871055 ], [ 32.2533103461, 3.3364719902 ], [ 32.2133591858, 3.3985919388 ], [ 32.1733217044, 3.4607468332 ], [ 32.1331976612, 3.5229365547 ], [ 32.0929868147, 3.5851609837 ], [ 32.0526889224, 3.6474199995 ], [ 32.0123037416, 3.7097134808 ], [ 31.9718310285, 3.7720413052 ], [ 31.9312705389, 3.8344033496 ], [ 31.8906220275, 3.8967994897 ], [ 31.8498852486, 3.9592296007 ], [ 31.8090599558, 4.0216935565 ], [ 31.7681459017, 4.0841912304 ], [ 31.7271428385, 4.1467224947 ], [ 31.6860505176, 4.2092872206 ], [ 31.6448686895, 4.2718852785 ], [ 31.6035971043, 4.3345165381 ], [ 31.562235511, 4.3971808678 ], [ 31.5207836583, 4.4598781354 ], [ 31.4792412938, 4.5226082074 ], [ 31.4376081646, 4.5853709496 ], [ 31.395884017, 4.648166227 ], [ 31.3540685966, 4.7109939032 ], [ 31.3121616484, 4.7738538413 ], [ 31.2701629163, 4.8367459032 ], [ 31.228072144, 4.8996699498 ], [ 31.1858890739, 4.9626258413 ], [ 31.1436134482, 5.0256134367 ], [ 31.1012450079, 5.088632594 ], [ 31.0587834937, 5.1516831703 ], [ 31.0162286453, 5.2147650219 ], [ 30.9735802017, 5.2778780037 ], [ 30.9308379012, 5.34102197 ], [ 30.8880014813, 5.404196774 ], [ 30.845070679, 5.4674022677 ], [ 30.8020452303, 5.5306383024 ], [ 30.7589248704, 5.5939047281 ], [ 30.7157093342, 5.657201394 ], [ 30.6723983553, 5.7205281483 ], [ 30.628991667, 5.783884838 ], [ 30.5854890016, 5.8472713092 ], [ 30.5418900909, 5.9106874069 ], [ 30.4981946656, 5.9741329752 ], [ 30.4544024559, 6.0376078571 ], [ 30.4105131913, 6.1011118944 ], [ 30.3665266005, 6.1646449281 ], [ 30.3224424113, 6.2282067981 ], [ 30.278260351, 6.291797343 ], [ 30.2339801459, 6.3554164007 ], [ 30.1896015218, 6.4190638077 ], [ 30.1451242036, 6.4827393998 ], [ 30.1005479155, 6.5464430115 ], [ 30.0558723809, 6.6101744761 ], [ 30.0110973225, 6.6739336261 ], [ 29.9662224622, 6.7377202928 ], [ 29.9212475213, 6.8015343063 ], [ 29.8761722201, 6.8653754959 ], [ 29.8309962784, 6.9292436894 ], [ 29.785719415, 6.9931387138 ], [ 29.7403413482, 7.057060395 ], [ 29.6948617954, 7.1210085575 ], [ 29.6492804731, 7.1849830251 ], [ 29.6035970975, 7.2489836201 ], [ 29.5578113835, 7.3130101639 ], [ 29.5119230457, 7.3770624767 ], [ 29.4659317976, 7.4411403776 ], [ 29.4198373522, 7.5052436844 ], [ 29.3736394216, 7.5693722141 ], [ 29.3273377172, 7.6335257823 ], [ 29.2809319496, 7.6977042034 ], [ 29.2344218287, 7.7619072909 ], [ 29.1878070635, 7.8261348568 ], [ 29.1410873625, 7.8903867123 ], [ 29.0942624333, 7.9546626671 ], [ 29.0473319827, 8.01896253 ], [ 29.0002957168, 8.0832861084 ], [ 28.9531533409, 8.1476332087 ], [ 28.9059045596, 8.2120036361 ], [ 28.8585490767, 8.2763971943 ], [ 28.8110865953, 8.3408136863 ], [ 28.7635168177, 8.4052529135 ], [ 28.7158394455, 8.4697146762 ], [ 28.6680541794, 8.5341987737 ], [ 28.6201607195, 8.5987050038 ], [ 28.5721587651, 8.6632331632 ], [ 28.5240480147, 8.7277830474 ], [ 28.4758281661, 8.7923544507 ], [ 28.4274989162, 8.8569471659 ], [ 28.3790599615, 8.921560985 ], [ 28.3305109974, 8.9861956985 ], [ 28.2818517186, 9.0508510956 ], [ 28.2330818192, 9.1155269643 ], [ 28.1842009925, 9.1802230915 ], [ 28.1352089308, 9.2449392626 ], [ 28.0861053261, 9.309675262 ], [ 28.0368898693, 9.3744308725 ], [ 27.9875622507, 9.439205876 ], [ 27.9381221597, 9.5040000528 ], [ 27.8885692853, 9.568813182 ], [ 27.8389033152, 9.6336450415 ], [ 27.7891239369, 9.698495408 ], [ 27.7392308369, 9.7633640565 ], [ 27.6892237009, 9.8282507612 ], [ 27.639102214, 9.8931552946 ], [ 27.5888660605, 9.9580774281 ], [ 27.5385149239, 10.0230169318 ], [ 27.4880484871, 10.0879735742 ], [ 27.4374664321, 10.1529471228 ], [ 27.3867684403, 10.2179373436 ], [ 27.3359541923, 10.2829440014 ], [ 27.285023368, 10.3479668594 ], [ 27.2339756464, 10.4130056798 ], [ 27.182810706, 10.4780602231 ], [ 27.1315282244, 10.5431302488 ], [ 27.0801278787, 10.6082155147 ], [ 27.028609345, 10.6733157774 ], [ 26.9769722988, 10.7384307922 ], [ 26.9252164149, 10.8035603129 ], [ 26.8733413673, 10.868704092 ], [ 26.8213468293, 10.9338618805 ], [ 26.7692324736, 10.9990334282 ], [ 26.7169979719, 11.0642184834 ], [ 26.6646429956, 11.1294167929 ], [ 26.612167215, 11.1946281023 ], [ 26.5595702999, 11.2598521557 ], [ 26.5068519194, 11.3250886957 ], [ 26.4540117416, 11.3903374636 ], [ 26.4010494343, 11.4555981993 ], [ 26.3479646644, 11.5208706412 ], [ 26.2947570981, 11.5861545262 ], [ 26.2414264008, 11.6514495899 ], [ 26.1879722375, 11.7167555665 ], [ 26.1343942723, 11.7820721886 ], [ 26.0806921685, 11.8473991874 ], [ 26.0268655889, 11.9127362926 ], [ 25.9729141956, 11.9780832327 ], [ 25.91883765, 12.0434397343 ], [ 25.8646356127, 12.1088055229 ], [ 25.8103077438, 12.1741803224 ], [ 25.7558537026, 12.2395638552 ], [ 25.7012731478, 12.3049558422 ], [ 25.6465657373, 12.3703560028 ], [ 25.5917311285, 12.4357640551 ], [ 25.5367689781, 12.5011797154 ], [ 25.481678942, 12.5666026988 ], [ 25.4264606757, 12.6320327186 ], [ 25.3711138338, 12.6974694868 ], [ 25.3156380704, 12.7629127138 ], [ 25.2600330388, 12.8283621085 ], [ 25.2042983919, 12.8938173783 ], [ 25.1484337817, 12.959278229 ], [ 25.0924388597, 13.0247443649 ], [ 25.0363132769, 13.0902154888 ], [ 24.9800566833, 13.1556913018 ], [ 24.9236687286, 13.2211715037 ], [ 24.8671490618, 13.2866557926 ], [ 24.8104973312, 13.3521438651 ], [ 24.7537131847, 13.417635416 ], [ 24.6967962692, 13.4831301389 ], [ 24.6397462314, 13.5486277255 ], [ 24.5825627172, 13.6141278663 ], [ 24.5252453719, 13.6796302498 ], [ 24.4677938403, 13.7451345632 ], [ 24.4102077666, 13.8106404919 ], [ 24.3524867943, 13.87614772 ], [ 24.2946305665, 13.9416559297 ], [ 24.2366387256, 14.0071648017 ], [ 24.1785109134, 14.0726740151 ], [ 24.1202467712, 14.1381832475 ], [ 24.0618459399, 14.2036921747 ], [ 24.0033080595, 14.2692004709 ], [ 23.9446327699, 14.3347078088 ], [ 23.88581971, 14.4002138594 ], [ 23.8268685184, 14.465718292 ], [ 23.7677788333, 14.5312207743 ], [ 23.7085502921, 14.5967209724 ], [ 23.6491825318, 14.6622185507 ], [ 23.5896751889, 14.7277131719 ], [ 23.5300278994, 14.7932044973 ], [ 23.4702402987, 14.8586921862 ], [ 23.410312022, 14.9241758963 ], [ 23.3502427036, 14.9896552838 ], [ 23.2900319776, 15.0551300032 ], [ 23.2296794776, 15.120599707 ], [ 23.1691848365, 15.1860640465 ], [ 23.1085476871, 15.251522671 ], [ 23.0477676614, 15.3169752281 ], [ 22.9868443912, 15.3824213639 ], [ 22.9257775078, 15.4478607226 ], [ 22.8645666419, 15.5132929467 ], [ 22.803211424, 15.5787176772 ], [ 22.741711484, 15.6441345531 ], [ 22.6800664515, 15.709543212 ], [ 22.6182759557, 15.7749432894 ], [ 22.5563396253, 15.8403344195 ], [ 22.4942570886, 15.9057162343 ], [ 22.4320279738, 15.9710883645 ], [ 22.3696519084, 16.0364504387 ], [ 22.3071285195, 16.1018020841 ], [ 22.2444574342, 16.1671429259 ], [ 22.1816382789, 16.2324725875 ], [ 22.1186706799, 16.2977906909 ], [ 22.0555542629, 16.3630968559 ], [ 21.9922886536, 16.4283907009 ], [ 21.928873477, 16.4936718424 ], [ 21.8653083582, 16.5589398949 ], [ 21.8015929217, 16.6241944715 ], [ 21.7377267919, 16.6894351833 ], [ 21.6737095927, 16.7546616397 ], [ 21.6095409479, 16.8198734482 ], [ 21.5452204811, 16.8850702148 ], [ 21.4807478154, 16.9502515432 ], [ 21.4161225739, 17.0154170359 ], [ 21.3513443794, 17.0805662931 ], [ 21.2864128543, 17.1456989134 ], [ 21.221327621, 17.2108144937 ], [ 21.1560883017, 17.275912629 ], [ 21.0906945182, 17.3409929123 ], [ 21.0251458924, 17.406054935 ], [ 20.9594420457, 17.4710982867 ], [ 20.8935825996, 17.5361225551 ], [ 20.8275671755, 17.6011273259 ], [ 20.7613953943, 17.6661121833 ], [ 20.6950668771, 17.7310767095 ], [ 20.6285812448, 17.7960204847 ], [ 20.5619381182, 17.8609430875 ], [ 20.4951371179, 17.9258440947 ], [ 20.4281778646, 17.9907230809 ], [ 20.3610599787, 18.0555796192 ], [ 20.2937830807, 18.1204132807 ], [ 20.2263467911, 18.1852236346 ], [ 20.1587507303, 18.2500102484 ], [ 20.0909945185, 18.3147726876 ], [ 20.0230777763, 18.3795105158 ], [ 19.9550001238, 18.4442232948 ], [ 19.8867611816, 18.5089105847 ], [ 19.81836057, 18.5735719433 ], [ 19.7497979094, 18.6382069269 ], [ 19.6810728204, 18.7028150898 ], [ 19.6121849236, 18.7673959845 ], [ 19.5431338396, 18.8319491613 ], [ 19.4739191891, 18.896474169 ], [ 19.404540593, 18.9609705542 ], [ 19.3349976723, 19.025437862 ], [ 19.2652900482, 19.0898756351 ], [ 19.1954173419, 19.1542834147 ], [ 19.1253791749, 19.2186607399 ], [ 19.0551751687, 19.2830071481 ], [ 18.9848049453, 19.3473221744 ], [ 18.9142681267, 19.4116053524 ], [ 18.8435643352, 19.4758562137 ], [ 18.7726931932, 19.5400742878 ], [ 18.7016543235, 19.6042591024 ], [ 18.6304473493, 19.6684101835 ], [ 18.5590718937, 19.7325270547 ], [ 18.4875275806, 19.7966092382 ], [ 18.4158140338, 19.860656254 ], [ 18.3439308777, 19.9246676201 ], [ 18.271877737, 19.9886428528 ], [ 18.1996542366, 20.0525814664 ], [ 18.127260002, 20.1164829732 ], [ 18.0546946591, 20.1803468836 ], [ 17.9819578341, 20.2441727062 ], [ 17.9090491538, 20.3079599475 ], [ 17.8359682452, 20.3717081122 ], [ 17.7627147361, 20.4354167029 ], [ 17.6892882546, 20.4990852204 ], [ 17.6156884293, 20.5627131635 ], [ 17.5419148895, 20.6263000292 ], [ 17.4679672648, 20.6898453124 ], [ 17.3938451856, 20.7533485062 ], [ 17.3195482828, 20.8168091016 ], [ 17.2450761879, 20.8802265878 ], [ 17.170428533, 20.943600452 ], [ 17.095604951, 21.0069301795 ], [ 17.0206050752, 21.0702152536 ], [ 16.9454285398, 21.1334551557 ], [ 16.8700749797, 21.1966493653 ], [ 16.7945440304, 21.2597973599 ], [ 16.7188353283, 21.322898615 ], [ 16.6429485104, 21.3859526043 ], [ 16.5668832147, 21.4489587995 ], [ 16.4906390798, 21.5119166703 ], [ 16.4142157452, 21.5748256846 ], [ 16.3376128514, 21.6376853082 ], [ 16.2608300395, 21.700495005 ], [ 16.1838669518, 21.7632542372 ], [ 16.1067232313, 21.8259624646 ], [ 16.029398522, 21.8886191455 ], [ 15.951892469, 21.951223736 ], [ 15.8742047181, 22.0137756904 ], [ 15.7963349164, 22.0762744609 ], [ 15.7182827119, 22.138719498 ], [ 15.6400477536, 22.2011102502 ], [ 15.5616296917, 22.2634461639 ], [ 15.4830281774, 22.3257266836 ], [ 15.4042428632, 22.3879512522 ], [ 15.3252734025, 22.4501193103 ], [ 15.2461194501, 22.5122302967 ], [ 15.166780662, 22.5742836482 ], [ 15.0872566951, 22.6362788 ], [ 15.007547208, 22.6982151849 ], [ 14.9276518603, 22.7600922341 ], [ 14.8475703129, 22.8219093769 ], [ 14.7673022283, 22.8836660405 ], [ 14.6868472699, 22.9453616503 ], [ 14.6062051029, 23.0069956297 ], [ 14.5253753937, 23.0685674004 ], [ 14.4443578102, 23.130076382 ], [ 14.3631520216, 23.1915219922 ], [ 14.2817576989, 23.252903647 ], [ 14.2001745143, 23.3142207603 ], [ 14.1184021418, 23.3754727441 ], [ 14.0364402567, 23.4366590088 ], [ 13.9542885361, 23.4977789625 ], [ 13.8719466587, 23.5588320117 ], [ 13.7894143048, 23.6198175609 ], [ 13.7066911563, 23.6807350129 ], [ 13.623776897, 23.7415837684 ], [ 13.5406712123, 23.8023632264 ], [ 13.4573737895, 23.8630727839 ], [ 13.3738843175, 23.9237118362 ], [ 13.2902024872, 23.9842797765 ], [ 13.2063279912, 24.0447759965 ], [ 13.1222605242, 24.1051998859 ], [ 13.0379997826, 24.1655508323 ], [ 12.9535454649, 24.2258282219 ], [ 12.8688972716, 24.2860314387 ], [ 12.7840549049, 24.3461598652 ], [ 12.6990180694, 24.4062128818 ], [ 12.6137864717, 24.4661898673 ], [ 12.5283598204, 24.5260901986 ], [ 12.4427378262, 24.5859132507 ], [ 12.356920202, 24.645658397 ], [ 12.2709066631, 24.705325009 ], [ 12.1846969268, 24.7649124563 ], [ 12.0982907127, 24.824420107 ], [ 12.0116877427, 24.8838473271 ], [ 11.9248877411, 24.9431934812 ], [ 11.8378904346, 25.0024579319 ], [ 11.750695552, 25.06164004 ], [ 11.6633028249, 25.1207391648 ], [ 11.5757119872, 25.1797546635 ], [ 11.4879227752, 25.238685892 ], [ 11.3999349279, 25.2975322042 ], [ 11.3117481867, 25.3562929522 ], [ 11.2233622958, 25.4149674867 ], [ 11.1347770019, 25.4735551565 ], [ 11.0459920544, 25.5320553088 ], [ 10.9570072053, 25.5904672889 ], [ 10.8678222096, 25.6487904407 ], [ 10.7784368247, 25.7070241063 ], [ 10.6888508113, 25.7651676261 ], [ 10.5990639324, 25.8232203391 ], [ 10.5090759543, 25.8811815822 ], [ 10.4188866461, 25.9390506912 ], [ 10.3284957798, 25.9968269998 ], [ 10.2379031303, 26.0545098405 ], [ 10.1471084759, 26.1120985439 ], [ 10.0561115975, 26.1695924391 ], [ 9.9649122794, 26.2269908536 ], [ 9.873510309, 26.2842931135 ], [ 9.7819054769, 26.3414985431 ], [ 9.6900975767, 26.3986064652 ], [ 9.5980864056, 26.4556162012 ], [ 9.5058717638, 26.5125270708 ], [ 9.413453455, 26.5693383923 ], [ 9.3208312861, 26.6260494825 ], [ 9.2280050677, 26.6826596565 ], [ 9.1349746136, 26.7391682283 ], [ 9.0417397412, 26.79557451 ], [ 8.9483002714, 26.8518778125 ], [ 8.8546560285, 26.9080774452 ], [ 8.7608068408, 26.964172716 ], [ 8.6667525398, 27.0201629315 ], [ 8.5724929611, 27.0760473968 ], [ 8.4780279436, 27.1318254157 ], [ 8.3833573303, 27.1874962904 ], [ 8.2884809679, 27.243059322 ], [ 8.193398707, 27.29851381 ], [ 8.0981104019, 27.3538590527 ], [ 8.0026159109, 27.4090943471 ], [ 7.9069150965, 27.4642189887 ], [ 7.811007825, 27.519232272 ], [ 7.7148939666, 27.5741334899 ], [ 7.618573396, 27.6289219342 ], [ 7.5220459917, 27.6835968954 ], [ 7.4253116364, 27.7381576628 ], [ 7.3283702173, 27.7926035244 ], [ 7.2312216254, 27.8469337671 ], [ 7.1338657565, 27.9011476764 ], [ 7.0363025103, 27.9552445369 ], [ 6.9385317911, 28.0092236318 ], [ 6.8405535078, 28.0630842432 ], [ 6.7423675733, 28.1168256522 ], [ 6.6439739055, 28.1704471387 ], [ 6.5453724265, 28.2239479815 ], [ 6.4465630632, 28.2773274582 ], [ 6.347545747, 28.3305848456 ], [ 6.248320414, 28.3837194193 ], [ 6.1488870053, 28.4367304538 ], [ 6.0492454663, 28.4896172228 ], [ 5.9493957475, 28.5423789988 ], [ 5.8493378042, 28.5950150534 ], [ 5.7490715966, 28.6475246573 ], [ 5.6485970899, 28.6999070803 ], [ 5.547914254, 28.7521615911 ], [ 5.4470230642, 28.8042874576 ], [ 5.3459235006, 28.856283947 ], [ 5.2446155485, 28.9081503253 ], [ 5.1430991984, 28.9598858579 ], [ 5.0413744459, 29.0114898094 ], [ 4.9394412918, 29.0629614435 ], [ 4.8372997424, 29.1143000231 ], [ 4.7349498092, 29.1655048104 ], [ 4.6323915089, 29.2165750669 ], [ 4.5296248639, 29.2675100534 ], [ 4.4266499018, 29.3183090299 ], [ 4.3234666558, 29.3689712558 ], [ 4.2200751648, 29.4194959898 ], [ 4.1164754729, 29.46988249 ], [ 4.0126676303, 29.5201300141 ], [ 3.9086516924, 29.5702378188 ], [ 3.8044277207, 29.6202051606 ], [ 3.6999957822, 29.6700312953 ], [ 3.5953559497, 29.7197154783 ], [ 3.4905083021, 29.7692569643 ], [ 3.3854529238, 29.8186550078 ], [ 3.2801899055, 29.8679088626 ], [ 3.1747193435, 29.9170177824 ], [ 3.0690413404, 29.9659810202 ], [ 2.9631560047, 30.0147978287 ], [ 2.857063451, 30.0634674604 ], [ 2.7507638002, 30.1119891675 ], [ 2.644257179, 30.1603622016 ], [ 2.5375437208, 30.2085858143 ], [ 2.4306235648, 30.2566592569 ], [ 2.3234968569, 30.3045817805 ], [ 2.216163749, 30.352352636 ], [ 2.1086243996, 30.3999710741 ], [ 2.0008789735, 30.4474363454 ], [ 1.8929276421, 30.4947477003 ], [ 1.7847705831, 30.5419043893 ], [ 1.676407981, 30.5889056627 ], [ 1.5678400266, 30.6357507708 ], [ 1.4590669175, 30.6824389639 ], [ 1.3500888581, 30.7289694923 ], [ 1.2409060591, 30.7753416065 ], [ 1.1315187382, 30.821554557 ], [ 1.02192712, 30.8676075942 ], [ 0.9121314356, 30.9134999689 ], [ 0.8021319233, 30.9592309321 ], [ 0.691928828, 31.0047997348 ], [ 0.5815224017, 31.0502056284 ], [ 0.4709129033, 31.0954478644 ], [ 0.3601005987, 31.1405256947 ], [ 0.249085761, 31.1854383715 ], [ 0.1378686701, 31.2301851473 ], [ 0.0264496133, 31.2747652751 ], [ -0.0851711151, 31.3191780081 ], [ -0.1969932136, 31.3634226002 ], [ -0.3090163735, 31.4074983055 ], [ -0.4212402787, 31.4514043788 ], [ -0.5336646059, 31.4951400754 ], [ -0.6462890245, 31.538704651 ], [ -0.7591131966, 31.5820973622 ], [ -0.8721367767, 31.6253174659 ], [ -0.9853594119, 31.6683642199 ], [ -1.0987807422, 31.7112368827 ], [ -1.2124003995, 31.7539347132 ], [ -1.3262180087, 31.7964569715 ], [ -1.4402331869, 31.8388029182 ], [ -1.5544455437, 31.8809718149 ], [ -1.6688546809, 31.9229629238 ], [ -1.7834601929, 31.9647755083 ], [ -1.8982616662, 32.0064088325 ], [ -2.0132586798, 32.0478621616 ], [ -2.1284508048, 32.0891347617 ], [ -2.2438376046, 32.1302259 ], [ -2.3594186347, 32.1711348447 ], [ -2.4751934431, 32.2118608652 ], [ -2.5911615695, 32.2524032318 ], [ -2.7073225462, 32.2927612162 ], [ -2.8236758971, 32.3329340912 ], [ -2.9402211386, 32.3729211308 ], [ -3.0569577789, 32.4127216105 ], [ -3.1738853184, 32.4523348067 ], [ -3.2910032493, 32.4917599975 ], [ -3.408311056, 32.5309964623 ], [ -3.5258082147, 32.5700434818 ], [ -3.6434941936, 32.6089003382 ], [ -3.7613684529, 32.6475663152 ], [ -3.8794304444, 32.686040698 ], [ -3.9976796122, 32.7243227735 ], [ -4.116115392, 32.7624118299 ], [ -4.2347372112, 32.8003071574 ], [ -4.3535444894, 32.8380080476 ], [ -4.4725366378, 32.8755137938 ], [ -4.5917130593, 32.9128236912 ], [ -4.7110731486, 32.9499370368 ], [ -4.8306162924, 32.9868531292 ], [ -4.9503418689, 33.0235712691 ], [ -5.070249248, 33.0600907588 ], [ -5.1903377914, 33.0964109029 ], [ -5.3106068527, 33.1325310077 ], [ -5.4310557768, 33.1684503816 ], [ -5.5516839006, 33.2041683349 ], [ -5.6724905525, 33.2396841804 ], [ -5.7934750526, 33.2749972325 ], [ -5.9146367127, 33.310106808 ], [ -6.0359748361, 33.345012226 ], [ -6.157488718, 33.3797128077 ], [ -6.2791776451, 33.4142078766 ], [ -6.4010408955, 33.4484967584 ], [ -6.5230777394, 33.4825787814 ], [ -6.6452874381, 33.5164532761 ], [ -6.7676692449, 33.5501195756 ], [ -6.8902224046, 33.5835770152 ], [ -7.0129461534, 33.6168249329 ], [ -7.1358397196, 33.6498626692 ], [ -7.2589023225, 33.6826895672 ], [ -7.3821331736, 33.7153049727 ], [ -7.5055314756, 33.7477082339 ], [ -7.6290964229, 33.779898702 ], [ -7.7528272017, 33.8118757309 ], [ -7.8767229896, 33.843638677 ], [ -8.0007829561, 33.8751868997 ], [ -8.1250062621, 33.9065197615 ], [ -8.2493920602, 33.9376366274 ], [ -8.3739394946, 33.9685368656 ], [ -8.4986477015, 33.9992198471 ], [ -8.6235158083, 34.0296849459 ], [ -8.7485429344, 34.0599315394 ], [ -8.8737281907, 34.0899590076 ], [ -8.9990706801, 34.119766734 ], [ -9.1245694969, 34.1493541051 ], [ -9.2502237274, 34.1787205107 ], [ -9.3760324494, 34.2078653436 ], [ -9.5019947327, 34.2367880003 ], [ -9.6281096388, 34.2654878803 ], [ -9.754376221, 34.2939643866 ], [ -9.8807935243, 34.3222169256 ], [ -10.0073605859, 34.350244907 ], [ -10.1340764346, 34.3780477442 ], [ -10.2609400911, 34.4056248539 ], [ -10.3879505681, 34.4329756566 ], [ -10.5151068701, 34.4600995761 ], [ -10.6424079939, 34.4869960402 ], [ -10.7698529279, 34.51366448 ], [ -10.8974406527, 34.5401043305 ], [ -11.025170141, 34.5663150304 ], [ -11.1530403575, 34.5922960224 ], [ -11.2810502591, 34.6180467526 ], [ -11.4091987947, 34.6435666712 ], [ -11.5374849054, 34.6688552325 ], [ -11.6659075246, 34.6939118943 ], [ -11.7944655779, 34.7187361187 ], [ -11.9231579833, 34.7433273717 ], [ -12.0519836508, 34.7676851233 ], [ -12.180941483, 34.7918088476 ], [ -12.3100303749, 34.815698023 ], [ -12.4392492138, 34.8393521319 ], [ -12.5685968796, 34.8627706607 ], [ -12.6980722445, 34.8859531004 ], [ -12.8276741736, 34.9088989461 ], [ -12.9574015243, 34.9316076971 ], [ -13.0872531468, 34.9540788572 ], [ -13.2172278839, 34.9763119345 ], [ -13.3473245711, 34.9983064415 ], [ -13.4775420369, 35.0200618951 ], [ -13.6078791024, 35.0415778168 ], [ -13.7383345817, 35.0628537325 ], [ -13.8689072819, 35.0838891727 ], [ -13.9995960028, 35.1046836724 ], [ -14.1303995375, 35.1252367713 ], [ -14.2613166722, 35.1455480137 ], [ -14.3923461861, 35.1656169487 ], [ -14.5234868517, 35.1854431299 ], [ -14.6547374347, 35.2050261158 ], [ -14.7860966941, 35.2243654696 ], [ -14.9175633825, 35.2434607594 ], [ -15.0491362455, 35.2623115581 ], [ -15.1808140226, 35.2809174433 ], [ -15.3125954467, 35.2992779979 ], [ -15.4444792442, 35.3173928093 ], [ -15.5764641354, 35.3352614702 ], [ -15.7085488343, 35.3528835781 ], [ -15.8407320485, 35.3702587356 ], [ -15.9730124798, 35.3873865504 ], [ -16.1053888236, 35.4042666353 ], [ -16.2378597697, 35.420898608 ], [ -16.3704240016, 35.4372820916 ], [ -16.5030801972, 35.4534167144 ], [ -16.6358270285, 35.4693021096 ], [ -16.7686631618, 35.4849379159 ], [ -16.9015872579, 35.5003237773 ], [ -17.0345979719, 35.5154593428 ], [ -17.1676939535, 35.5303442669 ], [ -17.3008738468, 35.5449782096 ], [ -17.4341362908, 35.5593608359 ], [ -17.5674799191, 35.5734918165 ], [ -17.7009033603, 35.5873708273 ], [ -17.8344052375, 35.60099755 ], [ -17.9679841692, 35.6143716712 ], [ -18.1016387688, 35.6274928836 ], [ -18.2353676447, 35.6403608849 ], [ -18.3691694007, 35.6529753788 ], [ -18.5030426358, 35.6653360742 ], [ -18.6369859445, 35.6774426858 ], [ -18.7709979165, 35.6892949337 ], [ -18.9050771374, 35.700892544 ], [ -19.0392221882, 35.7122352481 ], [ -19.1734316457, 35.7233227832 ], [ -19.3077040824, 35.7341548922 ], [ -19.4420380668, 35.7447313237 ], [ -19.5764321634, 35.7550518322 ], [ -19.7108849328, 35.7651161776 ], [ -19.8453949315, 35.774924126 ], [ -19.9799607126, 35.7844754489 ], [ -20.1145808252, 35.7937699239 ], [ -20.2492538152, 35.8028073344 ], [ -20.3839782247, 35.8115874694 ], [ -20.5187525926, 35.820110124 ], [ -20.6535754543, 35.8283750992 ], [ -20.7884453423, 35.8363822017 ], [ -20.9233607857, 35.8441312443 ], [ -21.0583203108, 35.8516220457 ], [ -21.1933224409, 35.8588544305 ], [ -21.3283656963, 35.8658282292 ], [ -21.463448595, 35.8725432784 ], [ -21.5985696519, 35.8789994205 ], [ -21.7337273796, 35.8851965041 ], [ -21.8689202883, 35.8911343838 ], [ -22.0041468858, 35.89681292 ], [ -22.1394056775, 35.9022319794 ], [ -22.2746951669, 35.9073914346 ], [ -22.4100138554, 35.9122911642 ], [ -22.5453602423, 35.916931053 ], [ -22.6807328251, 35.9213109919 ], [ -22.8161300997, 35.9254308776 ], [ -22.9515505603, 35.9292906132 ], [ -23.0869926993, 35.9328901078 ], [ -23.2224550079, 35.9362292766 ], [ -23.357935976, 35.9393080408 ], [ -23.493434092, 35.942126328 ], [ -23.6289478433, 35.9446840716 ], [ -23.7644757163, 35.9469812113 ], [ -23.9000161964, 35.949017693 ], [ -24.0355677681, 35.9507934686 ], [ -24.1711289151, 35.9523084962 ], [ -24.3066981208, 35.9535627401 ], [ -24.4422738676, 35.9545561707 ], [ -24.5778546377, 35.9552887644 ], [ -24.7134389131, 35.9557605041 ], [ -24.8490251752, 35.9559713786 ], [ -24.9846119056, 35.9559213829 ], [ -25.1201975856, 35.9556105181 ], [ -25.2557806969, 35.9550387918 ], [ -25.391359721, 35.9542062172 ], [ -25.52693314, 35.9531128141 ], [ -25.6624994361, 35.9517586083 ], [ -25.7980570921, 35.9501436317 ], [ -25.9336045916, 35.9482679225 ], [ -26.0691404185, 35.9461315249 ], [ -26.2046630576, 35.9437344893 ], [ -26.3401709948, 35.9410768722 ], [ -26.4756627167, 35.9381587363 ], [ -26.6111367112, 35.9349801504 ], [ -26.7465914673, 35.9315411894 ], [ -26.8820254752, 35.9278419344 ], [ -27.0174372267, 35.9238824725 ], [ -27.1528252149, 35.9196628969 ], [ -27.2881879345, 35.915183307 ], [ -27.4235238821, 35.9104438083 ], [ -27.5588315559, 35.9054445123 ], [ -27.6941094559, 35.9001855364 ], [ -27.8293560844, 35.8946670045 ], [ -27.9645699455, 35.8888890461 ], [ -28.0997495456, 35.8828517971 ], [ -28.2348933935, 35.8765553991 ], [ -28.37, 35.87 ] ] ] } },
{ "type": "Feature", "properties": { "fid": 3, "chart": "H" }, "geometry": { "type": "Polygon", "coordinates": [ [ [ -148.6, 31.45 ], [ -148.6290846805, 31.5529408951 ], [ -148.6582917154, 31.6559704827 ], [ -148.687621863, 31.7590886248 ], [ -148.717075888, 31.8622951818 ], [ -148.7466545612, 31.9655900125 ], [ -148.7763586595, 32.068972974 ], [ -148.8061889665, 32.1724439216 ], [ -148.8361462719, 32.2760027091 ], [ -148.8662313719, 32.3796491883 ], [ -148.8964450695, 32.4833832097 ], [ -148.9267881739, 32.5872046216 ], [ -148.9572615012, 32.691113271 ], [ -148.9878658742, 32.7951090027 ], [ -149.0186021224, 32.8991916601 ], [ -149.0494710822, 33.0033610845 ], [ -149.080473597, 33.1076171158 ], [ -149.1116105171, 33.2119595917 ], [ -149.1428826999, 33.3163883483 ], [ -149.1742910101, 33.4209032198 ], [ -149.2058363194, 33.5255040385 ], [ -149.2375195068, 33.630190635 ], [ -149.2693414588, 33.7349628379 ], [ -149.3013030692, 33.8398204739 ], [ -149.3334052395, 33.9447633678 ], [ -149.3656488787, 34.0497913426 ], [ -149.3980349033, 34.1549042193 ], [ -149.4305642377, 34.2601018169 ], [ -149.4632378143, 34.3653839525 ], [ -149.4960565731, 34.4707504413 ], [ -149.5290214623, 34.5762010964 ], [ -149.5621334381, 34.681735729 ], [ -149.5953934649, 34.7873541481 ], [ -149.6288025151, 34.893056161 ], [ -149.6623615699, 34.9988415726 ], [ -149.6960716186, 35.1047101859 ], [ -149.729933659, 35.210661802 ], [ -149.7639486975, 35.3166962195 ], [ -149.7981177494, 35.4228132354 ], [ -149.8324418385, 35.5290126441 ], [ -149.8669219977, 35.6352942382 ], [ -149.9015592685, 35.7416578079 ], [ -149.936354702, 35.8481031416 ], [ -149.971309358, 35.954630025 ], [ -150.0064243056, 36.0612382421 ], [ -150.0417006236, 36.1679275743 ], [ -150.0771393998, 36.2746978009 ], [ -150.1127417318, 36.3815486992 ], [ -150.1485087268, 36.4884800437 ], [ -150.1844415017, 36.5954916071 ], [ -150.2205411834, 36.7025831596 ], [ -150.2568089085, 36.8097544691 ], [ -150.293245824, 36.917005301 ], [ -150.3298530868, 37.0243354186 ], [ -150.3666318642, 37.1317445826 ], [ -150.4035833339, 37.2392325516 ], [ -150.4407086842, 37.3467990815 ], [ -150.4780091138, 37.4544439258 ], [ -150.5154858323, 37.5621668356 ], [ -150.5531400602, 37.6699675597 ], [ -150.5909730288, 37.7778458441 ], [ -150.6289859806, 37.8858014324 ], [ -150.6671801695, 37.9938340659 ], [ -150.7055568603, 38.1019434829 ], [ -150.7441173296, 38.2101294195 ], [ -150.7828628656, 38.3183916091 ], [ -150.821794768, 38.4267297824 ], [ -150.8609143486, 38.5351436675 ], [ -150.9002229309, 38.6436329899 ], [ -150.9397218507, 38.7521974724 ], [ -150.979412456, 38.860836835 ], [ -151.0192961073, 38.9695507951 ], [ -151.0593741773, 39.0783390673 ], [ -151.0996480516, 39.1872013634 ], [ -151.1401191286, 39.2961373925 ], [ -151.1807888196, 39.4051468608 ], [ -151.221658549, 39.5142294717 ], [ -151.2627297543, 39.6233849255 ], [ -151.3040038865, 39.7326129201 ], [ -151.3454824101, 39.84191315 ], [ -151.3871668035, 39.9512853071 ], [ -151.4290585585, 40.06072908 ], [ -151.4711591812, 40.1702441547 ], [ -151.5134701919, 40.2798302139 ], [ -151.555993125, 40.3894869374 ], [ -151.5987295295, 40.4992140017 ], [ -151.6416809689, 40.6090110806 ], [ -151.6848490219, 40.7188778443 ], [ -151.7282352816, 40.8288139603 ], [ -151.7718413568, 40.9388190926 ], [ -151.8156688712, 41.0488929021 ], [ -151.8597194643, 41.1590350465 ], [ -151.9039947911, 41.2692451802 ], [ -151.9484965225, 41.3795229543 ], [ -151.9932263454, 41.4898680165 ], [ -152.038185963, 41.6002800113 ], [ -152.0833770949, 41.7107585797 ], [ -152.1288014773, 41.8213033594 ], [ -152.1744608632, 41.9319139843 ], [ -152.2203570225, 42.0425900854 ], [ -152.2664917424, 42.1533312896 ], [ -152.3128668275, 42.2641372207 ], [ -152.3594840998, 42.3750074986 ], [ -152.4063453994, 42.4859417398 ], [ -152.4534525842, 42.5969395571 ], [ -152.5008075303, 42.7080005595 ], [ -152.5484121324, 42.8191243524 ], [ -152.5962683037, 42.9303105374 ], [ -152.6443779764, 43.0415587125 ], [ -152.6927431016, 43.1528684715 ], [ -152.74136565, 43.2642394046 ], [ -152.7902476115, 43.3756710981 ], [ -152.8393909961, 43.4871631343 ], [ -152.8887978337, 43.5987150914 ], [ -152.9384701743, 43.7103265439 ], [ -152.9884100887, 43.8219970619 ], [ -153.0386196682, 43.9337262117 ], [ -153.0891010251, 44.0455135552 ], [ -153.1398562932, 44.1573586504 ], [ -153.1908876275, 44.2692610508 ], [ -153.2421972048, 44.3812203058 ], [ -153.2937872241, 44.4932359605 ], [ -153.3456599066, 44.6053075555 ], [ -153.3978174959, 44.7174346273 ], [ -153.4502622586, 44.8296167077 ], [ -153.5029964843, 44.9418533242 ], [ -153.5560224861, 45.0541439995 ], [ -153.6093426007, 45.1664882519 ], [ -153.6629591888, 45.2788855953 ], [ -153.7168746352, 45.3913355385 ], [ -153.7710913493, 45.5038375859 ], [ -153.8256117656, 45.6163912369 ], [ -153.8804383433, 45.7289959863 ], [ -153.9355735675, 45.8416513238 ], [ -153.9910199488, 45.9543567344 ], [ -154.0467800239, 46.067111698 ], [ -154.102856356, 46.1799156894 ], [ -154.159251535, 46.2927681786 ], [ -154.2159681779, 46.40566863 ], [ -154.273008929, 46.5186165033 ], [ -154.3303764604, 46.6316112526 ], [ -154.3880734724, 46.7446523269 ], [ -154.4461026934, 46.8577391696 ], [ -154.504466881, 46.9708712189 ], [ -154.5631688216, 47.0840479074 ], [ -154.6222113314, 47.1972686622 ], [ -154.6815972562, 47.3105329048 ], [ -154.7413294722, 47.4238400509 ], [ -154.8014108863, 47.5371895107 ], [ -154.8618444363, 47.6505806883 ], [ -154.9226330914, 47.7640129821 ], [ -154.9837798527, 47.8774857847 ], [ -155.0452877533, 47.9909984824 ], [ -155.1071598591, 48.1045504557 ], [ -155.169399269, 48.2181410787 ], [ -155.2320091153, 48.3317697195 ], [ -155.294992564, 48.4454357399 ], [ -155.3583528157, 48.5591384951 ], [ -155.4220931055, 48.6728773342 ], [ -155.4862167037, 48.7866515996 ], [ -155.5507269162, 48.9004606271 ], [ -155.615627085, 49.0143037459 ], [ -155.6809205887, 49.1281802785 ], [ -155.7466108427, 49.2420895404 ], [ -155.8127013, 49.3560308405 ], [ -155.8791954516, 49.4700034804 ], [ -155.9460968267, 49.5840067547 ], [ -156.0134089935, 49.698039951 ], [ -156.0811355599, 49.8121023495 ], [ -156.1492801734, 49.9261932231 ], [ -156.2178465219, 50.0403118373 ], [ -156.2868383346, 50.1544574501 ], [ -156.3562593818, 50.2686293117 ], [ -156.4261134761, 50.382826665 ], [ -156.4964044726, 50.4970487447 ], [ -156.5671362695, 50.6112947778 ], [ -156.6383128085, 50.7255639833 ], [ -156.7099380757, 50.8398555719 ], [ -156.7820161022, 50.9541687465 ], [ -156.8545509641, 51.0685027013 ], [ -156.9275467836, 51.1828566222 ], [ -157.0010077298, 51.2972296869 ], [ -157.0749380185, 51.4116210639 ], [ -157.1493419136, 51.5260299135 ], [ -157.2242237272, 51.6404553868 ], [ -157.2995878207, 51.7548966261 ], [ -157.3754386051, 51.8693527645 ], [ -157.4517805415, 51.9838229261 ], [ -157.5286181423, 52.0983062255 ], [ -157.6059559714, 52.2128017679 ], [ -157.683798645, 52.3273086489 ], [ -157.7621508325, 52.4418259546 ], [ -157.8410172567, 52.556352761 ], [ -157.920402695, 52.6708881343 ], [ -158.0003119799, 52.7854311306 ], [ -158.0807499997, 52.8999807958 ], [ -158.1617216993, 53.0145361653 ], [ -158.2432320809, 53.1290962642 ], [ -158.3252862048, 53.2436601069 ], [ -158.4078891899, 53.3582266969 ], [ -158.4910462149, 53.4727950268 ], [ -158.5747625189, 53.5873640783 ], [ -158.6590434019, 53.7019328216 ], [ -158.7438942262, 53.8165002157 ], [ -158.8293204166, 53.931065208 ], [ -158.9153274616, 54.0456267341 ], [ -159.0019209141, 54.1601837179 ], [ -159.0891063922, 54.2747350711 ], [ -159.1768895803, 54.3892796933 ], [ -159.2652762295, 54.5038164717 ], [ -159.354272159, 54.618344281 ], [ -159.4438832567, 54.732861983 ], [ -159.53411548, 54.8473684267 ], [ -159.624974857, 54.9618624482 ], [ -159.7164674873, 55.07634287 ], [ -159.8085995426, 55.1908085012 ], [ -159.9013772684, 55.3052581376 ], [ -159.9948069841, 55.4196905605 ], [ -160.0888950845, 55.5341045378 ], [ -160.1836480408, 55.6484988228 ], [ -160.2790724012, 55.7628721542 ], [ -160.3751747923, 55.8772232564 ], [ -160.4719619197, 55.9915508387 ], [ -160.5694405696, 56.1058535952 ], [ -160.6676176092, 56.2201302049 ], [ -160.7664999883, 56.3343793311 ], [ -160.8660947399, 56.4485996214 ], [ -160.9664089816, 56.5627897074 ], [ -161.0674499165, 56.6769482042 ], [ -161.1692248345, 56.7910737108 ], [ -161.2717411131, 56.9051648092 ], [ -161.3750062187, 57.0192200645 ], [ -161.4790277079, 57.1332380245 ], [ -161.5838132282, 57.2472172196 ], [ -161.6893705195, 57.3611561623 ], [ -161.7957074153, 57.4750533474 ], [ -161.9028318436, 57.5889072509 ], [ -162.0107518283, 57.7027163307 ], [ -162.1194754904, 57.8164790256 ], [ -162.229011049, 57.9301937552 ], [ -162.3393668228, 58.0438589198 ], [ -162.4505512313, 58.1574729 ], [ -162.5625727956, 58.2710340563 ], [ -162.6754401403, 58.3845407289 ], [ -162.7891619945, 58.4979912373 ], [ -162.9037471928, 58.6113838801 ], [ -163.019204677, 58.7247169346 ], [ -163.1355434971, 58.8379886564 ], [ -163.252772813, 58.9511972792 ], [ -163.3709018951, 59.0643410146 ], [ -163.4899401264, 59.1774180514 ], [ -163.6098970033, 59.2904265553 ], [ -163.7307821373, 59.4033646689 ], [ -163.8526052561, 59.516230511 ], [ -163.9753762048, 59.6290221763 ], [ -164.0991049478, 59.7417377351 ], [ -164.2238015697, 59.8543752329 ], [ -164.3494762767, 59.9669326899 ], [ -164.4761393984, 60.0794081008 ], [ -164.6038013886, 60.1917994342 ], [ -164.7324728271, 60.3041046323 ], [ -164.8621644208, 60.4163216106 ], [ -164.9928870053, 60.5284482572 ], [ -165.1246515464, 60.6404824324 ], [ -165.257469141, 60.7524219688 ], [ -165.391351019, 60.8642646701 ], [ -165.5263085446, 60.976008311 ], [ -165.6623532173, 61.0876506369 ], [ -165.7994966739, 61.1991893631 ], [ -165.9377506893, 61.3106221747 ], [ -166.0771271783, 61.4219467258 ], [ -166.2176381968, 61.5331606392 ], [ -166.3592959431, 61.6442615055 ], [ -166.5021127594, 61.7552468835 ], [ -166.6461011331, 61.8661142988 ], [ -166.791273698, 61.9768612434 ], [ -166.9376432359, 62.0874851759 ], [ -167.0852226776, 62.19798352 ], [ -167.2340251045, 62.3083536645 ], [ -167.3840637495, 62.4185929629 ], [ -167.5353519988, 62.5286987322 ], [ -167.6879033923, 62.6386682529 ], [ -167.8417316258, 62.7484987683 ], [ -167.9968505514, 62.8581874838 ], [ -168.153274179, 62.9677315664 ], [ -168.3110166774, 63.0771281438 ], [ -168.4700923753, 63.1863743045 ], [ -168.6305157624, 63.2954670962 ], [ -168.7923014905, 63.4044035263 ], [ -168.9554643744, 63.51318056 ], [ -169.1200193927, 63.6217951209 ], [ -169.285981689, 63.7302440893 ], [ -169.4533665724, 63.8385243023 ], [ -169.6221895186, 63.9466325527 ], [ -169.7924661704, 64.0545655884 ], [ -169.9642123382, 64.1623201118 ], [ -170.1374440013, 64.269892779 ], [ -170.3121773076, 64.3772801992 ], [ -170.4884285744, 64.484478934 ], [ -170.6662142892, 64.5914854964 ], [ -170.8455511093, 64.6982963503 ], [ -171.0264558624, 64.8049079099 ], [ -171.2089455467, 64.9113165386 ], [ -171.3930373309, 65.0175185486 ], [ -171.5787485543, 65.1235101997 ], [ -171.7660967262, 65.229287699 ], [ -171.9550995261, 65.3348471998 ], [ -172.1457748031, 65.4401848009 ], [ -172.3381405754, 65.5452965459 ], [ -172.5322150295, 65.6501784222 ], [ -172.7280165198, 65.7548263604 ], [ -172.9255635673, 65.8592362333 ], [ -173.1248748587, 65.9634038553 ], [ -173.3259692452, 66.0673249813 ], [ -173.528865741, 66.1709953061 ], [ -173.7335835218, 66.2744104635 ], [ -173.9401419232, 66.3775660253 ], [ -174.1485604386, 66.4804575007 ], [ -174.3588587171, 66.5830803354 ], [ -174.5710565613, 66.6854299104 ], [ -174.7851739246, 66.7875015418 ], [ -175.0012309086, 66.8892904793 ], [ -175.2192477602, 66.9907919058 ], [ -175.439244868, 67.0920009361 ], [ -175.6612427592, 67.1929126167 ], [ -175.8852620959, 67.2935219241 ], [ -176.1113236706, 67.3938237648 ], [ -176.3394484027, 67.4938129736 ], [ -176.5696573333, 67.5934843135 ], [ -176.8019716204, 67.6928324745 ], [ -177.0364125342, 67.7918520727 ], [ -177.2730014507, 67.8905376495 ], [ -177.511759847, 67.9888836709 ], [ -177.752709294, 68.0868845268 ], [ -177.9958714505, 68.1845345297 ], [ -178.2412680561, 68.2818279143 ], [ -178.4889209236, 68.3787588367 ], [ -178.7388519319, 68.4753213734 ], [ -178.991083017, 68.5715095209 ], [ -179.2456361642, 68.6673171945 ], [ -179.5025333987, 68.762738228 ], [ -179.7617967761, 68.8577663727 ], [ 179.9765516275, 68.9523952969 ], [ 179.7124897258, 69.0466185851 ], [ 179.4459954333, 69.1404297377 ], [ 179.1770466768, 69.2338221697 ], [ 178.9056214073, 69.3267892111 ], [ 178.6316976125, 69.4193241053 ], [ 178.3552533301, 69.5114200095 ], [ 178.0762666608, 69.6030699937 ], [ 177.7947157833, 69.6942670403 ], [ 177.5105789685, 69.785004044 ], [ 177.2238345952, 69.8752738111 ], [ 176.934461166, 69.9650690595 ], [ 176.642437324, 70.0543824181 ], [ 176.3477418703, 70.1432064269 ], [ 176.0503537816, 70.2315335368 ], [ 175.7502522291, 70.3193561094 ], [ 175.4474165977, 70.406666417 ], [ 175.1418265062, 70.4934566425 ], [ 174.8334618276, 70.57971888 ], [ 174.5223027109, 70.6654451343 ], [ 174.208329603, 70.7506273215 ], [ 173.8915232716, 70.8352572694 ], [ 173.5718648287, 70.9193267178 ], [ 173.2493357549, 71.0028273188 ], [ 172.9239179246, 71.0857506376 ], [ 172.5955936314, 71.1680881532 ], [ 172.2643456148, 71.249831259 ], [ 171.9301570873, 71.3309712636 ], [ 171.5930117625, 71.4114993921 ], [ 171.2528938834, 71.4914067868 ], [ 170.909788252, 71.5706845087 ], [ 170.5636802592, 71.6493235385 ], [ 170.2145559158, 71.7273147782 ], [ 169.8624018834, 71.8046490525 ], [ 169.5072055069, 71.8813171109 ], [ 169.1489548468, 71.9573096287 ], [ 168.7876387129, 72.0326172097 ], [ 168.4232466978, 72.1072303879 ], [ 168.0557692115, 72.1811396298 ], [ 167.6851975161, 72.2543353366 ], [ 167.3115237617, 72.3268078471 ], [ 166.9347410216, 72.3985474399 ], [ 166.5548433293, 72.4695443366 ], [ 166.1718257146, 72.5397887044 ], [ 165.7856842405, 72.6092706598 ], [ 165.3964160408, 72.6779802712 ], [ 165.0040193572, 72.7459075631 ], [ 164.6084935768, 72.8130425191 ], [ 164.20983927, 72.8793750862 ], [ 163.8080582274, 72.9448951785 ], [ 163.4031534982, 73.0095926818 ], [ 162.9951294269, 73.0734574572 ], [ 162.5839916907, 73.1364793465 ], [ 162.1697473363, 73.1986481762 ], [ 161.7524048162, 73.2599537628 ], [ 161.3319740249, 73.3203859178 ], [ 160.908466334, 73.3799344529 ], [ 160.4818946267, 73.4385891853 ], [ 160.0522733322, 73.4963399435 ], [ 159.6196184579, 73.5531765732 ], [ 159.1839476222, 73.6090889429 ], [ 158.7452800843, 73.6640669501 ], [ 158.3036367748, 73.7181005279 ], [ 157.8590403234, 73.771179651 ], [ 157.4115150856, 73.8232943427 ], [ 156.9610871683, 73.8744346814 ], [ 156.5077844529, 73.9245908075 ], [ 156.0516366174, 73.9737529305 ], [ 155.5926751556, 74.0219113362 ], [ 155.1309333954, 74.069056394 ], [ 154.6664465139, 74.1151785641 ], [ 154.1992515506, 74.1602684052 ], [ 153.7293874187, 74.2043165821 ], [ 153.2568949127, 74.247313873 ], [ 152.7818167146, 74.289251178 ], [ 152.3041973968, 74.3301195262 ], [ 151.824083422, 74.3699100837 ], [ 151.3415231407, 74.408614162 ], [ 150.8565667851, 74.4462232252 ], [ 150.3692664606, 74.4827288983 ], [ 149.8796761335, 74.5181229752 ], [ 149.3878516159, 74.5523974262 ], [ 148.8938505471, 74.5855444064 ], [ 148.3977323718, 74.6175562629 ], [ 147.8995583147, 74.648425543 ], [ 147.3993913522, 74.6781450017 ], [ 146.8972961802, 74.706707609 ], [ 146.3933391785, 74.7341065576 ], [ 145.8875883724, 74.7603352702 ], [ 145.3801133898, 74.7853874063 ], [ 144.8709854162, 74.8092568695 ], [ 144.3602771452, 74.8319378141 ], [ 143.8480627268, 74.8534246517 ], [ 143.3344177114, 74.8737120575 ], [ 142.8194189918, 74.8927949764 ], [ 142.3031447411, 74.9106686288 ], [ 141.7856743486, 74.9273285165 ], [ 141.2670883518, 74.9427704274 ], [ 140.7474683672, 74.956990441 ], [ 140.2268970169, 74.9699849331 ], [ 139.7054578541, 74.9817505796 ], [ 139.1832352854, 74.9922843612 ], [ 138.6603144919, 75.0015835666 ], [ 138.1367813476, 75.0096457961 ], [ 137.6127223368, 75.0164689643 ], [ 137.0882244693, 75.022051303 ], [ 136.5633751948, 75.0263913632 ], [ 136.0382623162, 75.0294880166 ], [ 135.5129739015, 75.0313404576 ], [ 134.9875981956, 75.0319482039 ], [ 134.4622235317, 75.0313110972 ], [ 133.9369382415, 75.0294293035 ], [ 133.411830567, 75.0263033127 ], [ 132.886988571, 75.0219339381 ], [ 132.3625000489, 75.0163223153 ], [ 131.8384524411, 75.0094699011 ], [ 131.3149327461, 75.0013784711 ], [ 130.7920274346, 74.9920501183 ], [ 130.2698223653, 74.9814872496 ], [ 129.7484027018, 74.9696925837 ], [ 129.2278528318, 74.9566691472 ], [ 128.7082562871, 74.942420271 ], [ 128.1896956672, 74.9269495868 ], [ 127.6722525638, 74.9102610218 ], [ 127.1560074881, 74.8923587948 ], [ 126.6410398016, 74.8732474109 ], [ 126.1274276479, 74.8529316561 ], [ 125.6152478888, 74.8314165921 ], [ 125.1045760423, 74.8087075498 ], [ 124.5954862248, 74.7848101239 ], [ 124.0880510948, 74.759730166 ], [ 123.5823418016, 74.7334737784 ], [ 123.078427936, 74.7060473071 ], [ 122.5763774847, 74.6774573352 ], [ 122.0762567884, 74.6477106751 ], [ 121.5781305028, 74.616814362 ], [ 121.0820615633, 74.584775646 ], [ 120.5881111529, 74.5516019845 ], [ 120.0963386742, 74.517301035 ], [ 119.6068017234, 74.481880647 ], [ 119.1195560694, 74.4453488543 ], [ 118.6346556347, 74.4077138671 ], [ 118.1521524807, 74.3689840643 ], [ 117.6720967953, 74.3291679855 ], [ 117.1945368845, 74.2882743227 ], [ 116.7195191666, 74.2463119132 ], [ 116.2470881691, 74.2032897308 ], [ 115.7772865295, 74.1592168788 ], [ 115.3101549982, 74.1141025813 ], [ 114.8457324436, 74.0679561764 ], [ 114.3840558615, 74.0207871076 ], [ 113.9251603851, 73.9726049171 ], [ 113.4690792988, 73.9234192374 ], [ 113.0158440535, 73.8732397848 ], [ 112.5654842845, 73.8220763514 ], [ 112.118027831, 73.7699387982 ], [ 111.6735007585, 73.7168370483 ], [ 111.2319273814, 73.6627810797 ], [ 110.7933302891, 73.6077809186 ], [ 110.3577303723, 73.551846633 ], [ 109.9251468513, 73.494988326 ], [ 109.4955973059, 73.4372161297 ], [ 109.0690977063, 73.378540199 ], [ 108.6456624444, 73.3189707057 ], [ 108.2253043677, 73.2585178327 ], [ 107.8080348125, 73.1971917684 ], [ 107.3938636387, 73.1350027013 ], [ 106.9827992654, 73.0719608147 ], [ 106.5748487065, 73.0080762817 ], [ 106.1700176074, 72.9433592603 ], [ 105.7683102817, 72.8778198886 ], [ 105.3697297482, 72.8114682804 ], [ 104.9742777685, 72.7443145208 ], [ 104.5819548847, 72.6763686621 ], [ 104.1927604563, 72.6076407195 ], [ 103.8066926985, 72.5381406678 ], [ 103.4237487194, 72.4678784373 ], [ 103.0439245573, 72.3968639104 ], [ 102.667215218, 72.3251069187 ], [ 102.2936147119, 72.2526172393 ], [ 101.9231160902, 72.1794045921 ], [ 101.5557114815, 72.1054786369 ], [ 101.1913921275, 72.0308489711 ], [ 100.8301484186, 71.9555251265 ], [ 100.4719699284, 71.8795165675 ], [ 100.1168454487, 71.8028326888 ], [ 99.7647630227, 71.7254828131 ], [ 99.4157099788, 71.6474761894 ], [ 99.0696729631, 71.568821991 ], [ 98.7266379711, 71.4895293142 ], [ 98.3865903796, 71.4096071763 ], [ 98.0495149771, 71.3290645144 ], [ 97.7153959938, 71.2479101844 ], [ 97.384217131, 71.1661529592 ], [ 97.0559615899, 71.0838015282 ], [ 96.7306120991, 71.0008644958 ], [ 96.4081509421, 70.9173503813 ], [ 96.0885599835, 70.8332676172 ], [ 95.7718206951, 70.7486245495 ], [ 95.4579141805, 70.6634294362 ], [ 95.1468211995, 70.5776904475 ], [ 94.8385221918, 70.4914156653 ], [ 94.5329972995, 70.4046130824 ], [ 94.2302263895, 70.317290603 ], [ 93.9301890747, 70.2294560418 ], [ 93.6328647349, 70.1411171245 ], [ 93.3382325363, 70.0522814873 ], [ 93.0462714515, 69.9629566773 ], [ 92.7569602774, 69.8731501525 ], [ 92.4702776538, 69.7828692817 ], [ 92.1862020801, 69.692121345 ], [ 91.9047119323, 69.600913534 ], [ 91.6257854791, 69.5092529519 ], [ 91.3494008971, 69.4171466143 ], [ 91.0755362854, 69.324601449 ], [ 90.8041696804, 69.231624297 ], [ 90.5352790686, 69.1382219125 ], [ 90.2688424005, 69.0444009639 ], [ 90.0048376023, 68.9501680338 ], [ 89.7432425885, 68.8555296201 ], [ 89.4840352729, 68.7604921362 ], [ 89.2271935797, 68.6650619119 ], [ 88.9726954539, 68.5692451938 ], [ 88.7205188711, 68.4730481462 ], [ 88.4706418473, 68.376476852 ], [ 88.2230424473, 68.2795373127 ], [ 87.9776987942, 68.1822354499 ], [ 87.7345890765, 68.0845771058 ], [ 87.4936915564, 67.9865680437 ], [ 87.2549845773, 67.8882139492 ], [ 87.0184465702, 67.7895204308 ], [ 86.7840560607, 67.6904930206 ], [ 86.5517916748, 67.5911371755 ], [ 86.3216321451, 67.4914582774 ], [ 86.0935563162, 67.3914616349 ], [ 85.8675431498, 67.2911524832 ], [ 85.6435717297, 67.1905359856 ], [ 85.4216212662, 67.0896172343 ], [ 85.2016711004, 66.9884012507 ], [ 84.9837007083, 66.886892987 ], [ 84.7676897045, 66.7850973267 ], [ 84.5536178457, 66.6830190854 ], [ 84.3414650336, 66.5806630115 ], [ 84.1312113185, 66.4780337878 ], [ 83.9228369012, 66.3751360315 ], [ 83.7163221363, 66.2719742954 ], [ 83.5116475341, 66.168553069 ], [ 83.3087937629, 66.0648767787 ], [ 83.1077416507, 65.9609497896 ], [ 82.908472187, 65.8567764052 ], [ 82.7109665245, 65.7523608693 ], [ 82.5152059806, 65.6477073662 ], [ 82.3211720379, 65.5428200216 ], [ 82.1288463462, 65.4377029037 ], [ 81.9382107229, 65.3323600235 ], [ 81.7492471537, 65.2267953363 ], [ 81.5619377937, 65.121012742 ], [ 81.3762649672, 65.0150160859 ], [ 81.1922111689, 64.9088091598 ], [ 81.0097590637, 64.8023957025 ], [ 80.8288914868, 64.6957794007 ], [ 80.649591444, 64.5889638897 ], [ 80.4718421117, 64.4819527542 ], [ 80.2956268364, 64.3747495292 ], [ 80.120929135, 64.2673577003 ], [ 79.947732694, 64.159780705 ], [ 79.7760213693, 64.0520219329 ], [ 79.6057791859, 63.9440847269 ], [ 79.4369903372, 63.8359723833 ], [ 79.2696391843, 63.7276881533 ], [ 79.1037102556, 63.619235243 ], [ 78.9391882457, 63.5106168143 ], [ 78.7760580151, 63.4018359858 ], [ 78.614304589, 63.292895833 ], [ 78.4539131564, 63.1837993896 ], [ 78.2948690695, 63.0745496474 ], [ 78.1371578422, 62.9651495576 ], [ 77.9807651497, 62.8556020308 ], [ 77.825676827, 62.7459099384 ], [ 77.6718788678, 62.6360761123 ], [ 77.5193574237, 62.5261033465 ], [ 77.3680988028, 62.4159943966 ], [ 77.2180894686, 62.3057519814 ], [ 77.0693160387, 62.1953787828 ], [ 76.9217652837, 62.0848774467 ], [ 76.7754241258, 61.9742505833 ], [ 76.6302796377, 61.8635007681 ], [ 76.4863190412, 61.7526305419 ], [ 76.3435297058, 61.6416424116 ], [ 76.2018991477, 61.5305388509 ], [ 76.061415028, 61.4193223005 ], [ 75.9220651518, 61.3079951688 ], [ 75.7838374665, 61.1965598321 ], [ 75.6467200608, 61.0850186359 ], [ 75.5107011629, 60.9733738942 ], [ 75.3757691393, 60.861627891 ], [ 75.2419124937, 60.7497828803 ], [ 75.1091198651, 60.6378410866 ], [ 74.9773800268, 60.5258047055 ], [ 74.8466818848, 60.4136759038 ], [ 74.7170144767, 60.3014568206 ], [ 74.5883669698, 60.189149567 ], [ 74.4607286601, 60.076756227 ], [ 74.3340889709, 59.9642788576 ], [ 74.2084374513, 59.8517194898 ], [ 74.0837637748, 59.7390801282 ], [ 73.9600577379, 59.6263627519 ], [ 73.8373092588, 59.513569315 ], [ 73.7155083762, 59.4007017464 ], [ 73.5946452476, 59.2877619511 ], [ 73.4747101479, 59.1747518094 ], [ 73.3556934686, 59.0616731785 ], [ 73.2375857159, 58.9485278919 ], [ 73.1203775095, 58.8353177603 ], [ 73.0040595815, 58.7220445716 ], [ 72.8886227748, 58.6087100917 ], [ 72.7740580418, 58.4953160644 ], [ 72.6603564433, 58.3818642118 ], [ 72.5475091471, 58.2683562349 ], [ 72.4355074268, 58.1547938137 ], [ 72.3243426602, 58.0411786074 ], [ 72.2140063284, 57.9275122552 ], [ 72.1044900145, 57.8137963759 ], [ 71.9957854021, 57.7000325689 ], [ 71.8878842744, 57.586222414 ], [ 71.7807785128, 57.472367472 ], [ 71.6744600956, 57.3584692846 ], [ 71.568921097, 57.2445293751 ], [ 71.4641536859, 57.1305492487 ], [ 71.3601501244, 57.0165303922 ], [ 71.2569027672, 56.9024742748 ], [ 71.1544040599, 56.7883823485 ], [ 71.0526465382, 56.6742560475 ], [ 70.9516228265, 56.5600967895 ], [ 70.8513256372, 56.4459059753 ], [ 70.7517477692, 56.3316849892 ], [ 70.6528821069, 56.2174351992 ], [ 70.5547216191, 56.1031579575 ], [ 70.4572593581, 55.9888546003 ], [ 70.3604884587, 55.8745264483 ], [ 70.2644021365, 55.760174807 ], [ 70.1689936877, 55.6458009667 ], [ 70.0742564878, 55.5314062029 ], [ 69.9801839901, 55.4169917762 ], [ 69.8867697255, 55.3025589331 ], [ 69.794007301, 55.1881089056 ], [ 69.7018903987, 55.0736429116 ], [ 69.6104127751, 54.9591621554 ], [ 69.51956826, 54.8446678275 ], [ 69.4293507556, 54.7301611048 ], [ 69.3397542356, 54.6156431512 ], [ 69.250772744, 54.5011151174 ], [ 69.1624003947, 54.3865781411 ], [ 69.0746313701, 54.2720333473 ], [ 68.9874599206, 54.1574818487 ], [ 68.9008803636, 54.0429247453 ], [ 68.8148870822, 53.9283631251 ], [ 68.7294745253, 53.8137980639 ], [ 68.6446372058, 53.6992306259 ], [ 68.5603697003, 53.5846618634 ], [ 68.4766666482, 53.4700928172 ], [ 68.3935227508, 53.3555245166 ], [ 68.3109327705, 53.2409579798 ], [ 68.22889153, 53.126394214 ], [ 68.1473939118, 53.0118342154 ], [ 68.0664348568, 52.8972789692 ], [ 67.9860093644, 52.7827294502 ], [ 67.906112491, 52.6681866228 ], [ 67.8267393495, 52.5536514407 ], [ 67.7478851089, 52.4391248477 ], [ 67.6695449929, 52.3246077773 ], [ 67.5917142801, 52.2101011532 ], [ 67.5143883023, 52.0956058892 ], [ 67.4375624445, 51.9811228894 ], [ 67.3612321441, 51.8666530484 ], [ 67.28539289, 51.7521972513 ], [ 67.210040222, 51.6377563739 ], [ 67.1351697305, 51.5233312829 ], [ 67.0607770554, 51.4089228357 ], [ 66.9868578854, 51.2945318809 ], [ 66.9134079581, 51.1801592582 ], [ 66.8404230584, 51.0658057987 ], [ 66.7678990187, 50.9514723247 ], [ 66.6958317178, 50.8371596501 ], [ 66.6242170804, 50.7228685802 ], [ 66.5530510767, 50.6085999122 ], [ 66.4823297218, 50.4943544351 ], [ 66.4120490748, 50.3801329297 ], [ 66.3422052385, 50.2659361689 ], [ 66.2727943588, 50.1517649177 ], [ 66.2038126244, 50.0376199331 ], [ 66.1352562656, 49.9235019647 ], [ 66.0671215545, 49.8094117542 ], [ 65.999404804, 49.6953500362 ], [ 65.9321023674, 49.5813175373 ], [ 65.8652106379, 49.4673149774 ], [ 65.7987260484, 49.3533430686 ], [ 65.7326450703, 49.2394025162 ], [ 65.6669642136, 49.1254940182 ], [ 65.6016800262, 49.0116182659 ], [ 65.5367890936, 48.8977759434 ], [ 65.4722880381, 48.7839677281 ], [ 65.4081735185, 48.6701942906 ], [ 65.3444422298, 48.5564562951 ], [ 65.2810909025, 48.4427543988 ], [ 65.2181163022, 48.3290892527 ], [ 65.1555152293, 48.2154615012 ], [ 65.0932845186, 48.1018717825 ], [ 65.0314210384, 47.9883207284 ], [ 64.9699216907, 47.8748089646 ], [ 64.9087834105, 47.7613371104 ], [ 64.8480031654, 47.6479057793 ], [ 64.7875779549, 47.5345155787 ], [ 64.7275048106, 47.4211671102 ], [ 64.6677807955, 47.3078609692 ], [ 64.6084030034, 47.1945977456 ], [ 64.549368559, 47.0813780235 ], [ 64.4906746169, 46.9682023813 ], [ 64.4323183617, 46.8550713917 ], [ 64.3742970078, 46.741985622 ], [ 64.3166077983, 46.628945634 ], [ 64.2592480052, 46.515951984 ], [ 64.2022149292, 46.4030052229 ], [ 64.1455058987, 46.2901058965 ], [ 64.08911827, 46.1772545451 ], [ 64.0330494268, 46.0644517039 ], [ 63.9772967798, 45.951697903 ], [ 63.9218577666, 45.8389936675 ], [ 63.8667298509, 45.7263395172 ], [ 63.8119105228, 45.6137359672 ], [ 63.7573972978, 45.5011835275 ], [ 63.7031877173, 45.3886827033 ], [ 63.6492793474, 45.276233995 ], [ 63.5956697793, 45.1638378982 ], [ 63.5423566287, 45.0514949038 ], [ 63.4893375355, 44.939205498 ], [ 63.4366101635, 44.8269701624 ], [ 63.3841722003, 44.714789374 ], [ 63.3320213568, 44.6026636053 ], [ 63.280155367, 44.4905933243 ], [ 63.2285719877, 44.3785789946 ], [ 63.1772689982, 44.2666210753 ], [ 63.1262442001, 44.1547200214 ], [ 63.0754954172, 44.0428762832 ], [ 63.0250204949, 43.9310903072 ], [ 62.9748172999, 43.8193625352 ], [ 62.9248837205, 43.7076934053 ], [ 62.8752176658, 43.5960833512 ], [ 62.8258170655, 43.4845328024 ], [ 62.7766798701, 43.3730421847 ], [ 62.7278040501, 43.2616119195 ], [ 62.6791875962, 43.1502424244 ], [ 62.6308285186, 43.0389341132 ], [ 62.5827248474, 42.9276873956 ], [ 62.5348746318, 42.8165026775 ], [ 62.48727594, 42.705380361 ], [ 62.4399268593, 42.5943208444 ], [ 62.3928254954, 42.4833245221 ], [ 62.3459699728, 42.3723917851 ], [ 62.2993584337, 42.2615230205 ], [ 62.2529890388, 42.1507186117 ], [ 62.2068599663, 42.0399789386 ], [ 62.160969412, 41.9293043776 ], [ 62.1153155892, 41.8186953014 ], [ 62.0698967284, 41.7081520793 ], [ 62.0247110769, 41.5976750769 ], [ 61.9797568989, 41.4872646566 ], [ 61.9350324753, 41.3769211774 ], [ 61.8905361032, 41.2666449946 ], [ 61.8462660962, 41.1564364605 ], [ 61.8022207836, 41.0462959239 ], [ 61.7583985108, 40.9362237302 ], [ 61.7147976388, 40.8262202219 ], [ 61.6714165441, 40.7162857378 ], [ 61.6282536185, 40.6064206138 ], [ 61.5853072689, 40.4966251825 ], [ 61.5425759173, 40.3868997735 ], [ 61.5000580004, 40.277244713 ], [ 61.4577519695, 40.1676603243 ], [ 61.4156562906, 40.0581469277 ], [ 61.3737694437, 39.9487048403 ], [ 61.3320899231, 39.8393343761 ], [ 61.2906162371, 39.7300358464 ], [ 61.2493469079, 39.6208095593 ], [ 61.2082804713, 39.51165582 ], [ 61.1674154766, 39.4025749309 ], [ 61.1267504864, 39.2935671913 ], [ 61.0862840768, 39.1846328979 ], [ 61.0460148367, 39.0757723443 ], [ 61.0059413682, 38.9669858215 ], [ 60.9660622858, 38.8582736176 ], [ 60.9263762172, 38.7496360178 ], [ 60.8868818021, 38.6410733049 ], [ 60.8475776929, 38.5325857585 ], [ 60.8084625541, 38.424173656 ], [ 60.7695350624, 38.3158372718 ], [ 60.7307939063, 38.2075768776 ], [ 60.6922377863, 38.0993927427 ], [ 60.6538654146, 37.9912851336 ], [ 60.615675515, 37.8832543144 ], [ 60.5776668226, 37.7753005463 ], [ 60.539838084, 37.6674240883 ], [ 60.502188057, 37.5596251967 ], [ 60.4647155104, 37.4519041252 ], [ 60.4274192241, 37.3442611251 ], [ 60.3902979887, 37.2366964454 ], [ 60.3533506057, 37.1292103323 ], [ 60.3165758872, 37.0218030298 ], [ 60.2799726556, 36.9144747795 ], [ 60.2435397439, 36.8072258205 ], [ 60.2072759954, 36.7000563895 ], [ 60.1711802634, 36.592966721 ], [ 60.1352514115, 36.485957047 ], [ 60.099488313, 36.3790275972 ], [ 60.0638898514, 36.2721785991 ], [ 60.0284549195, 36.1654102778 ], [ 59.9931824201, 36.0587228563 ], [ 59.9580712654, 35.952116555 ], [ 59.9231203771, 35.8455915925 ], [ 59.8883286862, 35.7391481849 ], [ 59.853695133, 35.6327865462 ], [ 59.8192186669, 35.5265068881 ], [ 59.7848982464, 35.4203094203 ], [ 59.7507328388, 35.3141943503 ], [ 59.7167214205, 35.2081618834 ], [ 59.6828629765, 35.1022122227 ], [ 59.6491565007, 34.9963455695 ], [ 59.6156009952, 34.8905621226 ], [ 59.582195471, 34.7848620792 ], [ 59.5489389474, 34.679245634 ], [ 59.5158304518, 34.5737129799 ], [ 59.4828690202, 34.4682643078 ], [ 59.4500536965, 34.3628998064 ], [ 59.4173835328, 34.2576196625 ], [ 59.3848575892, 34.1524240611 ], [ 59.3524749335, 34.0473131848 ], [ 59.3202346415, 33.9422872146 ], [ 59.2881357969, 33.8373463296 ], [ 59.2561774908, 33.7324907066 ], [ 59.2243588219, 33.6277205209 ], [ 59.1926788967, 33.5230359456 ], [ 59.1611368287, 33.418437152 ], [ 59.1297317393, 33.3139243097 ], [ 59.0984627566, 33.2094975862 ], [ 59.0673290164, 33.1051571473 ], [ 59.0363296614, 33.0009031569 ], [ 59.0054638414, 32.896735777 ], [ 58.9747307132, 32.7926551681 ], [ 58.9441294406, 32.6886614884 ], [ 58.9136591942, 32.5847548949 ], [ 58.8833191513, 32.4809355424 ], [ 58.8531084962, 32.3772035841 ], [ 58.8230264194, 32.2735591714 ], [ 58.7930721186, 32.170002454 ], [ 58.7632447974, 32.0665335799 ], [ 58.7335436663, 31.9631526954 ], [ 58.7039679421, 31.8598599451 ], [ 58.6745168477, 31.7566554718 ], [ 58.6451896126, 31.6535394168 ], [ 58.6159854722, 31.5505119195 ], [ 58.5869036684, 31.4475731179 ], [ 58.5579434489, 31.3447231483 ], [ 58.5291040675, 31.2419621452 ], [ 58.5003847841, 31.1392902416 ], [ 58.4717848642, 31.0367075691 ], [ 58.4433035796, 30.9342142572 ], [ 58.4149402074, 30.8318104344 ], [ 58.3866940309, 30.7294962271 ], [ 58.3585643387, 30.6272717605 ], [ 58.3305504254, 30.525137158 ], [ 58.3026515908, 30.4230925418 ], [ 58.2748671406, 30.3211380321 ], [ 58.2471963855, 30.2192737479 ], [ 58.2196386421, 30.1174998066 ], [ 58.1921932321, 30.0158163241 ], [ 58.1648594825, 29.9142234148 ], [ 58.1376367257, 29.8127211917 ], [ 58.1105242991, 29.7113097661 ], [ 58.0835215456, 29.609989248 ], [ 58.0566278128, 29.5087597459 ], [ 58.0298424537, 29.4076213671 ], [ 58.0031648262, 29.3065742169 ], [ 57.976594293, 29.2056183998 ], [ 57.950130222, 29.1047540185 ], [ 57.9237719859, 29.0039811744 ], [ 57.897518962, 28.9032999674 ], [ 57.8713705327, 28.8027104963 ], [ 57.845326085, 28.7022128581 ], [ 57.8193850105, 28.6018071488 ], [ 57.7935467056, 28.5014934629 ], [ 57.7678105712, 28.4012718934 ], [ 57.7421760129, 28.3011425322 ], [ 57.7166424406, 28.2011054697 ], [ 57.691209269, 28.101160795 ], [ 57.6658759168, 28.0013085961 ], [ 57.6406418076, 27.9015489592 ], [ 57.615506369, 27.8018819697 ], [ 57.5904690329, 27.7023077115 ], [ 57.5655292357, 27.6028262671 ], [ 57.540686418, 27.5034377179 ], [ 57.5159400243, 27.4041421439 ], [ 57.4912895037, 27.3049396241 ], [ 57.4667343091, 27.2058302358 ], [ 57.4422738976, 27.1068140555 ], [ 57.4179077303, 27.0078911581 ], [ 57.3936352724, 26.9090616176 ], [ 57.3694559929, 26.8103255065 ], [ 57.345369365, 26.7116828963 ], [ 57.3213748655, 26.6131338572 ], [ 57.2974719752, 26.5146784581 ], [ 57.2736601789, 26.4163167669 ], [ 57.2499389649, 26.3180488502 ], [ 57.2263078253, 26.2198747734 ], [ 57.2027662563, 26.1217946009 ], [ 57.1793137572, 26.0238083957 ], [ 57.1559498315, 25.9259162199 ], [ 57.132673986, 25.8281181342 ], [ 57.1094857312, 25.7304141984 ], [ 57.0863845812, 25.6328044709 ], [ 57.0633700535, 25.5352890093 ], [ 57.0404416692, 25.4378678698 ], [ 57.0175989529, 25.3405411076 ], [ 56.9948414327, 25.2433087768 ], [ 56.9721686397, 25.1461709305 ], [ 56.949580109, 25.0491276205 ], [ 56.9270753785, 24.9521788976 ], [ 56.9046539897, 24.8553248117 ], [ 56.8823154873, 24.7585654114 ], [ 56.8600594194, 24.6619007443 ], [ 56.8378853371, 24.5653308569 ], [ 56.8157927948, 24.4688557949 ], [ 56.7937813502, 24.3724756026 ], [ 56.771850564, 24.2761903235 ], [ 56.75, 24.18 ], [ 56.6437541116, 24.1913751493 ], [ 56.5374625857, 24.2025709121 ], [ 56.4311261249, 24.2135871054 ], [ 56.3247454338, 24.2244235491 ], [ 56.2183212186, 24.2350800658 ], [ 56.1118541874, 24.245556481 ], [ 56.0053450502, 24.2558526229 ], [ 55.8987945183, 24.2659683227 ], [ 55.7922033052, 24.2759034144 ], [ 55.6855721257, 24.2856577348 ], [ 55.5789016964, 24.2952311236 ], [ 55.4721927355, 24.3046234233 ], [ 55.3654459628, 24.3138344795 ], [ 55.2586620996, 24.3228641404 ], [ 55.1518418688, 24.3317122573 ], [ 55.0449859947, 24.3403786844 ], [ 54.9380952033, 24.3488632786 ], [ 54.8311702218, 24.3571658999 ], [ 54.7242117789, 24.3652864113 ], [ 54.6172206047, 24.3732246786 ], [ 54.5101974308, 24.3809805705 ], [ 54.4031429898, 24.3885539587 ], [ 54.296058016, 24.395944718 ], [ 54.1889432446, 24.4031527259 ], [ 54.0817994123, 24.4101778631 ], [ 53.9746272568, 24.4170200131 ], [ 53.8674275173, 24.4236790625 ], [ 53.7602009339, 24.4301549008 ], [ 53.6529482478, 24.4364474206 ], [ 53.5456702014, 24.4425565174 ], [ 53.4383675382, 24.4484820897 ], [ 53.3310410026, 24.4542240391 ], [ 53.2236913401, 24.4597822701 ], [ 53.1163192972, 24.4651566903 ], [ 53.0089256211, 24.4703472103 ], [ 52.9015110603, 24.4753537438 ], [ 52.7940763639, 24.4801762073 ], [ 52.6866222819, 24.4848145206 ], [ 52.5791495652, 24.4892686065 ], [ 52.4716589653, 24.4935383906 ], [ 52.3641512346, 24.497623802 ], [ 52.2566271262, 24.5015247723 ], [ 52.149087394, 24.5052412367 ], [ 52.0415327923, 24.5087731331 ], [ 51.9339640762, 24.5121204025 ], [ 51.8263820014, 24.5152829892 ], [ 51.7187873242, 24.5182608403 ], [ 51.6111808012, 24.5210539061 ], [ 51.5035631898, 24.52366214 ], [ 51.3959352476, 24.5260854984 ], [ 51.288297733, 24.5283239408 ], [ 51.1806514044, 24.5303774299 ], [ 51.0729970207, 24.5322459313 ], [ 50.9653353414, 24.5339294138 ], [ 50.8576671259, 24.5354278493 ], [ 50.7499931342, 24.5367412127 ], [ 50.6423141264, 24.5378694821 ], [ 50.5346308628, 24.5388126386 ], [ 50.4269441039, 24.5395706664 ], [ 50.3192546105, 24.5401435529 ], [ 50.2115631432, 24.5405312885 ], [ 50.103870463, 24.5407338667 ], [ 49.9961773307, 24.5407512841 ], [ 49.8884845073, 24.5405835404 ], [ 49.7807927537, 24.5402306384 ], [ 49.6731028308, 24.5396925841 ], [ 49.5654154994, 24.5389693864 ], [ 49.4577315201, 24.5380610574 ], [ 49.3500516536, 24.5369676123 ], [ 49.2423766601, 24.5356890694 ], [ 49.1347072999, 24.5342254501 ], [ 49.0270443329, 24.5325767787 ], [ 48.9193885187, 24.530743083 ], [ 48.8117406167, 24.5287243935 ], [ 48.7041013859, 24.5265207439 ], [ 48.596471585, 24.5241321711 ], [ 48.4888519722, 24.5215587149 ], [ 48.3812433052, 24.5188004185 ], [ 48.2736463416, 24.5158573277 ], [ 48.1660618381, 24.5127294917 ], [ 48.0584905511, 24.5094169628 ], [ 47.9509332364, 24.5059197963 ], [ 47.8433906491, 24.5022380504 ], [ 47.7358635438, 24.4983717866 ], [ 47.6283526744, 24.4943210694 ], [ 47.5208587942, 24.4900859663 ], [ 47.4133826556, 24.4856665479 ], [ 47.3059250104, 24.4810628879 ], [ 47.1984866097, 24.4762750628 ], [ 47.0910682035, 24.4713031526 ], [ 46.9836705412, 24.4661472398 ], [ 46.8762943713, 24.4608074103 ], [ 46.7689404413, 24.4552837531 ], [ 46.6616094978, 24.4495763598 ], [ 46.5543022866, 24.4436853254 ], [ 46.4470195522, 24.4376107477 ], [ 46.3397620383, 24.4313527278 ], [ 46.2325304874, 24.4249113694 ], [ 46.1253256412, 24.4182867795 ], [ 46.0181482398, 24.411479068 ], [ 45.9109990226, 24.4044883477 ], [ 45.8038787276, 24.3973147346 ], [ 45.6967880917, 24.3899583474 ], [ 45.5897278505, 24.382419308 ], [ 45.4826987382, 24.3746977412 ], [ 45.375701488, 24.3667937747 ], [ 45.2687368315, 24.358707539 ], [ 45.1618054991, 24.350439168 ], [ 45.0549082199, 24.3419887981 ], [ 44.9480457213, 24.3333565688 ], [ 44.8412187294, 24.3245426225 ], [ 44.7344279691, 24.3155471045 ], [ 44.6276741633, 24.3063701631 ], [ 44.5209580338, 24.2970119493 ], [ 44.4142803006, 24.2874726172 ], [ 44.3076416822, 24.2777523237 ], [ 44.2010428954, 24.2678512285 ], [ 44.0944846556, 24.2577694942 ], [ 43.9879676763, 24.2475072864 ], [ 43.8814926694, 24.2370647734 ], [ 43.7750603451, 24.2264421263 ], [ 43.6686714117, 24.2156395191 ], [ 43.5623265759, 24.2046571288 ], [ 43.4560265426, 24.1934951348 ], [ 43.3497720147, 24.1821537198 ], [ 43.2435636935, 24.1706330688 ], [ 43.1374022782, 24.1589333699 ], [ 43.0312884661, 24.147054814 ], [ 42.9252229528, 24.1349975945 ], [ 42.8192064317, 24.1227619077 ], [ 42.7132395943, 24.1103479529 ], [ 42.6073231301, 24.0977559316 ], [ 42.5014577266, 24.0849860485 ], [ 42.3956440691, 24.0720385107 ], [ 42.2898828411, 24.0589135283 ], [ 42.1841747237, 24.0456113138 ], [ 42.078520396, 24.0321320825 ], [ 41.9729205349, 24.0184760525 ], [ 41.8673758152, 24.0046434443 ], [ 41.7618869095, 23.9906344812 ], [ 41.6564544881, 23.9764493892 ], [ 41.551079219, 23.9620883968 ], [ 41.4457617681, 23.9475517351 ], [ 41.3405027989, 23.932839638 ], [ 41.2353029726, 23.9179523418 ], [ 41.130162948, 23.9028900854 ], [ 41.0250833818, 23.8876531103 ], [ 40.9200649279, 23.8722416607 ], [ 40.8151082381, 23.8566559829 ], [ 40.7102139617, 23.8408963264 ], [ 40.6053827456, 23.8249629425 ], [ 40.5006152341, 23.8088560856 ], [ 40.3959120692, 23.7925760123 ], [ 40.2912738902, 23.7761229816 ], [ 40.186701334, 23.7594972552 ], [ 40.0821950348, 23.7426990972 ], [ 39.9777556246, 23.725728774 ], [ 39.8733837323, 23.7085865546 ], [ 39.7690799846, 23.6912727103 ], [ 39.6648450055, 23.6737875148 ], [ 39.5606794161, 23.6561312443 ], [ 39.4565838351, 23.6383041772 ], [ 39.3525588785, 23.6203065945 ], [ 39.2486051595, 23.6021387794 ], [ 39.1447232887, 23.5838010173 ], [ 39.0409138738, 23.5652935963 ], [ 38.9371775198, 23.5466168064 ], [ 38.8335148292, 23.5277709402 ], [ 38.7299264014, 23.5087562924 ], [ 38.626412833, 23.48957316 ], [ 38.522974718, 23.4702218422 ], [ 38.4196126474, 23.4507026407 ], [ 38.3163272094, 23.4310158591 ], [ 38.2131189893, 23.4111618034 ], [ 38.1099885696, 23.3911407817 ], [ 38.0069365299, 23.3709531044 ], [ 37.9039634468, 23.3505990838 ], [ 37.801069894, 23.3300790347 ], [ 37.6982564424, 23.3093932738 ], [ 37.5955236598, 23.2885421199 ], [ 37.492872111, 23.2675258942 ], [ 37.3903023579, 23.2463449196 ], [ 37.2878149595, 23.2249995214 ], [ 37.1854104716, 23.2034900267 ], [ 37.0830894471, 23.1818167649 ], [ 36.980852436, 23.1599800671 ], [ 36.8786999849, 23.1379802669 ], [ 36.7766326376, 23.1158176994 ], [ 36.6746509349, 23.0934927019 ], [ 36.5727554143, 23.0710056138 ], [ 36.4709466104, 23.0483567763 ], [ 36.3692250545, 23.0255465325 ], [ 36.267591275, 23.0025752276 ], [ 36.1660457971, 22.9794432085 ], [ 36.0645891428, 22.9561508241 ], [ 35.9632218311, 22.9326984253 ], [ 35.8619443776, 22.9090863646 ], [ 35.7607572952, 22.8853149965 ], [ 35.659661093, 22.8613846773 ], [ 35.5586562775, 22.8372957652 ], [ 35.4577433517, 22.8130486201 ], [ 35.3569228154, 22.7886436037 ], [ 35.2561951654, 22.7640810795 ], [ 35.1555608951, 22.7393614127 ], [ 35.0550204948, 22.7144849703 ], [ 34.9545744514, 22.6894521209 ], [ 34.8542232488, 22.664263235 ], [ 34.7539673674, 22.6389186846 ], [ 34.6538072847, 22.6134188435 ], [ 34.5537434745, 22.5877640871 ], [ 34.4537764078, 22.5619547924 ], [ 34.353906552, 22.5359913381 ], [ 34.2541343714, 22.5098741044 ], [ 34.1544603269, 22.4836034733 ], [ 34.0548848762, 22.4571798283 ], [ 33.9554084738, 22.4306035542 ], [ 33.8560315707, 22.4038750376 ], [ 33.7567546147, 22.3769946667 ], [ 33.6575780503, 22.349962831 ], [ 33.5585023188, 22.3227799217 ], [ 33.4595278581, 22.2954463311 ], [ 33.3606551026, 22.2679624535 ], [ 33.2618844838, 22.2403286842 ], [ 33.1632164295, 22.2125454203 ], [ 33.0646513643, 22.1846130598 ], [ 32.9661897096, 22.1565320028 ], [ 32.8678318834, 22.1283026501 ], [ 32.7695783002, 22.0999254043 ], [ 32.6714293715, 22.0714006691 ], [ 32.5733855051, 22.0427288499 ], [ 32.4754471058, 22.0139103529 ], [ 32.3776145748, 21.984945586 ], [ 32.2798883101, 21.9558349582 ], [ 32.1822687064, 21.9265788799 ], [ 32.084756155, 21.8971777626 ], [ 31.9873510438, 21.8676320192 ], [ 31.8900537574, 21.8379420636 ], [ 31.7928646773, 21.8081083112 ], [ 31.6957841812, 21.7781311783 ], [ 31.5988126438, 21.7480110826 ], [ 31.5019504363, 21.7177484427 ], [ 31.4051979268, 21.6873436787 ], [ 31.3085554798, 21.6567972115 ], [ 31.2120234566, 21.6261094633 ], [ 31.1156022151, 21.5952808573 ], [ 31.0192921099, 21.5643118177 ], [ 30.9230934923, 21.53320277 ], [ 30.8270067103, 21.5019541406 ], [ 30.7310321084, 21.4705663569 ], [ 30.635170028, 21.4390398473 ], [ 30.539420807, 21.4073750413 ], [ 30.4437847802, 21.3755723694 ], [ 30.3482622788, 21.3436322629 ], [ 30.2528536309, 21.3115551541 ], [ 30.1575591612, 21.2793414764 ], [ 30.0623791912, 21.246991664 ], [ 29.967314039, 21.2145061519 ], [ 29.8723640194, 21.1818853761 ], [ 29.777529444, 21.1491297736 ], [ 29.682810621, 21.116239782 ], [ 29.5882078554, 21.0832158399 ], [ 29.4937214489, 21.0500583866 ], [ 29.3993516999, 21.0167678625 ], [ 29.3050989035, 20.9833447084 ], [ 29.2109633517, 20.9497893661 ], [ 29.1169453331, 20.9161022782 ], [ 29.0230451331, 20.882283888 ], [ 28.9292630337, 20.8483346394 ], [ 28.835599314, 20.8142549772 ], [ 28.7420542495, 20.7800453469 ], [ 28.6486281126, 20.7457061946 ], [ 28.5553211727, 20.711237967 ], [ 28.4621336956, 20.6766411117 ], [ 28.3690659442, 20.6419160767 ], [ 28.2761181781, 20.6070633108 ], [ 28.1832906536, 20.5720832633 ], [ 28.0905836239, 20.5369763842 ], [ 27.997997339, 20.5017431239 ], [ 27.9055320459, 20.4663839337 ], [ 27.8131879882, 20.4308992651 ], [ 27.7209654063, 20.3952895703 ], [ 27.6288645377, 20.3595553021 ], [ 27.5368856166, 20.3236969137 ], [ 27.4450288742, 20.2877148588 ], [ 27.3532945383, 20.2516095916 ], [ 27.2616828338, 20.2153815668 ], [ 27.1701939825, 20.1790312395 ], [ 27.078828203, 20.1425590653 ], [ 26.9875857108, 20.1059655002 ], [ 26.8964667185, 20.0692510007 ], [ 26.8054714354, 20.0324160234 ], [ 26.7146000679, 19.9954610256 ], [ 26.6238528192, 19.9583864648 ], [ 26.5332298896, 19.921192799 ], [ 26.4427314762, 19.8838804864 ], [ 26.3523577733, 19.8464499856 ], [ 26.262108972, 19.8089017555 ], [ 26.1719852603, 19.7712362553 ], [ 26.0819868236, 19.7334539444 ], [ 25.9921138439, 19.6955552826 ], [ 25.9023665003, 19.65754073 ], [ 25.8127449693, 19.6194107468 ], [ 25.7232494239, 19.5811657935 ], [ 25.6338800345, 19.5428063308 ], [ 25.5446369685, 19.5043328196 ], [ 25.4555203903, 19.4657457211 ], [ 25.3665304615, 19.4270454965 ], [ 25.2776673407, 19.3882326074 ], [ 25.1889311837, 19.3493075153 ], [ 25.1003221433, 19.3102706819 ], [ 25.0118403695, 19.2711225693 ], [ 24.9234860095, 19.2318636394 ], [ 24.8352592075, 19.1924943543 ], [ 24.747160105, 19.1530151763 ], [ 24.6591888407, 19.1134265675 ], [ 24.5713455502, 19.0737289904 ], [ 24.4836303667, 19.0339229074 ], [ 24.3960434204, 18.9940087808 ], [ 24.3085848388, 18.9539870733 ], [ 24.2212547464, 18.9138582472 ], [ 24.1340532652, 18.8736227651 ], [ 24.0469805145, 18.8332810894 ], [ 23.9600366106, 18.7928336827 ], [ 23.8732216673, 18.7522810074 ], [ 23.7865357956, 18.7116235258 ], [ 23.6999791039, 18.6708617004 ], [ 23.6135516979, 18.6299959934 ], [ 23.5272536804, 18.589026867 ], [ 23.4410851519, 18.5479547833 ], [ 23.35504621, 18.5067802043 ], [ 23.2691369498, 18.465503592 ], [ 23.1833574637, 18.4241254081 ], [ 23.0977078416, 18.3826461143 ], [ 23.0121881707, 18.3410661721 ], [ 22.9267985356, 18.2993860427 ], [ 22.8415390184, 18.2576061875 ], [ 22.7564096987, 18.2157270673 ], [ 22.6714106534, 18.173749143 ], [ 22.5865419571, 18.1316728753 ], [ 22.5018036816, 18.0894987244 ], [ 22.4171958965, 18.0472271507 ], [ 22.3327186686, 18.0048586139 ], [ 22.2483720624, 17.9623935739 ], [ 22.16415614, 17.9198324901 ], [ 22.0800709609, 17.8771758217 ], [ 21.9961165822, 17.8344240275 ], [ 21.9122930587, 17.7915775663 ], [ 21.8286004426, 17.7486368964 ], [ 21.7450387838, 17.7056024757 ], [ 21.6616081299, 17.662474762 ], [ 21.5783085259, 17.6192542128 ], [ 21.4951400146, 17.5759412851 ], [ 21.4121026365, 17.5325364355 ], [ 21.3291964297, 17.4890401206 ], [ 21.24642143, 17.4454527962 ], [ 21.1637776708, 17.401774918 ], [ 21.0812651833, 17.3580069413 ], [ 20.9988839964, 17.3141493209 ], [ 20.9166341369, 17.2702025114 ], [ 20.8345156291, 17.2261669667 ], [ 20.7525284951, 17.1820431405 ], [ 20.6706727549, 17.137831486 ], [ 20.5889484263, 17.0935324559 ], [ 20.5073555247, 17.0491465027 ], [ 20.4258940636, 17.0046740782 ], [ 20.344564054, 16.9601156337 ], [ 20.2633655052, 16.9154716203 ], [ 20.1822984238, 16.8707424884 ], [ 20.1013628147, 16.825928688 ], [ 20.0205586806, 16.7810306685 ], [ 19.939886022, 16.736048879 ], [ 19.8593448373, 16.6909837678 ], [ 19.778935123, 16.6458357829 ], [ 19.6986568733, 16.6006053718 ], [ 19.6185100805, 16.5552929813 ], [ 19.538494735, 16.5098990576 ], [ 19.4586108248, 16.4644240466 ], [ 19.3788583363, 16.4188683936 ], [ 19.2992372537, 16.373232543 ], [ 19.2197475592, 16.327516939 ], [ 19.1403892332, 16.2817220251 ], [ 19.0611622538, 16.2358482441 ], [ 18.9820665977, 16.1898960383 ], [ 18.9031022392, 16.1438658494 ], [ 18.8242691508, 16.0977581185 ], [ 18.7455673034, 16.0515732859 ], [ 18.6669966656, 16.0053117915 ], [ 18.5885572044, 15.9589740744 ], [ 18.5102488848, 15.9125605733 ], [ 18.43207167, 15.8660717259 ], [ 18.3540255215, 15.8195079694 ], [ 18.2761103988, 15.7728697405 ], [ 18.1983262597, 15.726157475 ], [ 18.1206730601, 15.6793716082 ], [ 18.0431507543, 15.6325125744 ], [ 17.9657592947, 15.5855808076 ], [ 17.888498632, 15.5385767409 ], [ 17.8113687151, 15.4915008067 ], [ 17.7343694913, 15.4443534367 ], [ 17.6575009061, 15.397135062 ], [ 17.5807629033, 15.3498461127 ], [ 17.504155425, 15.3024870185 ], [ 17.4276784118, 15.2550582082 ], [ 17.3513318025, 15.2075601098 ], [ 17.2751155342, 15.1599931507 ], [ 17.1990295424, 15.1123577573 ], [ 17.1230737611, 15.0646543556 ], [ 17.0472481227, 15.0168833706 ], [ 16.9715525577, 14.9690452265 ], [ 16.8959869955, 14.9211403469 ], [ 16.8205513635, 14.8731691544 ], [ 16.7452455878, 14.825132071 ], [ 16.6700695929, 14.7770295179 ], [ 16.5950233017, 14.7288619153 ], [ 16.5201066357, 14.6806296828 ], [ 16.4453195148, 14.6323332391 ], [ 16.3706618576, 14.5839730022 ], [ 16.2961335809, 14.5355493892 ], [ 16.2217346003, 14.4870628162 ], [ 16.1474648298, 14.4385136988 ], [ 16.0733241821, 14.3899024516 ], [ 15.9993125684, 14.3412294883 ], [ 15.9254298984, 14.2924952219 ], [ 15.8516760806, 14.2437000644 ], [ 15.778051022, 14.1948444271 ], [ 15.7045546281, 14.1459287203 ], [ 15.6311868032, 14.0969533536 ], [ 15.5579474502, 14.0479187355 ], [ 15.4848364708, 13.9988252739 ], [ 15.411853765, 13.9496733757 ], [ 15.338999232, 13.9004634468 ], [ 15.2662727691, 13.8511958925 ], [ 15.1936742729, 13.8018711169 ], [ 15.1212036383, 13.7524895235 ], [ 15.0488607591, 13.7030515146 ], [ 14.9766455279, 13.6535574918 ], [ 14.9045578359, 13.6040078558 ], [ 14.8325975732, 13.5544030064 ], [ 14.7607646286, 13.5047433423 ], [ 14.6890588897, 13.4550292616 ], [ 14.6174802431, 13.4052611611 ], [ 14.5460285738, 13.355439437 ], [ 14.474703766, 13.3055644845 ], [ 14.4035057025, 13.2556366977 ], [ 14.3324342653, 13.20565647 ], [ 14.2614893347, 13.1556241937 ], [ 14.1906707905, 13.1055402603 ], [ 14.1199785109, 13.0554050601 ], [ 14.0494123731, 13.0052189829 ], [ 13.9789722535, 12.954982417 ], [ 13.9086580271, 12.9046957502 ], [ 13.8384695678, 12.8543593691 ], [ 13.7684067488, 12.8039736595 ], [ 13.6984694418, 12.753539006 ], [ 13.6286575179, 12.7030557926 ], [ 13.5589708467, 12.6525244019 ], [ 13.4894092972, 12.6019452159 ], [ 13.4199727373, 12.5513186154 ], [ 13.3506610336, 12.5006449804 ], [ 13.2814740522, 12.4499246898 ], [ 13.2124116579, 12.3991581214 ], [ 13.1434737146, 12.3483456523 ], [ 13.0746600852, 12.2974876585 ], [ 13.0059706319, 12.2465845149 ], [ 12.9374052157, 12.1956365955 ], [ 12.8689636968, 12.1446442734 ], [ 12.8006459344, 12.0936079205 ], [ 12.732451787, 12.0425279079 ], [ 12.6643811119, 11.9914046056 ], [ 12.5964337659, 11.9402383826 ], [ 12.5286096047, 11.8890296068 ], [ 12.460908483, 11.8377786454 ], [ 12.3933302551, 11.7864858642 ], [ 12.325874774, 11.7351516284 ], [ 12.2585418921, 11.6837763017 ], [ 12.1913314609, 11.6323602473 ], [ 12.1242433313, 11.5809038271 ], [ 12.057277353, 11.5294074019 ], [ 11.9904333754, 11.4778713317 ], [ 11.9237112467, 11.4262959755 ], [ 11.8571108145, 11.3746816909 ], [ 11.7906319258, 11.3230288349 ], [ 11.7242744264, 11.2713377634 ], [ 11.658038162, 11.219608831 ], [ 11.5919229769, 11.1678423917 ], [ 11.5259287152, 11.116038798 ], [ 11.46005522, 11.0641984017 ], [ 11.3943023337, 11.0123215534 ], [ 11.3286698983, 10.9604086029 ], [ 11.2631577547, 10.9084598987 ], [ 11.1977657434, 10.8564757883 ], [ 11.1324937041, 10.8044566184 ], [ 11.067341476, 10.7524027343 ], [ 11.0023088974, 10.7003144806 ], [ 10.9373958063, 10.6481922006 ], [ 10.8726020397, 10.5960362368 ], [ 10.8079274342, 10.5438469304 ], [ 10.7433718258, 10.4916246218 ], [ 10.6789350498, 10.4393696501 ], [ 10.6146169408, 10.3870823536 ], [ 10.5504173332, 10.3347630694 ], [ 10.4863360604, 10.2824121337 ], [ 10.4223729554, 10.2300298814 ], [ 10.3585278508, 10.1776166467 ], [ 10.2948005782, 10.1251727624 ], [ 10.2311909692, 10.0726985605 ], [ 10.1676988544, 10.0201943718 ], [ 10.1043240642, 9.9676605261 ], [ 10.0410664282, 9.9150973523 ], [ 9.9779257758, 9.8625051779 ], [ 9.9149019356, 9.8098843298 ], [ 9.8519947359, 9.7572351334 ], [ 9.7892040044, 9.7045579134 ], [ 9.7265295684, 9.6518529932 ], [ 9.6639712546, 9.5991206953 ], [ 9.6015288894, 9.5463613411 ], [ 9.5392022986, 9.493575251 ], [ 9.4769913077, 9.4407627441 ], [ 9.4148957415, 9.3879241389 ], [ 9.3529154247, 9.3350597523 ], [ 9.2910501813, 9.2821699007 ], [ 9.2292998349, 9.229254899 ], [ 9.167664209, 9.1763150613 ], [ 9.1061431263, 9.1233507005 ], [ 9.0447364092, 9.0703621285 ], [ 8.9834438799, 9.0173496563 ], [ 8.9222653601, 8.9643135936 ], [ 8.861200671, 8.9112542492 ], [ 8.8002496336, 8.8581719308 ], [ 8.7394120684, 8.805066945 ], [ 8.6786877958, 8.7519395974 ], [ 8.6180766354, 8.6987901925 ], [ 8.557578407, 8.645619034 ], [ 8.4971929296, 8.5924264241 ], [ 8.4369200222, 8.5392126643 ], [ 8.3767595032, 8.4859780549 ], [ 8.316711191, 8.4327228952 ], [ 8.2567749033, 8.3794474834 ], [ 8.1969504579, 8.3261521167 ], [ 8.1372376721, 8.2728370913 ], [ 8.0776363628, 8.2195027023 ], [ 8.0181463469, 8.1661492436 ], [ 7.9587674408, 8.1127770082 ], [ 7.8994994607, 8.0593862882 ], [ 7.8403422226, 8.0059773744 ], [ 7.7812955421, 7.9525505566 ], [ 7.7223592346, 7.8991061236 ], [ 7.6635331154, 7.8456443633 ], [ 7.6048169995, 7.7921655623 ], [ 7.5462107014, 7.7386700064 ], [ 7.4877140358, 7.68515798 ], [ 7.4293268168, 7.6316297669 ], [ 7.3710488585, 7.5780856495 ], [ 7.3128799748, 7.5245259094 ], [ 7.2548199793, 7.4709508271 ], [ 7.1968686855, 7.417360682 ], [ 7.1390259066, 7.3637557524 ], [ 7.0812914556, 7.3101363157 ], [ 7.0236651455, 7.2565026484 ], [ 6.966146789, 7.2028550255 ], [ 6.9087361986, 7.1491937215 ], [ 6.8514331866, 7.0955190094 ], [ 6.7942375654, 7.0418311616 ], [ 6.7371491469, 6.9881304492 ], [ 6.680167743, 6.9344171422 ], [ 6.6232931657, 6.8806915099 ], [ 6.5665252264, 6.8269538202 ], [ 6.5098637368, 6.7732043403 ], [ 6.4533085081, 6.7194433362 ], [ 6.3968593517, 6.6656710728 ], [ 6.3405160786, 6.6118878142 ], [ 6.2842785, 6.5580938232 ], [ 6.2281464267, 6.504289362 ], [ 6.1721196696, 6.4504746913 ], [ 6.1161980393, 6.3966500711 ], [ 6.0603813466, 6.3428157602 ], [ 6.0046694019, 6.2889720166 ], [ 5.9490620158, 6.2351190971 ], [ 5.8935589987, 6.1812572575 ], [ 5.8381601607, 6.1273867528 ], [ 5.7828653123, 6.0735078366 ], [ 5.7276742636, 6.0196207619 ], [ 5.6725868246, 5.9657257805 ], [ 5.6176028056, 5.9118231432 ], [ 5.5627220164, 5.8579130997 ], [ 5.5079442672, 5.8039958989 ], [ 5.4532693678, 5.7500717886 ], [ 5.3986971281, 5.6961410157 ], [ 5.344227358, 5.6422038258 ], [ 5.2898598673, 5.5882604639 ], [ 5.235594466, 5.5343111738 ], [ 5.1814309636, 5.4803561982 ], [ 5.1273691702, 5.4263957791 ], [ 5.0734088953, 5.3724301572 ], [ 5.0195499489, 5.3184595724 ], [ 4.9657921406, 5.2644842637 ], [ 4.9121352802, 5.2105044688 ], [ 4.8585791775, 5.1565204248 ], [ 4.8051236424, 5.1025323674 ], [ 4.7517684845, 5.0485405318 ], [ 4.6985135137, 4.9945451518 ], [ 4.6453585398, 4.9405464604 ], [ 4.5923033727, 4.8865446897 ], [ 4.5393478223, 4.8325400706 ], [ 4.4864916984, 4.7785328334 ], [ 4.4337348112, 4.724523207 ], [ 4.3810769704, 4.6705114196 ], [ 4.3285179863, 4.6164976985 ], [ 4.2760576688, 4.5624822697 ], [ 4.2236958282, 4.5084653586 ], [ 4.1714322746, 4.4544471894 ], [ 4.1192668182, 4.4004279855 ], [ 4.0671992693, 4.3464079692 ], [ 4.0152294385, 4.292387362 ], [ 3.963357136, 4.2383663843 ], [ 3.9115821724, 4.1843452556 ], [ 3.8599043583, 4.1303241945 ], [ 3.8083235043, 4.0763034187 ], [ 3.7568394212, 4.0222831447 ], [ 3.7054519199, 3.9682635884 ], [ 3.6541608113, 3.9142449645 ], [ 3.6029659062, 3.8602274869 ], [ 3.551867016, 3.8062113684 ], [ 3.5008639518, 3.7521968211 ], [ 3.4499565248, 3.698184056 ], [ 3.3991445465, 3.6441732833 ], [ 3.3484278283, 3.590164712 ], [ 3.297806182, 3.5361585505 ], [ 3.2472794192, 3.4821550061 ], [ 3.1968473518, 3.4281542852 ], [ 3.1465097918, 3.3741565933 ], [ 3.0962665512, 3.320162135 ], [ 3.0461174422, 3.2661711138 ], [ 2.9960622772, 3.2121837326 ], [ 2.9461008686, 3.1582001932 ], [ 2.8962330291, 3.1042206964 ], [ 2.8464585713, 3.0502454423 ], [ 2.7967773081, 2.99627463 ], [ 2.7471890526, 2.9423084576 ], [ 2.6976936179, 2.8883471225 ], [ 2.6482908172, 2.834390821 ], [ 2.598980464, 2.7804397487 ], [ 2.5497623719, 2.7264941001 ], [ 2.5006363546, 2.6725540689 ], [ 2.4516022261, 2.6186198479 ], [ 2.4026598004, 2.5646916291 ], [ 2.3538088916, 2.5107696034 ], [ 2.3050493143, 2.456853961 ], [ 2.2563808828, 2.4029448912 ], [ 2.2078034119, 2.3490425824 ], [ 2.1593167166, 2.2951472219 ], [ 2.1109206118, 2.2412589966 ], [ 2.0626149127, 2.187378092 ], [ 2.0143994347, 2.1335046932 ], [ 1.9662739935, 2.079638984 ], [ 1.9182384048, 2.0257811476 ], [ 1.8702924844, 1.9719313664 ], [ 1.8224360486, 1.9180898216 ], [ 1.7746689136, 1.8642566938 ], [ 1.726990896, 1.8104321628 ], [ 1.6794018123, 1.7566164073 ], [ 1.6319014795, 1.7028096054 ], [ 1.5844897147, 1.649011934 ], [ 1.5371663351, 1.5952235696 ], [ 1.4899311581, 1.5414446874 ], [ 1.4427840015, 1.4876754622 ], [ 1.3957246832, 1.4339160676 ], [ 1.3487530211, 1.3801666765 ], [ 1.3018688336, 1.3264274609 ], [ 1.2550719391, 1.2726985921 ], [ 1.2083621563, 1.2189802404 ], [ 1.1617393043, 1.1652725754 ], [ 1.1152032019, 1.1115757658 ], [ 1.0687536687, 1.0578899795 ], [ 1.0223905241, 1.0042153835 ], [ 0.976113588, 0.9505521441 ], [ 0.9299226802, 0.8969004266 ], [ 0.883817621, 0.8432603958 ], [ 0.8377982309, 0.7896322153 ], [ 0.7918643305, 0.736016048 ], [ 0.7460157407, 0.6824120563 ], [ 0.7002522825, 0.6288204014 ], [ 0.6545737774, 0.5752412438 ], [ 0.6089800469, 0.5216747432 ], [ 0.5634709128, 0.4681210587 ], [ 0.5180461971, 0.4145803482 ], [ 0.4727057221, 0.3610527692 ], [ 0.4274493104, 0.3075384782 ], [ 0.3822767846, 0.2540376308 ], [ 0.3371879677, 0.2005503821 ], [ 0.2921826831, 0.1470768862 ], [ 0.247260754, 0.0936172965 ], [ 0.2024220043, 0.0401717655 ], [ 0.1576662579, -0.013259555 ], [ 0.112993339, -0.0666765139 ], [ 0.0684030721, -0.120078961 ], [ 0.0238952818, -0.1734667468 ], [ -0.0205302068, -0.2268397227 ], [ -0.0648735687, -0.2801977407 ], [ -0.1091349783, -0.3335406537 ], [ -0.15331461, -0.3868683152 ], [ -0.1974126378, -0.4401805797 ], [ -0.2414292354, -0.4934773023 ], [ -0.2853645765, -0.5467583389 ], [ -0.3292188342, -0.6000235461 ], [ -0.3729921816, -0.6532727815 ], [ -0.4166847915, -0.706505903 ], [ -0.4602968363, -0.7597227696 ], [ -0.5038284882, -0.8129232411 ], [ -0.5472799193, -0.8661071778 ], [ -0.5906513012, -0.9192744408 ], [ -0.6339428054, -0.972424892 ], [ -0.6771546031, -1.0255583942 ], [ -0.7202868651, -1.0786748105 ], [ -0.763339762, -1.1317740052 ], [ -0.8063134643, -1.1848558431 ], [ -0.8492081421, -1.2379201897 ], [ -0.8920239651, -1.2909669113 ], [ -0.934761103, -1.343995875 ], [ -0.9774197249, -1.3970069484 ], [ -1.02, -1.45 ], [ -1.0712969652, -1.4054087281 ], [ -1.1226733169, -1.3608284133 ], [ -1.1741291568, -1.3162592453 ], [ -1.2256645862, -1.2717014146 ], [ -1.2772797064, -1.2271551122 ], [ -1.3289746185, -1.1826205297 ], [ -1.3807494231, -1.1380978595 ], [ -1.432604221, -1.0935872944 ], [ -1.4845391125, -1.0490890279 ], [ -1.5365541978, -1.0046032543 ], [ -1.5886495767, -0.9601301682 ], [ -1.6408253492, -0.9156699651 ], [ -1.6930816145, -0.871222841 ], [ -1.7454184721, -0.8267889925 ], [ -1.797836021, -0.782368617 ], [ -1.85033436, -0.7379619122 ], [ -1.9029135876, -0.6935690767 ], [ -1.9555738021, -0.6491903096 ], [ -2.0083151018, -0.6048258108 ], [ -2.0611375843, -0.5604757805 ], [ -2.1140413473, -0.5161404199 ], [ -2.1670264882, -0.4718199305 ], [ -2.2200931039, -0.4275145145 ], [ -2.2732412914, -0.383224375 ], [ -2.3264711471, -0.3389497154 ], [ -2.3797827674, -0.2946907398 ], [ -2.4331762482, -0.250447653 ], [ -2.4866516853, -0.2062206604 ], [ -2.5402091743, -0.1620099679 ], [ -2.5938488101, -0.1178157823 ], [ -2.6475706879, -0.0736383108 ], [ -2.7013749021, -0.0294777613 ], [ -2.7552615471, 0.0146656578 ], [ -2.8092307169, 0.0587917373 ], [ -2.8632825052, 0.1029002674 ], [ -2.9174170056, 0.1469910378 ], [ -2.971634311, 0.1910638374 ], [ -3.0259345144, 0.2351184547 ], [ -3.0803177082, 0.2791546774 ], [ -3.1347839846, 0.3231722925 ], [ -3.1893334356, 0.3671710867 ], [ -3.2439661525, 0.4111508457 ], [ -3.2986822267, 0.4551113549 ], [ -3.3534817491, 0.4990523989 ], [ -3.4083648102, 0.5429737617 ], [ -3.4633315003, 0.5868752267 ], [ -3.5183819092, 0.6307565766 ], [ -3.5735161264, 0.6746175937 ], [ -3.6287342412, 0.7184580594 ], [ -3.6840363424, 0.7622777547 ], [ -3.7394225185, 0.8060764598 ], [ -3.7948928576, 0.8498539545 ], [ -3.8504474474, 0.8936100177 ], [ -3.9060863754, 0.937344428 ], [ -3.9618097286, 0.9810569631 ], [ -4.0176175937, 1.0247474002 ], [ -4.0735100568, 1.0684155159 ], [ -4.1294872039, 1.1120610862 ], [ -4.1855491205, 1.1556838865 ], [ -4.2416958918, 1.1992836914 ], [ -4.2979276023, 1.2428602752 ], [ -4.3542443365, 1.2864134112 ], [ -4.4106461783, 1.3299428724 ], [ -4.4671332112, 1.3734484311 ], [ -4.5237055182, 1.416929859 ], [ -4.5803631821, 1.4603869271 ], [ -4.6371062851, 1.5038194058 ], [ -4.6939349092, 1.547227065 ], [ -4.7508491356, 1.5906096739 ], [ -4.8078490454, 1.6339670012 ], [ -4.8649347192, 1.6772988149 ], [ -4.9221062371, 1.7206048823 ], [ -4.9793636788, 1.7638849703 ], [ -5.0367071234, 1.8071388451 ], [ -5.0941366497, 1.8503662722 ], [ -5.1516523362, 1.8935670166 ], [ -5.2092542606, 1.9367408428 ], [ -5.2669425004, 1.9798875145 ], [ -5.3247171325, 2.0230067949 ], [ -5.3825782333, 2.0660984466 ], [ -5.4405258788, 2.1091622315 ], [ -5.4985601446, 2.1521979111 ], [ -5.5566811056, 2.1952052461 ], [ -5.6148888364, 2.2381839968 ], [ -5.673183411, 2.2811339227 ], [ -5.7315649029, 2.3240547829 ], [ -5.7900333853, 2.3669463357 ], [ -5.8485889305, 2.4098083391 ], [ -5.9072316107, 2.4526405501 ], [ -5.9659614973, 2.4954427255 ], [ -6.0247786614, 2.5382146214 ], [ -6.0836831733, 2.5809559932 ], [ -6.142675103, 2.6236665957 ], [ -6.2017545198, 2.6663461833 ], [ -6.2609214928, 2.7089945098 ], [ -6.32017609, 2.7516113282 ], [ -6.3795183794, 2.7941963911 ], [ -6.4389484282, 2.8367494505 ], [ -6.4984663029, 2.8792702579 ], [ -6.5580720697, 2.9217585639 ], [ -6.6177657941, 2.964214119 ], [ -6.6775475411, 3.0066366727 ], [ -6.737417375, 3.0490259742 ], [ -6.7973753597, 3.091381772 ], [ -6.8574215584, 3.1337038141 ], [ -6.9175560337, 3.1759918479 ], [ -6.9777788477, 3.2182456202 ], [ -7.0380900617, 3.2604648774 ], [ -7.0984897367, 3.3026493651 ], [ -7.1589779329, 3.3447988285 ], [ -7.2195547098, 3.3869130121 ], [ -7.2802201265, 3.4289916601 ], [ -7.3409742414, 3.471034516 ], [ -7.4018171122, 3.5130413226 ], [ -7.4627487959, 3.5550118223 ], [ -7.5237693492, 3.596945757 ], [ -7.5848788279, 3.6388428679 ], [ -7.646077287, 3.6807028958 ], [ -7.7073647813, 3.7225255809 ], [ -7.7687413645, 3.7643106628 ], [ -7.8302070899, 3.8060578807 ], [ -7.8917620101, 3.8477669731 ], [ -7.9534061769, 3.8894376781 ], [ -8.0151396415, 3.9310697331 ], [ -8.0769624545, 3.9726628751 ], [ -8.1388746658, 4.0142168406 ], [ -8.2008763244, 4.0557313655 ], [ -8.2629674789, 4.0972061851 ], [ -8.325148177, 4.1386410344 ], [ -8.3874184657, 4.1800356477 ], [ -8.4497783914, 4.2213897587 ], [ -8.5122279998, 4.2627031008 ], [ -8.5747673356, 4.3039754068 ], [ -8.6373964432, 4.345206409 ], [ -8.7001153659, 4.3863958391 ], [ -8.7629241464, 4.4275434284 ], [ -8.8258228268, 4.4686489076 ], [ -8.8888114483, 4.509712007 ], [ -8.9518900512, 4.5507324564 ], [ -9.0150586754, 4.5917099849 ], [ -9.0783173598, 4.6326443214 ], [ -9.1416661426, 4.673535194 ], [ -9.2051050611, 4.7143823307 ], [ -9.2686341521, 4.7551854585 ], [ -9.3322534513, 4.7959443044 ], [ -9.3959629939, 4.8366585947 ], [ -9.4597628141, 4.8773280552 ], [ -9.5236529454, 4.9179524112 ], [ -9.5876334205, 4.9585313876 ], [ -9.6517042712, 4.9990647088 ], [ -9.7158655285, 5.0395520988 ], [ -9.7801172227, 5.079993281 ], [ -9.8444593833, 5.1203879785 ], [ -9.9088920387, 5.1607359137 ], [ -9.9734152167, 5.2010368088 ], [ -10.0380289442, 5.2412903854 ], [ -10.1027332473, 5.2814963646 ], [ -10.1675281511, 5.3216544673 ], [ -10.2324136801, 5.3617644136 ], [ -10.2973898577, 5.4018259235 ], [ -10.3624567064, 5.4418387162 ], [ -10.4276142482, 5.4818025109 ], [ -10.4928625037, 5.5217170259 ], [ -10.558201493, 5.5615819794 ], [ -10.6236312353, 5.6013970891 ], [ -10.6891517486, 5.6411620722 ], [ -10.7547630504, 5.6808766455 ], [ -10.8204651569, 5.7205405255 ], [ -10.8862580838, 5.760153428 ], [ -10.9521418455, 5.7997150687 ], [ -11.0181164557, 5.8392251628 ], [ -11.0841819272, 5.878683425 ], [ -11.1503382717, 5.9180895697 ], [ -11.2165855001, 5.9574433107 ], [ -11.2829236223, 5.9967443618 ], [ -11.3493526473, 6.0359924361 ], [ -11.4158725831, 6.0751872463 ], [ -11.4824834368, 6.1143285049 ], [ -11.5491852144, 6.1534159239 ], [ -11.615977921, 6.1924492149 ], [ -11.6828615609, 6.2314280892 ], [ -11.7498361372, 6.2703522578 ], [ -11.8169016521, 6.3092214311 ], [ -11.8840581067, 6.3480353193 ], [ -11.9513055013, 6.3867936322 ], [ -12.0186438351, 6.4254960794 ], [ -12.0860731062, 6.4641423698 ], [ -12.1535933119, 6.5027322124 ], [ -12.2212044482, 6.5412653155 ], [ -12.2889065104, 6.5797413871 ], [ -12.3566994925, 6.6181601351 ], [ -12.4245833876, 6.6565212669 ], [ -12.4925581877, 6.6948244895 ], [ -12.5606238838, 6.7330695097 ], [ -12.628780466, 6.771256034 ], [ -12.6970279229, 6.8093837684 ], [ -12.7653662425, 6.8474524189 ], [ -12.8337954115, 6.885461691 ], [ -12.9023154157, 6.9234112897 ], [ -12.9709262395, 6.9613009202 ], [ -13.0396278666, 6.999130287 ], [ -13.1084202793, 7.0368990943 ], [ -13.177303459, 7.0746070464 ], [ -13.2462773859, 7.1122538469 ], [ -13.3153420392, 7.1498391994 ], [ -13.384497397, 7.187362807 ], [ -13.453743436, 7.2248243728 ], [ -13.5230801322, 7.2622235994 ], [ -13.5925074601, 7.2995601892 ], [ -13.6620253934, 7.3368338444 ], [ -13.7316339044, 7.374044267 ], [ -13.8013329643, 7.4111911586 ], [ -13.8711225433, 7.4482742207 ], [ -13.9410026104, 7.4852931545 ], [ -14.0109731333, 7.522247661 ], [ -14.0810340788, 7.559137441 ], [ -14.1511854121, 7.5959621949 ], [ -14.2214270978, 7.6327216231 ], [ -14.2917590988, 7.6694154256 ], [ -14.3621813771, 7.7060433025 ], [ -14.4326938935, 7.7426049534 ], [ -14.5032966075, 7.7791000778 ], [ -14.5739894775, 7.815528375 ], [ -14.6447724607, 7.8518895442 ], [ -14.7156455128, 7.8881832842 ], [ -14.7866085888, 7.9244092939 ], [ -14.8576616421, 7.9605672719 ], [ -14.9288046249, 7.9966569165 ], [ -15.0000374884, 8.0326779261 ], [ -15.0713601824, 8.0686299988 ], [ -15.1427726553, 8.1045128325 ], [ -15.2142748546, 8.140326125 ], [ -15.2858667263, 8.1760695741 ], [ -15.3575482153, 8.2117428773 ], [ -15.4293192652, 8.247345732 ], [ -15.5011798181, 8.2828778354 ], [ -15.5731298152, 8.3183388848 ], [ -15.6451691962, 8.3537285773 ], [ -15.7172978996, 8.3890466097 ], [ -15.7895158625, 8.4242926789 ], [ -15.8618230209, 8.4594664817 ], [ -15.9342193094, 8.4945677148 ], [ -16.0067046613, 8.5295960746 ], [ -16.0792790085, 8.5645512578 ], [ -16.1519422818, 8.5994329608 ], [ -16.2246944105, 8.6342408798 ], [ -16.2975353227, 8.6689747113 ], [ -16.3704649451, 8.7036341514 ], [ -16.4434832032, 8.7382188963 ], [ -16.516590021, 8.7727286421 ], [ -16.5897853212, 8.807163085 ], [ -16.6630690252, 8.8415219211 ], [ -16.7364410531, 8.8758048463 ], [ -16.8099013236, 8.9100115567 ], [ -16.883449754, 8.9441417483 ], [ -16.9570862602, 8.9781951171 ], [ -17.030810757, 9.0121713591 ], [ -17.1046231574, 9.0460701702 ], [ -17.1785233735, 9.0798912465 ], [ -17.2525113156, 9.113634284 ], [ -17.326586893, 9.1472989787 ], [ -17.4007500132, 9.1808850267 ], [ -17.4750005827, 9.214392124 ], [ -17.5493385063, 9.2478199669 ], [ -17.6237636877, 9.2811682515 ], [ -17.6982760289, 9.3144366739 ], [ -17.7728754306, 9.3476249306 ], [ -17.8475617921, 9.3807327179 ], [ -17.9223350114, 9.4137597321 ], [ -17.9971949849, 9.4467056699 ], [ -18.0721416076, 9.4795702277 ], [ -18.1471747732, 9.5123531022 ], [ -18.2222943738, 9.5450539903 ], [ -18.2975003002, 9.5776725888 ], [ -18.3727924416, 9.6102085947 ], [ -18.448170686, 9.642661705 ], [ -18.5236349198, 9.6750316171 ], [ -18.5991850278, 9.7073180282 ], [ -18.6748208936, 9.7395206358 ], [ -18.7505423992, 9.7716391377 ], [ -18.8263494253, 9.8036732314 ], [ -18.9022418508, 9.8356226151 ], [ -18.9782195535, 9.8674869868 ], [ -19.0542824095, 9.8992660447 ], [ -19.1304302934, 9.9309594873 ], [ -19.2066630786, 9.9625670132 ], [ -19.2829806366, 9.9940883213 ], [ -19.3593828378, 10.0255231105 ], [ -19.4358695508, 10.0568710801 ], [ -19.512440643, 10.0881319295 ], [ -19.5890959799, 10.1193053583 ], [ -19.665835426, 10.1503910664 ], [ -19.7426588438, 10.1813887539 ], [ -19.8195660947, 10.2122981212 ], [ -19.8965570383, 10.2431188687 ], [ -19.9736315329, 10.2738506975 ], [ -20.0507894351, 10.3044933084 ], [ -20.1280306001, 10.335046403 ], [ -20.2053548815, 10.3655096828 ], [ -20.2827621314, 10.3958828498 ], [ -20.3602522005, 10.4261656061 ], [ -20.4378249377, 10.4563576543 ], [ -20.5154801906, 10.4864586972 ], [ -20.5932178052, 10.5164684378 ], [ -20.6710376258, 10.5463865796 ], [ -20.7489394955, 10.5762128263 ], [ -20.8269232555, 10.605946882 ], [ -20.9049887457, 10.6355884512 ], [ -20.9831358042, 10.6651372386 ], [ -21.0613642679, 10.6945929492 ], [ -21.1396739719, 10.7239552887 ], [ -21.2180647496, 10.7532239628 ], [ -21.2965364333, 10.7823986778 ], [ -21.3750888533, 10.8114791403 ], [ -21.4537218386, 10.8404650571 ], [ -21.5324352165, 10.8693561359 ], [ -21.6112288128, 10.8981520842 ], [ -21.6901024516, 10.9268526105 ], [ -21.7690559557, 10.9554574232 ], [ -21.8480891461, 10.9839662314 ], [ -21.9272018423, 11.0123787446 ], [ -22.0063938621, 11.0406946728 ], [ -22.085665022, 11.0689137264 ], [ -22.1650151367, 11.0970356161 ], [ -22.2444440193, 11.1250600533 ], [ -22.3239514815, 11.1529867497 ], [ -22.4035373332, 11.1808154177 ], [ -22.483201383, 11.2085457699 ], [ -22.5629434376, 11.2361775196 ], [ -22.6427633022, 11.2637103806 ], [ -22.7226607807, 11.291144067 ], [ -22.8026356749, 11.3184782938 ], [ -22.8826877855, 11.3457127761 ], [ -22.9628169112, 11.3728472298 ], [ -23.0430228495, 11.3998813713 ], [ -23.1233053959, 11.4268149176 ], [ -23.2036643447, 11.453647586 ], [ -23.2840994884, 11.4803790946 ], [ -23.3646106178, 11.5070091622 ], [ -23.4451975223, 11.5335375078 ], [ -23.5258599897, 11.5599638512 ], [ -23.606597806, 11.5862879129 ], [ -23.6874107558, 11.6125094138 ], [ -23.7682986221, 11.6386280755 ], [ -23.8492611862, 11.6646436203 ], [ -23.9302982279, 11.690555771 ], [ -24.0114095252, 11.716364251 ], [ -24.0925948548, 11.7420687846 ], [ -24.1738539917, 11.7676690964 ], [ -24.2551867091, 11.7931649119 ], [ -24.3365927788, 11.8185559573 ], [ -24.418071971, 11.8438419592 ], [ -24.4996240544, 11.8690226452 ], [ -24.5812487958, 11.8940977433 ], [ -24.6629459606, 11.9190669825 ], [ -24.7447153126, 11.9439300922 ], [ -24.8265566141, 11.9686868028 ], [ -24.9084696255, 11.9933368453 ], [ -24.990454106, 12.0178799512 ], [ -25.0725098129, 12.0423158532 ], [ -25.1546365021, 12.0666442843 ], [ -25.2368339277, 12.0908649786 ], [ -25.3191018426, 12.1149776707 ], [ -25.4014399976, 12.1389820962 ], [ -25.4838481423, 12.1628779912 ], [ -25.5663260245, 12.1866650929 ], [ -25.6488733906, 12.210343139 ], [ -25.7314899854, 12.2339118681 ], [ -25.8141755519, 12.2573710198 ], [ -25.8969298317, 12.2807203343 ], [ -25.9797525648, 12.3039595527 ], [ -26.0626434896, 12.3270884168 ], [ -26.145602343, 12.3501066694 ], [ -26.2286288602, 12.3730140542 ], [ -26.311722775, 12.3958103155 ], [ -26.3948838195, 12.4184951987 ], [ -26.4781117242, 12.44106845 ], [ -26.5614062182, 12.4635298164 ], [ -26.6447670289, 12.4858790459 ], [ -26.7281938823, 12.5081158873 ], [ -26.8116865026, 12.5302400905 ], [ -26.8952446126, 12.552251406 ], [ -26.9788679336, 12.5741495854 ], [ -27.0625561853, 12.5959343812 ], [ -27.1463090859, 12.6176055469 ], [ -27.2301263519, 12.6391628369 ], [ -27.3140076983, 12.6606060064 ], [ -27.3979528389, 12.6819348118 ], [ -27.4819614854, 12.7031490102 ], [ -27.5660333485, 12.72424836 ], [ -27.6501681371, 12.7452326203 ], [ -27.7343655586, 12.7661015513 ], [ -27.8186253188, 12.7868549141 ], [ -27.9029471223, 12.8074924711 ], [ -27.987330672, 12.8280139853 ], [ -28.071775669, 12.848419221 ], [ -28.1562818135, 12.8687079434 ], [ -28.2408488037, 12.8888799188 ], [ -28.3254763365, 12.9089349145 ], [ -28.4101641074, 12.9288726988 ], [ -28.4949118101, 12.9486930413 ], [ -28.5797191373, 12.9683957123 ], [ -28.6645857797, 12.9879804835 ], [ -28.7495114269, 13.0074471274 ], [ -28.8344957668, 13.0267954178 ], [ -28.9195384861, 13.0460251294 ], [ -29.0046392698, 13.0651360383 ], [ -29.0897978015, 13.0841279215 ], [ -29.1750137634, 13.1030005569 ], [ -29.2602868362, 13.1217537241 ], [ -29.3456166992, 13.1403872032 ], [ -29.4310030303, 13.1589007759 ], [ -29.5164455059, 13.1772942249 ], [ -29.601943801, 13.1955673339 ], [ -29.6874975892, 13.213719888 ], [ -29.7731065426, 13.2317516733 ], [ -29.858770332, 13.2496624772 ], [ -29.9444886268, 13.2674520881 ], [ -30.0302610949, 13.2851202959 ], [ -30.1160874028, 13.3026668913 ], [ -30.2019672159, 13.3200916664 ], [ -30.2879001978, 13.3373944147 ], [ -30.3738860111, 13.3545749306 ], [ -30.4599243167, 13.3716330099 ], [ -30.5460147744, 13.3885684496 ], [ -30.6321570425, 13.4053810479 ], [ -30.7183507781, 13.4220706043 ], [ -30.8045956367, 13.4386369195 ], [ -30.8908912727, 13.4550797955 ], [ -30.9772373392, 13.4713990355 ], [ -31.0636334877, 13.4875944441 ], [ -31.1500793686, 13.503665827 ], [ -31.2365746311, 13.5196129915 ], [ -31.3231189227, 13.5354357458 ], [ -31.4097118901, 13.5511338996 ], [ -31.4963531783, 13.566707264 ], [ -31.5830424313, 13.5821556512 ], [ -31.6697792915, 13.5974788749 ], [ -31.7565634005, 13.61267675 ], [ -31.8433943983, 13.6277490929 ], [ -31.9302719238, 13.6426957211 ], [ -32.0171956144, 13.6575164535 ], [ -32.1041651066, 13.6722111107 ], [ -32.1911800356, 13.6867795141 ], [ -32.2782400352, 13.701221487 ], [ -32.3653447381, 13.7155368536 ], [ -32.4524937759, 13.7297254398 ], [ -32.5396867788, 13.7437870729 ], [ -32.6269233759, 13.7577215813 ], [ -32.7142031953, 13.771528795 ], [ -32.8015258636, 13.7852085454 ], [ -32.8888910064, 13.7987606654 ], [ -32.9762982483, 13.812184989 ], [ -33.0637472125, 13.825481352 ], [ -33.1512375211, 13.8386495913 ], [ -33.2387687953, 13.8516895455 ], [ -33.3263406548, 13.8646010544 ], [ -33.4139527186, 13.8773839595 ], [ -33.5016046043, 13.8900381035 ], [ -33.5892959286, 13.9025633307 ], [ -33.6770263069, 13.9149594869 ], [ -33.7647953537, 13.9272264192 ], [ -33.8526026825, 13.9393639764 ], [ -33.9404479054, 13.9513720085 ], [ -34.0283306339, 13.9632503672 ], [ -34.1162504781, 13.9749989056 ], [ -34.2042070473, 13.9866174784 ], [ -34.2921999496, 13.9981059416 ], [ -34.3802287923, 14.0094641529 ], [ -34.4682931815, 14.0206919715 ], [ -34.5563927224, 14.0317892579 ], [ -34.6445270193, 14.0427558744 ], [ -34.7326956754, 14.0535916846 ], [ -34.8208982929, 14.0642965538 ], [ -34.9091344733, 14.0748703488 ], [ -34.9974038169, 14.0853129378 ], [ -35.0857059231, 14.0956241907 ], [ -35.1740403906, 14.1058039789 ], [ -35.2624068169, 14.1158521754 ], [ -35.3508047988, 14.1257686548 ], [ -35.4392339321, 14.135553293 ], [ -35.5276938119, 14.1452059677 ], [ -35.6161840321, 14.1547265582 ], [ -35.7047041861, 14.1641149453 ], [ -35.7932538663, 14.1733710114 ], [ -35.8818326641, 14.1824946405 ], [ -35.9704401704, 14.1914857181 ], [ -36.0590759751, 14.2003441315 ], [ -36.1477396672, 14.2090697693 ], [ -36.2364308351, 14.217662522 ], [ -36.3251490664, 14.2261222815 ], [ -36.4138939478, 14.2344489415 ], [ -36.5026650653, 14.2426423972 ], [ -36.5914620042, 14.2507025455 ], [ -36.6802843491, 14.2586292847 ], [ -36.7691316836, 14.266422515 ], [ -36.8580035909, 14.2740821381 ], [ -36.9468996534, 14.2816080574 ], [ -37.0358194528, 14.2890001778 ], [ -37.1247625701, 14.2962584061 ], [ -37.2137285855, 14.3033826506 ], [ -37.3027170789, 14.3103728211 ], [ -37.3917276291, 14.3172288293 ], [ -37.4807598147, 14.3239505885 ], [ -37.5698132134, 14.3305380135 ], [ -37.6588874024, 14.336991021 ], [ -37.7479819582, 14.3433095292 ], [ -37.8370964568, 14.3494934581 ], [ -37.9262304736, 14.3555427292 ], [ -38.0153835835, 14.3614572658 ], [ -38.1045553607, 14.3672369929 ], [ -38.193745379, 14.3728818372 ], [ -38.2829532116, 14.3783917268 ], [ -38.3721784312, 14.383766592 ], [ -38.4614206101, 14.3890063643 ], [ -38.5506793198, 14.3941109772 ], [ -38.6399541317, 14.3990803657 ], [ -38.7292446164, 14.4039144667 ], [ -38.8185503444, 14.4086132187 ], [ -38.9078708854, 14.4131765618 ], [ -38.997205809, 14.417604438 ], [ -39.086554684, 14.4218967909 ], [ -39.1759170792, 14.4260535658 ], [ -39.2652925626, 14.4300747097 ], [ -39.3546807023, 14.4339601715 ], [ -39.4440810656, 14.4377099015 ], [ -39.5334932196, 14.4413238519 ], [ -39.6229167311, 14.4448019767 ], [ -39.7123511665, 14.4481442315 ], [ -39.8017960919, 14.4513505737 ], [ -39.8912510732, 14.4544209623 ], [ -39.9807156759, 14.4573553581 ], [ -40.0701894651, 14.4601537236 ], [ -40.1596720059, 14.4628160233 ], [ -40.2491628629, 14.4653422229 ], [ -40.3386616007, 14.4677322903 ], [ -40.4281677834, 14.469986195 ], [ -40.517680975, 14.472103908 ], [ -40.6072007395, 14.4740854025 ], [ -40.6967266403, 14.475930653 ], [ -40.7862582409, 14.4776396359 ], [ -40.8757951047, 14.4792123294 ], [ -40.9653367947, 14.4806487134 ], [ -41.0548828739, 14.4819487696 ], [ -41.1444329051, 14.4831124813 ], [ -41.2339864511, 14.4841398335 ], [ -41.3235430744, 14.4850308133 ], [ -41.4131023378, 14.4857854091 ], [ -41.5026638035, 14.4864036114 ], [ -41.592227034, 14.4868854122 ], [ -41.6817915916, 14.4872308053 ], [ -41.7713570387, 14.4874397864 ], [ -41.8609229375, 14.4875123528 ], [ -41.9504888503, 14.4874485035 ], [ -42.0400543393, 14.4872482393 ], [ -42.1296189669, 14.4869115629 ], [ -42.2191822953, 14.4864384785 ], [ -42.3087438869, 14.4858289922 ], [ -42.398303304, 14.4850831117 ], [ -42.4878601092, 14.4842008467 ], [ -42.5774138649, 14.4831822084 ], [ -42.6669641338, 14.4820272098 ], [ -42.7565104786, 14.4807358656 ], [ -42.8460524621, 14.4793081926 ], [ -42.9355896473, 14.4777442087 ], [ -43.0251215974, 14.4760439342 ], [ -43.1146478755, 14.4742073906 ], [ -43.2041680451, 14.4722346015 ], [ -43.2936816698, 14.4701255921 ], [ -43.3831883134, 14.4678803894 ], [ -43.47268754, 14.465499022 ], [ -43.5621789136, 14.4629815204 ], [ -43.6516619988, 14.4603279166 ], [ -43.7411363603, 14.4575382447 ], [ -43.830601563, 14.4546125403 ], [ -43.9200571721, 14.4515508406 ], [ -44.0095027531, 14.4483531848 ], [ -44.0989378718, 14.4450196136 ], [ -44.1883620943, 14.4415501697 ], [ -44.277774987, 14.4379448973 ], [ -44.3671761167, 14.4342038423 ], [ -44.4565650504, 14.4303270525 ], [ -44.5459413555, 14.4263145772 ], [ -44.6353046, 14.4221664677 ], [ -44.7246543519, 14.4178827767 ], [ -44.8139901798, 14.4134635589 ], [ -44.9033116528, 14.4089088705 ], [ -44.9926183402, 14.4042187695 ], [ -45.0819098119, 14.3993933156 ], [ -45.1711856381, 14.3944325701 ], [ -45.2604453896, 14.3893365963 ], [ -45.3496886376, 14.3841054588 ], [ -45.4389149537, 14.3787392242 ], [ -45.5281239101, 14.3732379606 ], [ -45.6173150795, 14.3676017379 ], [ -45.7064880351, 14.3618306278 ], [ -45.7956423506, 14.3559247033 ], [ -45.8847776002, 14.3498840396 ], [ -45.9738933587, 14.3437087132 ], [ -46.0629892016, 14.3373988023 ], [ -46.1520647047, 14.330954387 ], [ -46.2411194445, 14.3243755489 ], [ -46.3301529983, 14.3176623712 ], [ -46.4191649437, 14.3108149391 ], [ -46.5081548591, 14.303833339 ], [ -46.5971223235, 14.2967176593 ], [ -46.6860669165, 14.2894679899 ], [ -46.7749882185, 14.2820844225 ], [ -46.8638858103, 14.2745670502 ], [ -46.9527592737, 14.266915968 ], [ -47.0416081909, 14.2591312724 ], [ -47.130432145, 14.2512130616 ], [ -47.2192307198, 14.2431614353 ], [ -47.3080034998, 14.234976495 ], [ -47.3967500701, 14.2266583437 ], [ -47.4854700167, 14.2182070861 ], [ -47.5741629263, 14.2096228286 ], [ -47.6628283865, 14.200905679 ], [ -47.7514659855, 14.1920557468 ], [ -47.8400753124, 14.1830731432 ], [ -47.9286559569, 14.1739579809 ], [ -48.01720751, 14.1647103741 ], [ -48.1057295629, 14.1553304389 ], [ -48.1942217081, 14.1458182928 ], [ -48.2826835388, 14.1361740547 ], [ -48.371114649, 14.1263978454 ], [ -48.4595146336, 14.1164897872 ], [ -48.5478830884, 14.1064500038 ], [ -48.6362196101, 14.0962786206 ], [ -48.7245237963, 14.0859757645 ], [ -48.8127952454, 14.0755415641 ], [ -48.9010335569, 14.0649761494 ], [ -48.989238331, 14.054279652 ], [ -49.0774091692, 14.043452205 ], [ -49.1655456735, 14.0324939431 ], [ -49.2536474472, 14.0214050024 ], [ -49.3417140945, 14.0101855209 ], [ -49.4297452204, 13.9988356375 ], [ -49.5177404311, 13.9873554932 ], [ -49.6056993337, 13.9757452303 ], [ -49.6936215364, 13.9640049924 ], [ -49.7815066483, 13.952134925 ], [ -49.8693542795, 13.9401351747 ], [ -49.9571640413, 13.9280058898 ], [ -50.0449355459, 13.9157472202 ], [ -50.1326684068, 13.903359317 ], [ -50.2203622381, 13.8908423329 ], [ -50.3080166555, 13.8781964221 ], [ -50.3956312753, 13.8654217403 ], [ -50.4832057154, 13.8525184445 ], [ -50.5707395944, 13.8394866933 ], [ -50.6582325321, 13.8263266467 ], [ -50.7456841495, 13.8130384661 ], [ -50.8330940687, 13.7996223144 ], [ -50.920461913, 13.7860783557 ], [ -51.0077873067, 13.772406756 ], [ -51.0950698753, 13.7586076823 ], [ -51.1823092455, 13.744681303 ], [ -51.2695050452, 13.7306277882 ], [ -51.3566569035, 13.7164473093 ], [ -51.4437644505, 13.7021400388 ], [ -51.5308273176, 13.687706151 ], [ -51.6178451376, 13.6731458212 ], [ -51.7048175442, 13.6584592265 ], [ -51.7917441725, 13.643646545 ], [ -51.8786246588, 13.6287079562 ], [ -51.9654586405, 13.6136436412 ], [ -52.0522457565, 13.5984537822 ], [ -52.1389856468, 13.5831385629 ], [ -52.2256779526, 13.5676981682 ], [ -52.3123223164, 13.5521327843 ], [ -52.3989183822, 13.536442599 ], [ -52.4854657948, 13.5206278011 ], [ -52.5719642008, 13.5046885808 ], [ -52.6584132478, 13.4886251298 ], [ -52.7448125847, 13.4724376407 ], [ -52.8311618619, 13.4561263078 ], [ -52.9174607309, 13.4396913264 ], [ -53.0037088446, 13.4231328931 ], [ -53.0899058572, 13.406451206 ], [ -53.1760514244, 13.3896464642 ], [ -53.2621452031, 13.3727188682 ], [ -53.3481868515, 13.3556686196 ], [ -53.4341760292, 13.3384959214 ], [ -53.5201123972, 13.3212009777 ], [ -53.6059956178, 13.303783994 ], [ -53.6918253549, 13.2862451768 ], [ -53.7776012733, 13.268584734 ], [ -53.8633230398, 13.2508028745 ], [ -53.948990322, 13.2328998086 ], [ -54.0346027894, 13.2148757478 ], [ -54.1201601125, 13.1967309045 ], [ -54.2056619634, 13.1784654926 ], [ -54.2911080156, 13.1600797271 ], [ -54.3764979441, 13.1415738239 ], [ -54.4618314251, 13.1229480003 ], [ -54.5471081365, 13.1042024748 ], [ -54.6323277574, 13.0853374668 ], [ -54.7174899684, 13.0663531971 ], [ -54.8025944517, 13.0472498874 ], [ -54.8876408908, 13.0280277606 ], [ -54.9726289706, 13.0086870408 ], [ -55.0575583777, 12.989227953 ], [ -55.1424287999, 12.9696507235 ], [ -55.2272399266, 12.9499555795 ], [ -55.3119914486, 12.9301427495 ], [ -55.3966830583, 12.9102124629 ], [ -55.4813144495, 12.8901649502 ], [ -55.5658853175, 12.8700004429 ], [ -55.6503953591, 12.8497191738 ], [ -55.7348442725, 12.8293213764 ], [ -55.8192317576, 12.8088072854 ], [ -55.9035575157, 12.7881771366 ], [ -55.9878212494, 12.7674311667 ], [ -56.0720226632, 12.7465696135 ], [ -56.1561614628, 12.7255927157 ], [ -56.2402373556, 12.704500713 ], [ -56.3242500505, 12.6832938463 ], [ -56.4081992577, 12.6619723571 ], [ -56.4920846893, 12.6405364883 ], [ -56.5759060586, 12.6189864834 ], [ -56.6596630806, 12.5973225871 ], [ -56.7433554719, 12.575545045 ], [ -56.8269829504, 12.5536541035 ], [ -56.9105452358, 12.5316500101 ], [ -56.9940420493, 12.5095330131 ], [ -57.0774731135, 12.4873033618 ], [ -57.1608381526, 12.4649613065 ], [ -57.2441368924, 12.4425070982 ], [ -57.3273690604, 12.4199409889 ], [ -57.4105343854, 12.3972632315 ], [ -57.4936325978, 12.3744740797 ], [ -57.5766634298, 12.3515737882 ], [ -57.6596266149, 12.3285626125 ], [ -57.7425218883, 12.3054408088 ], [ -57.8253489867, 12.2822086345 ], [ -57.9081076486, 12.2588663475 ], [ -57.9907976136, 12.2354142067 ], [ -58.0734186234, 12.2118524718 ], [ -58.1559704209, 12.1881814034 ], [ -58.2384527509, 12.1644012626 ], [ -58.3208653594, 12.1405123117 ], [ -58.4032079943, 12.1165148136 ], [ -58.485480405, 12.0924090319 ], [ -58.5676823424, 12.0681952311 ], [ -58.6498135591, 12.0438736765 ], [ -58.7318738091, 12.019444634 ], [ -58.8138628483, 11.9949083705 ], [ -58.8957804339, 11.9702651534 ], [ -58.9776263249, 11.9455152509 ], [ -59.0594002816, 11.9206589321 ], [ -59.1411020664, 11.8956964666 ], [ -59.2227314427, 11.8706281248 ], [ -59.3042881759, 11.8454541779 ], [ -59.3857720329, 11.8201748976 ], [ -59.4671827821, 11.7947905564 ], [ -59.5485201936, 11.7693014276 ], [ -59.6297840391, 11.743707785 ], [ -59.7109740918, 11.7180099031 ], [ -59.7920901266, 11.692208057 ], [ -59.8731319199, 11.6663025227 ], [ -59.9540992498, 11.6402935766 ], [ -60.0349918959, 11.6141814959 ], [ -60.1158096394, 11.5879665581 ], [ -60.1965522633, 11.5616490418 ], [ -60.2772195519, 11.5352292259 ], [ -60.3578112913, 11.50870739 ], [ -60.4383272692, 11.4820838142 ], [ -60.5187672746, 11.4553587793 ], [ -60.5991310986, 11.4285325666 ], [ -60.6794185334, 11.4016054581 ], [ -60.7596293731, 11.3745777362 ], [ -60.8397634133, 11.3474496841 ], [ -60.9198204512, 11.3202215852 ], [ -60.9998002856, 11.2928937237 ], [ -61.0797027169, 11.2654663842 ], [ -61.1595275471, 11.237939852 ], [ -61.2392745796, 11.2103144128 ], [ -61.3189436197, 11.1825903528 ], [ -61.3985344741, 11.1547679587 ], [ -61.4780469512, 11.1268475178 ], [ -61.5574808608, 11.0988293177 ], [ -61.6368360144, 11.0707136467 ], [ -61.7161122251, 11.0425007933 ], [ -61.7953093075, 11.0141910468 ], [ -61.874427078, 10.9857846968 ], [ -61.9534653543, 10.9572820332 ], [ -62.0324239558, 10.9286833466 ], [ -62.1113027034, 10.8999889278 ], [ -62.1901014197, 10.8711990683 ], [ -62.2688199289, 10.8423140597 ], [ -62.3474580565, 10.8133341943 ], [ -62.4260156298, 10.7842597646 ], [ -62.5044924777, 10.7550910637 ], [ -62.5828884305, 10.7258283849 ], [ -62.6612033201, 10.6964720219 ], [ -62.73943698, 10.6670222689 ], [ -62.8175892454, 10.6374794204 ], [ -62.8956599527, 10.6078437712 ], [ -62.9736489401, 10.5781156166 ], [ -63.0515560474, 10.5482952521 ], [ -63.1293811158, 10.5183829736 ], [ -63.207123988, 10.4883790774 ], [ -63.2847845085, 10.45828386 ], [ -63.3623625232, 10.4280976182 ], [ -63.4398578793, 10.3978206493 ], [ -63.5172704259, 10.3674532507 ], [ -63.5946000135, 10.3369957203 ], [ -63.6718464941, 10.306448356 ], [ -63.7490097212, 10.2758114563 ], [ -63.8260895499, 10.2450853197 ], [ -63.9030858367, 10.2142702452 ], [ -63.9799984399, 10.1833665319 ], [ -64.0568272189, 10.1523744791 ], [ -64.1335720349, 10.1212943866 ], [ -64.2102327506, 10.0901265543 ], [ -64.2868092301, 10.0588712822 ], [ -64.363301339, 10.0275288706 ], [ -64.4397089445, 9.9960996203 ], [ -64.5160319152, 9.9645838318 ], [ -64.5922701212, 9.9329818063 ], [ -64.6684234343, 9.9012938448 ], [ -64.7444917274, 9.8695202488 ], [ -64.8204748751, 9.8376613197 ], [ -64.8963727536, 9.8057173593 ], [ -64.9721852404, 9.7736886695 ], [ -65.0479122144, 9.7415755524 ], [ -65.1235535562, 9.7093783102 ], [ -65.1991091478, 9.6770972451 ], [ -65.2745788724, 9.6447326598 ], [ -65.349962615, 9.6122848568 ], [ -65.4252602618, 9.579754139 ], [ -65.5004717008, 9.5471408092 ], [ -65.5755968209, 9.5144451704 ], [ -65.650635513, 9.4816675258 ], [ -65.7255876691, 9.4488081785 ], [ -65.8004531827, 9.4158674319 ], [ -65.8752319488, 9.3828455895 ], [ -65.9499238637, 9.3497429546 ], [ -66.0245288252, 9.3165598309 ], [ -66.0990467326, 9.283296522 ], [ -66.1734774865, 9.2499533316 ], [ -66.2478209888, 9.2165305635 ], [ -66.3220771432, 9.1830285215 ], [ -66.3962458543, 9.1494475094 ], [ -66.4703270285, 9.1157878312 ], [ -66.5443205733, 9.0820497908 ], [ -66.6182263979, 9.0482336921 ], [ -66.6920444125, 9.0143398392 ], [ -66.7657745289, 8.9803685361 ], [ -66.8394166604, 8.9463200866 ], [ -66.9129707214, 8.912194795 ], [ -66.9864366279, 8.8779929651 ], [ -67.059814297, 8.843714901 ], [ -67.1331036474, 8.8093609066 ], [ -67.206304599, 8.7749312859 ], [ -67.2794170732, 8.7404263429 ], [ -67.3524409926, 8.7058463814 ], [ -67.4253762812, 8.6711917053 ], [ -67.4982228643, 8.6364626185 ], [ -67.5709806685, 8.6016594246 ], [ -67.6436496218, 8.5667824274 ], [ -67.7162296536, 8.5318319306 ], [ -67.7887206944, 8.4968082377 ], [ -67.8611226761, 8.4617116522 ], [ -67.9334355319, 8.4265424776 ], [ -68.0056591965, 8.3913010171 ], [ -68.0777936055, 8.3559875742 ], [ -68.1498386961, 8.3206024518 ], [ -68.2217944067, 8.2851459531 ], [ -68.293660677, 8.249618381 ], [ -68.3654374479, 8.2140200383 ], [ -68.4371246616, 8.1783512278 ], [ -68.5087222616, 8.1426122521 ], [ -68.5802301927, 8.1068034135 ], [ -68.6516484008, 8.0709250145 ], [ -68.7229768332, 8.0349773573 ], [ -68.7942154385, 7.9989607438 ], [ -68.8653641662, 7.9628754759 ], [ -68.9364229675, 7.9267218555 ], [ -69.0073917945, 7.8905001841 ], [ -69.0782706007, 7.854210763 ], [ -69.1490593406, 7.8178538937 ], [ -69.2197579702, 7.781429877 ], [ -69.2903664465, 7.7449390139 ], [ -69.3608847278, 7.7083816051 ], [ -69.4313127736, 7.6717579511 ], [ -69.5016505446, 7.6350683523 ], [ -69.5718980026, 7.5983131086 ], [ -69.6420551106, 7.5614925201 ], [ -69.7121218329, 7.5246068864 ], [ -69.7820981349, 7.4876565071 ], [ -69.8519839832, 7.4506416813 ], [ -69.9217793454, 7.4135627081 ], [ -69.9914841905, 7.3764198863 ], [ -70.0610984885, 7.3392135144 ], [ -70.1306222106, 7.3019438909 ], [ -70.2000553291, 7.2646113138 ], [ -70.2693978175, 7.2272160808 ], [ -70.3386496503, 7.1897584897 ], [ -70.4078108034, 7.1522388377 ], [ -70.4768812534, 7.1146574219 ], [ -70.5458609785, 7.0770145391 ], [ -70.6147499576, 7.0393104858 ], [ -70.683548171, 7.0015455583 ], [ -70.7522555999, 6.9637200525 ], [ -70.8208722266, 6.9258342641 ], [ -70.8893980347, 6.8878884885 ], [ -70.9578330086, 6.8498830208 ], [ -71.0261771339, 6.8118181558 ], [ -71.0944303975, 6.773694188 ], [ -71.1625927869, 6.7355114117 ], [ -71.230664291, 6.6972701206 ], [ -71.2986448998, 6.6589706084 ], [ -71.366534604, 6.6206131684 ], [ -71.4343333958, 6.5821980933 ], [ -71.502041268, 6.543725676 ], [ -71.5696582147, 6.5051962085 ], [ -71.637184231, 6.4666099829 ], [ -71.704619313, 6.4279672908 ], [ -71.7719634578, 6.3892684234 ], [ -71.8392166635, 6.3505136716 ], [ -71.9063789293, 6.311703326 ], [ -71.9734502553, 6.2728376768 ], [ -72.0404306426, 6.2339170139 ], [ -72.1073200933, 6.1949416267 ], [ -72.1741186106, 6.1559118043 ], [ -72.2408261984, 6.1168278355 ], [ -72.307442862, 6.0776900087 ], [ -72.3739686074, 6.0384986118 ], [ -72.4404034414, 5.9992539326 ], [ -72.5067473721, 5.9599562582 ], [ -72.5730004084, 5.9206058755 ], [ -72.6391625602, 5.8812030709 ], [ -72.7052338381, 5.8417481305 ], [ -72.7712142541, 5.80224134 ], [ -72.8371038207, 5.7626829846 ], [ -72.9029025516, 5.7230733492 ], [ -72.9686104611, 5.6834127183 ], [ -73.0342275649, 5.6437013758 ], [ -73.0997538792, 5.6039396055 ], [ -73.1651894213, 5.5641276904 ], [ -73.2305342092, 5.5242659135 ], [ -73.2957882621, 5.4843545571 ], [ -73.3609515999, 5.444393903 ], [ -73.4260242434, 5.4043842329 ], [ -73.4910062143, 5.3643258277 ], [ -73.555897535, 5.3242189681 ], [ -73.6206982292, 5.2840639343 ], [ -73.685408321, 5.243861006 ], [ -73.7500278356, 5.2036104626 ], [ -73.814556799, 5.1633125829 ], [ -73.8789952381, 5.1229676452 ], [ -73.9433431805, 5.0825759276 ], [ -74.0076006547, 5.0421377075 ], [ -74.0717676901, 5.001653262 ], [ -74.1358443169, 4.9611228675 ], [ -74.1998305661, 4.9205468003 ], [ -74.2637264695, 4.8799253358 ], [ -74.3275320596, 4.8392587494 ], [ -74.39124737, 4.7985473156 ], [ -74.4548724348, 4.7577913086 ], [ -74.5184072891, 4.7169910022 ], [ -74.5818519687, 4.6761466696 ], [ -74.6452065101, 4.6352585836 ], [ -74.7084709507, 4.5943270164 ], [ -74.7716453287, 4.5533522397 ], [ -74.8347296829, 4.512334525 ], [ -74.897724053, 4.4712741428 ], [ -74.9606284795, 4.4301713636 ], [ -75.0234430034, 4.3890264572 ], [ -75.0861676669, 4.3478396927 ], [ -75.1488025124, 4.306611339 ], [ -75.2113475834, 4.2653416643 ], [ -75.2738029241, 4.2240309364 ], [ -75.3361685792, 4.1826794225 ], [ -75.3984445945, 4.1412873894 ], [ -75.460631016, 4.0998551033 ], [ -75.522727891, 4.0583828299 ], [ -75.584735267, 4.0168708343 ], [ -75.6466531926, 3.9753193812 ], [ -75.7084817168, 3.9337287346 ], [ -75.7702208893, 3.8920991583 ], [ -75.8318707608, 3.8504309153 ], [ -75.8934313824, 3.808724268 ], [ -75.9549028058, 3.7669794786 ], [ -76.0162850837, 3.7251968084 ], [ -76.0775782692, 3.6833765184 ], [ -76.1387824162, 3.6415188689 ], [ -76.1998975791, 3.5996241199 ], [ -76.2609238131, 3.5576925305 ], [ -76.321861174, 3.5157243596 ], [ -76.3827097183, 3.4737198653 ], [ -76.443469503, 3.4316793054 ], [ -76.5041405859, 3.3896029368 ], [ -76.5647230252, 3.3474910163 ], [ -76.62521688, 3.3053437996 ], [ -76.6856222098, 3.2631615424 ], [ -76.7459390747, 3.2209444994 ], [ -76.8061675357, 3.178692925 ], [ -76.8663076541, 3.136407073 ], [ -76.9263594918, 3.0940871965 ], [ -76.9863231116, 3.0517335481 ], [ -77.0461985765, 3.0093463801 ], [ -77.1059859504, 2.9669259437 ], [ -77.1656852976, 2.92447249 ], [ -77.225296683, 2.8819862692 ], [ -77.2848201722, 2.8394675313 ], [ -77.344255831, 2.7969165254 ], [ -77.4036037263, 2.7543335001 ], [ -77.4628639252, 2.7117187035 ], [ -77.5220364953, 2.669072383 ], [ -77.5811215051, 2.6263947856 ], [ -77.6401190232, 2.5836861576 ], [ -77.6990291191, 2.5409467447 ], [ -77.7578518626, 2.498176792 ], [ -77.8165873242, 2.4553765442 ], [ -77.8752355748, 2.4125462451 ], [ -77.9337966859, 2.3696861383 ], [ -77.9922707295, 2.3267964664 ], [ -78.050657778, 2.2838774718 ], [ -78.1089579045, 2.240929396 ], [ -78.1671711825, 2.19795248 ], [ -78.2252976859, 2.1549469644 ], [ -78.2833374894, 2.1119130889 ], [ -78.3412906677, 2.0688510928 ], [ -78.3991572965, 2.0257612147 ], [ -78.4569374517, 1.9826436927 ], [ -78.5146312097, 1.9394987642 ], [ -78.5722386475, 1.8963266661 ], [ -78.6297598423, 1.8531276347 ], [ -78.687194872, 1.8099019056 ], [ -78.744543815, 1.7666497139 ], [ -78.8018067499, 1.7233712939 ], [ -78.858983756, 1.6800668796 ], [ -78.9160749129, 1.6367367042 ], [ -78.9730803007, 1.5933810003 ], [ -79.03, 1.55 ], [ -79.0700771436, 1.6094083274 ], [ -79.1102369804, 1.6688478741 ], [ -79.150479727, 1.7283185235 ], [ -79.1908056007, 1.7878201581 ], [ -79.2312148192, 1.8473526597 ], [ -79.2717076007, 1.9069159092 ], [ -79.3122841643, 1.9665097868 ], [ -79.3529447293, 2.0261341716 ], [ -79.3936895159, 2.0857889423 ], [ -79.4345187445, 2.1454739764 ], [ -79.4754326365, 2.2051891506 ], [ -79.5164314135, 2.264934341 ], [ -79.5575152979, 2.3247094226 ], [ -79.5986845126, 2.3845142697 ], [ -79.6399392811, 2.4443487557 ], [ -79.6812798273, 2.5042127532 ], [ -79.722706376, 2.5641061339 ], [ -79.7642191523, 2.6240287685 ], [ -79.8058183821, 2.6839805271 ], [ -79.8475042916, 2.7439612787 ], [ -79.8892771078, 2.8039708917 ], [ -79.9311370583, 2.8640092333 ], [ -79.973084371, 2.9240761702 ], [ -80.0151192747, 2.9841715677 ], [ -80.0572419987, 3.0442952907 ], [ -80.0994527726, 3.104447203 ], [ -80.1417518271, 3.1646271675 ], [ -80.1841393929, 3.2248350463 ], [ -80.2266157018, 3.2850707005 ], [ -80.2691809857, 3.3453339903 ], [ -80.3118354776, 3.4056247751 ], [ -80.3545794106, 3.4659429133 ], [ -80.3974130187, 3.5262882624 ], [ -80.4403365363, 3.586660679 ], [ -80.4833501985, 3.6470600188 ], [ -80.5264542409, 3.7074861364 ], [ -80.5696488997, 3.7679388858 ], [ -80.6129344117, 3.8284181198 ], [ -80.6563110144, 3.8889236904 ], [ -80.6997789456, 3.9494554485 ], [ -80.7433384439, 4.0100132443 ], [ -80.7869897484, 4.0705969269 ], [ -80.8307330989, 4.1312063444 ], [ -80.8745687357, 4.1918413441 ], [ -80.9184968995, 4.2525017722 ], [ -80.9625178319, 4.313187474 ], [ -81.0066317749, 4.3738982938 ], [ -81.0508389712, 4.4346340752 ], [ -81.0951396639, 4.4953946603 ], [ -81.1395340968, 4.5561798907 ], [ -81.1840225143, 4.6169896068 ], [ -81.2286051614, 4.6778236481 ], [ -81.2732822836, 4.738681853 ], [ -81.318054127, 4.799564059 ], [ -81.3629209383, 4.8604701026 ], [ -81.4078829648, 4.9213998193 ], [ -81.4529404543, 4.9823530436 ], [ -81.4980936554, 5.0433296089 ], [ -81.5433428169, 5.1043293478 ], [ -81.5886881887, 5.1653520917 ], [ -81.6341300207, 5.226397671 ], [ -81.6796685638, 5.2874659152 ], [ -81.7253040694, 5.3485566527 ], [ -81.7710367894, 5.4096697108 ], [ -81.8168669762, 5.4708049159 ], [ -81.8627948829, 5.5319620934 ], [ -81.9088207633, 5.5931410673 ], [ -81.9549448716, 5.6543416611 ], [ -82.0011674625, 5.7155636968 ], [ -82.0474887915, 5.7768069955 ], [ -82.0939091146, 5.8380713775 ], [ -82.1404286882, 5.8993566616 ], [ -82.1870477696, 5.9606626658 ], [ -82.2337666163, 6.021989207 ], [ -82.2805854867, 6.083336101 ], [ -82.3275046397, 6.1447031626 ], [ -82.3745243345, 6.2060902054 ], [ -82.4216448313, 6.267497042 ], [ -82.4688663905, 6.3289234839 ], [ -82.5161892733, 6.3903693415 ], [ -82.5636137414, 6.4518344241 ], [ -82.611140057, 6.51331854 ], [ -82.658768483, 6.5748214962 ], [ -82.7064992827, 6.6363430988 ], [ -82.7543327202, 6.6978831526 ], [ -82.8022690599, 6.7594414616 ], [ -82.8503085669, 6.8210178282 ], [ -82.8984515069, 6.8826120542 ], [ -82.9466981461, 6.9442239399 ], [ -82.9950487513, 7.0058532846 ], [ -83.0435035897, 7.0674998866 ], [ -83.0920629293, 7.1291635428 ], [ -83.1407270385, 7.1908440492 ], [ -83.1894961863, 7.2525412004 ], [ -83.2383706423, 7.3142547902 ], [ -83.2873506766, 7.375984611 ], [ -83.3364365597, 7.4377304541 ], [ -83.3856285629, 7.4994921095 ], [ -83.4349269581, 7.5612693664 ], [ -83.4843320174, 7.6230620126 ], [ -83.5338440136, 7.6848698346 ], [ -83.5834632203, 7.7466926179 ], [ -83.6331899113, 7.8085301469 ], [ -83.6830243611, 7.8703822046 ], [ -83.7329668447, 7.932248573 ], [ -83.7830176376, 7.9941290328 ], [ -83.833177016, 8.0560233636 ], [ -83.8834452563, 8.1179313437 ], [ -83.9338226359, 8.1798527502 ], [ -83.9843094323, 8.2417873592 ], [ -84.0349059238, 8.3037349452 ], [ -84.085612389, 8.3656952818 ], [ -84.1364291073, 8.4276681414 ], [ -84.1873563583, 8.489653295 ], [ -84.2383944225, 8.5516505125 ], [ -84.2895435806, 8.6136595624 ], [ -84.3408041139, 8.6756802123 ], [ -84.3921763044, 8.7377122281 ], [ -84.4436604342, 8.799755375 ], [ -84.4952567863, 8.8618094164 ], [ -84.5469656441, 8.9238741149 ], [ -84.5987872914, 8.9859492316 ], [ -84.6507220126, 9.0480345265 ], [ -84.7027700926, 9.1101297581 ], [ -84.7549318167, 9.1722346839 ], [ -84.8072074708, 9.2343490601 ], [ -84.8595973413, 9.2964726414 ], [ -84.912101715, 9.3586051815 ], [ -84.9647208792, 9.4207464326 ], [ -85.0174551217, 9.4828961458 ], [ -85.0703047308, 9.5450540707 ], [ -85.1232699953, 9.607219956 ], [ -85.1763512045, 9.6693935486 ], [ -85.229548648, 9.7315745945 ], [ -85.2828626161, 9.7937628381 ], [ -85.3362933993, 9.8559580228 ], [ -85.3898412888, 9.9181598904 ], [ -85.4435065762, 9.9803681816 ], [ -85.4972895535, 10.0425826357 ], [ -85.5511905131, 10.1048029907 ], [ -85.6052097481, 10.1670289832 ], [ -85.6593475517, 10.2292603485 ], [ -85.7136042178, 10.2914968207 ], [ -85.7679800407, 10.3537381324 ], [ -85.822475315, 10.415984015 ], [ -85.8770903359, 10.4782341983 ], [ -85.9318253989, 10.5404884111 ], [ -85.9866807999, 10.6027463806 ], [ -86.0416568354, 10.6650078327 ], [ -86.0967538023, 10.7272724921 ], [ -86.1519719976, 10.7895400819 ], [ -86.2073117191, 10.8518103239 ], [ -86.2627732648, 10.9140829386 ], [ -86.3183569331, 10.9763576452 ], [ -86.3740630229, 11.0386341613 ], [ -86.4298918334, 11.1009122033 ], [ -86.4858436641, 11.1631914862 ], [ -86.5419188152, 11.2254717234 ], [ -86.5981175869, 11.2877526272 ], [ -86.6544402801, 11.3500339084 ], [ -86.7108871958, 11.4123152764 ], [ -86.7674586355, 11.474596439 ], [ -86.8241549011, 11.536877103 ], [ -86.8809762948, 11.5991569735 ], [ -86.9379231192, 11.6614357542 ], [ -86.994995677, 11.7237131474 ], [ -87.0521942716, 11.7859888541 ], [ -87.1095192066, 11.8482625739 ], [ -87.1669707858, 11.9105340046 ], [ -87.2245493135, 11.9728028431 ], [ -87.2822550943, 12.0350687844 ], [ -87.3400884329, 12.0973315224 ], [ -87.3980496347, 12.1595907494 ], [ -87.456139005, 12.2218461563 ], [ -87.5143568496, 12.2840974325 ], [ -87.5727034746, 12.3463442659 ], [ -87.6311791865, 12.4085863432 ], [ -87.6897842917, 12.4708233493 ], [ -87.7485190973, 12.533054968 ], [ -87.8073839103, 12.5952808813 ], [ -87.8663790384, 12.6575007699 ], [ -87.9255047891, 12.7197143131 ], [ -87.9847614705, 12.7819211886 ], [ -88.0441493907, 12.8441210726 ], [ -88.1036688582, 12.9063136399 ], [ -88.1633201816, 12.9684985638 ], [ -88.2231036699, 13.0306755161 ], [ -88.2830196321, 13.0928441671 ], [ -88.3430683777, 13.1550041857 ], [ -88.4032502161, 13.2171552392 ], [ -88.4635654571, 13.2792969934 ], [ -88.5240144106, 13.3414291126 ], [ -88.5845973867, 13.4035512597 ], [ -88.6453146958, 13.4656630959 ], [ -88.7061666482, 13.5277642811 ], [ -88.7671535546, 13.5898544735 ], [ -88.8282757258, 13.65193333 ], [ -88.8895334728, 13.7140005057 ], [ -88.9509271065, 13.7760556544 ], [ -89.0124569382, 13.8380984283 ], [ -89.0741232792, 13.900128478 ], [ -89.135926441, 13.9621454528 ], [ -89.1978667352, 14.0241490001 ], [ -89.2599444733, 14.0861387661 ], [ -89.3221599672, 14.1481143952 ], [ -89.3845135287, 14.2100755305 ], [ -89.4470054697, 14.2720218134 ], [ -89.5096361021, 14.3339528838 ], [ -89.5724057382, 14.39586838 ], [ -89.6353146898, 14.4577679387 ], [ -89.6983632693, 14.5196511953 ], [ -89.7615517887, 14.5815177834 ], [ -89.8248805602, 14.6433673351 ], [ -89.8883498962, 14.7051994808 ], [ -89.9519601088, 14.7670138497 ], [ -90.0157115102, 14.8288100691 ], [ -90.0796044126, 14.8905877648 ], [ -90.1436391283, 14.9523465611 ], [ -90.2078159695, 15.0140860807 ], [ -90.2721352481, 15.0758059447 ], [ -90.3365972764, 15.1375057726 ], [ -90.4012023663, 15.1991851824 ], [ -90.4659508298, 15.2608437904 ], [ -90.5308429788, 15.3224812114 ], [ -90.595879125, 15.3840970585 ], [ -90.6610595801, 15.4456909434 ], [ -90.7263846557, 15.507262476 ], [ -90.7918546633, 15.5688112649 ], [ -90.8574699141, 15.6303369166 ], [ -90.9232307194, 15.6918390366 ], [ -90.9891373902, 15.7533172283 ], [ -91.0551902373, 15.8147710938 ], [ -91.1213895715, 15.8762002335 ], [ -91.1877357032, 15.9376042461 ], [ -91.2542289428, 15.9989827288 ], [ -91.3208696004, 16.0603352773 ], [ -91.3876579859, 16.1216614855 ], [ -91.4545944088, 16.1829609457 ], [ -91.5216791787, 16.2442332486 ], [ -91.5889126047, 16.3054779834 ], [ -91.6562949957, 16.3666947376 ], [ -91.7238266603, 16.4278830971 ], [ -91.7915079069, 16.489042646 ], [ -91.8593390434, 16.5501729671 ], [ -91.9273203775, 16.6112736414 ], [ -91.9954522167, 16.6723442482 ], [ -92.0637348681, 16.7333843653 ], [ -92.1321686382, 16.7943935689 ], [ -92.2007538334, 16.8553714334 ], [ -92.2694907596, 16.9163175318 ], [ -92.3383797225, 16.9772314353 ], [ -92.4074210271, 17.0381127135 ], [ -92.4766149782, 17.0989609344 ], [ -92.54596188, 17.1597756644 ], [ -92.6154620366, 17.2205564682 ], [ -92.6851157511, 17.2813029088 ], [ -92.7549233266, 17.3420145478 ], [ -92.8248850654, 17.4026909449 ], [ -92.8950012696, 17.4633316584 ], [ -92.9652722404, 17.5239362447 ], [ -93.0356982789, 17.5845042589 ], [ -93.1062796853, 17.6450352541 ], [ -93.1770167595, 17.7055287821 ], [ -93.2479098005, 17.7659843928 ], [ -93.3189591071, 17.8264016345 ], [ -93.3901649773, 17.886780054 ], [ -93.4615277083, 17.9471191965 ], [ -93.5330475971, 18.0074186053 ], [ -93.6047249397, 18.0676778222 ], [ -93.6765600316, 18.1278963874 ], [ -93.7485531674, 18.1880738395 ], [ -93.8207046413, 18.2482097154 ], [ -93.8930147466, 18.3083035503 ], [ -93.965483776, 18.3683548778 ], [ -94.0381120212, 18.42836323 ], [ -94.1108997734, 18.4883281371 ], [ -94.183847323, 18.5482491279 ], [ -94.2569549594, 18.6081257296 ], [ -94.3302229714, 18.6679574674 ], [ -94.4036516469, 18.7277438653 ], [ -94.4772412728, 18.7874844455 ], [ -94.5509921355, 18.8471787284 ], [ -94.6249045201, 18.906826233 ], [ -94.6989787112, 18.9664264767 ], [ -94.773214992, 19.025978975 ], [ -94.8476136453, 19.085483242 ], [ -94.9221749526, 19.1449387901 ], [ -94.9968991945, 19.2043451302 ], [ -95.0717866506, 19.2637017713 ], [ -95.1468375996, 19.323008221 ], [ -95.2220523191, 19.3822639853 ], [ -95.2974310856, 19.4414685684 ], [ -95.3729741746, 19.5006214731 ], [ -95.4486818605, 19.5597222004 ], [ -95.5245544166, 19.6187702498 ], [ -95.6005921151, 19.6777651191 ], [ -95.6767952271, 19.7367063046 ], [ -95.7531640223, 19.7955933009 ], [ -95.8296987696, 19.8544256011 ], [ -95.9063997364, 19.9132026966 ], [ -95.9832671891, 19.9719240772 ], [ -96.0603013925, 20.0305892312 ], [ -96.1375026106, 20.0891976452 ], [ -96.2148711058, 20.1477488043 ], [ -96.2924071394, 20.206242192 ], [ -96.3701109711, 20.26467729 ], [ -96.4479828596, 20.3230535788 ], [ -96.526023062, 20.381370537 ], [ -96.6042318341, 20.4396276418 ], [ -96.6826094303, 20.4978243688 ], [ -96.7611561035, 20.5559601919 ], [ -96.8398721052, 20.6140345836 ], [ -96.9187576855, 20.6720470147 ], [ -96.9978130928, 20.7299969546 ], [ -97.0770385743, 20.7878838711 ], [ -97.1564343754, 20.8457072303 ], [ -97.23600074, 20.9034664969 ], [ -97.3157379104, 20.9611611339 ], [ -97.3956461275, 21.0187906031 ], [ -97.4757256302, 21.0763543644 ], [ -97.5559766562, 21.1338518763 ], [ -97.6363994411, 21.1912825958 ], [ -97.716994219, 21.2486459783 ], [ -97.7977612223, 21.3059414779 ], [ -97.8787006817, 21.363168547 ], [ -97.959812826, 21.4203266364 ], [ -98.0410978822, 21.4774151955 ], [ -98.1225560756, 21.5344336724 ], [ -98.2041876296, 21.5913815134 ], [ -98.2859927659, 21.6482581636 ], [ -98.3679717039, 21.7050630662 ], [ -98.4501246615, 21.7617956634 ], [ -98.5324518545, 21.8184553956 ], [ -98.6149534968, 21.8750417019 ], [ -98.6976298001, 21.9315540199 ], [ -98.7804809745, 21.9879917857 ], [ -98.8635072275, 22.044354434 ], [ -98.9467087652, 22.1006413981 ], [ -99.030085791, 22.1568521097 ], [ -99.1136385066, 22.2129859993 ], [ -99.1973671113, 22.2690424959 ], [ -99.2812718025, 22.3250210269 ], [ -99.3653527751, 22.3809210185 ], [ -99.4496102221, 22.4367418955 ], [ -99.5340443339, 22.4924830812 ], [ -99.6186552991, 22.5481439976 ], [ -99.7034433035, 22.6037240652 ], [ -99.788408531, 22.6592227033 ], [ -99.8735511628, 22.7146393297 ], [ -99.958871378, 22.7699733609 ], [ -100.0443693531, 22.825224212 ], [ -100.1300452624, 22.8803912969 ], [ -100.2158992775, 22.9354740279 ], [ -100.3019315675, 22.9904718163 ], [ -100.3881422994, 23.0453840719 ], [ -100.4745316371, 23.1002102031 ], [ -100.5610997423, 23.1549496172 ], [ -100.6478467739, 23.2096017201 ], [ -100.7347728885, 23.2641659164 ], [ -100.8218782396, 23.3186416096 ], [ -100.9091629784, 23.3730282017 ], [ -100.9966272531, 23.4273250935 ], [ -101.0842712094, 23.4815316847 ], [ -101.1720949902, 23.5356473737 ], [ -101.2600987354, 23.5896715575 ], [ -101.3482825823, 23.6436036322 ], [ -101.4366466652, 23.6974429923 ], [ -101.5251911157, 23.7511890315 ], [ -101.6139160623, 23.8048411421 ], [ -101.7028216307, 23.8583987152 ], [ -101.7919079436, 23.9118611408 ], [ -101.8811751206, 23.9652278078 ], [ -101.9706232783, 24.0184981038 ], [ -102.0602525305, 24.0716714154 ], [ -102.1500629876, 24.1247471281 ], [ -102.240054757, 24.1777246262 ], [ -102.330227943, 24.2306032929 ], [ -102.4205826467, 24.2833825104 ], [ -102.5111189659, 24.3360616596 ], [ -102.6018369952, 24.3886401207 ], [ -102.6927368262, 24.4411172725 ], [ -102.7838185467, 24.4934924929 ], [ -102.8750822417, 24.5457651589 ], [ -102.9665279926, 24.5979346463 ], [ -103.0581558772, 24.6500003299 ], [ -103.1499659704, 24.7019615837 ], [ -103.2419583431, 24.7538177804 ], [ -103.3341330632, 24.8055682921 ], [ -103.4264901947, 24.8572124897 ], [ -103.5190297984, 24.9087497432 ], [ -103.6117519313, 24.9601794218 ], [ -103.7046566468, 25.0115008936 ], [ -103.7977439949, 25.0627135259 ], [ -103.8910140217, 25.1138166851 ], [ -103.9844667697, 25.1648097369 ], [ -104.0781022777, 25.2156920458 ], [ -104.1719205807, 25.2664629758 ], [ -104.2659217099, 25.3171218898 ], [ -104.3601056927, 25.3676681501 ], [ -104.4544725528, 25.4181011181 ], [ -104.5490223098, 25.4684201544 ], [ -104.6437549795, 25.5186246189 ], [ -104.7386705738, 25.5687138706 ], [ -104.8337691005, 25.618687268 ], [ -104.9290505636, 25.6685441688 ], [ -105.0245149628, 25.7182839298 ], [ -105.1201622939, 25.7679059074 ], [ -105.2159925487, 25.8174094571 ], [ -105.3120057147, 25.8667939338 ], [ -105.4082017753, 25.916058692 ], [ -105.5045807097, 25.9652030852 ], [ -105.601142493, 26.0142264665 ], [ -105.6978870958, 26.0631281884 ], [ -105.7948144847, 26.1119076029 ], [ -105.8919246217, 26.1605640612 ], [ -105.9892174648, 26.2090969141 ], [ -106.0866929673, 26.257505512 ], [ -106.1843510784, 26.3057892047 ], [ -106.2821917425, 26.3539473415 ], [ -106.3802148998, 26.4019792712 ], [ -106.4784204861, 26.4498843422 ], [ -106.5768084323, 26.4976619025 ], [ -106.675378665, 26.5453112997 ], [ -106.7741311063, 26.5928318808 ], [ -106.8730656734, 26.6402229928 ], [ -106.972182279, 26.6874839819 ], [ -107.0714808312, 26.7346141945 ], [ -107.1709612333, 26.7816129762 ], [ -107.2706233839, 26.8284796725 ], [ -107.3704671766, 26.8752136286 ], [ -107.4704925006, 26.9218141896 ], [ -107.57069924, 26.9682807 ], [ -107.6710872741, 27.0146125045 ], [ -107.7716564774, 27.0608089474 ], [ -107.8724067193, 27.1068693728 ], [ -107.9733378643, 27.1527931246 ], [ -108.0744497721, 27.1985795468 ], [ -108.1757422972, 27.244227983 ], [ -108.2772152892, 27.2897377769 ], [ -108.3788685925, 27.3351082722 ], [ -108.4807020464, 27.3803388122 ], [ -108.5827154853, 27.4254287406 ], [ -108.6849087382, 27.4703774008 ], [ -108.787281629, 27.5151841363 ], [ -108.8898339765, 27.5598482907 ], [ -108.9925655942, 27.6043692075 ], [ -109.0954762902, 27.6487462306 ], [ -109.1985658674, 27.6929787037 ], [ -109.3018341235, 27.7370659707 ], [ -109.4052808507, 27.7810073758 ], [ -109.508905836, 27.8248022631 ], [ -109.6127088607, 27.8684499771 ], [ -109.716689701, 27.9119498626 ], [ -109.8208481274, 27.9553012644 ], [ -109.9251839051, 27.9985035278 ], [ -110.0296967937, 28.0415559981 ], [ -110.1343865473, 28.0844580214 ], [ -110.2392529144, 28.1272089435 ], [ -110.344295638, 28.1698081112 ], [ -110.4495144553, 28.2122548712 ], [ -110.5549090983, 28.254548571 ], [ -110.6604792927, 28.2966885581 ], [ -110.7662247592, 28.338674181 ], [ -110.8721452122, 28.3805047881 ], [ -110.9782403608, 28.4221797289 ], [ -111.0845099081, 28.463698353 ], [ -111.1909535516, 28.5050600107 ], [ -111.2975709828, 28.546264053 ], [ -111.4043618876, 28.5873098314 ], [ -111.5113259458, 28.628196698 ], [ -111.6184628316, 28.6689240057 ], [ -111.7257722132, 28.709491108 ], [ -111.8332537528, 28.7498973591 ], [ -111.9409071067, 28.7901421141 ], [ -112.0487319254, 28.8302247286 ], [ -112.1567278533, 28.8701445593 ], [ -112.2648945289, 28.9099009636 ], [ -112.3732315844, 28.9494932996 ], [ -112.4817386464, 28.9889209266 ], [ -112.5904153351, 29.0281832044 ], [ -112.6992612649, 29.0672794942 ], [ -112.8082760438, 29.1062091577 ], [ -112.917459274, 29.144971558 ], [ -113.0268105515, 29.1835660589 ], [ -113.1363294659, 29.2219920253 ], [ -113.2460156009, 29.2602488234 ], [ -113.3558685341, 29.2983358203 ], [ -113.4658878367, 29.3362523842 ], [ -113.5760730738, 29.3739978846 ], [ -113.6864238042, 29.411571692 ], [ -113.7969395805, 29.4489731783 ], [ -113.9076199491, 29.4862017165 ], [ -114.0184644501, 29.5232566809 ], [ -114.1294726173, 29.5601374472 ], [ -114.2406439782, 29.5968433924 ], [ -114.351978054, 29.6333738946 ], [ -114.4634743597, 29.6697283337 ], [ -114.5751324038, 29.7059060906 ], [ -114.6869516885, 29.741906548 ], [ -114.7989317097, 29.7777290898 ], [ -114.911071957, 29.8133731016 ], [ -115.0233719134, 29.8488379704 ], [ -115.1358310558, 29.8841230848 ], [ -115.2484488544, 29.919227835 ], [ -115.3612247734, 29.9541516127 ], [ -115.4741582701, 29.9888938115 ], [ -115.5872487959, 30.0234538265 ], [ -115.7004957954, 30.0578310545 ], [ -115.8138987069, 30.0920248941 ], [ -115.9274569622, 30.1260347455 ], [ -116.0411699869, 30.1598600111 ], [ -116.1550371999, 30.1935000946 ], [ -116.2690580138, 30.226954402 ], [ -116.3832318345, 30.2602223408 ], [ -116.4975580618, 30.2933033209 ], [ -116.6120360888, 30.3261967536 ], [ -116.7266653023, 30.3589020527 ], [ -116.8414450824, 30.3914186335 ], [ -116.9563748029, 30.4237459137 ], [ -117.0714538313, 30.4558833129 ], [ -117.1866815282, 30.487830253 ], [ -117.3020572482, 30.5195861577 ], [ -117.4175803392, 30.5511504532 ], [ -117.5332501425, 30.5825225675 ], [ -117.6490659934, 30.6137019313 ], [ -117.7650272202, 30.6446879771 ], [ -117.8811331451, 30.6754801401 ], [ -117.9973830838, 30.7060778573 ], [ -118.1137763456, 30.7364805685 ], [ -118.2303122331, 30.7666877157 ], [ -118.3469900428, 30.7966987432 ], [ -118.4638090645, 30.826513098 ], [ -118.5807685819, 30.8561302292 ], [ -118.6978678719, 30.8855495888 ], [ -118.8151062054, 30.9147706309 ], [ -118.9324828466, 30.9437928124 ], [ -119.0499970535, 30.9726155929 ], [ -119.1676480777, 31.0012384344 ], [ -119.2854351643, 31.0296608015 ], [ -119.4033575522, 31.0578821618 ], [ -119.5214144741, 31.0859019851 ], [ -119.6396051559, 31.1137197445 ], [ -119.7579288178, 31.1413349155 ], [ -119.8763846732, 31.1687469764 ], [ -119.9949719295, 31.1959554085 ], [ -120.1136897878, 31.2229596958 ], [ -120.2325374429, 31.2497593254 ], [ -120.3515140834, 31.276353787 ], [ -120.4706188916, 31.3027425736 ], [ -120.5898510438, 31.3289251808 ], [ -120.7092097099, 31.3549011076 ], [ -120.8286940539, 31.3806698557 ], [ -120.9483032334, 31.4062309301 ], [ -121.0680364, 31.4315838386 ], [ -121.1878926993, 31.4567280926 ], [ -121.3078712707, 31.4816632061 ], [ -121.4279712476, 31.5063886968 ], [ -121.5481917575, 31.5309040852 ], [ -121.6685319216, 31.5552088953 ], [ -121.7889908554, 31.5793026542 ], [ -121.9095676684, 31.6031848924 ], [ -122.0302614641, 31.6268551438 ], [ -122.1510713402, 31.6503129454 ], [ -122.2719963884, 31.6735578379 ], [ -122.3930356946, 31.6965893651 ], [ -122.5141883392, 31.7194070745 ], [ -122.6354533963, 31.742010517 ], [ -122.7568299346, 31.7643992468 ], [ -122.8783170171, 31.786572822 ], [ -122.9999137009, 31.8085308039 ], [ -123.1216190377, 31.8302727576 ], [ -123.2434320732, 31.8517982517 ], [ -123.3653518481, 31.8731068584 ], [ -123.4873773969, 31.8941981538 ], [ -123.6095077491, 31.9150717173 ], [ -123.7317419285, 31.9357271325 ], [ -123.8540789535, 31.9561639862 ], [ -123.976517837, 31.9763818695 ], [ -124.0990575867, 31.9963803768 ], [ -124.2216972048, 32.0161591068 ], [ -124.3444356883, 32.0357176617 ], [ -124.4672720291, 32.0550556477 ], [ -124.5902052137, 32.0741726749 ], [ -124.7132342234, 32.0930683572 ], [ -124.8363580345, 32.1117423128 ], [ -124.9595756182, 32.1301941635 ], [ -125.0828859406, 32.1484235353 ], [ -125.2062879629, 32.1664300581 ], [ -125.3297806413, 32.1842133659 ], [ -125.4533629271, 32.2017730969 ], [ -125.5770337667, 32.2191088932 ], [ -125.7007921018, 32.2362204012 ], [ -125.8246368692, 32.2531072713 ], [ -125.948567001, 32.269769158 ], [ -126.0725814249, 32.2862057204 ], [ -126.1966790635, 32.3024166213 ], [ -126.3208588352, 32.318401528 ], [ -126.4451196539, 32.3341601122 ], [ -126.5694604287, 32.3496920495 ], [ -126.6938800646, 32.3649970201 ], [ -126.8183774621, 32.3800747085 ], [ -126.9429515175, 32.3949248035 ], [ -127.0676011227, 32.4095469981 ], [ -127.1923251654, 32.42394099 ], [ -127.3171225292, 32.4381064811 ], [ -127.4419920938, 32.4520431778 ], [ -127.5669327344, 32.4657507909 ], [ -127.6919433226, 32.4792290358 ], [ -127.817022726, 32.4924776323 ], [ -127.9421698082, 32.5054963046 ], [ -128.0673834291, 32.5182847817 ], [ -128.1926624448, 32.5308427968 ], [ -128.3180057077, 32.543170088 ], [ -128.4434120667, 32.5552663978 ], [ -128.5688803669, 32.5671314734 ], [ -128.69440945, 32.5787650664 ], [ -128.8199981542, 32.5901669334 ], [ -128.9456453144, 32.6013368353 ], [ -129.0713497621, 32.612274538 ], [ -129.1971103255, 32.6229798117 ], [ -129.3229258296, 32.6334524317 ], [ -129.4487950963, 32.6436921777 ], [ -129.5747169444, 32.6536988344 ], [ -129.7006901896, 32.663472191 ], [ -129.8267136448, 32.6730120417 ], [ -129.9527861199, 32.6823181853 ], [ -130.0789064221, 32.6913904255 ], [ -130.2050733555, 32.7002285707 ], [ -130.331285722, 32.7088324343 ], [ -130.4575423205, 32.7172018344 ], [ -130.5838419475, 32.725336594 ], [ -130.710183397, 32.7332365409 ], [ -130.8365654604, 32.7409015078 ], [ -130.9629869271, 32.7483313323 ], [ -131.0894465838, 32.7555258569 ], [ -131.2159432153, 32.762484929 ], [ -131.3424756041, 32.7692084009 ], [ -131.4690425306, 32.7756961299 ], [ -131.5956427733, 32.7819479782 ], [ -131.7222751086, 32.7879638129 ], [ -131.8489383111, 32.7937435061 ], [ -131.9756311537, 32.7992869349 ], [ -132.1023524074, 32.8045939813 ], [ -132.2291008417, 32.8096645323 ], [ -132.3558752242, 32.81449848 ], [ -132.4826743214, 32.8190957214 ], [ -132.6094968981, 32.8234561585 ], [ -132.7363417176, 32.8275796984 ], [ -132.8632075423, 32.8314662532 ], [ -132.990093133, 32.8351157399 ], [ -133.1169972495, 32.8385280807 ], [ -133.2439186505, 32.8417032028 ], [ -133.3708560936, 32.8446410384 ], [ -133.4978083355, 32.8473415248 ], [ -133.624774132, 32.8498046043 ], [ -133.7517522384, 32.8520302243 ], [ -133.8787414087, 32.8540183372 ], [ -134.0057403968, 32.8557689006 ], [ -134.1327479556, 32.8572818771 ], [ -134.2597628379, 32.8585572344 ], [ -134.3867837957, 32.8595949451 ], [ -134.5138095808, 32.8603949872 ], [ -134.6408389447, 32.8609573434 ], [ -134.7678706388, 32.8612820018 ], [ -134.8949034142, 32.8613689555 ], [ -135.021936022, 32.8612182025 ], [ -135.1489672133, 32.8608297462 ], [ -135.2759957393, 32.8602035947 ], [ -135.4030203514, 32.8593397616 ], [ -135.530039801, 32.8582382652 ], [ -135.6570528402, 32.8568991291 ], [ -135.7840582212, 32.855322382 ], [ -135.9110546966, 32.8535080574 ], [ -136.0380410197, 32.8514561943 ], [ -136.1650159444, 32.8491668363 ], [ -136.2919782252, 32.8466400325 ], [ -136.4189266173, 32.8438758368 ], [ -136.5458598768, 32.8408743082 ], [ -136.6727767606, 32.8376355108 ], [ -136.7996760267, 32.8341595137 ], [ -136.926556434, 32.8304463911 ], [ -137.0534167426, 32.8264962223 ], [ -137.1802557137, 32.8223090914 ], [ -137.30707211, 32.8178850877 ], [ -137.4338646951, 32.8132243055 ], [ -137.5606322343, 32.8083268442 ], [ -137.6873734943, 32.8031928081 ], [ -137.8140872433, 32.7978223064 ], [ -137.9407722512, 32.7922154535 ], [ -138.0674272896, 32.7863723687 ], [ -138.1940511316, 32.7802931763 ], [ -138.3206425524, 32.7739780054 ], [ -138.447200329, 32.7674269903 ], [ -138.5737232403, 32.7606402701 ], [ -138.7002100674, 32.7536179889 ], [ -138.8266595933, 32.7463602957 ], [ -138.9530706033, 32.7388673443 ], [ -139.079441885, 32.7311392937 ], [ -139.205772228, 32.7231763075 ], [ -139.3320604246, 32.7149785544 ], [ -139.4583052695, 32.7065462077 ], [ -139.5845055598, 32.6978794459 ], [ -139.7106600952, 32.6889784521 ], [ -139.836767678, 32.6798434143 ], [ -139.9628271134, 32.6704745252 ], [ -140.0888372092, 32.6608719827 ], [ -140.2147967761, 32.6510359889 ], [ -140.3407046277, 32.6409667512 ], [ -140.4665595806, 32.6306644815 ], [ -140.5923604544, 32.6201293965 ], [ -140.7181060718, 32.6093617176 ], [ -140.8437952587, 32.598361671 ], [ -140.9694268442, 32.5871294875 ], [ -141.0949996606, 32.5756654026 ], [ -141.2205125438, 32.5639696566 ], [ -141.3459643328, 32.5520424942 ], [ -141.4713538703, 32.539884165 ], [ -141.5966800025, 32.5274949231 ], [ -141.721941579, 32.5148750271 ], [ -141.8471374534, 32.5020247403 ], [ -141.9722664827, 32.4889443305 ], [ -142.0973275278, 32.4756340702 ], [ -142.2223194534, 32.4620942362 ], [ -142.3472411281, 32.4483251099 ], [ -142.4720914245, 32.4343269772 ], [ -142.5968692191, 32.4201001285 ], [ -142.7215733926, 32.4056448586 ], [ -142.8462028295, 32.3909614666 ], [ -142.9707564189, 32.3760502563 ], [ -143.0952330538, 32.3609115357 ], [ -143.2196316315, 32.345545617 ], [ -143.3439510538, 32.3299528171 ], [ -143.4681902267, 32.314133457 ], [ -143.5923480607, 32.298087862 ], [ -143.7164234709, 32.2818163617 ], [ -143.8404153767, 32.26531929 ], [ -143.9643227022, 32.248596985 ], [ -144.0881443762, 32.2316497891 ], [ -144.211879332, 32.2144780486 ], [ -144.3355265079, 32.1970821144 ], [ -144.4590848467, 32.179462341 ], [ -144.5825532961, 32.1616190876 ], [ -144.7059308089, 32.143552717 ], [ -144.8292163425, 32.1252635964 ], [ -144.9524088593, 32.1067520969 ], [ -145.0755073269, 32.0880185935 ], [ -145.1985107179, 32.0690634655 ], [ -145.3214180098, 32.0498870959 ], [ -145.4442281854, 32.0304898717 ], [ -145.5669402327, 32.010872184 ], [ -145.6895531449, 31.9910344276 ], [ -145.8120659202, 31.9709770011 ], [ -145.9344775626, 31.9507003072 ], [ -146.0567870809, 31.9302047522 ], [ -146.1789934897, 31.9094907463 ], [ -146.3010958088, 31.8885587035 ], [ -146.4230930634, 31.8674090413 ], [ -146.5449842844, 31.8460421811 ], [ -146.6667685081, 31.8244585481 ], [ -146.7884447763, 31.8026585709 ], [ -146.9100121365, 31.7806426819 ], [ -147.0314696418, 31.7584113169 ], [ -147.1528163508, 31.7359649156 ], [ -147.2740513281, 31.713303921 ], [ -147.3951736438, 31.6904287796 ], [ -147.5161823738, 31.6673399415 ], [ -147.6370765998, 31.6440378602 ], [ -147.7578554093, 31.6205229928 ], [ -147.8785178957, 31.5967957995 ], [ -147.9990631582, 31.5728567442 ], [ -148.119490302, 31.5487062938 ], [ -148.239798438, 31.5243449189 ], [ -148.3599866834, 31.4997730931 ], [ -148.480054161, 31.4749912934 ], [ -148.6, 31.45 ] ] ] } },
{ "type": "Feature", "properties": { "fid": 4, "chart": "I" }, "geometry": { "type": "Polygon", "coordinates": [ [ [ 111.5, 19.2 ], [ 111.4271022892, 19.2616193078 ], [ 111.3540393444, 19.3231966479 ], [ 111.2808108416, 19.3847315362 ], [ 111.2074164575, 19.4462234864 ], [ 111.1338558695, 19.5076720108 ], [ 111.0601287557, 19.5690766198 ], [ 110.9862347951, 19.630436822 ], [ 110.9121736672, 19.6917521242 ], [ 110.8379450524, 19.7530220317 ], [ 110.7635486321, 19.8142460477 ], [ 110.6889840882, 19.8754236738 ], [ 110.6142511036, 19.9365544098 ], [ 110.5393493621, 19.9976377539 ], [ 110.4642785483, 20.0586732024 ], [ 110.3890383477, 20.1196602497 ], [ 110.3136284467, 20.1805983888 ], [ 110.2380485328, 20.2414871106 ], [ 110.1622982942, 20.3023259044 ], [ 110.0863774202, 20.3631142578 ], [ 110.0102856012, 20.4238516565 ], [ 109.9340225284, 20.4845375846 ], [ 109.8575878943, 20.5451715243 ], [ 109.7809813921, 20.6057529562 ], [ 109.7042027164, 20.6662813591 ], [ 109.6272515628, 20.72675621 ], [ 109.550127628, 20.7871769841 ], [ 109.4728306097, 20.8475431552 ], [ 109.3953602071, 20.9078541949 ], [ 109.3177161203, 20.9681095733 ], [ 109.2398980506, 21.0283087589 ], [ 109.1619057008, 21.0884512181 ], [ 109.0837387747, 21.1485364159 ], [ 109.0053969774, 21.2085638155 ], [ 108.9268800154, 21.2685328782 ], [ 108.8481875964, 21.3284430637 ], [ 108.7693194295, 21.3882938301 ], [ 108.6902752252, 21.4480846336 ], [ 108.6110546954, 21.5078149287 ], [ 108.5316575532, 21.5674841683 ], [ 108.4520835134, 21.6270918035 ], [ 108.3723322921, 21.6866372837 ], [ 108.292403607, 21.7461200567 ], [ 108.2122971771, 21.8055395684 ], [ 108.1320127232, 21.8648952632 ], [ 108.0515499674, 21.9241865837 ], [ 107.9709086336, 21.9834129709 ], [ 107.8900884471, 22.042573864 ], [ 107.809089135, 22.1016687006 ], [ 107.7279104259, 22.1606969166 ], [ 107.6465520501, 22.2196579462 ], [ 107.5650137399, 22.278551222 ], [ 107.4832952288, 22.3373761749 ], [ 107.4013962525, 22.3961322341 ], [ 107.3193165483, 22.4548188273 ], [ 107.2370558553, 22.5134353802 ], [ 107.1546139144, 22.5719813174 ], [ 107.0719904685, 22.6304560613 ], [ 106.9891852624, 22.688859033 ], [ 106.9061980425, 22.7471896519 ], [ 106.8230285575, 22.8054473357 ], [ 106.7396765578, 22.8636315007 ], [ 106.6561417961, 22.9217415612 ], [ 106.5724240268, 22.9797769303 ], [ 106.4885230065, 23.0377370193 ], [ 106.4044384939, 23.0956212378 ], [ 106.3201702498, 23.1534289941 ], [ 106.235718037, 23.2111596946 ], [ 106.1510816206, 23.2688127443 ], [ 106.0662607679, 23.3263875467 ], [ 105.9812552484, 23.3838835036 ], [ 105.8960648337, 23.4413000152 ], [ 105.8106892978, 23.4986364802 ], [ 105.7251284171, 23.5558922959 ], [ 105.6393819702, 23.613066858 ], [ 105.553449738, 23.6701595604 ], [ 105.4673315041, 23.7271697959 ], [ 105.3810270541, 23.7840969554 ], [ 105.2945361763, 23.8409404286 ], [ 105.2078586616, 23.8976996036 ], [ 105.1209943031, 23.9543738668 ], [ 105.0339428966, 24.0109626035 ], [ 104.9467042406, 24.0674651972 ], [ 104.859278136, 24.1238810301 ], [ 104.7716643864, 24.1802094829 ], [ 104.6838627981, 24.2364499348 ], [ 104.5958731802, 24.2926017637 ], [ 104.5076953442, 24.3486643459 ], [ 104.4193291048, 24.4046370563 ], [ 104.3307742791, 24.4605192686 ], [ 104.2420306872, 24.5163103548 ], [ 104.153098152, 24.5720096857 ], [ 104.0639764995, 24.6276166306 ], [ 103.9746655583, 24.6831305575 ], [ 103.8851651601, 24.738550833 ], [ 103.7954751396, 24.7938768224 ], [ 103.7055953346, 24.8491078896 ], [ 103.6155255856, 24.9042433971 ], [ 103.5252657367, 24.9592827063 ], [ 103.4348156347, 25.014225177 ], [ 103.3441751297, 25.0690701679 ], [ 103.253344075, 25.1238170363 ], [ 103.162322327, 25.1784651384 ], [ 103.0711097455, 25.2330138288 ], [ 102.9797061935, 25.2874624612 ], [ 102.8881115373, 25.3418103878 ], [ 102.7963256466, 25.3960569597 ], [ 102.7043483945, 25.4502015267 ], [ 102.6121796573, 25.5042434375 ], [ 102.519819315, 25.5581820394 ], [ 102.4272672511, 25.6120166788 ], [ 102.3345233524, 25.6657467008 ], [ 102.2415875094, 25.7193714491 ], [ 102.1484596161, 25.7728902667 ], [ 102.0551395703, 25.8263024951 ], [ 101.9616272732, 25.8796074748 ], [ 101.8679226299, 25.9328045453 ], [ 101.7740255491, 25.9858930449 ], [ 101.6799359433, 26.0388723108 ], [ 101.5856537289, 26.0917416793 ], [ 101.4911788259, 26.1445004853 ], [ 101.3965111584, 26.1971480631 ], [ 101.3016506542, 26.2496837457 ], [ 101.2065972451, 26.3021068652 ], [ 101.111350867, 26.3544167526 ], [ 101.0159114597, 26.406612738 ], [ 100.920278967, 26.4586941506 ], [ 100.8244533368, 26.5106603185 ], [ 100.7284345211, 26.5625105691 ], [ 100.6322224761, 26.6142442286 ], [ 100.5358171623, 26.6658606225 ], [ 100.439218544, 26.7173590754 ], [ 100.3424265903, 26.768738911 ], [ 100.2454412742, 26.8199994521 ], [ 100.1482625731, 26.8711400207 ], [ 100.0508904689, 26.9221599381 ], [ 99.9533249477, 26.9730585246 ], [ 99.8555660002, 27.0238350999 ], [ 99.7576136214, 27.0744889828 ], [ 99.6594678111, 27.1250194915 ], [ 99.5611285732, 27.1754259433 ], [ 99.4625959167, 27.2257076548 ], [ 99.3638698546, 27.2758639422 ], [ 99.2649504051, 27.3258941207 ], [ 99.1658375908, 27.3757975048 ], [ 99.0665314391, 27.4255734088 ], [ 98.9670319821, 27.4752211459 ], [ 98.8673392567, 27.5247400289 ], [ 98.7674533046, 27.5741293701 ], [ 98.6673741724, 27.6233884812 ], [ 98.5671019117, 27.6725166731 ], [ 98.4666365789, 27.7215132567 ], [ 98.3659782353, 27.7703775418 ], [ 98.2651269474, 27.8191088383 ], [ 98.1640827865, 27.8677064551 ], [ 98.0628458292, 27.9161697011 ], [ 97.9614161571, 27.9644978845 ], [ 97.859793857, 28.0126903133 ], [ 97.7579790208, 28.0607462949 ], [ 97.6559717455, 28.1086651366 ], [ 97.5537721337, 28.1564461451 ], [ 97.451380293, 28.204088627 ], [ 97.3487963363, 28.2515918886 ], [ 97.2460203821, 28.2989552358 ], [ 97.143052554, 28.3461779743 ], [ 97.0398929811, 28.3932594096 ], [ 96.9365417982, 28.440198847 ], [ 96.8329991452, 28.4869955916 ], [ 96.7292651679, 28.5336489485 ], [ 96.6253400173, 28.5801582224 ], [ 96.5212238501, 28.626522718 ], [ 96.4169168289, 28.67274174 ], [ 96.3124191216, 28.718814593 ], [ 96.2077309019, 28.7647405815 ], [ 96.1028523493, 28.8105190101 ], [ 95.997783649, 28.8561491832 ], [ 95.892524992, 28.9016304055 ], [ 95.7870765751, 28.9469619815 ], [ 95.6814386009, 28.9921432161 ], [ 95.575611278, 29.037173414 ], [ 95.4695948208, 29.0820518801 ], [ 95.3633894498, 29.1267779197 ], [ 95.2569953913, 29.1713508381 ], [ 95.1504128778, 29.2157699407 ], [ 95.0436421477, 29.2600345332 ], [ 94.9366834454, 29.3041439219 ], [ 94.8295370217, 29.3480974128 ], [ 94.7222031331, 29.3918943128 ], [ 94.6146820428, 29.4355339286 ], [ 94.5069740197, 29.4790155678 ], [ 94.3990793391, 29.5223385379 ], [ 94.2909982827, 29.5655021473 ], [ 94.1827311383, 29.6085057044 ], [ 94.0742782, 29.6513485184 ], [ 93.9656397684, 29.6940298989 ], [ 93.8568161503, 29.7365491559 ], [ 93.7478076589, 29.7789056003 ], [ 93.6386146139, 29.8210985431 ], [ 93.5292373414, 29.8631272965 ], [ 93.419676174, 29.9049911728 ], [ 93.3099314508, 29.9466894853 ], [ 93.2000035174, 29.9882215479 ], [ 93.089892726, 30.0295866753 ], [ 92.9795994352, 30.0707841829 ], [ 92.8691240105, 30.1118133868 ], [ 92.7584668237, 30.1526736042 ], [ 92.6476282535, 30.1933641527 ], [ 92.5366086852, 30.2338843513 ], [ 92.4254085107, 30.2742335195 ], [ 92.3140281287, 30.3144109779 ], [ 92.2024679447, 30.3544160482 ], [ 92.0907283709, 30.3942480528 ], [ 91.9788098262, 30.4339063153 ], [ 91.8667127364, 30.4733901603 ], [ 91.7544375342, 30.5126989137 ], [ 91.641984659, 30.5518319022 ], [ 91.5293545571, 30.5907884538 ], [ 91.4165476818, 30.6295678978 ], [ 91.3035644932, 30.6681695645 ], [ 91.1904054583, 30.7065927855 ], [ 91.0770710511, 30.7448368938 ], [ 90.9635617526, 30.7829012236 ], [ 90.8498780507, 30.8207851105 ], [ 90.7360204403, 30.8584878912 ], [ 90.6219894233, 30.8960089043 ], [ 90.5077855087, 30.9333474895 ], [ 90.3934092125, 30.9705029879 ], [ 90.2788610577, 31.0074747423 ], [ 90.1641415745, 31.0442620969 ], [ 90.0492513, 31.0808643977 ], [ 89.9341907786, 31.1172809919 ], [ 89.8189605616, 31.1535112285 ], [ 89.7035612075, 31.1895544584 ], [ 89.587993282, 31.2254100339 ], [ 89.472257358, 31.2610773091 ], [ 89.3563540152, 31.2965556398 ], [ 89.2402838409, 31.3318443837 ], [ 89.1240474292, 31.3669429004 ], [ 89.0076453817, 31.401850551 ], [ 88.8910783069, 31.4365666989 ], [ 88.7743468207, 31.4710907093 ], [ 88.657451546, 31.5054219491 ], [ 88.5403931132, 31.5395597875 ], [ 88.4231721596, 31.5735035957 ], [ 88.3057893299, 31.6072527467 ], [ 88.1882452759, 31.6408066159 ], [ 88.0705406567, 31.6741645807 ], [ 87.9526761387, 31.7073260205 ], [ 87.8346523953, 31.7402903171 ], [ 87.7164701073, 31.7730568545 ], [ 87.5981299626, 31.8056250189 ], [ 87.4796326565, 31.8379941987 ], [ 87.3609788915, 31.8701637849 ], [ 87.242169377, 31.9021331706 ], [ 87.1232048302, 31.9339017513 ], [ 87.0040859749, 31.9654689252 ], [ 86.8848135426, 31.9968340926 ], [ 86.7653882718, 32.0279966566 ], [ 86.6458109082, 32.0589560225 ], [ 86.5260822047, 32.0897115986 ], [ 86.4062029214, 32.1202627953 ], [ 86.2861738257, 32.1506090261 ], [ 86.165995692, 32.1807497069 ], [ 86.045669302, 32.2106842562 ], [ 85.9251954445, 32.2404120955 ], [ 85.8045749155, 32.2699326489 ], [ 85.6838085181, 32.2992453433 ], [ 85.5628970625, 32.3283496086 ], [ 85.4418413661, 32.3572448773 ], [ 85.3206422533, 32.3859305851 ], [ 85.1993005557, 32.4144061703 ], [ 85.0778171119, 32.4426710744 ], [ 84.9561927675, 32.4707247419 ], [ 84.8344283753, 32.4985666202 ], [ 84.712524795, 32.52619616 ], [ 84.5904828934, 32.5536128147 ], [ 84.4683035442, 32.5808160413 ], [ 84.3459876281, 32.6078052997 ], [ 84.2235360327, 32.634580053 ], [ 84.1009496527, 32.6611397676 ], [ 83.9782293896, 32.6874839133 ], [ 83.8553761516, 32.7136119629 ], [ 83.7323908541, 32.7395233927 ], [ 83.6092744191, 32.7652176825 ], [ 83.4860277754, 32.7906943153 ], [ 83.3626518589, 32.8159527775 ], [ 83.2391476118, 32.8409925593 ], [ 83.1155159833, 32.8658131539 ], [ 82.9917579294, 32.8904140584 ], [ 82.8678744124, 32.9147947734 ], [ 82.7438664017, 32.938954803 ], [ 82.619734873, 32.962893655 ], [ 82.4954808087, 32.9866108408 ], [ 82.3711051977, 33.0101058756 ], [ 82.2466090355, 33.0333782782 ], [ 82.1219933239, 33.0564275711 ], [ 81.9972590714, 33.0792532809 ], [ 81.8724072928, 33.1018549376 ], [ 81.7474390092, 33.1242320754 ], [ 81.6223552482, 33.1463842321 ], [ 81.4971570435, 33.1683109496 ], [ 81.3718454352, 33.1900117737 ], [ 81.2464214696, 33.2114862541 ], [ 81.1208861993, 33.2327339445 ], [ 80.9952406829, 33.2537544028 ], [ 80.869485985, 33.2745471907 ], [ 80.7436231765, 33.2951118742 ], [ 80.6176533341, 33.3154480233 ], [ 80.4915775407, 33.3355552121 ], [ 80.365396885, 33.3554330192 ], [ 80.2391124615, 33.3750810269 ], [ 80.1127253707, 33.3944988222 ], [ 79.9862367187, 33.4136859961 ], [ 79.8596476175, 33.4326421439 ], [ 79.7329591848, 33.4513668654 ], [ 79.6061725437, 33.4698597644 ], [ 79.4792888233, 33.4881204495 ], [ 79.3523091577, 33.5061485335 ], [ 79.2252346871, 33.5239436334 ], [ 79.0980665565, 33.5415053711 ], [ 78.9708059169, 33.5588333727 ], [ 78.8434539241, 33.5759272688 ], [ 78.7160117395, 33.5927866946 ], [ 78.5884805296, 33.60941129 ], [ 78.460861466, 33.6258006992 ], [ 78.3331557256, 33.6419545712 ], [ 78.2053644901, 33.6578725597 ], [ 78.0774889463, 33.6735543227 ], [ 77.949530286, 33.6889995234 ], [ 77.8214897057, 33.7042078293 ], [ 77.6933684069, 33.7191789127 ], [ 77.5651675957, 33.7339124509 ], [ 77.4368884829, 33.7484081258 ], [ 77.3085322839, 33.762665624 ], [ 77.1801002188, 33.7766846371 ], [ 77.051593512, 33.7904648615 ], [ 76.9230133925, 33.8040059984 ], [ 76.7943610935, 33.817307754 ], [ 76.6656378526, 33.8303698393 ], [ 76.5368449117, 33.8431919703 ], [ 76.4079835166, 33.855773868 ], [ 76.2790549175, 33.8681152583 ], [ 76.1500603684, 33.8802158721 ], [ 76.0210011274, 33.8920754453 ], [ 75.8918784564, 33.903693719 ], [ 75.7626936212, 33.915070439 ], [ 75.6334478913, 33.9262053565 ], [ 75.5041425399, 33.9370982277 ], [ 75.3747788436, 33.9477488139 ], [ 75.2453580829, 33.9581568814 ], [ 75.1158815416, 33.9683222019 ], [ 74.9863505067, 33.978244552 ], [ 74.8567662687, 33.9879237137 ], [ 74.7271301214, 33.9973594739 ], [ 74.5974433616, 34.0065516251 ], [ 74.4677072893, 34.0154999648 ], [ 74.3379232074, 34.0242042956 ], [ 74.2080924218, 34.0326644256 ], [ 74.0782162414, 34.0408801682 ], [ 73.9482959776, 34.0488513418 ], [ 73.8183329447, 34.0565777703 ], [ 73.6883284596, 34.064059283 ], [ 73.5582838416, 34.0712957142 ], [ 73.4282004127, 34.0782869039 ], [ 73.2980794972, 34.0850326972 ], [ 73.1679224215, 34.0915329447 ], [ 73.0377305147, 34.0977875022 ], [ 72.9075051075, 34.103796231 ], [ 72.7772475332, 34.109558998 ], [ 72.6469591266, 34.115075675 ], [ 72.5166412247, 34.1203461396 ], [ 72.3862951663, 34.1253702748 ], [ 72.2559222918, 34.1301479689 ], [ 72.1255239435, 34.1346791157 ], [ 71.9951014651, 34.1389636144 ], [ 71.8646562019, 34.1430013697 ], [ 71.7341895004, 34.1467922917 ], [ 71.6037027087, 34.1503362961 ], [ 71.4731971761, 34.1536333039 ], [ 71.3426742528, 34.1566832418 ], [ 71.2121352905, 34.1594860418 ], [ 71.0815816416, 34.1620416415 ], [ 70.9510146595, 34.1643499838 ], [ 70.8204356984, 34.1664110174 ], [ 70.6898461133, 34.1682246963 ], [ 70.5592472598, 34.1697909801 ], [ 70.4286404943, 34.1711098338 ], [ 70.2980271732, 34.172181228 ], [ 70.1674086539, 34.1730051389 ], [ 70.0367862937, 34.1735815481 ], [ 69.9061614502, 34.1739104426 ], [ 69.7755354815, 34.1739918152 ], [ 69.6449097453, 34.1738256641 ], [ 69.5142855995, 34.1734119929 ], [ 69.3836644019, 34.1727508109 ], [ 69.2530475102, 34.1718421329 ], [ 69.1224362817, 34.170685979 ], [ 68.9918320733, 34.1692823752 ], [ 68.8612362417, 34.1676313526 ], [ 68.7306501427, 34.1657329481 ], [ 68.600075132, 34.163587204 ], [ 68.4695125642, 34.1611941682 ], [ 68.3389637932, 34.158553894 ], [ 68.2084301721, 34.1556664402 ], [ 68.0779130531, 34.1525318711 ], [ 67.9474137874, 34.1491502567 ], [ 67.8169337249, 34.145521672 ], [ 67.6864742145, 34.1416461981 ], [ 67.5560366036, 34.137523921 ], [ 67.4256222386, 34.1331549326 ], [ 67.295232464, 34.12853933 ], [ 67.1648686232, 34.1236772158 ], [ 67.0345320578, 34.1185686982 ], [ 66.9042241076, 34.1132138906 ], [ 66.7739461108, 34.1076129119 ], [ 66.6436994037, 34.1017658866 ], [ 66.5134853206, 34.0956729444 ], [ 66.383305194, 34.0893342204 ], [ 66.2531603539, 34.0827498553 ], [ 66.1230521286, 34.0759199949 ], [ 65.9929818437, 34.0688447905 ], [ 65.8629508228, 34.0615243988 ], [ 65.7329603869, 34.0539589818 ], [ 65.6030118546, 34.0461487068 ], [ 65.4731065418, 34.0380937465 ], [ 65.3432457619, 34.0297942788 ], [ 65.2134308255, 34.0212504869 ], [ 65.0836630403, 34.0124625595 ], [ 64.9539437113, 34.0034306901 ], [ 64.8242741405, 33.994155078 ], [ 64.6946556266, 33.9846359274 ], [ 64.5650894656, 33.9748734477 ], [ 64.43557695, 33.9648678537 ], [ 64.3061193691, 33.9546193652 ], [ 64.176718009, 33.9441282074 ], [ 64.0473741523, 33.9333946103 ], [ 63.9180890781, 33.9224188093 ], [ 63.7888640618, 33.911201045 ], [ 63.6597003756, 33.8997415629 ], [ 63.5305992875, 33.8880406135 ], [ 63.4015620621, 33.8760984528 ], [ 63.2725899599, 33.8639153413 ], [ 63.1436842376, 33.8514915449 ], [ 63.014846148, 33.8388273345 ], [ 62.8860769397, 33.8259229857 ], [ 62.7573778574, 33.8127787794 ], [ 62.6287501412, 33.7993950012 ], [ 62.5001950274, 33.7857719418 ], [ 62.3717137478, 33.7719098967 ], [ 62.2433075297, 33.7578091663 ], [ 62.1149775962, 33.7434700559 ], [ 61.9867251656, 33.7288928757 ], [ 61.8585514519, 33.7140779404 ], [ 61.7304576642, 33.69902557 ], [ 61.602445007, 33.6837360888 ], [ 61.4745146802, 33.6682098262 ], [ 61.3466678787, 33.6524471161 ], [ 61.2189057925, 33.6364482971 ], [ 61.0912296067, 33.6202137127 ], [ 60.9636405014, 33.6037437108 ], [ 60.8361396516, 33.587038644 ], [ 60.7087282273, 33.5700988696 ], [ 60.5814073931, 33.5529247494 ], [ 60.4541783086, 33.5355166497 ], [ 60.3270421279, 33.5178749415 ], [ 60.2, 33.5 ], [ 60.2052942821, 33.6078615049 ], [ 60.2106124523, 33.7158291715 ], [ 60.2159546728, 33.8239029588 ], [ 60.2213211068, 33.932082825 ], [ 60.2267119193, 34.0403687276 ], [ 60.2321272766, 34.1487606229 ], [ 60.2375673467, 34.2572584667 ], [ 60.2430322991, 34.3658622137 ], [ 60.2485223047, 34.4745718177 ], [ 60.2540375362, 34.5833872319 ], [ 60.2595781676, 34.6923084084 ], [ 60.2651443748, 34.8013352985 ], [ 60.2707363351, 34.9104678526 ], [ 60.2763542276, 35.0197060203 ], [ 60.281998233, 35.1290497501 ], [ 60.2876685336, 35.2384989899 ], [ 60.2933653136, 35.3480536866 ], [ 60.2990887587, 35.4577137861 ], [ 60.3048390564, 35.5674792335 ], [ 60.3106163962, 35.677349973 ], [ 60.316420969, 35.7873259479 ], [ 60.3222529678, 35.8974071006 ], [ 60.3281125872, 36.0075933726 ], [ 60.3340000239, 36.1178847044 ], [ 60.3399154763, 36.2282810358 ], [ 60.3458591446, 36.3387823055 ], [ 60.3518312312, 36.4493884513 ], [ 60.3578319402, 36.5600994101 ], [ 60.3638614776, 36.6709151179 ], [ 60.3699200518, 36.7818355099 ], [ 60.3760078726, 36.89286052 ], [ 60.3821251524, 37.0039900816 ], [ 60.3882721053, 37.115224127 ], [ 60.3944489476, 37.2265625874 ], [ 60.4006558976, 37.3380053932 ], [ 60.406893176, 37.449552474 ], [ 60.4131610053, 37.5612037582 ], [ 60.4194596105, 37.6729591734 ], [ 60.4257892186, 37.7848186461 ], [ 60.432150059, 37.8967821022 ], [ 60.4385423632, 38.0088494662 ], [ 60.4449663651, 38.1210206619 ], [ 60.4514223008, 38.2332956121 ], [ 60.457910409, 38.3456742387 ], [ 60.4644309305, 38.4581564624 ], [ 60.4709841087, 38.5707422031 ], [ 60.4775701894, 38.6834313798 ], [ 60.4841894207, 38.7962239104 ], [ 60.4908420536, 38.9091197118 ], [ 60.4975283411, 39.0221187 ], [ 60.5042485392, 39.1352207901 ], [ 60.5110029064, 39.2484258959 ], [ 60.5177917036, 39.3617339305 ], [ 60.5246151947, 39.475144806 ], [ 60.5314736461, 39.5886584333 ], [ 60.5383673269, 39.7022747225 ], [ 60.545296509, 39.8159935827 ], [ 60.5522614674, 39.9298149217 ], [ 60.5592624794, 40.0437386467 ], [ 60.5662998256, 40.1577646637 ], [ 60.5733737893, 40.2718928776 ], [ 60.580484657, 40.3861231925 ], [ 60.5876327178, 40.5004555112 ], [ 60.5948182641, 40.6148897358 ], [ 60.6020415914, 40.7294257672 ], [ 60.6093029982, 40.8440635052 ], [ 60.6166027862, 40.9588028487 ], [ 60.6239412602, 41.0736436957 ], [ 60.6313187284, 41.1885859427 ], [ 60.638735502, 41.3036294857 ], [ 60.6461918959, 41.4187742194 ], [ 60.6536882281, 41.5340200374 ], [ 60.6612248201, 41.6493668324 ], [ 60.6688019968, 41.764814496 ], [ 60.6764200866, 41.8803629187 ], [ 60.6840794217, 41.99601199 ], [ 60.6917803374, 42.1117615984 ], [ 60.6995231732, 42.2276116312 ], [ 60.7073082719, 42.3435619747 ], [ 60.7151359802, 42.4596125142 ], [ 60.7230066486, 42.5757631338 ], [ 60.7309206314, 42.6920137167 ], [ 60.7388782869, 42.808364145 ], [ 60.7468799772, 42.9248142995 ], [ 60.7549260686, 43.0413640603 ], [ 60.7630169314, 43.1580133059 ], [ 60.7711529399, 43.2747619143 ], [ 60.7793344728, 43.3916097621 ], [ 60.7875619128, 43.5085567247 ], [ 60.7958356471, 43.6256026766 ], [ 60.8041560672, 43.7427474913 ], [ 60.812523569, 43.8599910409 ], [ 60.8209385529, 43.9773331967 ], [ 60.8294014238, 44.0947738286 ], [ 60.8379125913, 44.2123128057 ], [ 60.8464724696, 44.3299499958 ], [ 60.8550814778, 44.4476852656 ], [ 60.8637400396, 44.5655184807 ], [ 60.8724485837, 44.6834495057 ], [ 60.8812075437, 44.8014782039 ], [ 60.8900173583, 44.9196044376 ], [ 60.8988784713, 45.0378280679 ], [ 60.9077913316, 45.1561489548 ], [ 60.9167563933, 45.2745669572 ], [ 60.9257741161, 45.3930819328 ], [ 60.9348449648, 45.5116937382 ], [ 60.9439694098, 45.630402229 ], [ 60.953147927, 45.7492072593 ], [ 60.9623809982, 45.8681086824 ], [ 60.9716691105, 45.9871063502 ], [ 60.9810127572, 46.1062001138 ], [ 60.9904124374, 46.2253898227 ], [ 60.999868656, 46.3446753255 ], [ 61.0093819243, 46.4640564696 ], [ 61.0189527595, 46.5835331013 ], [ 61.0285816851, 46.7031050655 ], [ 61.0382692312, 46.8227722063 ], [ 61.0480159341, 46.9425343662 ], [ 61.0578223368, 47.0623913869 ], [ 61.0676889888, 47.1823431087 ], [ 61.0776164466, 47.3023893708 ], [ 61.0876052734, 47.4225300111 ], [ 61.0976560394, 47.5427648665 ], [ 61.1077693218, 47.6630937726 ], [ 61.1179457051, 47.7835165638 ], [ 61.1281857812, 47.9040330733 ], [ 61.1384901491, 48.0246431331 ], [ 61.1488594156, 48.1453465741 ], [ 61.1592941951, 48.2661432257 ], [ 61.1697951096, 48.3870329165 ], [ 61.1803627893, 48.5080154735 ], [ 61.1909978722, 48.6290907228 ], [ 61.2017010044, 48.750258489 ], [ 61.2124728404, 48.8715185957 ], [ 61.2233140432, 48.992870865 ], [ 61.2342252841, 49.1143151182 ], [ 61.2452072433, 49.2358511749 ], [ 61.2562606096, 49.3574788537 ], [ 61.267386081, 49.479197972 ], [ 61.2785843645, 49.6010083458 ], [ 61.2898561763, 49.7229097899 ], [ 61.3012022422, 49.8449021179 ], [ 61.3126232974, 49.9669851421 ], [ 61.324120087, 50.0891586735 ], [ 61.3356933656, 50.211422522 ], [ 61.3473438984, 50.3337764959 ], [ 61.3590724605, 50.4562204027 ], [ 61.3708798373, 50.5787540481 ], [ 61.382766825, 50.7013772369 ], [ 61.3947342305, 50.8240897724 ], [ 61.4067828715, 50.9468914567 ], [ 61.4189135769, 51.0697820907 ], [ 61.4311271869, 51.1927614738 ], [ 61.4434245532, 51.3158294043 ], [ 61.4558065392, 51.4389856789 ], [ 61.4682740201, 51.5622300933 ], [ 61.4808278832, 51.6855624417 ], [ 61.4934690283, 51.808982517 ], [ 61.5061983676, 51.9324901109 ], [ 61.5190168259, 52.0560850135 ], [ 61.5319253411, 52.179767014 ], [ 61.5449248644, 52.3035358997 ], [ 61.5580163601, 52.427391457 ], [ 61.5712008066, 52.5513334708 ], [ 61.5844791957, 52.6753617246 ], [ 61.5978525337, 52.7994760005 ], [ 61.6113218413, 52.9236760794 ], [ 61.6248881536, 53.0479617407 ], [ 61.6385525209, 53.1723327624 ], [ 61.6523160085, 53.2967889213 ], [ 61.6661796972, 53.4213299925 ], [ 61.6801446837, 53.5459557501 ], [ 61.6942120805, 53.6706659663 ], [ 61.7083830166, 53.7954604124 ], [ 61.7226586376, 53.9203388579 ], [ 61.7370401061, 54.0453010711 ], [ 61.7515286017, 54.1703468189 ], [ 61.7661253218, 54.2954758665 ], [ 61.7808314816, 54.4206879779 ], [ 61.7956483146, 54.5459829156 ], [ 61.8105770729, 54.6713604406 ], [ 61.8256190275, 54.7968203125 ], [ 61.8407754684, 54.9223622893 ], [ 61.8560477058, 55.0479861277 ], [ 61.8714370695, 55.1736915829 ], [ 61.8869449099, 55.2994784084 ], [ 61.902572598, 55.4253463564 ], [ 61.9183215263, 55.5512951776 ], [ 61.9341931088, 55.6773246211 ], [ 61.9501887813, 55.8034344343 ], [ 61.9663100025, 55.9296243635 ], [ 61.9825582536, 56.0558941532 ], [ 61.9989350394, 56.1822435462 ], [ 62.0154418884, 56.308672284 ], [ 62.0320803534, 56.4351801064 ], [ 62.0488520121, 56.5617667517 ], [ 62.0657584674, 56.6884319565 ], [ 62.0828013478, 56.815175456 ], [ 62.0999823084, 56.9419969835 ], [ 62.1173030309, 57.0688962708 ], [ 62.1347652244, 57.1958730483 ], [ 62.1523706261, 57.3229270443 ], [ 62.1701210014, 57.4500579859 ], [ 62.188018145, 57.5772655983 ], [ 62.2060638814, 57.7045496049 ], [ 62.224260065, 57.8319097277 ], [ 62.2426085816, 57.9593456868 ], [ 62.2611113482, 58.0868572007 ], [ 62.2797703143, 58.214443986 ], [ 62.2985874622, 58.3421057578 ], [ 62.3175648078, 58.4698422292 ], [ 62.3367044013, 58.5976531116 ], [ 62.3560083282, 58.7255381147 ], [ 62.3754787096, 58.8534969464 ], [ 62.3951177031, 58.9815293126 ], [ 62.4149275039, 59.1096349176 ], [ 62.4349103453, 59.2378134636 ], [ 62.4550684995, 59.3660646512 ], [ 62.4754042789, 59.494388179 ], [ 62.4959200362, 59.6227837435 ], [ 62.5166181662, 59.7512510396 ], [ 62.5375011059, 59.8797897602 ], [ 62.5585713359, 60.0083995959 ], [ 62.5798313816, 60.1370802358 ], [ 62.6012838135, 60.2658313667 ], [ 62.6229312489, 60.3946526735 ], [ 62.6447763524, 60.523543839 ], [ 62.6668218376, 60.6525045439 ], [ 62.6890704675, 60.7815344669 ], [ 62.7115250563, 60.9106332846 ], [ 62.7341884702, 61.0398006713 ], [ 62.7570636286, 61.1690362994 ], [ 62.7801535057, 61.298339839 ], [ 62.8034611312, 61.4277109578 ], [ 62.8269895921, 61.5571493215 ], [ 62.8507420339, 61.6866545934 ], [ 62.8747216619, 61.8162264347 ], [ 62.8989317427, 61.945864504 ], [ 62.9233756057, 62.0755684578 ], [ 62.9480566445, 62.20533795 ], [ 62.9729783186, 62.3351726323 ], [ 62.9981441548, 62.4650721536 ], [ 63.0235577492, 62.5950361607 ], [ 63.0492227684, 62.7250642977 ], [ 63.0751429517, 62.8551562061 ], [ 63.1013221126, 62.9853115249 ], [ 63.1277641409, 63.1155298905 ], [ 63.1544730042, 63.2458109363 ], [ 63.1814527504, 63.3761542935 ], [ 63.2087075093, 63.5065595901 ], [ 63.2362414948, 63.6370264515 ], [ 63.2640590071, 63.7675545002 ], [ 63.292164435, 63.8981433559 ], [ 63.3205622579, 64.0287926353 ], [ 63.3492570484, 64.1595019519 ], [ 63.3782534747, 64.2902709166 ], [ 63.4075563028, 64.4210991367 ], [ 63.4371703997, 64.5519862168 ], [ 63.4671007353, 64.6829317579 ], [ 63.4973523857, 64.813935358 ], [ 63.527930536, 64.9449966117 ], [ 63.5588404829, 65.0761151102 ], [ 63.5900876378, 65.2072904412 ], [ 63.6216775304, 65.3385221889 ], [ 63.6536158111, 65.469809934 ], [ 63.685908255, 65.6011532534 ], [ 63.7185607651, 65.7325517204 ], [ 63.7515793758, 65.8640049043 ], [ 63.7849702566, 65.9955123707 ], [ 63.8187397158, 66.1270736812 ], [ 63.8528942047, 66.2586883932 ], [ 63.8874403213, 66.39035606 ], [ 63.9223848147, 66.5220762309 ], [ 63.9577345894, 66.6538484505 ], [ 63.9934967097, 66.7856722592 ], [ 64.0296784045, 66.9175471929 ], [ 64.0662870718, 67.0494727828 ], [ 64.1033302841, 67.1814485552 ], [ 64.1408157929, 67.3134740318 ], [ 64.1787515349, 67.4455487293 ], [ 64.2171456366, 67.5776721592 ], [ 64.2560064206, 67.7098438277 ], [ 64.2953424114, 67.842063236 ], [ 64.3351623414, 67.9743298795 ], [ 64.3754751574, 68.1066432481 ], [ 64.4162900269, 68.2390028261 ], [ 64.4576163454, 68.3714080914 ], [ 64.499463743, 68.5038585165 ], [ 64.5418420921, 68.6363535672 ], [ 64.5847615149, 68.768892703 ], [ 64.6282323913, 68.9014753769 ], [ 64.672265367, 69.0341010351 ], [ 64.7168713622, 69.166769117 ], [ 64.7620615806, 69.2994790546 ], [ 64.807847518, 69.4322302728 ], [ 64.8542409727, 69.5650221889 ], [ 64.9012540547, 69.6978542122 ], [ 64.9488991963, 69.8307257444 ], [ 64.9971891631, 69.9636361786 ], [ 65.0461370647, 70.0965848997 ], [ 65.0957563667, 70.2295712836 ], [ 65.1460609024, 70.3625946973 ], [ 65.1970648859, 70.4956544986 ], [ 65.2487829246, 70.6287500356 ], [ 65.3012300334, 70.7618806465 ], [ 65.3544216484, 70.8950456594 ], [ 65.4083736421, 71.0282443917 ], [ 65.4631023387, 71.16147615 ], [ 65.5186245301, 71.2947402297 ], [ 65.5749574925, 71.4280359146 ], [ 65.6321190045, 71.5613624763 ], [ 65.6901273646, 71.6947191742 ], [ 65.7490014109, 71.8281052547 ], [ 65.8087605403, 71.961519951 ], [ 65.8694247298, 72.0949624824 ], [ 65.9310145582, 72.2284320541 ], [ 65.9935512283, 72.3619278565 ], [ 66.0570565909, 72.4954490645 ], [ 66.1215531695, 72.6289948375 ], [ 66.1870641862, 72.7625643182 ], [ 66.2536135888, 72.8961566322 ], [ 66.3212260791, 73.0297708876 ], [ 66.3899271426, 73.163406174 ], [ 66.4597430796, 73.297061562 ], [ 66.5307010377, 73.4307361022 ], [ 66.6028290459, 73.5644288248 ], [ 66.6761560505, 73.6981387386 ], [ 66.7507119524, 73.8318648299 ], [ 66.8265276466, 73.9656060621 ], [ 66.9036350635, 74.0993613743 ], [ 66.9820672119, 74.2331296807 ], [ 67.0618582251, 74.3669098692 ], [ 67.1430434081, 74.5007008006 ], [ 67.2256592883, 74.6345013071 ], [ 67.309743668, 74.7683101916 ], [ 67.3953356803, 74.9021262259 ], [ 67.4824758471, 75.0359481497 ], [ 67.5712061412, 75.169774669 ], [ 67.6615700507, 75.3036044548 ], [ 67.7536126472, 75.4374361412 ], [ 67.847380658, 75.5712683241 ], [ 67.9429225421, 75.7050995593 ], [ 68.0402885696, 75.8389283605 ], [ 68.1395309067, 75.9727531975 ], [ 68.2407037047, 76.1065724942 ], [ 68.343863194, 76.2403846262 ], [ 68.4490677837, 76.3741879188 ], [ 68.5563781667, 76.5079806441 ], [ 68.6658574311, 76.6417610187 ], [ 68.7775711777, 76.7755272012 ], [ 68.8915876449, 76.9092772886 ], [ 69.0079778405, 77.0430093137 ], [ 69.1268156813, 77.1767212419 ], [ 69.2481781421, 77.3104109673 ], [ 69.3721454125, 77.4440763094 ], [ 69.498801064, 77.5777150087 ], [ 69.6282322274, 77.711324723 ], [ 69.7605297809, 77.8449030228 ], [ 69.8957885509, 77.9784473862 ], [ 70.0341075245, 78.1119551944 ], [ 70.1755900762, 78.2454237258 ], [ 70.3203442098, 78.3788501506 ], [ 70.4684828147, 78.5122315244 ], [ 70.6201239406, 78.6455647818 ], [ 70.7753910899, 78.7788467292 ], [ 70.9344135291, 78.9120740376 ], [ 71.0973266228, 79.0452432342 ], [ 71.2642721892, 79.178350694 ], [ 71.4353988809, 79.3113926304 ], [ 71.6108625919, 79.4443650855 ], [ 71.790826894, 79.5772639194 ], [ 71.9754635033, 79.7100847985 ], [ 72.1649527809, 79.8428231836 ], [ 72.3594842692, 79.9754743166 ], [ 72.5592572685, 80.108033206 ], [ 72.764481455, 80.2404946117 ], [ 72.9753775457, 80.3728530286 ], [ 73.192178013, 80.5051026685 ], [ 73.4151278535, 80.6372374411 ], [ 73.6444854158, 80.7692509327 ], [ 73.8805232926, 80.9011363839 ], [ 74.1235292816, 81.0328866652 ], [ 74.3738074226, 81.1644942502 ], [ 74.6316791173, 81.2959511871 ], [ 74.8974843374, 81.4272490672 ], [ 75.1715829318, 81.5583789913 ], [ 75.4543560389, 81.689331532 ], [ 75.7462076151, 81.8200966945 ], [ 76.0475660898, 81.9506638717 ], [ 76.3588861574, 82.0810217969 ], [ 76.6806507197, 82.2111584914 ], [ 77.0133729919, 82.3410612071 ], [ 77.3575987865, 82.4707163642 ], [ 77.7139089917, 82.6001094826 ], [ 78.0829222616, 82.7292251064 ], [ 78.4652979368, 82.8580467221 ], [ 78.8617392151, 82.9865566675 ], [ 79.2729965958, 83.114736032 ], [ 79.6998716186, 83.2425645473 ], [ 80.1432209236, 83.3700204667 ], [ 80.6039606569, 83.4970804313 ], [ 81.0830712502, 83.6237193238 ], [ 81.5816026007, 83.7499101059 ], [ 82.1006796807, 83.8756236388 ], [ 82.6415086032, 84.0008284852 ], [ 83.2053831698, 84.1254906897 ], [ 83.7936919244, 84.2495735357 ], [ 84.4079257302, 84.3730372765 ], [ 85.0496858806, 84.495838837 ], [ 85.7206927456, 84.6179314834 ], [ 86.4227949372, 84.7392644576 ], [ 87.1579789591, 84.8597825714 ], [ 87.9283792769, 84.9794257587 ], [ 88.7362887086, 85.0981285791 ], [ 89.5841689841, 85.2158196709 ], [ 90.4746612598, 85.3324211477 ], [ 91.4105962906, 85.4478479356 ], [ 92.3950038569, 85.562007046 ], [ 93.4311209065, 85.674796784 ], [ 94.5223977091, 85.7861058875 ], [ 95.6725011095, 85.8958126007 ], [ 96.8853137165, 86.0037836838 ], [ 98.1649275665, 86.1098733674 ], [ 99.5156304511, 86.2139222645 ], [ 100.9418827063, 86.3157562616 ], [ 102.4482818416, 86.4151854183 ], [ 104.0395119604, 86.5120029193 ], [ 105.7202745478, 86.605984136 ], [ 107.4951969426, 86.6968858747 ], [ 109.368714782, 86.7844459075 ], [ 111.3449250574, 86.8683829063 ], [ 113.4274073314, 86.9483969213 ], [ 115.6190123544, 87.0241705683 ], [ 117.9216199945, 87.0953710956 ], [ 120.3358721992, 87.161653509 ], [ 122.860891649, 87.2226649045 ], [ 125.4940025885, 87.2780501157 ], [ 128.2304764021, 87.3274586979 ], [ 131.063329804, 87.3705531545 ], [ 133.9832065813, 87.4070181603 ], [ 136.9783730781, 87.4365703729 ], [ 140.0348516764, 87.4589682599 ], [ 143.1367049101, 87.4740212496 ], [ 146.2664663375, 87.4815974645 ], [ 149.4056952862, 87.4816293403 ], [ 152.5356146709, 87.474116591 ], [ 155.637778231, 87.4591262217 ], [ 158.6947088345, 87.4367895873 ], [ 161.6904541164, 87.4072967941 ], [ 164.6110185201, 87.3708889813 ], [ 167.4446486907, 87.3278491793 ], [ 170.1819681954, 87.2784924849 ], [ 172.8159740818, 87.2231562473 ], [ 175.3419194595, 87.1621908381 ], [ 177.7571122632, 87.0959514149 ], [ -179.9393388501, 87.0247909262 ], [ -177.7468035647, 86.949054453 ], [ -175.6634113112, 86.8690748648 ], [ -173.6863184779, 86.7851696857 ], [ -171.8119507219, 86.6976390185 ], [ -170.0362146239, 86.6067643514 ], [ -168.3546767458, 86.5128080737 ], [ -166.7627108354, 86.4160135385 ], [ -165.2556156164, 86.3166055279 ], [ -163.8287065204, 86.2147910039 ], [ -162.4773850719, 86.1107600451 ], [ -161.1971896105, 86.0046868939 ], [ -159.9838307765, 85.8967310568 ], [ -158.8332148129, 85.7870384137 ], [ -157.7414573084, 85.6757423055 ], [ -156.7048895876, 85.5629645808 ], [ -155.7200595625, 85.4488165861 ], [ -154.7837285074, 85.3334000935 ], [ -153.892864926, 85.2168081616 ], [ -153.0446364221, 85.0991259279 ], [ -152.2364002813, 84.9804313367 ], [ -151.4656933038, 84.860795802 ], [ -150.7302212905, 84.7402848119 ], [ -150.0278484836, 84.6189584757 ], [ -149.3565871735, 84.4968720206 ], [ -148.7145876259, 84.3740762407 ], [ -148.1001284278, 84.2506179019 ], [ -147.511607318, 84.1265401089 ], [ -146.9475325362, 84.001882635 ], [ -146.4065147077, 83.8766822214 ], [ -145.8872592616, 83.7509728456 ], [ -145.3885593733, 83.6247859653 ], [ -144.9092894118, 83.4981507377 ], [ -144.4483988706, 83.3710942182 ], [ -144.0049067542, 83.2436415397 ], [ -143.5778963945, 83.1158160749 ], [ -143.1665106683, 82.9876395839 ], [ -142.7699475885, 82.8591323469 ], [ -142.3874562412, 82.7303132853 ], [ -142.0183330442, 82.6012000715 ], [ -141.6619183007, 82.4718092284 ], [ -141.3175930257, 82.3421562204 ], [ -140.9847760239, 82.2122555354 ], [ -140.6629211975, 82.0821207606 ], [ -140.3515150663, 81.9517646509 ], [ -140.0500744815, 81.8211991912 ], [ -139.7581445192, 81.6904356539 ], [ -139.475296536, 81.5594846515 ], [ -139.2011263762, 81.4283561839 ], [ -138.9352527154, 81.297059683 ], [ -138.6773155313, 81.1656040523 ], [ -138.4269746898, 81.0339977045 ], [ -138.1839086379, 80.9022485951 ], [ -137.9478131941, 80.770364254 ], [ -137.7184004279, 80.638351814 ], [ -137.4953976227, 80.5062180374 ], [ -137.2785463134, 80.3739693407 ], [ -137.0676013944, 80.241611817 ], [ -136.8623302909, 80.1091512568 ], [ -136.6625121897, 79.9765931677 ], [ -136.4679373242, 79.8439427918 ], [ -136.2784063095, 79.7112051226 ], [ -136.0937295231, 79.5783849203 ], [ -135.9137265287, 79.4454867258 ], [ -135.7382255396, 79.3125148742 ], [ -135.5670629172, 79.1794735073 ], [ -135.4000827045, 79.0463665843 ], [ -135.2371361896, 78.9131978932 ], [ -135.0780814983, 78.7799710604 ], [ -134.922783213, 78.6466895598 ], [ -134.7711120172, 78.5133567218 ], [ -134.6229443613, 78.379975741 ], [ -134.4781621507, 78.2465496839 ], [ -134.3366524537, 78.1130814957 ], [ -134.1983072264, 77.9795740074 ], [ -134.0630230562, 77.8460299413 ], [ -133.9307009199, 77.7124519172 ], [ -133.8012459571, 77.5788424576 ], [ -133.674567257, 77.4452039929 ], [ -133.550577658, 77.3115388661 ], [ -133.4291935593, 77.1778493372 ], [ -133.3103347436, 77.0441375875 ], [ -133.1939242096, 76.9104057233 ], [ -133.0798880152, 76.77665578 ], [ -132.9681551287, 76.6428897253 ], [ -132.858657289, 76.5091094625 ], [ -132.7513288736, 76.3753168339 ], [ -132.6461067736, 76.2415136232 ], [ -132.5429302763, 76.1077015587 ], [ -132.441740954, 75.9738823156 ], [ -132.342482558, 75.8400575186 ], [ -132.2451009202, 75.7062287445 ], [ -132.149543858, 75.5723975236 ], [ -132.0557610853, 75.4385653425 ], [ -131.9637041286, 75.304733646 ], [ -131.8733262462, 75.1709038384 ], [ -131.7845823526, 75.0370772859 ], [ -131.6974289468, 74.9032553179 ], [ -131.6118240436, 74.7694392286 ], [ -131.5277271089, 74.6356302786 ], [ -131.4450989983, 74.5018296963 ], [ -131.3639018984, 74.3680386792 ], [ -131.2840992714, 74.2342583953 ], [ -131.205655802, 74.1004899839 ], [ -131.1285373475, 73.9667345575 ], [ -131.0527108895, 73.832993202 ], [ -130.9781444888, 73.6992669786 ], [ -130.9048072419, 73.5655569241 ], [ -130.8326692396, 73.4318640522 ], [ -130.7617015278, 73.2981893545 ], [ -130.6918760699, 73.1645338009 ], [ -130.6231657108, 73.030898341 ], [ -130.5555441435, 72.8972839043 ], [ -130.4889858755, 72.7636914014 ], [ -130.4234661987, 72.6301217244 ], [ -130.358961159, 72.4965757478 ], [ -130.2954475283, 72.3630543289 ], [ -130.2329027773, 72.2295583088 ], [ -130.1713050495, 72.0960885123 ], [ -130.1106331369, 71.9626457494 ], [ -130.0508664555, 71.829230815 ], [ -129.9919850234, 71.6958444898 ], [ -129.9339694386, 71.5624875409 ], [ -129.8768008587, 71.4291607217 ], [ -129.8204609805, 71.2958647733 ], [ -129.7649320213, 71.1626004239 ], [ -129.7101967005, 71.0293683899 ], [ -129.6562382223, 70.896169376 ], [ -129.6030402587, 70.7630040757 ], [ -129.5505869334, 70.6298731717 ], [ -129.4988628066, 70.496777336 ], [ -129.44785286, 70.3637172305 ], [ -129.3975424827, 70.230693507 ], [ -129.3479174575, 70.097706808 ], [ -129.2989639478, 69.9647577666 ], [ -129.250668485, 69.8318470067 ], [ -129.2030179566, 69.6989751438 ], [ -129.1559995941, 69.5661427845 ], [ -129.1096009625, 69.4333505276 ], [ -129.0638099489, 69.3005989636 ], [ -129.0186147527, 69.1678886752 ], [ -128.9740038754, 69.0352202378 ], [ -128.929966111, 68.9025942193 ], [ -128.8864905368, 68.7700111804 ], [ -128.843566505, 68.6374716749 ], [ -128.8011836332, 68.50497625 ], [ -128.7593317974, 68.3725254462 ], [ -128.718001123, 68.2401197975 ], [ -128.6771819778, 68.107759832 ], [ -128.6368649645, 67.9754460713 ], [ -128.5970409135, 67.8431790314 ], [ -128.5577008763, 67.7109592224 ], [ -128.5188361186, 67.578787149 ], [ -128.4804381144, 67.44666331 ], [ -128.4424985394, 67.3145881993 ], [ -128.4050092652, 67.1825623054 ], [ -128.3679623538, 67.0505861116 ], [ -128.3313500519, 66.9186600963 ], [ -128.2951647858, 66.7867847333 ], [ -128.2593991558, 66.6549604912 ], [ -128.2240459317, 66.5231878344 ], [ -128.1890980479, 66.3914672225 ], [ -128.1545485984, 66.2597991107 ], [ -128.120390833, 66.12818395 ], [ -128.0866181523, 65.9966221872 ], [ -128.0532241039, 65.8651142646 ], [ -128.0202023782, 65.7336606208 ], [ -127.9875468046, 65.6022616904 ], [ -127.9552513475, 65.4709179039 ], [ -127.9233101029, 65.3396296881 ], [ -127.8917172946, 65.2083974662 ], [ -127.8604672711, 65.0772216574 ], [ -127.8295545019, 64.9461026777 ], [ -127.7989735744, 64.8150409392 ], [ -127.768719191, 64.684036851 ], [ -127.7387861657, 64.5530908183 ], [ -127.7091694215, 64.4222032433 ], [ -127.6798639876, 64.2913745249 ], [ -127.6508649962, 64.1606050586 ], [ -127.6221676803, 64.0298952371 ], [ -127.593767371, 63.8992454495 ], [ -127.5656594949, 63.7686560824 ], [ -127.5378395718, 63.638127519 ], [ -127.5103032122, 63.5076601397 ], [ -127.4830461151, 63.3772543221 ], [ -127.4560640659, 63.2469104408 ], [ -127.429352934, 63.1166288677 ], [ -127.4029086711, 62.9864099717 ], [ -127.3767273086, 62.8562541195 ], [ -127.3508049562, 62.7261616745 ], [ -127.3251377998, 62.5961329979 ], [ -127.2997220995, 62.4661684482 ], [ -127.274554188, 62.3362683813 ], [ -127.2496304686, 62.2064331506 ], [ -127.2249474141, 62.0766631068 ], [ -127.2005015642, 61.9469585986 ], [ -127.1762895249, 61.817319972 ], [ -127.1523079662, 61.6877475704 ], [ -127.1285536211, 61.5582417354 ], [ -127.1050232835, 61.4288028057 ], [ -127.0817138077, 61.2994311182 ], [ -127.0586221062, 61.1701270071 ], [ -127.0357451486, 61.0408908046 ], [ -127.0130799604, 60.9117228407 ], [ -126.9906236217, 60.7826234431 ], [ -126.9683732659, 60.6535929374 ], [ -126.9463260783, 60.5246316471 ], [ -126.9244792955, 60.3957398936 ], [ -126.9028302036, 60.266917996 ], [ -126.8813761373, 60.1381662717 ], [ -126.8601144792, 60.0094850357 ], [ -126.8390426582, 59.8808746013 ], [ -126.8181581487, 59.7523352794 ], [ -126.7974584697, 59.6238673794 ], [ -126.7769411837, 59.4954712083 ], [ -126.7566038957, 59.3671470715 ], [ -126.7364442524, 59.2388952723 ], [ -126.7164599414, 59.110716112 ], [ -126.69664869, 58.9826098904 ], [ -126.6770082645, 58.854576905 ], [ -126.6575364696, 58.7266174516 ], [ -126.6382311472, 58.5987318244 ], [ -126.6190901759, 58.4709203153 ], [ -126.6001114699, 58.3431832149 ], [ -126.5812929789, 58.2155208117 ], [ -126.5626326865, 58.0879333924 ], [ -126.5441286101, 57.9604212423 ], [ -126.5257788002, 57.8329846445 ], [ -126.5075813391, 57.7056238807 ], [ -126.4895343412, 57.5783392306 ], [ -126.4716359515, 57.4511309726 ], [ -126.4538843454, 57.3239993829 ], [ -126.4362777279, 57.1969447365 ], [ -126.4188143334, 57.0699673064 ], [ -126.4014924245, 56.9430673641 ], [ -126.3843102917, 56.8162451793 ], [ -126.3672662532, 56.6895010204 ], [ -126.3503586537, 56.5628351539 ], [ -126.3335858644, 56.4362478446 ], [ -126.3169462822, 56.309739356 ], [ -126.3004383292, 56.1833099499 ], [ -126.2840604524, 56.0569598863 ], [ -126.2678111232, 55.930689424 ], [ -126.2516888364, 55.8044988199 ], [ -126.2356921107, 55.6783883296 ], [ -126.2198194873, 55.552358207 ], [ -126.20406953, 55.4264087045 ], [ -126.1884408248, 55.300540073 ], [ -126.172931979, 55.174752562 ], [ -126.1575416213, 55.0490464193 ], [ -126.1422684013, 54.9234218912 ], [ -126.1271109888, 54.7978792226 ], [ -126.1120680737, 54.672418657 ], [ -126.0971383657, 54.5470404361 ], [ -126.0823205935, 54.4217448006 ], [ -126.0676135051, 54.2965319894 ], [ -126.0530158667, 54.1714022399 ], [ -126.038526463, 54.0463557884 ], [ -126.0241440965, 53.9213928694 ], [ -126.0098675873, 53.7965137161 ], [ -125.9956957727, 53.6717185603 ], [ -125.981627507, 53.5470076324 ], [ -125.9676616611, 53.4223811613 ], [ -125.9537971223, 53.2978393746 ], [ -125.9400327939, 53.1733824983 ], [ -125.9263675947, 53.0490107573 ], [ -125.9128004595, 52.9247243749 ], [ -125.8993303378, 52.8005235729 ], [ -125.8859561943, 52.6764085721 ], [ -125.8726770083, 52.5523795916 ], [ -125.8594917734, 52.4284368493 ], [ -125.8463994975, 52.3045805616 ], [ -125.8333992023, 52.1808109437 ], [ -125.8204899232, 52.0571282093 ], [ -125.807670709, 51.9335325709 ], [ -125.7949406217, 51.8100242395 ], [ -125.7822987363, 51.6866034248 ], [ -125.7697441404, 51.5632703354 ], [ -125.7572759345, 51.4400251782 ], [ -125.7448932308, 51.316868159 ], [ -125.7325951542, 51.1937994824 ], [ -125.720380841, 51.0708193513 ], [ -125.7082494397, 50.9479279676 ], [ -125.6962001097, 50.8251255319 ], [ -125.6842320223, 50.7024122434 ], [ -125.6723443594, 50.5797882999 ], [ -125.6605363142, 50.4572538982 ], [ -125.6488070905, 50.3348092335 ], [ -125.6371559026, 50.2124544999 ], [ -125.6255819753, 50.0901898902 ], [ -125.6140845436, 49.9680155959 ], [ -125.6026628525, 49.8459318073 ], [ -125.5913161569, 49.7239387133 ], [ -125.5800437216, 49.6020365015 ], [ -125.5688448207, 49.4802253586 ], [ -125.557718738, 49.3585054696 ], [ -125.5466647662, 49.2368770185 ], [ -125.5356822074, 49.1153401879 ], [ -125.5247703727, 48.9938951595 ], [ -125.5139285818, 48.8725421132 ], [ -125.5031561633, 48.7512812282 ], [ -125.4924524541, 48.6301126821 ], [ -125.4818167998, 48.5090366515 ], [ -125.4712485541, 48.3880533117 ], [ -125.4607470789, 48.2671628367 ], [ -125.450311744, 48.1463653993 ], [ -125.4399419273, 48.0256611712 ], [ -125.4296370144, 47.9050503227 ], [ -125.4193963984, 47.7845330232 ], [ -125.4092194801, 47.6641094406 ], [ -125.3991056678, 47.5437797416 ], [ -125.3890543767, 47.423544092 ], [ -125.3790650298, 47.303402656 ], [ -125.3691370565, 47.1833555969 ], [ -125.3592698938, 47.0634030768 ], [ -125.349462985, 46.9435452564 ], [ -125.3397157807, 46.8237822954 ], [ -125.3300277377, 46.7041143523 ], [ -125.3203983197, 46.5845415843 ], [ -125.3108269966, 46.4650641476 ], [ -125.3013132448, 46.3456821972 ], [ -125.291856547, 46.2263958868 ], [ -125.2824563919, 46.107205369 ], [ -125.2731122745, 45.9881107953 ], [ -125.2638236956, 45.869112316 ], [ -125.2545901621, 45.7502100802 ], [ -125.2454111866, 45.631404236 ], [ -125.2362862874, 45.5126949301 ], [ -125.2272149885, 45.3940823083 ], [ -125.2181968194, 45.2755665151 ], [ -125.2092313152, 45.1571476939 ], [ -125.2003180164, 45.0388259869 ], [ -125.1914564687, 44.9206015355 ], [ -125.1826462231, 44.8024744794 ], [ -125.1738868358, 44.6844449577 ], [ -125.1651778682, 44.566513108 ], [ -125.1565188865, 44.4486790671 ], [ -125.147909462, 44.3309429703 ], [ -125.1393491709, 44.2133049521 ], [ -125.1308375941, 44.0957651458 ], [ -125.1223743174, 43.9783236835 ], [ -125.1139589312, 43.8609806964 ], [ -125.1055910305, 43.7437363142 ], [ -125.0972702148, 43.6265906659 ], [ -125.0889960882, 43.5095438793 ], [ -125.0807682592, 43.3925960809 ], [ -125.0725863406, 43.2757473964 ], [ -125.0644499496, 43.1589979502 ], [ -125.0563587075, 43.0423478656 ], [ -125.0483122399, 42.925797265 ], [ -125.0403101764, 42.8093462695 ], [ -125.0323521509, 42.6929949993 ], [ -125.0244378011, 42.5767435735 ], [ -125.0165667688, 42.4605921099 ], [ -125.0087386995, 42.3445407255 ], [ -125.0009532427, 42.2285895361 ], [ -124.9932100518, 42.1127386565 ], [ -124.9855087838, 41.9969882003 ], [ -124.9778490993, 41.8813382803 ], [ -124.9702306628, 41.7657890079 ], [ -124.9626531423, 41.6503404937 ], [ -124.9551162093, 41.5349928472 ], [ -124.9476195387, 41.4197461767 ], [ -124.9401628092, 41.3046005897 ], [ -124.9327457026, 41.1895561925 ], [ -124.9253679041, 41.0746130903 ], [ -124.9180291024, 40.9597713874 ], [ -124.9107289893, 40.845031187 ], [ -124.9034672599, 40.7303925912 ], [ -124.8962436126, 40.6158557013 ], [ -124.8890577487, 40.5014206173 ], [ -124.8819093728, 40.3870874383 ], [ -124.8747981926, 40.2728562624 ], [ -124.8677239186, 40.1587271866 ], [ -124.8606862647, 40.044700307 ], [ -124.8536849473, 39.9307757185 ], [ -124.8467196859, 39.8169535152 ], [ -124.839790203, 39.70323379 ], [ -124.8328962238, 39.589616635 ], [ -124.8260374763, 39.476102141 ], [ -124.8192136914, 39.3626903982 ], [ -124.8124246025, 39.2493814955 ], [ -124.805669946, 39.1361755209 ], [ -124.7989494606, 39.0230725613 ], [ -124.7922628881, 38.9100727028 ], [ -124.7856099723, 38.7971760304 ], [ -124.7789904602, 38.6843826281 ], [ -124.7724041009, 38.571692579 ], [ -124.7658506461, 38.4591059652 ], [ -124.75932985, 38.3466228678 ], [ -124.7528414694, 38.2342433668 ], [ -124.7463852632, 38.1219675415 ], [ -124.7399609929, 38.00979547 ], [ -124.7335684222, 37.8977272296 ], [ -124.7272073174, 37.7857628965 ], [ -124.7208774467, 37.6739025461 ], [ -124.7145785809, 37.5621462526 ], [ -124.7083104928, 37.4504940895 ], [ -124.7020729576, 37.3389461293 ], [ -124.6958657526, 37.2275024433 ], [ -124.6896886572, 37.1161631022 ], [ -124.683541453, 37.0049281756 ], [ -124.6774239238, 36.8937977321 ], [ -124.6713358552, 36.7827718395 ], [ -124.6652770352, 36.6718505646 ], [ -124.6592472536, 36.5610339732 ], [ -124.6532463023, 36.4503221303 ], [ -124.6472739751, 36.3397150999 ], [ -124.6413300678, 36.2292129451 ], [ -124.6354143782, 36.118815728 ], [ -124.629526706, 36.00852351 ], [ -124.6236668526, 35.8983363513 ], [ -124.6178346216, 35.7882543114 ], [ -124.6120298182, 35.6782774488 ], [ -124.6062522495, 35.5684058212 ], [ -124.6005017244, 35.4586394852 ], [ -124.5947780535, 35.3489784966 ], [ -124.5890810493, 35.2394229104 ], [ -124.5834105261, 35.1299727806 ], [ -124.5777662996, 35.0206281603 ], [ -124.5721481875, 34.9113891017 ], [ -124.5665560091, 34.8022556563 ], [ -124.5609895854, 34.6932278744 ], [ -124.5554487389, 34.5843058058 ], [ -124.5499332939, 34.475489499 ], [ -124.5444430762, 34.366779002 ], [ -124.5389779131, 34.2581743617 ], [ -124.5335376337, 34.1496756242 ], [ -124.5281220686, 34.0412828347 ], [ -124.5227310497, 33.9329960377 ], [ -124.5173644107, 33.8248152765 ], [ -124.5120219867, 33.716740594 ], [ -124.5067036141, 33.6087720319 ], [ -124.5014091312, 33.5009096311 ], [ -124.4961383773, 33.3931534317 ], [ -124.4908911934, 33.2855034731 ], [ -124.4856674217, 33.1779597935 ], [ -124.4804669061, 33.0705224307 ], [ -124.4752894917, 32.9631914212 ], [ -124.470135025, 32.8559668011 ], [ -124.4650033538, 32.7488486054 ], [ -124.4598943274, 32.6418368683 ], [ -124.4548077961, 32.5349316232 ], [ -124.449743612, 32.4281329028 ], [ -124.4447016281, 32.3214407389 ], [ -124.4396816988, 32.2148551623 ], [ -124.4346836798, 32.1083762032 ], [ -124.4297074281, 32.002003891 ], [ -124.4247528018, 31.8957382542 ], [ -124.4198196604, 31.7895793205 ], [ -124.4149078645, 31.6835271168 ], [ -124.4100172759, 31.5775816692 ], [ -124.4051477576, 31.4717430031 ], [ -124.4002991738, 31.366011143 ], [ -124.3954713899, 31.2603861127 ], [ -124.3906642724, 31.154867935 ], [ -124.385877689, 31.0494566321 ], [ -124.3811115083, 30.9441522254 ], [ -124.3763656004, 30.8389547356 ], [ -124.3716398362, 30.7338641825 ], [ -124.3669340878, 30.628880585 ], [ -124.3622482284, 30.5240039615 ], [ -124.3575821321, 30.4192343295 ], [ -124.3529356744, 30.3145717058 ], [ -124.3483087315, 30.2100161064 ], [ -124.3437011808, 30.1055675464 ], [ -124.3391129007, 30.0012260403 ], [ -124.3345437706, 29.896991602 ], [ -124.329993671, 29.7928642442 ], [ -124.3254624833, 29.6888439794 ], [ -124.3209500898, 29.5849308189 ], [ -124.3164563739, 29.4811247734 ], [ -124.3119812199, 29.3774258531 ], [ -124.3075245132, 29.2738340671 ], [ -124.30308614, 29.170349424 ], [ -124.2986659873, 29.0669719315 ], [ -124.2942639434, 28.9637015969 ], [ -124.2898798971, 28.8605384263 ], [ -124.2855137384, 28.7574824255 ], [ -124.2811653581, 28.6545335993 ], [ -124.2768346479, 28.551691952 ], [ -124.2725215003, 28.448957487 ], [ -124.2682258088, 28.3463302072 ], [ -124.2639474677, 28.2438101145 ], [ -124.259686372, 28.1413972103 ], [ -124.2554424178, 28.0390914954 ], [ -124.2512155019, 27.9368929696 ], [ -124.247005522, 27.8348016323 ], [ -124.2428123765, 27.7328174819 ], [ -124.2386359646, 27.6309405165 ], [ -124.2344761865, 27.5291707332 ], [ -124.230332943, 27.4275081286 ], [ -124.2262061359, 27.3259526984 ], [ -124.2220956674, 27.2245044379 ], [ -124.2180014408, 27.1231633414 ], [ -124.2139233601, 27.0219294029 ], [ -124.20986133, 26.9208026155 ], [ -124.205815256, 26.8197829717 ], [ -124.2017850442, 26.7188704632 ], [ -124.1977706017, 26.6180650813 ], [ -124.193771836, 26.5173668164 ], [ -124.1897886556, 26.4167756584 ], [ -124.1858209696, 26.3162915964 ], [ -124.1818686878, 26.2159146191 ], [ -124.1779317206, 26.1156447143 ], [ -124.1740099793, 26.0154818692 ], [ -124.1701033758, 25.9154260706 ], [ -124.1662118226, 25.8154773043 ], [ -124.1623352329, 25.7156355556 ], [ -124.1584735207, 25.6159008094 ], [ -124.1546266004, 25.5162730497 ], [ -124.1507943874, 25.41675226 ], [ -124.1469767974, 25.317338423 ], [ -124.143173747, 25.218031521 ], [ -124.1393851532, 25.1188315356 ], [ -124.1356109339, 25.0197384477 ], [ -124.1318510074, 24.9207522378 ], [ -124.1281052927, 24.8218728856 ], [ -124.1243737094, 24.7231003702 ], [ -124.1206561778, 24.6244346702 ], [ -124.1169526186, 24.5258757636 ], [ -124.1132629532, 24.4274236276 ], [ -124.1095871037, 24.3290782391 ], [ -124.1059249926, 24.2308395742 ], [ -124.1022765431, 24.1327076085 ], [ -124.0986416789, 24.034682317 ], [ -124.0950203242, 23.9367636741 ], [ -124.091412404, 23.8389516536 ], [ -124.0878178436, 23.7412462287 ], [ -124.084236569, 23.6436473722 ], [ -124.0806685068, 23.5461550561 ], [ -124.0771135839, 23.4487692519 ], [ -124.0735717279, 23.3514899307 ], [ -124.070042867, 23.2543170628 ], [ -124.0665269298, 23.157250618 ], [ -124.0630238454, 23.0602905657 ], [ -124.0595335436, 22.9634368745 ], [ -124.0560559545, 22.8666895126 ], [ -124.0525910088, 22.7700484477 ], [ -124.0491386377, 22.6735136468 ], [ -124.0456987729, 22.5770850764 ], [ -124.0422713466, 22.4807627026 ], [ -124.0388562915, 22.3845464907 ], [ -124.0354535408, 22.2884364058 ], [ -124.032063028, 22.192432412 ], [ -124.0286846874, 22.0965344734 ], [ -124.0253184534, 22.0007425532 ], [ -124.0219642613, 21.9050566142 ], [ -124.0186220464, 21.8094766187 ], [ -124.0152917448, 21.7140025284 ], [ -124.0119732929, 21.6186343046 ], [ -124.0086666276, 21.523371908 ], [ -124.0053716863, 21.4282152987 ], [ -124.0020884066, 21.3331644365 ], [ -123.998816727, 21.2382192806 ], [ -123.9955565859, 21.1433797896 ], [ -123.9923079225, 21.0486459217 ], [ -123.9890706763, 20.9540176347 ], [ -123.9858447872, 20.8594948856 ], [ -123.9826301956, 20.7650776313 ], [ -123.9794268423, 20.6707658279 ], [ -123.9762346685, 20.576559431 ], [ -123.9730536157, 20.4824583961 ], [ -123.9698836259, 20.3884626777 ], [ -123.9667246417, 20.2945722302 ], [ -123.9635766057, 20.2007870074 ], [ -123.9604394612, 20.1071069625 ], [ -123.9573131518, 20.0135320485 ], [ -123.9541976214, 19.9200622176 ], [ -123.9510928144, 19.8266974219 ], [ -123.9479986756, 19.7334376127 ], [ -123.9449151501, 19.6402827411 ], [ -123.9418421834, 19.5472327575 ], [ -123.9387797214, 19.4542876121 ], [ -123.9357277103, 19.3614472544 ], [ -123.9326860967, 19.2687116336 ], [ -123.9296548276, 19.1760806985 ], [ -123.9266338504, 19.0835543972 ], [ -123.9236231127, 18.9911326776 ], [ -123.9206225626, 18.8988154872 ], [ -123.9176321485, 18.8066027728 ], [ -123.9146518191, 18.7144944809 ], [ -123.9116815235, 18.6224905577 ], [ -123.9087212111, 18.5305909487 ], [ -123.9057708317, 18.4387955993 ], [ -123.9028303354, 18.3471044541 ], [ -123.8998996727, 18.2555174576 ], [ -123.8969787943, 18.1640345537 ], [ -123.8940676513, 18.072655686 ], [ -123.8911661952, 17.9813807975 ], [ -123.8882743776, 17.8902098309 ], [ -123.8853921507, 17.7991427286 ], [ -123.8825194668, 17.7081794324 ], [ -123.8796562787, 17.6173198838 ], [ -123.8768025393, 17.5265640239 ], [ -123.8739582019, 17.4359117934 ], [ -123.8711232202, 17.3453631324 ], [ -123.8682975482, 17.254917981 ], [ -123.86548114, 17.1645762786 ], [ -123.8626739501, 17.0743379642 ], [ -123.8598759335, 16.9842029767 ], [ -123.8570870452, 16.8941712543 ], [ -123.8543072407, 16.8042427349 ], [ -123.8515364756, 16.7144173562 ], [ -123.8487747059, 16.6246950552 ], [ -123.846021888, 16.5350757688 ], [ -123.8432779783, 16.4455594335 ], [ -123.8405429338, 16.3561459852 ], [ -123.8378167115, 16.2668353597 ], [ -123.8350992688, 16.1776274923 ], [ -123.8323905634, 16.0885223179 ], [ -123.8296905533, 15.9995197711 ], [ -123.8269991966, 15.9106197862 ], [ -123.8243164519, 15.8218222971 ], [ -123.8216422778, 15.7331272372 ], [ -123.8189766334, 15.6445345397 ], [ -123.816319478, 15.5560441375 ], [ -123.813670771, 15.4676559631 ], [ -123.8110304723, 15.3793699484 ], [ -123.8083985419, 15.2911860255 ], [ -123.80577494, 15.2031041256 ], [ -123.8031596273, 15.1151241798 ], [ -123.8005525645, 15.027246119 ], [ -123.7979537126, 14.9394698736 ], [ -123.795363033, 14.8517953737 ], [ -123.7927804871, 14.764222549 ], [ -123.7902060367, 14.676751329 ], [ -123.7876396438, 14.5893816429 ], [ -123.7850812707, 14.5021134193 ], [ -123.7825308799, 14.4149465868 ], [ -123.7799884339, 14.3278810736 ], [ -123.7774538959, 14.2409168074 ], [ -123.774927229, 14.1540537159 ], [ -123.7724083965, 14.0672917262 ], [ -123.7698973621, 13.9806307652 ], [ -123.7673940896, 13.8940707596 ], [ -123.7648985432, 13.8076116356 ], [ -123.7624106871, 13.7212533192 ], [ -123.7599304858, 13.6349957361 ], [ -123.7574579041, 13.5488388118 ], [ -123.7549929069, 13.4627824712 ], [ -123.7525354594, 13.3768266392 ], [ -123.7500855269, 13.2909712404 ], [ -123.7476430751, 13.2052161989 ], [ -123.7452080698, 13.1195614387 ], [ -123.7427804769, 13.0340068834 ], [ -123.7403602627, 12.9485524564 ], [ -123.7379473935, 12.8631980808 ], [ -123.7355418361, 12.7779436794 ], [ -123.7331435572, 12.6927891747 ], [ -123.7307525238, 12.6077344889 ], [ -123.7283687033, 12.5227795441 ], [ -123.7259920629, 12.4379242619 ], [ -123.7236225704, 12.3531685638 ], [ -123.7212601935, 12.268512371 ], [ -123.7189049002, 12.1839556044 ], [ -123.7165566587, 12.0994981846 ], [ -123.7142154375, 12.0151400321 ], [ -123.711881205, 11.9308810668 ], [ -123.7095539301, 11.8467212089 ], [ -123.7072335816, 11.7626603777 ], [ -123.7049201288, 11.6786984928 ], [ -123.702613541, 11.5948354732 ], [ -123.7003137875, 11.5110712378 ], [ -123.6980208382, 11.4274057052 ], [ -123.6957346628, 11.3438387938 ], [ -123.6934552315, 11.2603704218 ], [ -123.6911825143, 11.1770005069 ], [ -123.6889164818, 11.093728967 ], [ -123.6866571044, 11.0105557195 ], [ -123.6844043529, 10.9274806814 ], [ -123.6821581981, 10.8445037698 ], [ -123.6799186113, 10.7616249013 ], [ -123.6776855635, 10.6788439926 ], [ -123.6754590263, 10.5961609598 ], [ -123.6732389711, 10.5135757191 ], [ -123.6710253698, 10.4310881861 ], [ -123.6688181942, 10.3486982766 ], [ -123.6666174164, 10.266405906 ], [ -123.6644230086, 10.1842109893 ], [ -123.6622349433, 10.1021134415 ], [ -123.6600531929, 10.0201131775 ], [ -123.6578777302, 9.9382101116 ], [ -123.655708528, 9.8564041583 ], [ -123.6535455594, 9.7746952316 ], [ -123.6513887976, 9.6930832455 ], [ -123.6492382158, 9.6115681136 ], [ -123.6470937875, 9.5301497495 ], [ -123.6449554865, 9.4488280665 ], [ -123.6428232864, 9.3676029776 ], [ -123.6406971612, 9.2864743957 ], [ -123.6385770849, 9.2054422337 ], [ -123.6364630319, 9.1245064039 ], [ -123.6343549764, 9.0436668188 ], [ -123.6322528931, 8.9629233904 ], [ -123.6301567565, 8.8822760308 ], [ -123.6280665414, 8.8017246516 ], [ -123.6259822229, 8.7212691645 ], [ -123.623903776, 8.6409094808 ], [ -123.6218311759, 8.5606455118 ], [ -123.619764398, 8.4804771686 ], [ -123.6177034178, 8.4004043619 ], [ -123.615648211, 8.3204270025 ], [ -123.6135987533, 8.2405450009 ], [ -123.6115550207, 8.1607582674 ], [ -123.6095169891, 8.0810667122 ], [ -123.6074846349, 8.0014702454 ], [ -123.6054579342, 7.9219687766 ], [ -123.6034368636, 7.8425622157 ], [ -123.6014213996, 7.7632504722 ], [ -123.5994115189, 7.6840334553 ], [ -123.5974071984, 7.6049110743 ], [ -123.595408415, 7.5258832382 ], [ -123.5934151458, 7.4469498559 ], [ -123.5914273681, 7.368110836 ], [ -123.5894450592, 7.2893660873 ], [ -123.5874681965, 7.210715518 ], [ -123.5854967576, 7.1321590364 ], [ -123.5835307203, 7.0536965507 ], [ -123.5815700624, 6.9753279689 ], [ -123.5796147618, 6.8970531987 ], [ -123.5776647966, 6.8188721478 ], [ -123.5757201451, 6.7407847238 ], [ -123.5737807855, 6.6627908341 ], [ -123.5718466962, 6.584890386 ], [ -123.5699178559, 6.5070832864 ], [ -123.5679942431, 6.4293694426 ], [ -123.5660758367, 6.3517487612 ], [ -123.5641626156, 6.2742211491 ], [ -123.5622545587, 6.1967865127 ], [ -123.5603516452, 6.1194447587 ], [ -123.5584538544, 6.0421957932 ], [ -123.5565611655, 5.9650395226 ], [ -123.554673558, 5.8879758528 ], [ -123.5527910115, 5.8110046899 ], [ -123.5509135058, 5.7341259397 ], [ -123.5490410204, 5.6573395079 ], [ -123.5471735354, 5.5806453001 ], [ -123.5453110308, 5.5040432218 ], [ -123.5434534867, 5.4275331783 ], [ -123.5416008832, 5.351115075 ], [ -123.5397532007, 5.2747888168 ], [ -123.5379104196, 5.198554309 ], [ -123.5360725205, 5.1224114563 ], [ -123.5342394839, 5.0463601636 ], [ -123.5324112906, 4.9704003355 ], [ -123.5305879215, 4.8945318768 ], [ -123.5287693574, 4.8187546918 ], [ -123.5269555795, 4.743068685 ], [ -123.5251465688, 4.6674737606 ], [ -123.5233423066, 4.5919698229 ], [ -123.5215427741, 4.5165567758 ], [ -123.5197479529, 4.4412345235 ], [ -123.5179578245, 4.3660029698 ], [ -123.5161723705, 4.2908620184 ], [ -123.5143915725, 4.2158115732 ], [ -123.5126154125, 4.1408515377 ], [ -123.5108438723, 4.0659818154 ], [ -123.5090769339, 3.9912023099 ], [ -123.5073145794, 3.9165129243 ], [ -123.5055567911, 3.841913562 ], [ -123.5038035511, 3.7674041262 ], [ -123.5020548419, 3.69298452 ], [ -123.500310646, 3.6186546463 ], [ -123.4985709458, 3.5444144082 ], [ -123.4968357241, 3.4702637084 ], [ -123.4951049635, 3.3962024497 ], [ -123.4933786468, 3.3222305348 ], [ -123.4916567571, 3.2483478663 ], [ -123.4899392773, 3.1745543468 ], [ -123.4882261904, 3.1008498788 ], [ -123.4865174796, 3.0272343646 ], [ -123.4848131283, 2.9537077066 ], [ -123.4831131197, 2.880269807 ], [ -123.4814174372, 2.806920568 ], [ -123.4797260644, 2.7336598918 ], [ -123.4780389849, 2.6604876804 ], [ -123.4763561823, 2.5874038358 ], [ -123.4746776405, 2.5144082599 ], [ -123.4730033431, 2.4415008545 ], [ -123.4713332743, 2.3686815216 ], [ -123.4696674179, 2.2959501628 ], [ -123.468005758, 2.2233066799 ], [ -123.4663482789, 2.1507509744 ], [ -123.4646949648, 2.0782829479 ], [ -123.4630457999, 2.005902502 ], [ -123.4614007687, 1.9336095382 ], [ -123.4597598558, 1.8614039577 ], [ -123.4581230455, 1.7892856621 ], [ -123.4564903226, 1.7172545525 ], [ -123.4548616718, 1.6453105304 ], [ -123.4532370778, 1.5734534968 ], [ -123.4516165256, 1.5016833529 ], [ -123.45, 1.43 ], [ -123.5120277347, 1.4652976489 ], [ -123.5741314048, 1.50054865 ], [ -123.6363110038, 1.5357527699 ], [ -123.6985665242, 1.5709097749 ], [ -123.7608979579, 1.606019431 ], [ -123.8233052959, 1.641081504 ], [ -123.8857885288, 1.6760957595 ], [ -123.948347646, 1.7110619628 ], [ -124.0109826366, 1.7459798788 ], [ -124.0736934887, 1.7808492724 ], [ -124.1364801896, 1.8156699081 ], [ -124.1993427259, 1.8504415502 ], [ -124.2622810836, 1.8851639627 ], [ -124.3252952477, 1.9198369095 ], [ -124.3883852025, 1.9544601541 ], [ -124.4515509316, 1.98903346 ], [ -124.5147924178, 2.0235565902 ], [ -124.578109643, 2.0580293075 ], [ -124.6415025886, 2.0924513748 ], [ -124.7049712348, 2.1268225545 ], [ -124.7685155614, 2.1611426087 ], [ -124.8321355472, 2.1954112996 ], [ -124.8958311702, 2.229628389 ], [ -124.9596024077, 2.2637936384 ], [ -125.0234492361, 2.2979068093 ], [ -125.087371631, 2.3319676628 ], [ -125.1513695674, 2.3659759601 ], [ -125.2154430191, 2.3999314619 ], [ -125.2795919595, 2.4338339289 ], [ -125.3438163608, 2.4676831215 ], [ -125.4081161946, 2.5014787999 ], [ -125.4724914317, 2.5352207243 ], [ -125.5369420419, 2.5689086545 ], [ -125.6014679943, 2.6025423504 ], [ -125.6660692572, 2.6361215713 ], [ -125.7307457978, 2.6696460768 ], [ -125.7954975829, 2.703115626 ], [ -125.8603245779, 2.7365299781 ], [ -125.9252267479, 2.7698888919 ], [ -125.9902040567, 2.8031921262 ], [ -126.0552564676, 2.8364394397 ], [ -126.1203839428, 2.8696305907 ], [ -126.1855864436, 2.9027653376 ], [ -126.2508639308, 2.9358434386 ], [ -126.3162163638, 2.9688646517 ], [ -126.3816437016, 3.0018287349 ], [ -126.447145902, 3.0347354459 ], [ -126.5127229222, 3.0675845424 ], [ -126.5783747182, 3.100375782 ], [ -126.6441012454, 3.133108922 ], [ -126.7099024581, 3.1657837198 ], [ -126.7757783098, 3.1983999326 ], [ -126.8417287533, 3.2309573174 ], [ -126.90775374, 3.2634556314 ], [ -126.973853221, 3.2958946313 ], [ -127.040027146, 3.3282740739 ], [ -127.1062754641, 3.3605937161 ], [ -127.1725981233, 3.3928533144 ], [ -127.2389950709, 3.4250526253 ], [ -127.305466253, 3.4571914054 ], [ -127.372011615, 3.4892694109 ], [ -127.4386311014, 3.5212863983 ], [ -127.5053246555, 3.5532421237 ], [ -127.5720922201, 3.5851363434 ], [ -127.6389337366, 3.6169688135 ], [ -127.7058491458, 3.6487392901 ], [ -127.7728383874, 3.6804475291 ], [ -127.8399014003, 3.7120932865 ], [ -127.9070381224, 3.7436763184 ], [ -127.9742484905, 3.7751963805 ], [ -128.0415324406, 3.8066532287 ], [ -128.1088899077, 3.8380466188 ], [ -128.176320826, 3.8693763068 ], [ -128.2438251285, 3.9006420482 ], [ -128.3114027473, 3.9318435989 ], [ -128.3790536138, 3.9629807146 ], [ -128.446777658, 3.9940531511 ], [ -128.5145748092, 4.0250606641 ], [ -128.5824449958, 4.0560030093 ], [ -128.650388145, 4.0868799424 ], [ -128.7184041831, 4.1176912192 ], [ -128.7864930356, 4.1484365954 ], [ -128.8546546267, 4.1791158268 ], [ -128.9228888798, 4.2097286691 ], [ -128.9911957174, 4.2402748783 ], [ -129.0595750608, 4.27075421 ], [ -129.1280268304, 4.3011664203 ], [ -129.1965509458, 4.3315112649 ], [ -129.2651473252, 4.3617884998 ], [ -129.3338158861, 4.3919978811 ], [ -129.4025565448, 4.4221391648 ], [ -129.4713692169, 4.4522121069 ], [ -129.5402538167, 4.4822164637 ], [ -129.6092102576, 4.5121519914 ], [ -129.6782384519, 4.5420184463 ], [ -129.7473383111, 4.5718155847 ], [ -129.8165097454, 4.6015431631 ], [ -129.8857526642, 4.631200938 ], [ -129.9550669758, 4.6607886661 ], [ -130.0244525874, 4.690306104 ], [ -130.0939094053, 4.7197530086 ], [ -130.1634373347, 4.7491291367 ], [ -130.2330362797, 4.7784342455 ], [ -130.3027061436, 4.807668092 ], [ -130.3724468285, 4.8368304334 ], [ -130.4422582353, 4.8659210271 ], [ -130.5121402642, 4.8949396307 ], [ -130.5820928142, 4.9238860017 ], [ -130.6521157831, 4.9527598978 ], [ -130.7222090679, 4.9815610771 ], [ -130.7923725644, 5.0102892974 ], [ -130.8626061674, 5.038944317 ], [ -130.9329097707, 5.0675258943 ], [ -131.003283267, 5.0960337877 ], [ -131.0737265478, 5.1244677559 ], [ -131.1442395038, 5.1528275577 ], [ -131.2148220245, 5.1811129521 ], [ -131.2854739983, 5.2093236983 ], [ -131.3561953126, 5.2374595556 ], [ -131.4269858537, 5.2655202837 ], [ -131.497845507, 5.2935056422 ], [ -131.5687741564, 5.3214153912 ], [ -131.6397716853, 5.3492492907 ], [ -131.7108379755, 5.3770071011 ], [ -131.7819729081, 5.4046885829 ], [ -131.853176363, 5.4322934971 ], [ -131.9244482189, 5.4598216044 ], [ -131.9957883536, 5.4872726663 ], [ -132.0671966438, 5.5146464442 ], [ -132.1386729649, 5.5419426997 ], [ -132.2102171915, 5.5691611949 ], [ -132.281829197, 5.5963016919 ], [ -132.3535088536, 5.6233639532 ], [ -132.4252560327, 5.6503477414 ], [ -132.4970706042, 5.6772528197 ], [ -132.5689524373, 5.7040789512 ], [ -132.6409014, 5.7308258994 ], [ -132.7129173589, 5.7574934281 ], [ -132.78500018, 5.7840813015 ], [ -132.8571497278, 5.8105892838 ], [ -132.929365866, 5.8370171399 ], [ -133.001648457, 5.8633646345 ], [ -133.0739973621, 5.8896315331 ], [ -133.1464124417, 5.9158176011 ], [ -133.2188935548, 5.9419226046 ], [ -133.2914405596, 5.9679463096 ], [ -133.364053313, 5.9938884828 ], [ -133.4367316709, 6.0197488911 ], [ -133.509475488, 6.0455273016 ], [ -133.5822846179, 6.0712234819 ], [ -133.6551589132, 6.0968372 ], [ -133.7280982254, 6.122368224 ], [ -133.8011024046, 6.1478163226 ], [ -133.8741713003, 6.1731812648 ], [ -133.9473047604, 6.19846282 ], [ -134.0205026319, 6.2236607578 ], [ -134.0937647608, 6.2487748484 ], [ -134.1670909917, 6.2738048622 ], [ -134.2404811685, 6.2987505702 ], [ -134.3139351335, 6.3236117435 ], [ -134.3874527283, 6.348388154 ], [ -134.4610337931, 6.3730795736 ], [ -134.5346781672, 6.3976857749 ], [ -134.6083856886, 6.4222065308 ], [ -134.6821561944, 6.4466416145 ], [ -134.7559895204, 6.4709908 ], [ -134.8298855014, 6.4952538613 ], [ -134.9038439709, 6.5194305732 ], [ -134.9778647616, 6.5435207106 ], [ -135.0519477048, 6.5675240492 ], [ -135.1260926309, 6.5914403648 ], [ -135.2002993689, 6.6152694341 ], [ -135.274567747, 6.6390110338 ], [ -135.3488975922, 6.6626649413 ], [ -135.4232887302, 6.6862309346 ], [ -135.4977409858, 6.7097087919 ], [ -135.5722541825, 6.7330982922 ], [ -135.646828143, 6.7563992146 ], [ -135.7214626885, 6.7796113391 ], [ -135.7961576394, 6.802734446 ], [ -135.8709128148, 6.8257683161 ], [ -135.9457280327, 6.8487127308 ], [ -136.0206031101, 6.8715674719 ], [ -136.0955378628, 6.8943323219 ], [ -136.1705321056, 6.9170070637 ], [ -136.2455856519, 6.9395914808 ], [ -136.3206983144, 6.9620853572 ], [ -136.3958699044, 6.9844884774 ], [ -136.4711002321, 7.0068006265 ], [ -136.5463891068, 7.0290215904 ], [ -136.6217363366, 7.0511511551 ], [ -136.6971417283, 7.0731891075 ], [ -136.7726050878, 7.095135235 ], [ -136.84812622, 7.1169893256 ], [ -136.9237049284, 7.1387511678 ], [ -136.9993410156, 7.1604205507 ], [ -137.075034283, 7.1819972643 ], [ -137.1507845311, 7.2034810986 ], [ -137.226591559, 7.2248718449 ], [ -137.3024551649, 7.2461692945 ], [ -137.3783751459, 7.2673732398 ], [ -137.454351298, 7.2884834734 ], [ -137.5303834159, 7.309499789 ], [ -137.6064712936, 7.3304219805 ], [ -137.6826147238, 7.3512498428 ], [ -137.7588134979, 7.3719831711 ], [ -137.8350674066, 7.3926217615 ], [ -137.9113762393, 7.4131654108 ], [ -137.9877397844, 7.4336139162 ], [ -138.064157829, 7.4539670757 ], [ -138.1406301595, 7.4742246881 ], [ -138.217156561, 7.4943865528 ], [ -138.2937368174, 7.5144524698 ], [ -138.3703707118, 7.5344222398 ], [ -138.447058026, 7.5542956643 ], [ -138.5237985409, 7.5740725455 ], [ -138.6005920363, 7.5937526862 ], [ -138.6774382908, 7.61333589 ], [ -138.7543370821, 7.6328219611 ], [ -138.8312881867, 7.6522107047 ], [ -138.9082913802, 7.6715019263 ], [ -138.985346437, 7.6906954325 ], [ -139.0624531305, 7.7097910306 ], [ -139.139611233, 7.7287885284 ], [ -139.2168205159, 7.7476877346 ], [ -139.2940807494, 7.7664884588 ], [ -139.3713917028, 7.7851905112 ], [ -139.4487531441, 7.8037937027 ], [ -139.5261648405, 7.8222978451 ], [ -139.6036265581, 7.8407027509 ], [ -139.681138062, 7.8590082335 ], [ -139.7586991161, 7.877214107 ], [ -139.8363094836, 7.8953201863 ], [ -139.9139689263, 7.913326287 ], [ -139.9916772051, 7.9312322257 ], [ -140.0694340801, 7.9490378196 ], [ -140.1472393102, 7.9667428869 ], [ -140.2250926532, 7.9843472466 ], [ -140.302993866, 8.0018507184 ], [ -140.3809427045, 8.0192531228 ], [ -140.4589389237, 8.0365542814 ], [ -140.5369822773, 8.0537540164 ], [ -140.6150725182, 8.0708521508 ], [ -140.6932093984, 8.0878485087 ], [ -140.7713926688, 8.1047429149 ], [ -140.8496220792, 8.121535195 ], [ -140.9278973785, 8.1382251756 ], [ -141.0062183148, 8.1548126841 ], [ -141.084584635, 8.1712975487 ], [ -141.1629960851, 8.1876795987 ], [ -141.2414524101, 8.203958664 ], [ -141.3199533541, 8.2201345757 ], [ -141.3984986602, 8.2362071655 ], [ -141.4770880705, 8.2521762662 ], [ -141.5557213262, 8.2680417115 ], [ -141.6343981677, 8.2838033358 ], [ -141.7131183341, 8.2994609746 ], [ -141.7918815638, 8.3150144643 ], [ -141.8706875943, 8.3304636423 ], [ -141.949536162, 8.3458083467 ], [ -142.0284270025, 8.3610484167 ], [ -142.1073598504, 8.3761836924 ], [ -142.1863344394, 8.391214015 ], [ -142.2653505024, 8.4061392262 ], [ -142.3444077712, 8.4209591693 ], [ -142.4235059767, 8.4356736879 ], [ -142.5026448492, 8.4502826271 ], [ -142.5818241176, 8.4647858326 ], [ -142.6610435104, 8.4791831513 ], [ -142.7403027549, 8.4934744309 ], [ -142.8196015776, 8.5076595202 ], [ -142.8989397041, 8.521738269 ], [ -142.9783168593, 8.535710528 ], [ -143.0577327669, 8.549576149 ], [ -143.13718715, 8.5633349846 ], [ -143.2166797308, 8.5769868887 ], [ -143.2962102305, 8.590531716 ], [ -143.3757783697, 8.6039693222 ], [ -143.4553838678, 8.6172995642 ], [ -143.5350264438, 8.6305222997 ], [ -143.6147058154, 8.6436373875 ], [ -143.6944216999, 8.6566446876 ], [ -143.7741738134, 8.6695440608 ], [ -143.8539618715, 8.6823353691 ], [ -143.9337855888, 8.6950184753 ], [ -144.013644679, 8.7075932437 ], [ -144.0935388554, 8.7200595391 ], [ -144.17346783, 8.7324172278 ], [ -144.2534313143, 8.744666177 ], [ -144.333429019, 8.7568062548 ], [ -144.413460654, 8.7688373307 ], [ -144.4935259283, 8.780759275 ], [ -144.5736245503, 8.7925719592 ], [ -144.6537562274, 8.8042752558 ], [ -144.7339206666, 8.8158690385 ], [ -144.8141175739, 8.8273531821 ], [ -144.8943466546, 8.8387275622 ], [ -144.9746076132, 8.8499920559 ], [ -145.0549001536, 8.8611465412 ], [ -145.1352239788, 8.8721908972 ], [ -145.2155787913, 8.883125004 ], [ -145.2959642927, 8.8939487431 ], [ -145.3763801839, 8.9046619969 ], [ -145.4568261651, 8.915264649 ], [ -145.537301936, 8.9257565841 ], [ -145.6178071954, 8.9361376879 ], [ -145.6983416414, 8.9464078476 ], [ -145.7789049715, 8.956566951 ], [ -145.8594968825, 8.9666148875 ], [ -145.9401170706, 8.9765515474 ], [ -146.0207652312, 8.9863768223 ], [ -146.1014410591, 8.9960906048 ], [ -146.1821442486, 9.0056927886 ], [ -146.2628744932, 9.0151832689 ], [ -146.3436314857, 9.0245619416 ], [ -146.4244149185, 9.0338287041 ], [ -146.5052244832, 9.0429834548 ], [ -146.5860598708, 9.0520260934 ], [ -146.6669207717, 9.0609565206 ], [ -146.7478068758, 9.0697746384 ], [ -146.8287178723, 9.0784803499 ], [ -146.9096534498, 9.0870735595 ], [ -146.9906132964, 9.0955541726 ], [ -147.0715970996, 9.103922096 ], [ -147.1526045462, 9.1121772375 ], [ -147.2336353227, 9.1203195062 ], [ -147.3146891149, 9.1283488124 ], [ -147.3957656079, 9.1362650675 ], [ -147.4768644865, 9.1440681843 ], [ -147.5579854349, 9.1517580766 ], [ -147.6391281368, 9.1593346594 ], [ -147.7202922752, 9.1667978491 ], [ -147.8014775328, 9.1741475632 ], [ -147.8826835918, 9.1813837204 ], [ -147.9639101337, 9.1885062406 ], [ -148.0451568396, 9.1955150451 ], [ -148.1264233902, 9.2024100561 ], [ -148.2077094658, 9.2091911974 ], [ -148.2890147459, 9.2158583936 ], [ -148.3703389099, 9.222411571 ], [ -148.4516816365, 9.2288506568 ], [ -148.5330426041, 9.2351755796 ], [ -148.6144214906, 9.2413862691 ], [ -148.6958179735, 9.2474826563 ], [ -148.7772317297, 9.2534646736 ], [ -148.858662436, 9.2593322544 ], [ -148.9401097686, 9.2650853334 ], [ -149.0215734033, 9.2707238468 ], [ -149.1030530155, 9.2762477316 ], [ -149.1845482804, 9.2816569265 ], [ -149.2660588724, 9.2869513713 ], [ -149.3475844661, 9.2921310068 ], [ -149.4291247352, 9.2971957754 ], [ -149.5106793534, 9.3021456207 ], [ -149.5922479939, 9.3069804875 ], [ -149.6738303296, 9.3117003218 ], [ -149.755426033, 9.3163050709 ], [ -149.8370347765, 9.3207946835 ], [ -149.9186562318, 9.3251691095 ], [ -150.0002900707, 9.3294282999 ], [ -150.0819359645, 9.3335722073 ], [ -150.1635935841, 9.3376007853 ], [ -150.2452626003, 9.3415139889 ], [ -150.3269426835, 9.3453117743 ], [ -150.408633504, 9.3489940991 ], [ -150.4903347317, 9.3525609221 ], [ -150.5720460362, 9.3560122034 ], [ -150.6537670869, 9.3593479044 ], [ -150.7354975531, 9.3625679877 ], [ -150.8172371037, 9.3656724173 ], [ -150.8989854075, 9.3686611584 ], [ -150.9807421329, 9.3715341776 ], [ -151.0625069484, 9.3742914426 ], [ -151.1442795219, 9.3769329226 ], [ -151.2260595216, 9.3794585881 ], [ -151.307846615, 9.3818684106 ], [ -151.3896404698, 9.3841623631 ], [ -151.4714407534, 9.3863404201 ], [ -151.553247133, 9.3884025569 ], [ -151.6350592758, 9.3903487506 ], [ -151.7168768487, 9.3921789793 ], [ -151.7986995186, 9.3938932224 ], [ -151.8805269521, 9.3954914607 ], [ -151.9623588159, 9.3969736763 ], [ -152.0441947765, 9.3983398526 ], [ -152.1260345001, 9.3995899743 ], [ -152.2078776532, 9.4007240272 ], [ -152.2897239019, 9.4017419987 ], [ -152.3715729124, 9.4026438774 ], [ -152.4534243506, 9.4034296531 ], [ -152.5352778827, 9.404099317 ], [ -152.6171331746, 9.4046528616 ], [ -152.6989898921, 9.4050902806 ], [ -152.7808477012, 9.4054115693 ], [ -152.8627062678, 9.4056167239 ], [ -152.9445652575, 9.4057057422 ], [ -153.0264243363, 9.4056786231 ], [ -153.10828317, 9.405535367 ], [ -153.1901414244, 9.4052759754 ], [ -153.2719987653, 9.4049004514 ], [ -153.3538548586, 9.404408799 ], [ -153.4357093702, 9.4038010238 ], [ -153.517561966, 9.4030771327 ], [ -153.599412312, 9.4022371338 ], [ -153.6812600743, 9.4012810365 ], [ -153.7631049188, 9.4002088514 ], [ -153.8449465118, 9.3990205908 ], [ -153.9267845196, 9.3977162678 ], [ -154.0086186084, 9.3962958972 ], [ -154.0904484447, 9.3947594948 ], [ -154.172273695, 9.393107078 ], [ -154.254094026, 9.3913386652 ], [ -154.3359091044, 9.3894542763 ], [ -154.4177185971, 9.3874539323 ], [ -154.4995221712, 9.3853376559 ], [ -154.5813194939, 9.3831054706 ], [ -154.6631102324, 9.3807574015 ], [ -154.7448940542, 9.3782934749 ], [ -154.8266706271, 9.3757137185 ], [ -154.9084396188, 9.3730181612 ], [ -154.9902006974, 9.370206833 ], [ -155.071953531, 9.3672797657 ], [ -155.1536977881, 9.3642369918 ], [ -155.2354331374, 9.3610785456 ], [ -155.3171592476, 9.3578044623 ], [ -155.3988757878, 9.3544147786 ], [ -155.4805824274, 9.3509095325 ], [ -155.5622788358, 9.3472887631 ], [ -155.6439646829, 9.3435525111 ], [ -155.7256396387, 9.339700818 ], [ -155.8073033735, 9.3357337271 ], [ -155.8889555579, 9.3316512826 ], [ -155.9705958627, 9.3274535303 ], [ -156.0522239592, 9.3231405169 ], [ -156.1338395187, 9.3187122906 ], [ -156.2154422131, 9.314168901 ], [ -156.2970317143, 9.3095103986 ], [ -156.3786076949, 9.3047368356 ], [ -156.4601698274, 9.2998482651 ], [ -156.541717785, 9.2948447417 ], [ -156.623251241, 9.2897263212 ], [ -156.7047698692, 9.2844930605 ], [ -156.7862733437, 9.2791450181 ], [ -156.867761339, 9.2736822534 ], [ -156.9492335298, 9.2681048274 ], [ -157.0306895915, 9.262412802 ], [ -157.1121291997, 9.2566062407 ], [ -157.1935520303, 9.2506852079 ], [ -157.2749577598, 9.2446497696 ], [ -157.356346065, 9.2384999927 ], [ -157.4377166232, 9.2322359457 ], [ -157.519069112, 9.225857698 ], [ -157.6004032095, 9.2193653205 ], [ -157.6817185944, 9.2127588853 ], [ -157.7630149456, 9.2060384655 ], [ -157.8442919425, 9.1992041357 ], [ -157.9255492651, 9.1922559716 ], [ -158.0067865938, 9.1851940502 ], [ -158.0880036094, 9.1780184497 ], [ -158.1691999934, 9.1707292495 ], [ -158.2503754275, 9.1633265301 ], [ -158.3315295942, 9.1558103736 ], [ -158.4126621762, 9.1481808628 ], [ -158.493772857, 9.1404380821 ], [ -158.5748613205, 9.132582117 ], [ -158.655927251, 9.1246130542 ], [ -158.7369703336, 9.1165309814 ], [ -158.8179902537, 9.108335988 ], [ -158.8989866975, 9.100028164 ], [ -158.9799593514, 9.0916076011 ], [ -159.0609079028, 9.0830743918 ], [ -159.1418320394, 9.0744286301 ], [ -159.2227314494, 9.0656704109 ], [ -159.3036058218, 9.0567998306 ], [ -159.3844548462, 9.0478169865 ], [ -159.4652782125, 9.0387219772 ], [ -159.5460756115, 9.0295149025 ], [ -159.6268467346, 9.0201958633 ], [ -159.7075912736, 9.0107649617 ], [ -159.7883089212, 9.001222301 ], [ -159.8689993705, 8.9915679856 ], [ -159.9496623154, 8.981802121 ], [ -160.0302974503, 8.9719248139 ], [ -160.1109044703, 8.9619361724 ], [ -160.1914830713, 8.9518363053 ], [ -160.2720329498, 8.9416253229 ], [ -160.3525538027, 8.9313033364 ], [ -160.433045328, 8.9208704584 ], [ -160.5135072241, 8.9103268023 ], [ -160.5939391901, 8.8996724829 ], [ -160.674340926, 8.888907616 ], [ -160.7547121323, 8.8780323186 ], [ -160.8350525103, 8.8670467087 ], [ -160.915361762, 8.8559509055 ], [ -160.99563959, 8.8447450293 ], [ -161.0758856979, 8.8334292015 ], [ -161.1560997898, 8.8220035446 ], [ -161.2362815706, 8.8104681822 ], [ -161.3164307459, 8.7988232389 ], [ -161.3965470222, 8.7870688406 ], [ -161.4766301065, 8.7752051142 ], [ -161.5566797069, 8.7632321875 ], [ -161.6366955321, 8.7511501897 ], [ -161.7166772913, 8.7389592508 ], [ -161.796624695, 8.7266595019 ], [ -161.8765374541, 8.7142510754 ], [ -161.9564152804, 8.7017341046 ], [ -162.0362578866, 8.6891087237 ], [ -162.116064986, 8.6763750683 ], [ -162.1958362928, 8.6635332748 ], [ -162.2755715221, 8.6505834806 ], [ -162.3552703897, 8.6375258244 ], [ -162.4349326123, 8.6243604458 ], [ -162.5145579073, 8.6110874853 ], [ -162.5941459931, 8.5977070846 ], [ -162.6736965889, 8.5842193865 ], [ -162.7532094145, 8.5706245345 ], [ -162.832684191, 8.5569226734 ], [ -162.9121206399, 8.5431139489 ], [ -162.9915184839, 8.5291985078 ], [ -163.0708774463, 8.5151764977 ], [ -163.1501972515, 8.5010480674 ], [ -163.2294776246, 8.4868133667 ], [ -163.3087182917, 8.4724725461 ], [ -163.3879189796, 8.4580257575 ], [ -163.4670794162, 8.4434731535 ], [ -163.5461993301, 8.4288148876 ], [ -163.6252784511, 8.4140511146 ], [ -163.7043165094, 8.3991819901 ], [ -163.7833132367, 8.3842076704 ], [ -163.8622683651, 8.3691283133 ], [ -163.9411816279, 8.353944077 ], [ -164.0200527593, 8.3386551209 ], [ -164.0988814942, 8.3232616055 ], [ -164.1776675688, 8.307763692 ], [ -164.2564107198, 8.2921615426 ], [ -164.3351106852, 8.2764553203 ], [ -164.4137672038, 8.2606451894 ], [ -164.4923800153, 8.2447313146 ], [ -164.5709488603, 8.228713862 ], [ -164.6494734806, 8.2125929982 ], [ -164.7279536186, 8.196368891 ], [ -164.8063890181, 8.180041709 ], [ -164.8847794234, 8.1636116216 ], [ -164.9631245801, 8.1470787993 ], [ -165.0414242346, 8.1304434131 ], [ -165.1196781343, 8.1137056354 ], [ -165.1978860277, 8.096865639 ], [ -165.2760476641, 8.0799235979 ], [ -165.354162794, 8.0628796868 ], [ -165.4322311685, 8.0457340812 ], [ -165.5102525402, 8.0284869576 ], [ -165.5882266624, 8.0111384933 ], [ -165.6661532894, 7.9936888664 ], [ -165.7440321765, 7.9761382559 ], [ -165.8218630801, 7.9584868416 ], [ -165.8996457576, 7.940734804 ], [ -165.9773799673, 7.9228823247 ], [ -166.0550654687, 7.9049295858 ], [ -166.1327020221, 7.8868767706 ], [ -166.2102893889, 7.8687240627 ], [ -166.2878273317, 7.850471647 ], [ -166.3653156138, 7.8321197089 ], [ -166.4427539999, 7.8136684346 ], [ -166.5201422554, 7.7951180112 ], [ -166.5974801469, 7.7764686265 ], [ -166.674767442, 7.7577204691 ], [ -166.7520039093, 7.7388737285 ], [ -166.8291893187, 7.7199285946 ], [ -166.9063234407, 7.7008852585 ], [ -166.9834060472, 7.6817439117 ], [ -167.0604369111, 7.6625047467 ], [ -167.1374158062, 7.6431679565 ], [ -167.2143425075, 7.6237337351 ], [ -167.2912167909, 7.6042022771 ], [ -167.3680384336, 7.5845737777 ], [ -167.4448072137, 7.5648484331 ], [ -167.5215229103, 7.5450264399 ], [ -167.5981853038, 7.5251079957 ], [ -167.6747941754, 7.5050932987 ], [ -167.7513493076, 7.4849825477 ], [ -167.8278504838, 7.4647759423 ], [ -167.9042974886, 7.4444736827 ], [ -167.9806901075, 7.4240759699 ], [ -168.0570281274, 7.4035830055 ], [ -168.1333113359, 7.3829949919 ], [ -168.209539522, 7.3623121319 ], [ -168.2857124755, 7.3415346292 ], [ -168.3618299876, 7.3206626881 ], [ -168.4378918503, 7.2996965134 ], [ -168.5138978569, 7.2786363108 ], [ -168.5898478015, 7.2574822865 ], [ -168.6657414797, 7.2362346473 ], [ -168.741578688, 7.2148936006 ], [ -168.8173592238, 7.1934593547 ], [ -168.8930828858, 7.1719321181 ], [ -168.9687494739, 7.1503121003 ], [ -169.0443587889, 7.128599511 ], [ -169.1199106327, 7.106794561 ], [ -169.1954048084, 7.0848974613 ], [ -169.2708411202, 7.0629084235 ], [ -169.3462193734, 7.0408276601 ], [ -169.4215393743, 7.0186553839 ], [ -169.4968009304, 6.9963918083 ], [ -169.5720038503, 6.9740371474 ], [ -169.6471479437, 6.9515916158 ], [ -169.7222330213, 6.9290554285 ], [ -169.7972588951, 6.9064288014 ], [ -169.8722253781, 6.8837119505 ], [ -169.9471322844, 6.8609050928 ], [ -170.0219794293, 6.8380084454 ], [ -170.0967666291, 6.8150222264 ], [ -170.1714937011, 6.7919466539 ], [ -170.2461604641, 6.768781947 ], [ -170.3207667377, 6.745528325 ], [ -170.3953123427, 6.7221860077 ], [ -170.4697971009, 6.6987552157 ], [ -170.5442208354, 6.6752361699 ], [ -170.6185833703, 6.6516290915 ], [ -170.6928845309, 6.6279342026 ], [ -170.7671241436, 6.6041517254 ], [ -170.8413020357, 6.5802818828 ], [ -170.9154180359, 6.5563248981 ], [ -170.9894719739, 6.5322809951 ], [ -171.0634636804, 6.5081503979 ], [ -171.1373929875, 6.4839333314 ], [ -171.2112597282, 6.4596300205 ], [ -171.2850637366, 6.435240691 ], [ -171.358804848, 6.4107655687 ], [ -171.4324828988, 6.3862048801 ], [ -171.5060977264, 6.3615588521 ], [ -171.5796491696, 6.336827712 ], [ -171.653137068, 6.3120116874 ], [ -171.7265612625, 6.2871110065 ], [ -171.7999215949, 6.2621258978 ], [ -171.8732179085, 6.2370565902 ], [ -171.9464500474, 6.2119033129 ], [ -172.0196178568, 6.1866662957 ], [ -172.0927211832, 6.1613457687 ], [ -172.165759874, 6.1359419623 ], [ -172.2387337779, 6.1104551073 ], [ -172.3116427447, 6.084885435 ], [ -172.3844866251, 6.0592331768 ], [ -172.4572652711, 6.0334985646 ], [ -172.5299785357, 6.0076818308 ], [ -172.6026262732, 5.981783208 ], [ -172.6752083388, 5.955802929 ], [ -172.7477245888, 5.9297412271 ], [ -172.8201748807, 5.903598336 ], [ -172.8925590731, 5.8773744896 ], [ -172.9648770257, 5.8510699221 ], [ -173.0371285993, 5.8246848681 ], [ -173.1093136557, 5.7982195624 ], [ -173.1814320579, 5.7716742403 ], [ -173.25348367, 5.7450491372 ], [ -173.3254683572, 5.7183444888 ], [ -173.3973859857, 5.6915605312 ], [ -173.4692364229, 5.6646975008 ], [ -173.5410195372, 5.6377556342 ], [ -173.6127351983, 5.6107351682 ], [ -173.6843832766, 5.5836363399 ], [ -173.755963644, 5.5564593869 ], [ -173.8274761733, 5.5292045467 ], [ -173.8989207384, 5.5018720573 ], [ -173.9702972142, 5.4744621568 ], [ -174.0416054768, 5.4469750836 ], [ -174.1128454034, 5.4194110765 ], [ -174.1840168723, 5.3917703741 ], [ -174.2551197626, 5.3640532158 ], [ -174.3261539549, 5.3362598406 ], [ -174.3971193305, 5.3083904883 ], [ -174.468015772, 5.2804453986 ], [ -174.5388431631, 5.2524248113 ], [ -174.6096013883, 5.2243289666 ], [ -174.6802903335, 5.196158105 ], [ -174.7509098854, 5.1679124668 ], [ -174.8214599321, 5.1395922929 ], [ -174.8919403623, 5.1111978241 ], [ -174.9623510661, 5.0827293016 ], [ -175.0326919345, 5.0541869666 ], [ -175.1029628598, 5.0255710604 ], [ -175.1731637351, 4.9968818247 ], [ -175.2432944545, 4.9681195012 ], [ -175.3133549135, 4.9392843318 ], [ -175.3833450083, 4.9103765585 ], [ -175.4532646364, 4.8813964235 ], [ -175.5231136961, 4.8523441692 ], [ -175.5928920869, 4.8232200378 ], [ -175.6625997094, 4.7940242721 ], [ -175.7322364652, 4.7647571147 ], [ -175.8018022567, 4.7354188085 ], [ -175.8712969877, 4.7060095963 ], [ -175.9407205627, 4.6765297212 ], [ -176.0100728876, 4.6469794263 ], [ -176.079353869, 4.6173589549 ], [ -176.1485634147, 4.5876685502 ], [ -176.2177014334, 4.5579084558 ], [ -176.286767835, 4.5280789151 ], [ -176.3557625302, 4.4981801718 ], [ -176.4246854309, 4.4682124694 ], [ -176.49353645, 4.4381760517 ], [ -176.5623155012, 4.4080711625 ], [ -176.6310224995, 4.3778980458 ], [ -176.6996573608, 4.3476569453 ], [ -176.7682200018, 4.3173481051 ], [ -176.8367103406, 4.2869717692 ], [ -176.9051282959, 4.2565281817 ], [ -176.9734737877, 4.2260175867 ], [ -177.0417467369, 4.1954402283 ], [ -177.1099470652, 4.1647963508 ], [ -177.1780746956, 4.1340861982 ], [ -177.2461295518, 4.1033100149 ], [ -177.3141115588, 4.0724680451 ], [ -177.3820206423, 4.041560533 ], [ -177.4498567291, 4.010587723 ], [ -177.517619747, 3.9795498592 ], [ -177.5853096247, 3.948447186 ], [ -177.6529262919, 3.9172799477 ], [ -177.7204696793, 3.8860483884 ], [ -177.7879397185, 3.8547527525 ], [ -177.8553363421, 3.8233932841 ], [ -177.9226594837, 3.7919702276 ], [ -177.9899090778, 3.760483827 ], [ -178.0570850598, 3.7289343266 ], [ -178.1241873662, 3.6973219704 ], [ -178.1912159343, 3.6656470027 ], [ -178.2581707025, 3.6339096673 ], [ -178.32505161, 3.6021102084 ], [ -178.391858597, 3.5702488698 ], [ -178.4585916047, 3.5383258955 ], [ -178.525250575, 3.5063415294 ], [ -178.591835451, 3.4742960151 ], [ -178.6583461766, 3.4421895965 ], [ -178.7247826967, 3.4100225172 ], [ -178.791144957, 3.3777950208 ], [ -178.8574329041, 3.3455073507 ], [ -178.9236464858, 3.3131597504 ], [ -178.9897856505, 3.2807524632 ], [ -179.0558503475, 3.2482857323 ], [ -179.1218405274, 3.215759801 ], [ -179.1877561412, 3.1831749123 ], [ -179.2535971411, 3.1505313091 ], [ -179.3193634801, 3.1178292343 ], [ -179.3850551122, 3.0850689306 ], [ -179.4506719921, 3.0522506407 ], [ -179.5162140756, 3.0193746071 ], [ -179.5816813192, 2.9864410721 ], [ -179.6470736803, 2.9534502781 ], [ -179.7123911174, 2.9204024673 ], [ -179.7776335896, 2.8872978816 ], [ -179.8428010571, 2.8541367629 ], [ -179.9078934807, 2.820919353 ], [ -179.9729108223, 2.7876458935 ], [ 179.9621469555, 2.7543166259 ], [ 179.897279889, 2.7209317914 ], [ 179.832488014, 2.6874916314 ], [ 179.7677713652, 2.6539963866 ], [ 179.7031299764, 2.6204462981 ], [ 179.6385638808, 2.5868416066 ], [ 179.5740731106, 2.5531825524 ], [ 179.5096576971, 2.5194693761 ], [ 179.4453176709, 2.4857023178 ], [ 179.3810530618, 2.4518816175 ], [ 179.3168638985, 2.418007515 ], [ 179.2527502093, 2.3840802501 ], [ 179.1887120212, 2.3501000621 ], [ 179.1247493608, 2.3160671904 ], [ 179.0608622536, 2.281981874 ], [ 178.9970507245, 2.2478443519 ], [ 178.9333147974, 2.2136548626 ], [ 178.8696544954, 2.1794136448 ], [ 178.8060698411, 2.1451209368 ], [ 178.742560856, 2.1107769765 ], [ 178.6791275608, 2.0763820019 ], [ 178.6157699755, 2.0419362506 ], [ 178.5524881194, 2.00743996 ], [ 178.4892820108, 1.9728933675 ], [ 178.4261516675, 1.9382967099 ], [ 178.3630971062, 1.903650224 ], [ 178.3001183431, 1.8689541465 ], [ 178.2372153935, 1.8342087135 ], [ 178.1743882719, 1.7994141613 ], [ 178.1116369921, 1.7645707255 ], [ 178.0489615671, 1.7296786418 ], [ 177.9863620092, 1.6947381455 ], [ 177.92383833, 1.6597494718 ], [ 177.86139054, 1.6247128555 ], [ 177.7990186495, 1.5896285312 ], [ 177.7367226675, 1.5544967333 ], [ 177.6745026028, 1.5193176957 ], [ 177.612358463, 1.4840916525 ], [ 177.5502902552, 1.448818837 ], [ 177.4882979857, 1.4134994826 ], [ 177.4263816602, 1.3781338224 ], [ 177.3645412836, 1.342722089 ], [ 177.3027768598, 1.307264515 ], [ 177.2410883925, 1.2717613326 ], [ 177.1794758844, 1.2362127736 ], [ 177.1179393374, 1.2006190697 ], [ 177.0564787529, 1.1649804523 ], [ 176.9950941315, 1.1292971525 ], [ 176.933785473, 1.0935694009 ], [ 176.8725527768, 1.0577974281 ], [ 176.8113960414, 1.0219814643 ], [ 176.7503152645, 0.9861217393 ], [ 176.6893104433, 0.9502184828 ], [ 176.6283815743, 0.9142719239 ], [ 176.5675286533, 0.8782822918 ], [ 176.5067516754, 0.842249815 ], [ 176.446050635, 0.8061747219 ], [ 176.3854255259, 0.7700572406 ], [ 176.3248763413, 0.7338975988 ], [ 176.2644030735, 0.6976960238 ], [ 176.2040057144, 0.6614527429 ], [ 176.1436842551, 0.6251679828 ], [ 176.0834386861, 0.5888419698 ], [ 176.0232689972, 0.5524749302 ], [ 175.9631751776, 0.5160670897 ], [ 175.9031572159, 0.4796186737 ], [ 175.8432151001, 0.4431299075 ], [ 175.7833488173, 0.4066010158 ], [ 175.7235583542, 0.370032223 ], [ 175.6638436969, 0.3334237533 ], [ 175.6042048308, 0.2967758304 ], [ 175.5446417406, 0.2600886778 ], [ 175.4851544106, 0.2233625185 ], [ 175.4257428243, 0.1865975752 ], [ 175.3664069645, 0.1497940704 ], [ 175.3071468137, 0.1129522261 ], [ 175.2479623537, 0.0760722639 ], [ 175.1888535654, 0.0391544053 ], [ 175.1298204296, 0.002198871 ], [ 175.070862926, -0.0347941182 ], [ 175.0119810342, -0.0718243422 ], [ 174.9531747328, -0.1088915811 ], [ 174.8944440001, -0.1459956152 ], [ 174.8357888136, -0.1831362257 ], [ 174.7772091504, -0.2203131935 ], [ 174.7187049869, -0.2575263004 ], [ 174.6602762991, -0.2947753284 ], [ 174.6019230623, -0.3320600597 ], [ 174.5436452512, -0.3693802771 ], [ 174.4854428401, -0.4067357637 ], [ 174.4273158026, -0.4441263031 ], [ 174.3692641118, -0.481551679 ], [ 174.3112877402, -0.5190116757 ], [ 174.2533866598, -0.556506078 ], [ 174.1955608422, -0.5940346707 ], [ 174.1378102582, -0.6315972393 ], [ 174.0801348782, -0.6691935697 ], [ 174.0225346721, -0.7068234479 ], [ 173.9650096092, -0.7444866607 ], [ 173.9075596583, -0.782182995 ], [ 173.8501847877, -0.8199122382 ], [ 173.792884965, -0.8576741781 ], [ 173.7356601577, -0.8954686029 ], [ 173.6785103323, -0.933295301 ], [ 173.6214354552, -0.9711540617 ], [ 173.5644354919, -1.0090446742 ], [ 173.5075104078, -1.0469669283 ], [ 173.4506601675, -1.0849206143 ], [ 173.3938847353, -1.1229055227 ], [ 173.3371840748, -1.1609214447 ], [ 173.2805581493, -1.1989681715 ], [ 173.2240069216, -1.2370454952 ], [ 173.1675303538, -1.275153208 ], [ 173.1111284078, -1.3132911024 ], [ 173.0548010449, -1.3514589718 ], [ 172.9985482258, -1.3896566095 ], [ 172.942369911, -1.4278838095 ], [ 172.8862660602, -1.4661403662 ], [ 172.8302366331, -1.5044260743 ], [ 172.7742815884, -1.5427407291 ], [ 172.7184008847, -1.5810841262 ], [ 172.66259448, -1.6194560617 ], [ 172.606862332, -1.657856332 ], [ 172.5512043977, -1.696284734 ], [ 172.495620634, -1.7347410652 ], [ 172.4401109969, -1.7732251232 ], [ 172.3846754423, -1.8117367063 ], [ 172.3293139257, -1.8502756131 ], [ 172.2740264019, -1.8888416427 ], [ 172.2188128254, -1.9274345946 ], [ 172.1636731504, -1.9660542688 ], [ 172.1086073305, -2.0047004656 ], [ 172.053615319, -2.0433729858 ], [ 171.9986970686, -2.0820716308 ], [ 171.9438525317, -2.1207962021 ], [ 171.8890816604, -2.159546502 ], [ 171.8343844062, -2.198322333 ], [ 171.7797607203, -2.2371234982 ], [ 171.7252105535, -2.275949801 ], [ 171.6707338561, -2.3148010454 ], [ 171.6163305781, -2.3536770357 ], [ 171.5620006691, -2.3925775767 ], [ 171.5077440783, -2.4315024736 ], [ 171.4535607544, -2.4704515323 ], [ 171.3994506459, -2.5094245588 ], [ 171.3454137008, -2.5484213597 ], [ 171.2914498667, -2.5874417421 ], [ 171.237559091, -2.6264855135 ], [ 171.1837413205, -2.6655524819 ], [ 171.1299965017, -2.7046424557 ], [ 171.0763245808, -2.7437552437 ], [ 171.0227255035, -2.7828906553 ], [ 170.9691992154, -2.8220485002 ], [ 170.9157456614, -2.8612285887 ], [ 170.8623647864, -2.9004307315 ], [ 170.8090565345, -2.9396547397 ], [ 170.7558208499, -2.978900425 ], [ 170.7026576762, -3.0181675993 ], [ 170.6495669566, -3.0574560753 ], [ 170.5965486342, -3.0967656659 ], [ 170.5436026517, -3.1360961846 ], [ 170.4907289511, -3.1754474452 ], [ 170.4379274746, -3.2148192622 ], [ 170.3851981638, -3.2542114504 ], [ 170.3325409598, -3.293623825 ], [ 170.2799558038, -3.333056202 ], [ 170.2274426363, -3.3725083974 ], [ 170.1750013976, -3.4119802279 ], [ 170.1226320278, -3.4514715108 ], [ 170.0703344665, -3.4909820636 ], [ 170.0181086531, -3.5305117045 ], [ 169.9659545266, -3.570060252 ], [ 169.9138720259, -3.6096275251 ], [ 169.8618610893, -3.6492133433 ], [ 169.8099216551, -3.6888175265 ], [ 169.7580536609, -3.7284398953 ], [ 169.7062570445, -3.7680802705 ], [ 169.6545317429, -3.8077384734 ], [ 169.6028776933, -3.847414326 ], [ 169.5512948322, -3.8871076504 ], [ 169.4997830961, -3.9268182696 ], [ 169.448342421, -3.9665460066 ], [ 169.3969727427, -4.0062906854 ], [ 169.3456739969, -4.04605213 ], [ 169.2944461186, -4.0858301651 ], [ 169.243289043, -4.1256246158 ], [ 169.1922027048, -4.1654353079 ], [ 169.1411870383, -4.2052620672 ], [ 169.0902419778, -4.2451047205 ], [ 169.0393674571, -4.2849630946 ], [ 168.98856341, -4.3248370172 ], [ 168.9378297697, -4.3647263162 ], [ 168.8871664695, -4.40463082 ], [ 168.8365734422, -4.4445503576 ], [ 168.7860506205, -4.4844847583 ], [ 168.7355979366, -4.5244338521 ], [ 168.6852153228, -4.5643974692 ], [ 168.6349027109, -4.6043754406 ], [ 168.5846600326, -4.6443675974 ], [ 168.5344872192, -4.6843737715 ], [ 168.484384202, -4.7243937951 ], [ 168.4343509118, -4.764427501 ], [ 168.3843872793, -4.8044747222 ], [ 168.334493235, -4.8445352926 ], [ 168.2846687092, -4.8846090462 ], [ 168.2349136318, -4.9246958177 ], [ 168.1852279327, -4.9647954421 ], [ 168.1356115413, -5.0049077551 ], [ 168.0860643871, -5.0450325926 ], [ 168.0365863991, -5.0851697913 ], [ 167.9871775063, -5.1253191881 ], [ 167.9378376373, -5.1654806204 ], [ 167.8885667207, -5.2056539264 ], [ 167.8393646847, -5.2458389443 ], [ 167.7902314574, -5.2860355131 ], [ 167.7411669667, -5.3262434721 ], [ 167.6921711402, -5.3664626613 ], [ 167.6432439054, -5.4066929209 ], [ 167.5943851895, -5.4469340918 ], [ 167.5455949198, -5.4871860152 ], [ 167.4968730229, -5.5274485329 ], [ 167.4482194257, -5.5677214872 ], [ 167.3996340546, -5.6080047207 ], [ 167.3511168359, -5.6482980766 ], [ 167.3026676959, -5.6886013986 ], [ 167.2542865603, -5.7289145309 ], [ 167.205973355, -5.7692373179 ], [ 167.1577280057, -5.8095696049 ], [ 167.1095504376, -5.8499112374 ], [ 167.0614405761, -5.8902620614 ], [ 167.0133983462, -5.9306219234 ], [ 166.9654236728, -5.9709906704 ], [ 166.9175164806, -6.0113681499 ], [ 166.8696766943, -6.0517542097 ], [ 166.8219042382, -6.0921486984 ], [ 166.7741990365, -6.1325514647 ], [ 166.7265610134, -6.172962358 ], [ 166.6789900927, -6.2133812281 ], [ 166.6314861983, -6.2538079253 ], [ 166.5840492537, -6.2942423005 ], [ 166.5366791825, -6.3346842048 ], [ 166.4893759078, -6.3751334899 ], [ 166.4421393529, -6.415590008 ], [ 166.3949694408, -6.4560536118 ], [ 166.3478660944, -6.4965241544 ], [ 166.3008292364, -6.5370014894 ], [ 166.2538587893, -6.5774854709 ], [ 166.2069546757, -6.6179759533 ], [ 166.1601168179, -6.6584727917 ], [ 166.113345138, -6.6989758416 ], [ 166.066639558, -6.7394849589 ], [ 166.02, -6.78 ], [ 165.9809487173, -6.7321330048 ], [ 165.9418320986, -6.6842478612 ], [ 165.9026500165, -6.6363446656 ], [ 165.8634023431, -6.588423515 ], [ 165.8240889507, -6.5404845069 ], [ 165.7847097111, -6.4925277391 ], [ 165.745264496, -6.4445533103 ], [ 165.7057531769, -6.3965613195 ], [ 165.6661756253, -6.3485518662 ], [ 165.6265317123, -6.3005250508 ], [ 165.5868213089, -6.2524809737 ], [ 165.547044286, -6.2044197362 ], [ 165.5072005142, -6.1563414401 ], [ 165.4672898639, -6.1082461878 ], [ 165.4273122056, -6.0601340819 ], [ 165.3872674093, -6.0120052261 ], [ 165.3471553449, -5.9638597241 ], [ 165.3069758823, -5.9156976805 ], [ 165.266728891, -5.8675192004 ], [ 165.2264142406, -5.8193243894 ], [ 165.1860318001, -5.7711133536 ], [ 165.1455814388, -5.7228861998 ], [ 165.1050630256, -5.6746430353 ], [ 165.0644764292, -5.6263839679 ], [ 165.0238215182, -5.5781091061 ], [ 164.983098161, -5.5298185587 ], [ 164.9423062259, -5.4815124354 ], [ 164.901445581, -5.4331908463 ], [ 164.8605160941, -5.3848539021 ], [ 164.819517633, -5.336501714 ], [ 164.7784500654, -5.2881343939 ], [ 164.7373132586, -5.2397520541 ], [ 164.6961070799, -5.1913548078 ], [ 164.6548313964, -5.1429427683 ], [ 164.6134860751, -5.0945160499 ], [ 164.5720709828, -5.0460747673 ], [ 164.530585986, -4.9976190359 ], [ 164.4890309513, -4.9491489714 ], [ 164.447405745, -4.9006646905 ], [ 164.4057102332, -4.8521663101 ], [ 164.3639442819, -4.8036539479 ], [ 164.3221077569, -4.7551277223 ], [ 164.2802005241, -4.706587752 ], [ 164.2382224489, -4.6580341565 ], [ 164.1961733966, -4.6094670558 ], [ 164.1540532327, -4.5608865707 ], [ 164.1118618221, -4.5122928222 ], [ 164.0695990298, -4.4636859323 ], [ 164.0272647206, -4.4150660235 ], [ 163.9848587591, -4.3664332188 ], [ 163.94238101, -4.3177876418 ], [ 163.8998313375, -4.2691294168 ], [ 163.8572096058, -4.2204586687 ], [ 163.8145156791, -4.1717755231 ], [ 163.7717494213, -4.1230801059 ], [ 163.7289106962, -4.074372544 ], [ 163.6859993675, -4.0256529647 ], [ 163.6430152987, -3.976921496 ], [ 163.5999583532, -3.9281782664 ], [ 163.5568283942, -3.8794234051 ], [ 163.5136252849, -3.8306570421 ], [ 163.4703488883, -3.7818793076 ], [ 163.4269990673, -3.7330903329 ], [ 163.3835756845, -3.6842902496 ], [ 163.3400786026, -3.6354791901 ], [ 163.2965076841, -3.5866572874 ], [ 163.2528627914, -3.537824675 ], [ 163.2091437866, -3.4889814872 ], [ 163.1653505318, -3.4401278589 ], [ 163.1214828891, -3.3912639257 ], [ 163.0775407203, -3.3423898236 ], [ 163.0335238872, -3.2935056895 ], [ 162.9894322514, -3.2446116609 ], [ 162.9452656744, -3.1957078758 ], [ 162.9010240176, -3.1467944729 ], [ 162.8567071422, -3.0978715918 ], [ 162.8123149096, -3.0489393723 ], [ 162.7678471806, -2.9999979552 ], [ 162.7233038163, -2.9510474819 ], [ 162.6786846775, -2.9020880944 ], [ 162.633989625, -2.8531199352 ], [ 162.5892185194, -2.8041431478 ], [ 162.5443712212, -2.755157876 ], [ 162.4994475908, -2.7061642647 ], [ 162.4544474886, -2.6571624589 ], [ 162.4093707748, -2.6081526048 ], [ 162.3642173095, -2.559134849 ], [ 162.3189869528, -2.5101093387 ], [ 162.2736795646, -2.4610762219 ], [ 162.2282950048, -2.4120356472 ], [ 162.1828331332, -2.3629877641 ], [ 162.1372938093, -2.3139327224 ], [ 162.0916768928, -2.2648706728 ], [ 162.0459822432, -2.2158017667 ], [ 162.0002097199, -2.1667261562 ], [ 161.9543591822, -2.1176439938 ], [ 161.9084304894, -2.068555433 ], [ 161.8624235007, -2.0194606278 ], [ 161.8163380752, -1.9703597331 ], [ 161.7701740718, -1.9212529042 ], [ 161.7239313496, -1.8721402972 ], [ 161.6776097674, -1.8230220691 ], [ 161.631209184, -1.7738983772 ], [ 161.5847294583, -1.7247693799 ], [ 161.5381704487, -1.675635236 ], [ 161.491532014, -1.626496105 ], [ 161.4448140128, -1.5773521473 ], [ 161.3980163034, -1.5282035239 ], [ 161.3511387444, -1.4790503965 ], [ 161.3041811941, -1.4298929274 ], [ 161.2571435108, -1.3807312797 ], [ 161.2100255528, -1.3315656173 ], [ 161.1628271784, -1.2823961046 ], [ 161.1155482457, -1.2332229069 ], [ 161.0681886128, -1.18404619 ], [ 161.0207481379, -1.1348661207 ], [ 160.9732266789, -1.0856828662 ], [ 160.9256240939, -1.0364965946 ], [ 160.8779402408, -0.9873074747 ], [ 160.8301749777, -0.938115676 ], [ 160.7823281622, -0.8889213686 ], [ 160.7343996524, -0.8397247236 ], [ 160.6863893061, -0.7905259124 ], [ 160.6382969811, -0.7413251077 ], [ 160.5901225352, -0.6921224823 ], [ 160.5418658261, -0.6429182101 ], [ 160.4935267116, -0.5937124657 ], [ 160.4451050495, -0.5445054244 ], [ 160.3966006973, -0.495297262 ], [ 160.348013513, -0.4460881555 ], [ 160.2993433541, -0.3968782821 ], [ 160.2505900783, -0.3476678202 ], [ 160.2017535434, -0.2984569486 ], [ 160.1528336069, -0.249245847 ], [ 160.1038301266, -0.2000346958 ], [ 160.0547429602, -0.1508236761 ], [ 160.0055719653, -0.1016129699 ], [ 159.9563169997, -0.0524027597 ], [ 159.906977921, -0.0031932288 ], [ 159.857554587, 0.0460154385 ], [ 159.8080468553, 0.0952230575 ], [ 159.7584545839, 0.1444294425 ], [ 159.7087776303, 0.1936344073 ], [ 159.6590158524, 0.2428377648 ], [ 159.6091691081, 0.292039327 ], [ 159.5592372551, 0.3412389054 ], [ 159.5092201514, 0.3904363108 ], [ 159.4591176549, 0.4396313529 ], [ 159.4089296235, 0.4888238409 ], [ 159.3586559152, 0.5380135833 ], [ 159.308296388, 0.5872003876 ], [ 159.2578509001, 0.6363840608 ], [ 159.2073193095, 0.685564409 ], [ 159.1567014744, 0.7347412375 ], [ 159.1059972531, 0.783914351 ], [ 159.0552065038, 0.8330835533 ], [ 159.0043290849, 0.8822486474 ], [ 158.9533648547, 0.9314094358 ], [ 158.9023136719, 0.9805657198 ], [ 158.8511753949, 1.0297173004 ], [ 158.7999498823, 1.0788639774 ], [ 158.7486369928, 1.1280055503 ], [ 158.6972365853, 1.1771418174 ], [ 158.6457485184, 1.2262725764 ], [ 158.5941726513, 1.2753976243 ], [ 158.5425088429, 1.3245167572 ], [ 158.4907569523, 1.3736297706 ], [ 158.4389168387, 1.422736459 ], [ 158.3869883615, 1.4718366162 ], [ 158.33497138, 1.5209300354 ], [ 158.2828657537, 1.5700165088 ], [ 158.2306713424, 1.6190958279 ], [ 158.1783880056, 1.6681677834 ], [ 158.1260156033, 1.7172321653 ], [ 158.0735539953, 1.7662887628 ], [ 158.0210030419, 1.8153373641 ], [ 157.9683626032, 1.864377757 ], [ 157.9156325394, 1.9134097281 ], [ 157.8628127112, 1.9624330637 ], [ 157.809902979, 2.0114475488 ], [ 157.7569032037, 2.0604529679 ], [ 157.703813246, 2.1094491048 ], [ 157.6506329671, 2.1584357422 ], [ 157.5973622281, 2.2074126624 ], [ 157.5440008903, 2.2563796465 ], [ 157.4905488152, 2.3053364751 ], [ 157.4370058645, 2.3542829279 ], [ 157.3833718999, 2.4032187839 ], [ 157.3296467835, 2.4521438212 ], [ 157.2758303773, 2.5010578171 ], [ 157.2219225438, 2.5499605482 ], [ 157.1679231453, 2.5988517902 ], [ 157.1138320447, 2.6477313181 ], [ 157.0596491047, 2.6965989061 ], [ 157.0053741885, 2.7454543276 ], [ 156.9510071592, 2.794297355 ], [ 156.8965478804, 2.8431277602 ], [ 156.8419962157, 2.8919453142 ], [ 156.7873520289, 2.9407497872 ], [ 156.7326151843, 2.9895409485 ], [ 156.6777855459, 3.0383185667 ], [ 156.6228629784, 3.0870824095 ], [ 156.5678473465, 3.1358322441 ], [ 156.5127385152, 3.1845678365 ], [ 156.4575363496, 3.2332889522 ], [ 156.4022407151, 3.2819953556 ], [ 156.3468514776, 3.3306868107 ], [ 156.2913685028, 3.3793630803 ], [ 156.235791657, 3.4280239267 ], [ 156.1801208065, 3.4766691112 ], [ 156.124355818, 3.5252983943 ], [ 156.0684965585, 3.5739115359 ], [ 156.0125428952, 3.6225082949 ], [ 155.9564946956, 3.6710884295 ], [ 155.9003518273, 3.719651697 ], [ 155.8441141585, 3.7681978539 ], [ 155.7877815574, 3.816726656 ], [ 155.7313538928, 3.8652378582 ], [ 155.6748310333, 3.9137312147 ], [ 155.6182128484, 3.9622064788 ], [ 155.5614992073, 4.010663403 ], [ 155.5046899801, 4.059101739 ], [ 155.4477850368, 4.1075212377 ], [ 155.3907842477, 4.1559216493 ], [ 155.3336874838, 4.204302723 ], [ 155.2764946161, 4.2526642073 ], [ 155.2192055159, 4.3010058499 ], [ 155.1618200551, 4.3493273978 ], [ 155.1043381058, 4.3976285969 ], [ 155.0467595404, 4.4459091925 ], [ 154.9890842316, 4.4941689291 ], [ 154.9313120527, 4.5424075504 ], [ 154.8734428772, 4.5906247992 ], [ 154.8154765789, 4.6388204176 ], [ 154.7574130321, 4.6869941468 ], [ 154.6992521114, 4.7351457273 ], [ 154.6409936918, 4.7832748986 ], [ 154.5826376488, 4.8313813996 ], [ 154.524183858, 4.8794649684 ], [ 154.4656321958, 4.9275253422 ], [ 154.4069825387, 4.9755622574 ], [ 154.3482347637, 5.0235754495 ], [ 154.2893887481, 5.0715646535 ], [ 154.2304443699, 5.1195296033 ], [ 154.1714015073, 5.1674700322 ], [ 154.1122600389, 5.2153856726 ], [ 154.053019844, 5.263276256 ], [ 153.9936808019, 5.3111415133 ], [ 153.9342427929, 5.3589811744 ], [ 153.8747056972, 5.4067949687 ], [ 153.8150693958, 5.4545826245 ], [ 153.7553337702, 5.5023438694 ], [ 153.695498702, 5.5500784303 ], [ 153.6355640738, 5.5977860331 ], [ 153.5755297681, 5.6454664031 ], [ 153.5153956685, 5.6931192647 ], [ 153.4551616585, 5.7407443416 ], [ 153.3948276225, 5.7883413566 ], [ 153.3343934452, 5.8359100317 ], [ 153.273859012, 5.8834500881 ], [ 153.2132242086, 5.9309612465 ], [ 153.1524889213, 5.9784432263 ], [ 153.0916530371, 6.0258957466 ], [ 153.0307164432, 6.0733185254 ], [ 152.9696790276, 6.1207112799 ], [ 152.9085406787, 6.1680737268 ], [ 152.8473012855, 6.2154055818 ], [ 152.7859607376, 6.2627065598 ], [ 152.7245189252, 6.3099763749 ], [ 152.6629757389, 6.3572147406 ], [ 152.60133107, 6.4044213695 ], [ 152.5395848103, 6.4515959734 ], [ 152.4777368523, 6.4987382632 ], [ 152.415787089, 6.5458479494 ], [ 152.353735414, 6.5929247413 ], [ 152.2915817216, 6.6399683477 ], [ 152.2293259067, 6.6869784766 ], [ 152.1669678646, 6.733954835 ], [ 152.1045074915, 6.7808971294 ], [ 152.0419446841, 6.8278050654 ], [ 151.9792793397, 6.8746783478 ], [ 151.9165113565, 6.9215166809 ], [ 151.8536406329, 6.9683197677 ], [ 151.7906670685, 7.015087311 ], [ 151.727590563, 7.0618190126 ], [ 151.6644110172, 7.1085145734 ], [ 151.6011283324, 7.1551736937 ], [ 151.5377424106, 7.2017960731 ], [ 151.4742531545, 7.2483814103 ], [ 151.4106604676, 7.2949294033 ], [ 151.3469642539, 7.3414397494 ], [ 151.2831644182, 7.3879121451 ], [ 151.219260866, 7.4343462861 ], [ 151.1552535037, 7.4807418675 ], [ 151.0911422382, 7.5270985835 ], [ 151.0269269773, 7.5734161277 ], [ 150.9626076294, 7.6196941927 ], [ 150.8981841037, 7.6659324707 ], [ 150.8336563102, 7.712130653 ], [ 150.7690241597, 7.7582884301 ], [ 150.7042875638, 7.8044054919 ], [ 150.6394464346, 7.8504815275 ], [ 150.5745006854, 7.8965162252 ], [ 150.5094502299, 7.9425092726 ], [ 150.4442949829, 7.9884603569 ], [ 150.3790348599, 8.034369164 ], [ 150.3136697772, 8.0802353796 ], [ 150.248199652, 8.1260586883 ], [ 150.1826244021, 8.1718387743 ], [ 150.1169439465, 8.2175753208 ], [ 150.0511582047, 8.2632680106 ], [ 149.9852670973, 8.3089165255 ], [ 149.9192705457, 8.3545205467 ], [ 149.853168472, 8.4000797548 ], [ 149.7869607994, 8.4455938295 ], [ 149.7206474518, 8.49106245 ], [ 149.6542283542, 8.5364852948 ], [ 149.5877034323, 8.5818620415 ], [ 149.5210726129, 8.6271923672 ], [ 149.4543358234, 8.6724759482 ], [ 149.3874929924, 8.7177124603 ], [ 149.3205440494, 8.7629015784 ], [ 149.2534889247, 8.8080429768 ], [ 149.1863275496, 8.8531363292 ], [ 149.1190598564, 8.8981813085 ], [ 149.0516857784, 8.9431775871 ], [ 148.9842052497, 8.9881248366 ], [ 148.9166182054, 9.0330227279 ], [ 148.8489245818, 9.0778709314 ], [ 148.781124316, 9.1226691168 ], [ 148.713217346, 9.167416953 ], [ 148.6452036111, 9.2121141084 ], [ 148.5770830513, 9.2567602507 ], [ 148.5088556079, 9.301355047 ], [ 148.440521223, 9.3458981638 ], [ 148.3720798399, 9.3903892667 ], [ 148.3035314028, 9.434828021 ], [ 148.234875857, 9.4792140912 ], [ 148.166113149, 9.5235471413 ], [ 148.0972432261, 9.5678268344 ], [ 148.028266037, 9.6120528333 ], [ 147.9591815312, 9.6562248001 ], [ 147.8899896594, 9.7003423961 ], [ 147.8206903735, 9.7444052822 ], [ 147.7512836262, 9.7884131187 ], [ 147.6817693717, 9.8323655652 ], [ 147.6121475651, 9.8762622807 ], [ 147.5424181627, 9.9201029237 ], [ 147.4725811219, 9.963887152 ], [ 147.4026364012, 10.0076146229 ], [ 147.3325839603, 10.0512849932 ], [ 147.2624237603, 10.0948979189 ], [ 147.192155763, 10.1384530556 ], [ 147.1217799318, 10.1819500584 ], [ 147.0512962311, 10.2253885815 ], [ 146.9807046264, 10.268768279 ], [ 146.9100050847, 10.3120888041 ], [ 146.8391975739, 10.3553498095 ], [ 146.7682820634, 10.3985509476 ], [ 146.6972585236, 10.4416918699 ], [ 146.6261269262, 10.4847722277 ], [ 146.5548872443, 10.5277916716 ], [ 146.483539452, 10.5707498516 ], [ 146.4120835248, 10.6136464173 ], [ 146.3405194396, 10.6564810177 ], [ 146.2688471743, 10.6992533015 ], [ 146.1970667083, 10.7419629166 ], [ 146.1251780222, 10.7846095106 ], [ 146.053181098, 10.8271927305 ], [ 145.9810759188, 10.8697122229 ], [ 145.9088624694, 10.9121676337 ], [ 145.8365407354, 10.9545586086 ], [ 145.7641107043, 10.9968847926 ], [ 145.6915723645, 11.0391458305 ], [ 145.6189257061, 11.0813413662 ], [ 145.5461707202, 11.1234710436 ], [ 145.4733073996, 11.1655345058 ], [ 145.4003357383, 11.2075313956 ], [ 145.3272557318, 11.2494613555 ], [ 145.2540673769, 11.2913240271 ], [ 145.1807706717, 11.3331190521 ], [ 145.1073656161, 11.3748460715 ], [ 145.033852211, 11.4165047258 ], [ 144.960230459, 11.4580946553 ], [ 144.886500364, 11.4996154997 ], [ 144.8126619314, 11.5410668983 ], [ 144.738715168, 11.5824484903 ], [ 144.6646600821, 11.623759914 ], [ 144.5904966836, 11.6650008078 ], [ 144.5162249837, 11.7061708093 ], [ 144.441844995, 11.7472695561 ], [ 144.367356732, 11.7882966851 ], [ 144.2927602103, 11.8292518331 ], [ 144.2180554472, 11.8701346364 ], [ 144.1432424614, 11.9109447309 ], [ 144.0683212734, 11.9516817522 ], [ 143.9932919049, 11.9923453357 ], [ 143.9181543794, 12.0329351162 ], [ 143.8429087218, 12.0734507284 ], [ 143.7675549587, 12.1138918066 ], [ 143.6920931181, 12.1542579847 ], [ 143.6165232297, 12.1945488965 ], [ 143.5408453248, 12.2347641752 ], [ 143.4650594363, 12.2749034539 ], [ 143.3891655985, 12.3149663655 ], [ 143.3131638477, 12.3549525424 ], [ 143.2370542215, 12.3948616167 ], [ 143.1608367592, 12.4346932206 ], [ 143.0845115018, 12.4744469856 ], [ 143.0080784919, 12.5141225431 ], [ 142.9315377738, 12.5537195244 ], [ 142.8548893935, 12.5932375604 ], [ 142.7781333985, 12.6326762818 ], [ 142.7012698381, 12.6720353189 ], [ 142.6242987633, 12.7113143022 ], [ 142.5472202267, 12.7505128616 ], [ 142.4700342828, 12.789630627 ], [ 142.3927409875, 12.8286672279 ], [ 142.3153403988, 12.8676222939 ], [ 142.2378325761, 12.906495454 ], [ 142.1602175807, 12.9452863376 ], [ 142.0824954755, 12.9839945733 ], [ 142.0046663254, 13.02261979 ], [ 141.9267301969, 13.0611616163 ], [ 141.8486871582, 13.0996196805 ], [ 141.7705372794, 13.137993611 ], [ 141.6922806323, 13.1762830359 ], [ 141.6139172906, 13.2144875832 ], [ 141.5354473296, 13.252606881 ], [ 141.4568708266, 13.2906405569 ], [ 141.3781878607, 13.3285882387 ], [ 141.2993985127, 13.366449554 ], [ 141.2205028653, 13.4042241304 ], [ 141.141501003, 13.4419115952 ], [ 141.0623930122, 13.4795115758 ], [ 140.9831789811, 13.5170236996 ], [ 140.9038589998, 13.5544475938 ], [ 140.8244331602, 13.5917828857 ], [ 140.7449015561, 13.6290292023 ], [ 140.6652642833, 13.6661861709 ], [ 140.5855214393, 13.7032534186 ], [ 140.5056731237, 13.7402305726 ], [ 140.4257194377, 13.7771172598 ], [ 140.3456604847, 13.8139131074 ], [ 140.2654963698, 13.8506177426 ], [ 140.1852272003, 13.8872307925 ], [ 140.1048530852, 13.9237518842 ], [ 140.0243741354, 13.960180645 ], [ 139.943790464, 13.9965167022 ], [ 139.8631021857, 14.0327596831 ], [ 139.7823094175, 14.068909215 ], [ 139.7014122782, 14.1049649254 ], [ 139.6204108886, 14.1409264418 ], [ 139.5393053714, 14.1767933919 ], [ 139.4580958514, 14.2125654034 ], [ 139.3767824553, 14.2482421041 ], [ 139.2953653118, 14.283823122 ], [ 139.2138445518, 14.3193080851 ], [ 139.132220308, 14.3546966218 ], [ 139.0504927151, 14.3899883602 ], [ 138.96866191, 14.425182929 ], [ 138.8867280314, 14.4602799568 ], [ 138.8046912203, 14.4952790724 ], [ 138.7225516195, 14.530179905 ], [ 138.6403093741, 14.5649820836 ], [ 138.5579646309, 14.5996852378 ], [ 138.4755175391, 14.6342889972 ], [ 138.3929682499, 14.6687929916 ], [ 138.3103169164, 14.703196851 ], [ 138.2275636939, 14.7375002059 ], [ 138.1447087398, 14.7717026867 ], [ 138.0617522135, 14.8058039243 ], [ 137.9786942766, 14.8398035497 ], [ 137.8955350928, 14.8737011944 ], [ 137.8122748278, 14.90749649 ], [ 137.7289136495, 14.9411890684 ], [ 137.6454517278, 14.9747785618 ], [ 137.561889235, 15.0082646029 ], [ 137.4782263451, 15.0416468245 ], [ 137.3944632346, 15.0749248599 ], [ 137.310600082, 15.1080983425 ], [ 137.2266370679, 15.1411669065 ], [ 137.1425743751, 15.1741301859 ], [ 137.0584121885, 15.2069878155 ], [ 136.9741506953, 15.2397394304 ], [ 136.8897900847, 15.2723846659 ], [ 136.8053305481, 15.304923158 ], [ 136.7207722791, 15.3373545428 ], [ 136.6361154734, 15.3696784571 ], [ 136.5513603291, 15.4018945381 ], [ 136.4665070462, 15.4340024232 ], [ 136.381555827, 15.4660017505 ], [ 136.296506876, 15.4978921585 ], [ 136.2113604, 15.5296732861 ], [ 136.1261166077, 15.5613447728 ], [ 136.0407757104, 15.5929062586 ], [ 135.9553379212, 15.624357384 ], [ 135.8698034557, 15.6556977898 ], [ 135.7841725317, 15.6869271176 ], [ 135.6984453689, 15.7180450095 ], [ 135.6126221896, 15.749051108 ], [ 135.5267032181, 15.7799450564 ], [ 135.4406886811, 15.8107264982 ], [ 135.3545788073, 15.8413950779 ], [ 135.2683738278, 15.8719504403 ], [ 135.1820739758, 15.9023922309 ], [ 135.095679487, 15.9327200959 ], [ 135.009190599, 15.962933682 ], [ 134.9226075518, 15.9930326365 ], [ 134.8359305878, 16.0230166076 ], [ 134.7491599512, 16.0528852437 ], [ 134.662295889, 16.0826381944 ], [ 134.5753386501, 16.1122751095 ], [ 134.4882884857, 16.1417956399 ], [ 134.4011456492, 16.1711994369 ], [ 134.3139103965, 16.2004861526 ], [ 134.2265829856, 16.2296554399 ], [ 134.1391636766, 16.2587069524 ], [ 134.0516527321, 16.2876403443 ], [ 133.964050417, 16.3164552708 ], [ 133.8763569981, 16.3451513876 ], [ 133.7885727448, 16.3737283513 ], [ 133.7006979288, 16.4021858194 ], [ 133.6127328237, 16.43052345 ], [ 133.5246777058, 16.4587409022 ], [ 133.4365328533, 16.4868378357 ], [ 133.3482985469, 16.5148139113 ], [ 133.2599750695, 16.5426687903 ], [ 133.1715627063, 16.5704021351 ], [ 133.0830617446, 16.598013609 ], [ 132.9944724743, 16.625502876 ], [ 132.9057951871, 16.6528696011 ], [ 132.8170301775, 16.6801134501 ], [ 132.7281777418, 16.7072340899 ], [ 132.6392381789, 16.734231188 ], [ 132.5502117897, 16.7611044132 ], [ 132.4610988776, 16.787853435 ], [ 132.3718997481, 16.8144779238 ], [ 132.282614709, 16.8409775513 ], [ 132.1932440705, 16.8673519897 ], [ 132.1037881449, 16.8936009126 ], [ 132.0142472467, 16.9197239944 ], [ 131.9246216929, 16.9457209105 ], [ 131.8349118025, 16.9715913374 ], [ 131.745117897, 16.9973349526 ], [ 131.6552403, 17.0229514346 ], [ 131.5652793373, 17.048440463 ], [ 131.475235337, 17.0738017184 ], [ 131.3851086297, 17.0990348825 ], [ 131.2948995478, 17.1241396383 ], [ 131.2046084262, 17.1491156695 ], [ 131.114235602, 17.1739626611 ], [ 131.0237814146, 17.1986802994 ], [ 130.9332462056, 17.2232682715 ], [ 130.8426303187, 17.2477262659 ], [ 130.7519340999, 17.2720539721 ], [ 130.6611578976, 17.2962510808 ], [ 130.5703020622, 17.320317284 ], [ 130.4793669463, 17.3442522746 ], [ 130.388352905, 17.368055747 ], [ 130.2972602952, 17.3917273967 ], [ 130.2060894763, 17.4152669203 ], [ 130.1148408099, 17.4386740158 ], [ 130.0235146596, 17.4619483823 ], [ 129.9321113914, 17.4850897202 ], [ 129.8406313734, 17.5080977313 ], [ 129.7490749757, 17.5309721185 ], [ 129.657442571, 17.553712586 ], [ 129.5657345339, 17.5763188394 ], [ 129.4739512411, 17.5987905854 ], [ 129.3820930715, 17.6211275323 ], [ 129.2901604064, 17.6433293896 ], [ 129.1981536291, 17.665395868 ], [ 129.1060731248, 17.6873266798 ], [ 129.0139192813, 17.7091215384 ], [ 128.9216924882, 17.7307801588 ], [ 128.8293931373, 17.7523022573 ], [ 128.7370216226, 17.7736875514 ], [ 128.6445783402, 17.7949357604 ], [ 128.5520636882, 17.8160466047 ], [ 128.4594780669, 17.8370198062 ], [ 128.3668218787, 17.8578550883 ], [ 128.2740955281, 17.8785521758 ], [ 128.1812994217, 17.8991107949 ], [ 128.088433968, 17.9195306733 ], [ 127.9954995778, 17.9398115403 ], [ 127.9024966638, 17.9599531265 ], [ 127.8094256409, 17.9799551642 ], [ 127.7162869258, 17.9998173869 ], [ 127.6230809375, 18.01953953 ], [ 127.529808097, 18.0391213301 ], [ 127.4364688271, 18.0585625255 ], [ 127.3430635528, 18.0778628561 ], [ 127.2495927012, 18.0970220633 ], [ 127.156056701, 18.11603989 ], [ 127.0624559834, 18.1349160807 ], [ 126.9687909812, 18.1536503817 ], [ 126.8750621293, 18.1722425405 ], [ 126.7812698646, 18.1906923066 ], [ 126.6874146259, 18.2089994308 ], [ 126.5934968538, 18.2271636659 ], [ 126.4995169912, 18.245184766 ], [ 126.4054754826, 18.263062487 ], [ 126.3113727745, 18.2807965865 ], [ 126.2172093154, 18.2983868236 ], [ 126.1229855555, 18.3158329593 ], [ 126.028701947, 18.333134756 ], [ 125.9343589439, 18.3502919782 ], [ 125.8399570023, 18.3673043917 ], [ 125.7454965799, 18.3841717644 ], [ 125.6509781363, 18.4008938655 ], [ 125.5564021328, 18.4174704663 ], [ 125.4617690329, 18.4339013397 ], [ 125.3670793015, 18.4501862603 ], [ 125.2723334054, 18.4663250046 ], [ 125.1775318134, 18.4823173507 ], [ 125.0826749958, 18.4981630787 ], [ 124.9877634248, 18.5138619704 ], [ 124.8927975743, 18.5294138092 ], [ 124.79777792, 18.5448183807 ], [ 124.7027049392, 18.5600754719 ], [ 124.607579111, 18.575184872 ], [ 124.5124009162, 18.5901463718 ], [ 124.4171708372, 18.604959764 ], [ 124.3218893582, 18.6196248432 ], [ 124.226556965, 18.6341414057 ], [ 124.1311741451, 18.64850925 ], [ 124.0357413874, 18.6627281762 ], [ 123.9402591828, 18.6767979863 ], [ 123.8447280235, 18.6907184843 ], [ 123.7491484034, 18.7044894761 ], [ 123.6535208179, 18.7181107694 ], [ 123.5578457643, 18.731582174 ], [ 123.4621237409, 18.7449035015 ], [ 123.3663552481, 18.7580745654 ], [ 123.2705407874, 18.7710951812 ], [ 123.174680862, 18.7839651665 ], [ 123.0787759766, 18.7966843405 ], [ 122.9828266373, 18.8092525248 ], [ 122.8868333517, 18.8216695427 ], [ 122.790796629, 18.8339352194 ], [ 122.6947169796, 18.8460493824 ], [ 122.5985949154, 18.858011861 ], [ 122.5024309498, 18.8698224865 ], [ 122.4062255975, 18.8814810923 ], [ 122.3099793746, 18.8929875138 ], [ 122.2136927986, 18.9043415882 ], [ 122.1173663883, 18.9155431552 ], [ 122.0210006637, 18.9265920561 ], [ 121.9245961465, 18.9374881344 ], [ 121.8281533592, 18.9482312358 ], [ 121.731672826, 18.9588212078 ], [ 121.6351550722, 18.9692579003 ], [ 121.5386006243, 18.9795411648 ], [ 121.44201001, 18.9896708554 ], [ 121.3453837585, 18.999646828 ], [ 121.2487223998, 19.0094689405 ], [ 121.1520264655, 19.0191370531 ], [ 121.055296488, 19.0286510281 ], [ 120.9585330011, 19.0380107299 ], [ 120.8617365395, 19.0472160248 ], [ 120.7649076393, 19.0562667815 ], [ 120.6680468376, 19.0651628708 ], [ 120.5711546724, 19.0739041654 ], [ 120.4742316829, 19.0824905404 ], [ 120.3772784095, 19.0909218729 ], [ 120.2802953935, 19.0991980423 ], [ 120.183283177, 19.1073189299 ], [ 120.0862423035, 19.1152844195 ], [ 119.9891733172, 19.1230943967 ], [ 119.8920767634, 19.1307487496 ], [ 119.7949531881, 19.1382473682 ], [ 119.6978031387, 19.145590145 ], [ 119.6006271629, 19.1527769744 ], [ 119.5034258099, 19.159807753 ], [ 119.4061996292, 19.1666823799 ], [ 119.3089491717, 19.1734007561 ], [ 119.2116749886, 19.1799627848 ], [ 119.1143776324, 19.1863683717 ], [ 119.0170576561, 19.1926174243 ], [ 118.9197156135, 19.1987098528 ], [ 118.8223520592, 19.2046455691 ], [ 118.7249675487, 19.2104244878 ], [ 118.627562638, 19.2160465254 ], [ 118.5301378838, 19.2215116008 ], [ 118.4326938437, 19.2268196351 ], [ 118.3352310759, 19.2319705516 ], [ 118.237750139, 19.2369642759 ], [ 118.1402515925, 19.2418007357 ], [ 118.0427359965, 19.2464798613 ], [ 117.9452039115, 19.2510015848 ], [ 117.8476558987, 19.255365841 ], [ 117.75009252, 19.2595725665 ], [ 117.6525143375, 19.2636217006 ], [ 117.554921914, 19.2675131847 ], [ 117.4573158129, 19.2712469622 ], [ 117.3596965979, 19.2748229792 ], [ 117.2620648332, 19.2782411839 ], [ 117.1644210835, 19.2815015267 ], [ 117.0667659138, 19.2846039603 ], [ 116.9690998896, 19.2875484397 ], [ 116.8714235768, 19.2903349223 ], [ 116.7737375415, 19.2929633677 ], [ 116.6760423503, 19.2954337376 ], [ 116.5783385701, 19.2977459963 ], [ 116.4806267681, 19.2999001102 ], [ 116.3829075115, 19.3018960481 ], [ 116.2851813683, 19.3037337809 ], [ 116.1874489063, 19.305413282 ], [ 116.0897106936, 19.3069345269 ], [ 115.9919672987, 19.3082974937 ], [ 115.8942192901, 19.3095021625 ], [ 115.7964672364, 19.3105485159 ], [ 115.6987117066, 19.3114365385 ], [ 115.6009532696, 19.3121662175 ], [ 115.5031924944, 19.3127375424 ], [ 115.4054299503, 19.3131505048 ], [ 115.3076662064, 19.3134050987 ], [ 115.209901832, 19.3135013205 ], [ 115.1121373964, 19.3134391686 ], [ 115.0143734688, 19.3132186441 ], [ 114.9166106185, 19.3128397501 ], [ 114.8188494147, 19.3123024922 ], [ 114.7210904267, 19.3116068781 ], [ 114.6233342234, 19.3107529179 ], [ 114.5255813739, 19.3097406241 ], [ 114.4278324471, 19.3085700113 ], [ 114.3300880117, 19.3072410966 ], [ 114.2323486362, 19.3057538993 ], [ 114.1346148891, 19.3041084409 ], [ 114.0368873386, 19.3023047453 ], [ 113.9391665526, 19.3003428388 ], [ 113.841453099, 19.2982227498 ], [ 113.7437475452, 19.295944509 ], [ 113.6460504585, 19.2935081496 ], [ 113.5483624057, 19.2909137069 ], [ 113.4506839535, 19.2881612186 ], [ 113.3530156682, 19.2852507245 ], [ 113.2553581157, 19.2821822669 ], [ 113.1577118616, 19.2789558902 ], [ 113.0600774709, 19.2755716413 ], [ 112.9624555086, 19.2720295692 ], [ 112.8648465387, 19.2683297252 ], [ 112.7672511253, 19.2644721629 ], [ 112.6696698317, 19.2604569382 ], [ 112.5721032208, 19.2562841093 ], [ 112.474551855, 19.2519537365 ], [ 112.3770162962, 19.2474658825 ], [ 112.2794971057, 19.2428206122 ], [ 112.1819948441, 19.2380179929 ], [ 112.0845100717, 19.2330580939 ], [ 111.9870433481, 19.227940987 ], [ 111.8895952321, 19.2226667461 ], [ 111.792166282, 19.2172354474 ], [ 111.6947570554, 19.2116471694 ], [ 111.5973681094, 19.2059019926 ], [ 111.5, 19.2 ] ] ] } },
{ "type": "Feature", "properties": { "fid": 5, "chart": "L" }, "geometry": { "type": "Polygon", "coordinates": [ [ [ 114.82, 12.08 ], [ 114.7516931413, 12.1310837438 ], [ 114.683262437, 12.1821235548 ], [ 114.6147077457, 12.2331190606 ], [ 114.5460289271, 12.284069888 ], [ 114.4772258415, 12.3349756629 ], [ 114.4082983504, 12.3858360099 ], [ 114.339246316, 12.436650553 ], [ 114.2700696017, 12.4874189148 ], [ 114.2007680718, 12.5381407172 ], [ 114.1313415913, 12.5888155811 ], [ 114.0617900266, 12.6394431262 ], [ 113.9921132447, 12.6900229715 ], [ 113.9223111139, 12.7405547348 ], [ 113.8523835034, 12.791038033 ], [ 113.7823302835, 12.8414724822 ], [ 113.7121513252, 12.8918576973 ], [ 113.6418465011, 12.9421932923 ], [ 113.5714156844, 12.9924788802 ], [ 113.5008587496, 13.0427140732 ], [ 113.4301755721, 13.0928984824 ], [ 113.3593660287, 13.143031718 ], [ 113.288429997, 13.1931133892 ], [ 113.2173673557, 13.2431431044 ], [ 113.146177985, 13.2931204708 ], [ 113.0748617658, 13.3430450949 ], [ 113.0034185803, 13.3929165822 ], [ 112.9318483121, 13.4427345372 ], [ 112.8601508455, 13.4924985635 ], [ 112.7883260665, 13.5422082638 ], [ 112.7163738618, 13.5918632399 ], [ 112.6442941197, 13.6414630926 ], [ 112.5720867296, 13.6910074219 ], [ 112.4997515819, 13.7404958267 ], [ 112.4272885686, 13.7899279052 ], [ 112.3546975827, 13.8393032546 ], [ 112.2819785186, 13.8886214712 ], [ 112.209131272, 13.9378821504 ], [ 112.1361557396, 13.9870848868 ], [ 112.0630518198, 14.036229274 ], [ 111.9898194122, 14.0853149047 ], [ 111.9164584174, 14.1343413708 ], [ 111.8429687378, 14.1833082634 ], [ 111.7693502769, 14.2322151725 ], [ 111.6956029396, 14.2810616874 ], [ 111.6217266323, 14.3298473966 ], [ 111.5477212624, 14.3785718876 ], [ 111.4735867392, 14.427234747 ], [ 111.3993229732, 14.4758355608 ], [ 111.3249298762, 14.5243739139 ], [ 111.2504073615, 14.5728493905 ], [ 111.175755344, 14.621261574 ], [ 111.10097374, 14.6696100469 ], [ 111.0260624672, 14.7178943909 ], [ 110.9510214447, 14.7661141868 ], [ 110.8758505933, 14.8142690146 ], [ 110.8005498353, 14.8623584538 ], [ 110.7251190944, 14.9103820826 ], [ 110.6495582959, 14.9583394788 ], [ 110.5738673667, 15.0062302193 ], [ 110.4980462352, 15.05405388 ], [ 110.4220948313, 15.1018100364 ], [ 110.3460130867, 15.1494982629 ], [ 110.2698009345, 15.1971181333 ], [ 110.1934583096, 15.2446692206 ], [ 110.1169851484, 15.292151097 ], [ 110.0403813889, 15.339563334 ], [ 109.9636469709, 15.3869055024 ], [ 109.8867818358, 15.4341771721 ], [ 109.8097859267, 15.4813779124 ], [ 109.7326591884, 15.5285072919 ], [ 109.6554015673, 15.5755648784 ], [ 109.5780130117, 15.622550239 ], [ 109.5004934715, 15.66946294 ], [ 109.4228428984, 15.7163025473 ], [ 109.3450612459, 15.7630686257 ], [ 109.2671484691, 15.8097607396 ], [ 109.1891045252, 15.8563784527 ], [ 109.1109293729, 15.9029213278 ], [ 109.0326229729, 15.9493889273 ], [ 108.9541852876, 15.9957808128 ], [ 108.8756162813, 16.0420965453 ], [ 108.7969159203, 16.0883356851 ], [ 108.7180841726, 16.1344977918 ], [ 108.639121008, 16.1805824245 ], [ 108.5600263983, 16.2265891417 ], [ 108.4808003174, 16.2725175011 ], [ 108.4014427409, 16.31836706 ], [ 108.3219536462, 16.3641373749 ], [ 108.2423330131, 16.4098280018 ], [ 108.1625808229, 16.4554384961 ], [ 108.0826970592, 16.5009684127 ], [ 108.0026817074, 16.5464173057 ], [ 107.922534755, 16.5917847289 ], [ 107.8422561915, 16.6370702354 ], [ 107.7618460084, 16.6822733778 ], [ 107.6813041993, 16.727393708 ], [ 107.6006307599, 16.7724307776 ], [ 107.5198256877, 16.8173841376 ], [ 107.4388889827, 16.8622533384 ], [ 107.3578206466, 16.9070379299 ], [ 107.2766206836, 16.9517374616 ], [ 107.1952890998, 16.9963514825 ], [ 107.1138259034, 17.0408795409 ], [ 107.0322311048, 17.085321185 ], [ 106.9505047167, 17.1296759622 ], [ 106.8686467538, 17.1739434195 ], [ 106.7866572332, 17.2181231037 ], [ 106.704536174, 17.2622145609 ], [ 106.6222835976, 17.3062173368 ], [ 106.5398995277, 17.3501309767 ], [ 106.4573839902, 17.3939550256 ], [ 106.3747370132, 17.4376890279 ], [ 106.2919586272, 17.4813325278 ], [ 106.2090488649, 17.5248850691 ], [ 106.1260077614, 17.5683461949 ], [ 106.042835354, 17.6117154485 ], [ 105.9595316824, 17.6549923722 ], [ 105.8760967886, 17.6981765086 ], [ 105.792530717, 17.7412673994 ], [ 105.7088335145, 17.7842645863 ], [ 105.62500523, 17.8271676106 ], [ 105.5410459153, 17.8699760133 ], [ 105.4569556242, 17.9126893352 ], [ 105.3727344131, 17.9553071165 ], [ 105.2883823409, 17.9978288974 ], [ 105.2038994689, 18.0402542178 ], [ 105.1192858607, 18.0825826173 ], [ 105.0345415826, 18.1248136353 ], [ 104.9496667033, 18.1669468108 ], [ 104.864661294, 18.2089816828 ], [ 104.7795254285, 18.25091779 ], [ 104.694259183, 18.2927546708 ], [ 104.6088626363, 18.3344918635 ], [ 104.5233358699, 18.3761289062 ], [ 104.4376789675, 18.4176653369 ], [ 104.3518920158, 18.4591006933 ], [ 104.2659751039, 18.5004345131 ], [ 104.1799283235, 18.5416663337 ], [ 104.0937517688, 18.5827956925 ], [ 104.007445537, 18.6238221268 ], [ 103.9210097276, 18.6647451736 ], [ 103.8344444429, 18.70556437 ], [ 103.7477497879, 18.7462792531 ], [ 103.6609258701, 18.7868893596 ], [ 103.5739727999, 18.8273942264 ], [ 103.4868906904, 18.8677933904 ], [ 103.3996796573, 18.9080863882 ], [ 103.3123398191, 18.9482727566 ], [ 103.224871297, 18.9883520323 ], [ 103.1372742151, 19.0283237521 ], [ 103.0495487, 19.0681874526 ], [ 102.9616948813, 19.1079426707 ], [ 102.8737128915, 19.1475889432 ], [ 102.7856028655, 19.1871258069 ], [ 102.6973649414, 19.2265527987 ], [ 102.6089992599, 19.2658694556 ], [ 102.5205059646, 19.3050753146 ], [ 102.4318852021, 19.3441699131 ], [ 102.3431371217, 19.3831527882 ], [ 102.2542618755, 19.4220234773 ], [ 102.1652596186, 19.4607815181 ], [ 102.0761305092, 19.4994264482 ], [ 101.9868747079, 19.5379578056 ], [ 101.8974923787, 19.5763751281 ], [ 101.8079836882, 19.6146779542 ], [ 101.7183488063, 19.6528658222 ], [ 101.6285879054, 19.6909382707 ], [ 101.5387011611, 19.7288948387 ], [ 101.4486887521, 19.7667350653 ], [ 101.3585508599, 19.8044584899 ], [ 101.2682876689, 19.8420646522 ], [ 101.1778993668, 19.879553092 ], [ 101.087386144, 19.9169233496 ], [ 100.9967481941, 19.9541749656 ], [ 100.9059857138, 19.9913074808 ], [ 100.8150989026, 20.0283204365 ], [ 100.7240879632, 20.0652133742 ], [ 100.6329531014, 20.1019858358 ], [ 100.541694526, 20.1386373636 ], [ 100.4503124488, 20.1751675004 ], [ 100.3588070849, 20.2115757893 ], [ 100.2671786523, 20.2478617737 ], [ 100.1754273722, 20.2840249976 ], [ 100.0835534689, 20.3200650056 ], [ 99.9915571698, 20.3559813423 ], [ 99.8994387055, 20.3917735533 ], [ 99.8071983096, 20.4274411844 ], [ 99.7148362189, 20.4629837818 ], [ 99.6223526735, 20.4984008926 ], [ 99.5297479165, 20.5336920641 ], [ 99.4370221942, 20.5688568443 ], [ 99.3441757561, 20.6038947818 ], [ 99.2512088549, 20.6388054256 ], [ 99.1581217465, 20.6735883255 ], [ 99.06491469, 20.7082430318 ], [ 98.9715879475, 20.7427690955 ], [ 98.8781417848, 20.7771660681 ], [ 98.7845764703, 20.8114335019 ], [ 98.6908922762, 20.8455709499 ], [ 98.5970894776, 20.8795779655 ], [ 98.5031683529, 20.9134541032 ], [ 98.4091291837, 20.947198918 ], [ 98.3149722551, 20.9808119655 ], [ 98.2206978551, 21.0142928024 ], [ 98.1263062753, 21.0476409858 ], [ 98.0317978103, 21.0808560738 ], [ 97.9371727582, 21.1139376252 ], [ 97.8424314201, 21.1468851997 ], [ 97.7475741007, 21.1796983576 ], [ 97.6526011078, 21.2123766605 ], [ 97.5575127525, 21.2449196702 ], [ 97.4623093493, 21.27732695 ], [ 97.3669912158, 21.3095980636 ], [ 97.2715586732, 21.341732576 ], [ 97.1760120458, 21.3737300527 ], [ 97.0803516612, 21.4055900606 ], [ 96.9845778504, 21.4373121671 ], [ 96.8886909478, 21.4688959409 ], [ 96.792691291, 21.5003409514 ], [ 96.6965792209, 21.5316467694 ], [ 96.6003550818, 21.5628129661 ], [ 96.5040192213, 21.5938391144 ], [ 96.4075719904, 21.6247247878 ], [ 96.3110137433, 21.6554695609 ], [ 96.2143448378, 21.6860730096 ], [ 96.1175656347, 21.7165347106 ], [ 96.0206764984, 21.746854242 ], [ 95.9236777964, 21.7770311828 ], [ 95.8265698999, 21.8070651132 ], [ 95.7293531832, 21.8369556146 ], [ 95.6320280239, 21.8667022695 ], [ 95.534594803, 21.8963046617 ], [ 95.437053905, 21.9257623761 ], [ 95.3394057176, 21.9550749989 ], [ 95.2416506318, 21.9842421174 ], [ 95.1437890421, 22.0132633202 ], [ 95.0458213462, 22.0421381974 ], [ 94.9477479452, 22.07086634 ], [ 94.8495692436, 22.0994473406 ], [ 94.7512856492, 22.1278807929 ], [ 94.6528975731, 22.1561662922 ], [ 94.5544054298, 22.1843034348 ], [ 94.4558096371, 22.2122918187 ], [ 94.3571106162, 22.2401310431 ], [ 94.2583087914, 22.2678207086 ], [ 94.1594045907, 22.2953604172 ], [ 94.0603984452, 22.3227497724 ], [ 93.9612907893, 22.3499883792 ], [ 93.8620820609, 22.377075844 ], [ 93.7627727009, 22.4040117745 ], [ 93.6633631539, 22.4307957801 ], [ 93.5638538676, 22.4574274717 ], [ 93.4642452929, 22.4839064618 ], [ 93.3645378843, 22.5102323641 ], [ 93.2647320993, 22.5364047943 ], [ 93.1648283989, 22.5624233694 ], [ 93.0648272472, 22.588287708 ], [ 92.9647291118, 22.6139974305 ], [ 92.8645344635, 22.6395521586 ], [ 92.7642437762, 22.664951516 ], [ 92.6638575272, 22.6901951278 ], [ 92.5633761971, 22.7152826209 ], [ 92.4628002698, 22.7402136239 ], [ 92.3621302322, 22.7649877669 ], [ 92.2613665746, 22.789604682 ], [ 92.1605097905, 22.8140640028 ], [ 92.0595603767, 22.8383653648 ], [ 91.9585188332, 22.8625084053 ], [ 91.857385663, 22.8864927632 ], [ 91.7561613724, 22.9103180794 ], [ 91.6548464712, 22.9339839965 ], [ 91.5534414718, 22.9574901589 ], [ 91.4519468903, 22.9808362129 ], [ 91.3503632457, 23.0040218067 ], [ 91.2486910602, 23.0270465903 ], [ 91.1469308591, 23.0499102157 ], [ 91.0450831708, 23.0726123368 ], [ 90.943148527, 23.0951526092 ], [ 90.8411274624, 23.1175306906 ], [ 90.7390205147, 23.1397462409 ], [ 90.6368282248, 23.1617989215 ], [ 90.5345511368, 23.1836883961 ], [ 90.4321897975, 23.2054143303 ], [ 90.3297447572, 23.2269763918 ], [ 90.2272165689, 23.2483742502 ], [ 90.1246057888, 23.2696075773 ], [ 90.021912976, 23.2906760469 ], [ 89.9191386926, 23.3115793347 ], [ 89.816283504, 23.3323171187 ], [ 89.7133479781, 23.3528890791 ], [ 89.6103326861, 23.373294898 ], [ 89.507238202, 23.3935342596 ], [ 89.4040651027, 23.4136068506 ], [ 89.3008139683, 23.4335123594 ], [ 89.1974853815, 23.453250477 ], [ 89.0940799279, 23.4728208963 ], [ 88.9905981961, 23.4922233126 ], [ 88.8870407776, 23.5114574233 ], [ 88.7834082666, 23.5305229281 ], [ 88.6797012603, 23.549419529 ], [ 88.5759203585, 23.5681469301 ], [ 88.4720661638, 23.5867048379 ], [ 88.3681392819, 23.6050929613 ], [ 88.264140321, 23.6233110113 ], [ 88.1600698919, 23.6413587013 ], [ 88.0559286085, 23.6592357471 ], [ 87.9517170871, 23.6769418668 ], [ 87.8474359469, 23.6944767809 ], [ 87.7430858096, 23.7118402122 ], [ 87.6386672997, 23.729031886 ], [ 87.5341810442, 23.7460515299 ], [ 87.4296276728, 23.7628988739 ], [ 87.3250078179, 23.7795736506 ], [ 87.2203221142, 23.7960755949 ], [ 87.1155711992, 23.8124044442 ], [ 87.0107557128, 23.8285599384 ], [ 86.9058762976, 23.8445418198 ], [ 86.8009335984, 23.8603498332 ], [ 86.6959282628, 23.8759837261 ], [ 86.5908609407, 23.8914432483 ], [ 86.4857322843, 23.9067281521 ], [ 86.3805429485, 23.9218381927 ], [ 86.2752935903, 23.9367731274 ], [ 86.1699848694, 23.9515327164 ], [ 86.0646174475, 23.9661167223 ], [ 85.9591919889, 23.9805249104 ], [ 85.85370916, 23.9947570486 ], [ 85.7481696297, 24.0088129073 ], [ 85.6425740689, 24.0226922597 ], [ 85.536923151, 24.0363948815 ], [ 85.4312175514, 24.0499205511 ], [ 85.3254579478, 24.0632690495 ], [ 85.21964502, 24.0764401607 ], [ 85.11377945, 24.0894336708 ], [ 85.0078619218, 24.1022493692 ], [ 84.9018931218, 24.1148870476 ], [ 84.7958737381, 24.1273465005 ], [ 84.689804461, 24.1396275253 ], [ 84.5836859828, 24.151729922 ], [ 84.4775189979, 24.1636534932 ], [ 84.3713042025, 24.1753980447 ], [ 84.2650422948, 24.1869633845 ], [ 84.1587339749, 24.1983493239 ], [ 84.052379945, 24.2095556766 ], [ 83.9459809087, 24.2205822594 ], [ 83.839537572, 24.2314288917 ], [ 83.7330506423, 24.2420953957 ], [ 83.6265208288, 24.2525815966 ], [ 83.5199488428, 24.2628873223 ], [ 83.413335397, 24.2730124036 ], [ 83.3066812059, 24.2829566742 ], [ 83.1999869857, 24.2927199705 ], [ 83.0932534541, 24.302302132 ], [ 82.9864813308, 24.3117030008 ], [ 82.8796713367, 24.3209224221 ], [ 82.7728241944, 24.3299602439 ], [ 82.665940628, 24.3388163172 ], [ 82.5590213633, 24.3474904958 ], [ 82.4520671273, 24.3559826365 ], [ 82.3450786487, 24.3642925989 ], [ 82.2380566574, 24.3724202457 ], [ 82.1310018848, 24.3803654425 ], [ 82.0239150637, 24.3881280577 ], [ 81.9167969282, 24.3957079628 ], [ 81.8096482137, 24.4031050322 ], [ 81.7024696569, 24.4103191433 ], [ 81.5952619956, 24.4173501766 ], [ 81.488025969, 24.4241980153 ], [ 81.3807623175, 24.4308625457 ], [ 81.2734717825, 24.4373436573 ], [ 81.1661551066, 24.4436412423 ], [ 81.0588130336, 24.449755196 ], [ 80.9514463081, 24.4556854168 ], [ 80.844055676, 24.4614318061 ], [ 80.7366418841, 24.4669942682 ], [ 80.6292056802, 24.4723727105 ], [ 80.521747813, 24.4775670435 ], [ 80.4142690321, 24.4825771805 ], [ 80.306770088, 24.4874030383 ], [ 80.1992517321, 24.4920445362 ], [ 80.0917147166, 24.4965015969 ], [ 79.9841597945, 24.500774146 ], [ 79.8765877194, 24.5048621123 ], [ 79.7689992458, 24.5087654275 ], [ 79.6613951289, 24.5124840264 ], [ 79.5537761244, 24.516017847 ], [ 79.4461429888, 24.5193668303 ], [ 79.3384964791, 24.5225309202 ], [ 79.2308373529, 24.525510064 ], [ 79.1231663683, 24.5283042118 ], [ 79.015484284, 24.5309133169 ], [ 78.907791859, 24.5333373357 ], [ 78.8000898529, 24.5355762276 ], [ 78.6923790256, 24.5376299552 ], [ 78.5846601375, 24.5394984842 ], [ 78.4769339492, 24.5411817833 ], [ 78.3692012217, 24.5426798243 ], [ 78.2614627162, 24.5439925822 ], [ 78.1537191942, 24.545120035 ], [ 78.0459714174, 24.5460621638 ], [ 77.9382201477, 24.5468189528 ], [ 77.8304661471, 24.5473903895 ], [ 77.7227101778, 24.5477764641 ], [ 77.614953002, 24.5479771703 ], [ 77.5071953821, 24.5479925047 ], [ 77.3994380802, 24.5478224671 ], [ 77.2916818586, 24.5474670602 ], [ 77.1839274797, 24.5469262901 ], [ 77.0761757056, 24.5462001658 ], [ 76.9684272984, 24.5452886994 ], [ 76.8606830198, 24.5441919062 ], [ 76.7529436318, 24.5429098045 ], [ 76.6452098958, 24.5414424159 ], [ 76.537482573, 24.5397897648 ], [ 76.4297624246, 24.537951879 ], [ 76.3220502113, 24.5359287891 ], [ 76.2143466933, 24.533720529 ], [ 76.1066526307, 24.5313271357 ], [ 75.9989687832, 24.5287486492 ], [ 75.8912959098, 24.5259851125 ], [ 75.7836347694, 24.5230365719 ], [ 75.67598612, 24.5199030767 ], [ 75.5683507195, 24.5165846792 ], [ 75.4607293248, 24.5130814349 ], [ 75.3531226926, 24.5093934022 ], [ 75.2455315788, 24.5055206429 ], [ 75.1379567386, 24.5014632214 ], [ 75.0303989265, 24.4972212057 ], [ 74.9228588964, 24.4927946663 ], [ 74.8153374015, 24.4881836772 ], [ 74.7078351939, 24.4833883153 ], [ 74.6003530253, 24.4784086605 ], [ 74.4928916463, 24.4732447958 ], [ 74.3854518066, 24.4678968072 ], [ 74.2780342551, 24.4623647838 ], [ 74.1706397398, 24.4566488178 ], [ 74.0632690076, 24.4507490041 ], [ 73.9559228045, 24.444665441 ], [ 73.8486018754, 24.4383982296 ], [ 73.7413069643, 24.4319474741 ], [ 73.6340388138, 24.4253132817 ], [ 73.5267981657, 24.4184957626 ], [ 73.4195857605, 24.4114950298 ], [ 73.3124023375, 24.4043111997 ], [ 73.2052486348, 24.3969443913 ], [ 73.0981253894, 24.3893947267 ], [ 72.9910333368, 24.3816623311 ], [ 72.8839732114, 24.3737473324 ], [ 72.7769457461, 24.3656498617 ], [ 72.6699516725, 24.3573700529 ], [ 72.5629917209, 24.348908043 ], [ 72.4560666202, 24.3402639717 ], [ 72.3491770976, 24.3314379819 ], [ 72.2423238791, 24.3224302191 ], [ 72.1355076891, 24.313240832 ], [ 72.0287292505, 24.303869972 ], [ 71.9219892845, 24.2943177936 ], [ 71.8152885108, 24.284584454 ], [ 71.7086276476, 24.2746701133 ], [ 71.6020074113, 24.2645749347 ], [ 71.4954285168, 24.254299084 ], [ 71.388891677, 24.2438427298 ], [ 71.2823976034, 24.2332060439 ], [ 71.1759470055, 24.2223892007 ], [ 71.0695405913, 24.2113923773 ], [ 70.9631790666, 24.2002157539 ], [ 70.8568631358, 24.1888595133 ], [ 70.7505935011, 24.1773238413 ], [ 70.644370863, 24.1656089262 ], [ 70.5381959199, 24.1537149594 ], [ 70.4320693686, 24.1416421349 ], [ 70.3259919036, 24.1293906494 ], [ 70.2199642176, 24.1169607024 ], [ 70.1139870013, 24.1043524963 ], [ 70.0080609431, 24.091566236 ], [ 69.9021867296, 24.0786021293 ], [ 69.7963650453, 24.0654603866 ], [ 69.6905965725, 24.052141221 ], [ 69.5848819914, 24.0386448483 ], [ 69.47922198, 24.024971487 ], [ 69.3736172142, 24.0111213583 ], [ 69.2680683675, 23.9970946859 ], [ 69.1625761115, 23.9828916964 ], [ 69.0571411152, 23.9685126188 ], [ 68.9517640456, 23.9539576848 ], [ 68.8464455672, 23.9392271287 ], [ 68.7411863422, 23.9243211875 ], [ 68.6359870306, 23.9092401005 ], [ 68.5308482899, 23.8939841099 ], [ 68.4257707752, 23.8785534603 ], [ 68.3207551394, 23.8629483989 ], [ 68.2158020326, 23.8471691753 ], [ 68.1109121028, 23.8312160418 ], [ 68.0060859954, 23.8150892532 ], [ 67.9013243532, 23.7987890666 ], [ 67.7966278166, 23.7823157418 ], [ 67.6919970234, 23.765669541 ], [ 67.587432609, 23.7488507289 ], [ 67.4829352061, 23.7318595725 ], [ 67.3785054447, 23.7146963413 ], [ 67.2741439523, 23.6973613074 ], [ 67.1698513539, 23.6798547451 ], [ 67.0656282717, 23.6621769312 ], [ 66.9614753252, 23.6443281447 ], [ 66.8573931312, 23.6263086672 ], [ 66.753382304, 23.6081187826 ], [ 66.649443455, 23.589758777 ], [ 66.5455771928, 23.571228939 ], [ 66.4417841234, 23.5525295594 ], [ 66.33806485, 23.5336609313 ], [ 66.2344199729, 23.5146233502 ], [ 66.1308500896, 23.4954171137 ], [ 66.027355795, 23.4760425218 ], [ 65.923937681, 23.4564998766 ], [ 65.8205963364, 23.4367894826 ], [ 65.7173323476, 23.4169116464 ], [ 65.6141462978, 23.3968666768 ], [ 65.5110387674, 23.3766548848 ], [ 65.4080103338, 23.3562765836 ], [ 65.3050615715, 23.3357320885 ], [ 65.2021930522, 23.315021717 ], [ 65.0994053445, 23.2941457886 ], [ 64.996699014, 23.2731046252 ], [ 64.8940746233, 23.2518985504 ], [ 64.7915327322, 23.2305278901 ], [ 64.6890738972, 23.2089929723 ], [ 64.5866986721, 23.187294127 ], [ 64.4844076073, 23.1654316862 ], [ 64.3822012504, 23.1434059839 ], [ 64.2800801459, 23.1212173562 ], [ 64.1780448352, 23.0988661412 ], [ 64.0760958566, 23.0763526787 ], [ 63.9742337452, 23.0536773109 ], [ 63.8724590333, 23.0308403817 ], [ 63.7707722497, 23.0078422368 ], [ 63.6691739204, 22.984683224 ], [ 63.567664568, 22.9613636929 ], [ 63.4662447121, 22.9378839952 ], [ 63.3649148692, 22.9142444841 ], [ 63.2636755523, 22.890445515 ], [ 63.1625272718, 22.8664874449 ], [ 63.0614705342, 22.8423706326 ], [ 62.9605058435, 22.818095439 ], [ 62.8596337, 22.7936622264 ], [ 62.758854601, 22.7690713592 ], [ 62.6581690406, 22.7443232033 ], [ 62.5575775095, 22.7194181264 ], [ 62.4570804954, 22.6943564981 ], [ 62.3566784825, 22.6691386896 ], [ 62.2563719521, 22.6437650735 ], [ 62.1561613818, 22.6182360247 ], [ 62.0560472463, 22.5925519191 ], [ 61.9560300169, 22.5667131346 ], [ 61.8561101616, 22.5407200508 ], [ 61.7562881451, 22.5145730487 ], [ 61.656564429, 22.4882725109 ], [ 61.5569394714, 22.4618188217 ], [ 61.4574137271, 22.435212367 ], [ 61.3579876478, 22.408453534 ], [ 61.2586616817, 22.3815427117 ], [ 61.1594362738, 22.3544802904 ], [ 61.0603118658, 22.3272666621 ], [ 60.9612888958, 22.2999022201 ], [ 60.8623677991, 22.2723873592 ], [ 60.7635490072, 22.2447224758 ], [ 60.6648329486, 22.2169079676 ], [ 60.5662200482, 22.1889442336 ], [ 60.4677107277, 22.1608316746 ], [ 60.3693054056, 22.1325706922 ], [ 60.2710044968, 22.10416169 ], [ 60.1728084131, 22.0756050724 ], [ 60.0747175627, 22.0469012455 ], [ 59.9767323508, 22.0180506165 ], [ 59.8788531788, 21.9890535942 ], [ 59.7810804452, 21.9599105882 ], [ 59.683414545, 21.9306220098 ], [ 59.5858558697, 21.9011882715 ], [ 59.4884048077, 21.8716097868 ], [ 59.3910617438, 21.8418869706 ], [ 59.2938270597, 21.8120202389 ], [ 59.1967011336, 21.7820100092 ], [ 59.0996843403, 21.7518566997 ], [ 59.0027770515, 21.7215607301 ], [ 58.9059796354, 21.6911225211 ], [ 58.8092924567, 21.6605424946 ], [ 58.7127158771, 21.6298210735 ], [ 58.6162502546, 21.598958682 ], [ 58.5198959442, 21.5679557451 ], [ 58.4236532974, 21.536812689 ], [ 58.3275226622, 21.5055299411 ], [ 58.2315043836, 21.4741079295 ], [ 58.1355988031, 21.4425470837 ], [ 58.0398062588, 21.4108478337 ], [ 57.9441270855, 21.3790106111 ], [ 57.8485616149, 21.3470358478 ], [ 57.7531101751, 21.3149239773 ], [ 57.6577730911, 21.2826754335 ], [ 57.5625506844, 21.2502906516 ], [ 57.4674432732, 21.2177700674 ], [ 57.3724511727, 21.1851141179 ], [ 57.2775746944, 21.1523232407 ], [ 57.1828141468, 21.1193978743 ], [ 57.0881698349, 21.0863384582 ], [ 56.9936420606, 21.0531454326 ], [ 56.8992311224, 21.0198192386 ], [ 56.8049373155, 20.986360318 ], [ 56.7107609319, 20.9527691134 ], [ 56.6167022604, 20.9190460681 ], [ 56.5227615863, 20.8851916263 ], [ 56.428939192, 20.8512062329 ], [ 56.3352353564, 20.8170903335 ], [ 56.2416503551, 20.7828443742 ], [ 56.1481844607, 20.7484688022 ], [ 56.0548379425, 20.7139640649 ], [ 55.9616110664, 20.6793306108 ], [ 55.8685040953, 20.6445688888 ], [ 55.7755172887, 20.6096793484 ], [ 55.6826509032, 20.5746624399 ], [ 55.5899051918, 20.5395186139 ], [ 55.4972804047, 20.5042483219 ], [ 55.4047767887, 20.4688520158 ], [ 55.3123945874, 20.4333301482 ], [ 55.2201340413, 20.3976831719 ], [ 55.1279953879, 20.3619115406 ], [ 55.0359788613, 20.3260157084 ], [ 54.9440846925, 20.2899961297 ], [ 54.8523131095, 20.2538532597 ], [ 54.7606643372, 20.2175875539 ], [ 54.6691385971, 20.1811994681 ], [ 54.5777361079, 20.1446894588 ], [ 54.4864570852, 20.1080579829 ], [ 54.3953017411, 20.0713054975 ], [ 54.3042702852, 20.0344324603 ], [ 54.2133629236, 19.9974393292 ], [ 54.1225798596, 19.9603265628 ], [ 54.0319212932, 19.9230946197 ], [ 53.9413874216, 19.8857439589 ], [ 53.8509784388, 19.8482750399 ], [ 53.7606945359, 19.8106883224 ], [ 53.6705359009, 19.7729842664 ], [ 53.5805027188, 19.7351633323 ], [ 53.4905951716, 19.6972259805 ], [ 53.4008134385, 19.6591726718 ], [ 53.3111576954, 19.6210038675 ], [ 53.2216281155, 19.5827200288 ], [ 53.1322248689, 19.5443216171 ], [ 53.0429481229, 19.5058090943 ], [ 52.9537980418, 19.4671829223 ], [ 52.864774787, 19.4284435631 ], [ 52.7758785168, 19.389591479 ], [ 52.6871093869, 19.3506271325 ], [ 52.59846755, 19.3115509861 ], [ 52.5099531559, 19.2723635025 ], [ 52.4215663514, 19.2330651446 ], [ 52.3333072808, 19.1936563751 ], [ 52.2451760852, 19.1541376571 ], [ 52.157172903, 19.1145094538 ], [ 52.06929787, 19.0747722281 ], [ 51.9815511188, 19.0349264434 ], [ 51.8939327795, 18.9949725628 ], [ 51.8064429793, 18.9549110496 ], [ 51.7190818426, 18.9147423671 ], [ 51.6318494912, 18.8744669785 ], [ 51.5447460439, 18.8340853472 ], [ 51.4577716171, 18.7935979363 ], [ 51.3709263241, 18.7530052091 ], [ 51.2842102757, 18.7123076288 ], [ 51.1976235801, 18.6715056584 ], [ 51.1111663427, 18.6305997611 ], [ 51.024838666, 18.5895903997 ], [ 50.9386406503, 18.5484780373 ], [ 50.8525723929, 18.5072631364 ], [ 50.7666339885, 18.4659461599 ], [ 50.6808255294, 18.4245275702 ], [ 50.5951471051, 18.3830078298 ], [ 50.5095988026, 18.3413874008 ], [ 50.4241807061, 18.2996667455 ], [ 50.3388928975, 18.2578463256 ], [ 50.253735456, 18.215926603 ], [ 50.1687084584, 18.1739080392 ], [ 50.0838119787, 18.1317910956 ], [ 49.9990460885, 18.0895762333 ], [ 49.9144108571, 18.0472639132 ], [ 49.829906351, 18.004854596 ], [ 49.7455326344, 17.9623487422 ], [ 49.661289769, 17.9197468118 ], [ 49.577177814, 17.8770492649 ], [ 49.4931968262, 17.834256561 ], [ 49.4093468599, 17.7913691596 ], [ 49.3256279671, 17.7483875197 ], [ 49.2420401974, 17.7053121 ], [ 49.1585835979, 17.662143359 ], [ 49.0752582133, 17.6188817547 ], [ 48.9920640862, 17.5755277451 ], [ 48.9090012566, 17.5320817874 ], [ 48.8260697621, 17.4885443388 ], [ 48.7432696384, 17.4449158559 ], [ 48.6606009183, 17.4011967952 ], [ 48.5780636329, 17.3573876126 ], [ 48.4956578106, 17.3134887635 ], [ 48.4133834776, 17.2695007033 ], [ 48.3312406581, 17.2254238866 ], [ 48.2492293738, 17.1812587677 ], [ 48.1673496442, 17.1370058006 ], [ 48.0856014868, 17.0926654387 ], [ 48.0039849166, 17.048238135 ], [ 47.9224999465, 17.0037243421 ], [ 47.8411465875, 16.959124512 ], [ 47.7599248481, 16.9144390965 ], [ 47.6788347348, 16.8696685465 ], [ 47.597876252, 16.8248133127 ], [ 47.5170494019, 16.7798738454 ], [ 47.4363541846, 16.734850594 ], [ 47.3557905983, 16.6897440078 ], [ 47.2753586388, 16.6445545353 ], [ 47.1950583001, 16.5992826246 ], [ 47.1148895741, 16.5539287232 ], [ 47.0348524505, 16.508493278 ], [ 46.9549469173, 16.4629767356 ], [ 46.8751729601, 16.4173795416 ], [ 46.7955305628, 16.3717021415 ], [ 46.7160197073, 16.3259449799 ], [ 46.6366403733, 16.2801085008 ], [ 46.5573925388, 16.2341931479 ], [ 46.4782761798, 16.188199364 ], [ 46.3992912702, 16.1421275915 ], [ 46.3204377823, 16.0959782719 ], [ 46.2417156863, 16.0497518464 ], [ 46.1631249504, 16.0034487554 ], [ 46.0846655413, 15.9570694387 ], [ 46.0063374234, 15.9106143353 ], [ 45.9281405596, 15.8640838839 ], [ 45.8500749107, 15.8174785221 ], [ 45.7721404361, 15.7707986873 ], [ 45.6943370928, 15.7240448157 ], [ 45.6166648365, 15.6772173434 ], [ 45.539123621, 15.6303167053 ], [ 45.4617133981, 15.5833433358 ], [ 45.3844341182, 15.5362976688 ], [ 45.3072857297, 15.4891801372 ], [ 45.2302681794, 15.4419911733 ], [ 45.1533814124, 15.3947312087 ], [ 45.0766253721, 15.3474006742 ], [ 45.0, 15.3 ], [ 44.9527456811, 15.3753634717 ], [ 44.9053630343, 15.4507636337 ], [ 44.8578516014, 15.5262002614 ], [ 44.8102109222, 15.6016731289 ], [ 44.7624405346, 15.6771820086 ], [ 44.714539975, 15.7527266713 ], [ 44.6665087778, 15.8283068858 ], [ 44.6183464755, 15.9039224198 ], [ 44.5700525991, 15.9795730388 ], [ 44.5216266775, 16.0552585071 ], [ 44.4730682379, 16.1309785868 ], [ 44.4243768057, 16.2067330388 ], [ 44.3755519043, 16.2825216219 ], [ 44.3265930553, 16.3583440935 ], [ 44.2774997788, 16.434200209 ], [ 44.2282715925, 16.5100897224 ], [ 44.1789080126, 16.5860123857 ], [ 44.1294085534, 16.6619679491 ], [ 44.0797727272, 16.7379561614 ], [ 44.0300000446, 16.8139767694 ], [ 43.9800900142, 16.890029518 ], [ 43.9300421427, 16.9661141505 ], [ 43.8798559351, 17.0422304086 ], [ 43.8295308943, 17.1183780317 ], [ 43.7790665214, 17.1945567579 ], [ 43.7284623155, 17.2707663233 ], [ 43.677717774, 17.347006462 ], [ 43.6268323921, 17.4232769065 ], [ 43.5758056634, 17.4995773874 ], [ 43.5246370794, 17.5759076334 ], [ 43.4733261296, 17.6522673714 ], [ 43.4218723017, 17.7286563266 ], [ 43.3702750815, 17.8050742219 ], [ 43.3185339527, 17.8815207786 ], [ 43.2666483972, 17.9579957162 ], [ 43.2146178949, 18.0344987522 ], [ 43.1624419238, 18.111029602 ], [ 43.1101199597, 18.1875879794 ], [ 43.0576514768, 18.264173596 ], [ 43.005035947, 18.3407861616 ], [ 42.9522728406, 18.4174253842 ], [ 42.8993616255, 18.4940909695 ], [ 42.8463017679, 18.5707826215 ], [ 42.793092732, 18.6475000422 ], [ 42.7397339799, 18.7242429315 ], [ 42.6862249718, 18.8010109874 ], [ 42.6325651658, 18.8778039058 ], [ 42.5787540181, 18.9546213809 ], [ 42.5247909829, 19.0314631044 ], [ 42.4706755123, 19.1083287663 ], [ 42.4164070565, 19.1852180545 ], [ 42.3619850636, 19.2621306549 ], [ 42.3074089798, 19.3390662512 ], [ 42.252678249, 19.4160245251 ], [ 42.1977923134, 19.4930051564 ], [ 42.142750613, 19.5700078224 ], [ 42.0875525857, 19.6470321988 ], [ 42.0321976677, 19.7240779588 ], [ 41.9766852927, 19.8011447737 ], [ 41.9210148927, 19.8782323127 ], [ 41.8651858974, 19.9553402426 ], [ 41.8091977348, 20.0324682285 ], [ 41.7530498305, 20.1096159329 ], [ 41.6967416081, 20.1867830163 ], [ 41.6402724895, 20.2639691373 ], [ 41.5836418939, 20.3411739518 ], [ 41.5268492391, 20.418397114 ], [ 41.4698939405, 20.4956382756 ], [ 41.4127754113, 20.5728970862 ], [ 41.3554930629, 20.6501731932 ], [ 41.2980463045, 20.7274662416 ], [ 41.2404345434, 20.8047758743 ], [ 41.1826571844, 20.8821017321 ], [ 41.1247136308, 20.9594434532 ], [ 41.0666032833, 21.0368006738 ], [ 41.0083255409, 21.1141730277 ], [ 40.9498798002, 21.1915601464 ], [ 40.891265456, 21.2689616592 ], [ 40.8324819009, 21.3463771929 ], [ 40.7735285252, 21.4238063722 ], [ 40.7144047176, 21.5012488194 ], [ 40.6551098642, 21.5787041543 ], [ 40.5956433493, 21.6561719946 ], [ 40.5360045551, 21.7336519554 ], [ 40.4761928615, 21.8111436497 ], [ 40.4162076466, 21.8886466878 ], [ 40.3560482862, 21.9661606778 ], [ 40.2957141542, 22.0436852254 ], [ 40.235204622, 22.1212199338 ], [ 40.1745190594, 22.198764404 ], [ 40.1136568339, 22.2763182341 ], [ 40.0526173107, 22.3538810203 ], [ 39.9913998533, 22.4314523559 ], [ 39.9300038229, 22.5090318321 ], [ 39.8684285785, 22.5866190373 ], [ 39.8066734772, 22.6642135577 ], [ 39.7447378739, 22.7418149767 ], [ 39.6826211215, 22.8194228755 ], [ 39.6203225708, 22.8970368326 ], [ 39.5578415703, 22.974656424 ], [ 39.4951774668, 23.0522812231 ], [ 39.4323296046, 23.129910801 ], [ 39.3692973263, 23.2075447259 ], [ 39.3060799722, 23.2851825637 ], [ 39.2426768806, 23.3628238775 ], [ 39.1790873875, 23.440468228 ], [ 39.1153108273, 23.5181151732 ], [ 39.0513465319, 23.5957642685 ], [ 38.9871938312, 23.6734150667 ], [ 38.9228520534, 23.7510671178 ], [ 38.8583205241, 23.8287199694 ], [ 38.7935985672, 23.9063731664 ], [ 38.7286855045, 23.9840262509 ], [ 38.6635806557, 24.0616787623 ], [ 38.5982833383, 24.1393302376 ], [ 38.5327928682, 24.2169802107 ], [ 38.4671085588, 24.2946282131 ], [ 38.4012297216, 24.3722737735 ], [ 38.3351556663, 24.4499164178 ], [ 38.2688857003, 24.5275556691 ], [ 38.2024191291, 24.605191048 ], [ 38.1357552562, 24.682822072 ], [ 38.0688933831, 24.7604482562 ], [ 38.0018328092, 24.8380691125 ], [ 37.9345728321, 24.9156841504 ], [ 37.8671127472, 24.9932928764 ], [ 37.799451848, 25.070894794 ], [ 37.7315894261, 25.1484894042 ], [ 37.6635247711, 25.226076205 ], [ 37.5952571707, 25.3036546916 ], [ 37.5267859104, 25.3812243562 ], [ 37.458110274, 25.4587846883 ], [ 37.3892295433, 25.5363351745 ], [ 37.3201429983, 25.6138752983 ], [ 37.2508499168, 25.6914045406 ], [ 37.1813495749, 25.7689223791 ], [ 37.1116412468, 25.8464282888 ], [ 37.0417242047, 25.9239217416 ], [ 36.9715977191, 26.0014022065 ], [ 36.9012610584, 26.0788691496 ], [ 36.8307134893, 26.156322034 ], [ 36.7599542767, 26.2337603197 ], [ 36.6889826835, 26.3111834639 ], [ 36.6177979709, 26.3885909206 ], [ 36.5463993982, 26.465982141 ], [ 36.474786223, 26.5433565731 ], [ 36.402957701, 26.6207136619 ], [ 36.3309130863, 26.6980528495 ], [ 36.258651631, 26.7753735747 ], [ 36.1861725856, 26.8526752734 ], [ 36.1134751989, 26.9299573784 ], [ 36.0405587179, 27.0072193193 ], [ 35.9674223879, 27.0844605229 ], [ 35.8940654524, 27.1616804124 ], [ 35.8204871536, 27.2388784083 ], [ 35.7466867315, 27.3160539279 ], [ 35.672663425, 27.3932063851 ], [ 35.5984164709, 27.470335191 ], [ 35.5239451047, 27.5474397532 ], [ 35.4492485601, 27.6245194765 ], [ 35.3743260694, 27.7015737622 ], [ 35.2991768633, 27.7786020084 ], [ 35.2238001708, 27.8556036103 ], [ 35.1481952196, 27.9325779597 ], [ 35.0723612357, 28.009524445 ], [ 34.9962974437, 28.0864424516 ], [ 34.9200030667, 28.1633313617 ], [ 34.8434773265, 28.240190554 ], [ 34.7667194433, 28.3170194041 ], [ 34.689728636, 28.3938172844 ], [ 34.612504122, 28.4705835637 ], [ 34.5350451174, 28.5473176079 ], [ 34.457350837, 28.6240187793 ], [ 34.3794204943, 28.700686437 ], [ 34.3012533014, 28.7773199368 ], [ 34.2228484693, 28.8539186311 ], [ 34.1442052074, 28.930481869 ], [ 34.0653227244, 29.0070089962 ], [ 33.9862002274, 29.0834993551 ], [ 33.9068369224, 29.1599522847 ], [ 33.8272320144, 29.2363671205 ], [ 33.7473847073, 29.3127431947 ], [ 33.6672942036, 29.3890798363 ], [ 33.586959705, 29.4653763705 ], [ 33.5063804123, 29.5416321194 ], [ 33.4255555248, 29.6178464015 ], [ 33.3444842414, 29.6940185319 ], [ 33.2631657597, 29.7701478223 ], [ 33.1815992764, 29.8462335808 ], [ 33.0997839874, 29.9222751123 ], [ 33.0177190877, 29.9982717179 ], [ 32.9354037716, 30.0742226955 ], [ 32.8528372325, 30.1501273393 ], [ 32.770018663, 30.2259849402 ], [ 32.6869472551, 30.3017947854 ], [ 32.6036221999, 30.3775561586 ], [ 32.5200426881, 30.4532683401 ], [ 32.4362079097, 30.5289306066 ], [ 32.352117054, 30.6045422314 ], [ 32.2677693099, 30.6801024839 ], [ 32.1831638657, 30.7556106302 ], [ 32.0982999092, 30.8310659329 ], [ 32.0131766279, 30.9064676508 ], [ 31.9277932089, 30.9818150393 ], [ 31.8421488387, 31.0571073502 ], [ 31.7562427038, 31.1323438315 ], [ 31.6700739902, 31.2075237279 ], [ 31.5836418838, 31.2826462804 ], [ 31.4969455702, 31.3577107262 ], [ 31.409984235, 31.432716299 ], [ 31.3227570636, 31.5076622289 ], [ 31.2352632413, 31.5825477425 ], [ 31.1475019535, 31.6573720624 ], [ 31.0594723856, 31.7321344079 ], [ 30.9711737229, 31.8068339945 ], [ 30.8826051512, 31.8814700339 ], [ 30.793765856, 31.9560417344 ], [ 30.7046550235, 32.0305483005 ], [ 30.6152718398, 32.1049889331 ], [ 30.5256154915, 32.1793628292 ], [ 30.4356851656, 32.2536691823 ], [ 30.3454800494, 32.3279071822 ], [ 30.2549993307, 32.402076015 ], [ 30.1642421979, 32.4761748631 ], [ 30.07320784, 32.550202905 ], [ 29.9818954464, 32.6241593159 ], [ 29.8903042076, 32.6980432668 ], [ 29.7984333145, 32.7718539254 ], [ 29.7062819589, 32.8455904555 ], [ 29.6138493335, 32.919252017 ], [ 29.5211346319, 32.9928377664 ], [ 29.4281370488, 33.0663468563 ], [ 29.3348557797, 33.1397784356 ], [ 29.2412900213, 33.2131316493 ], [ 29.1474389716, 33.286405639 ], [ 29.0533018297, 33.3595995422 ], [ 28.9588777959, 33.4327124929 ], [ 28.864166072, 33.5057436212 ], [ 28.7691658612, 33.5786920536 ], [ 28.6738763681, 33.6515569127 ], [ 28.578296799, 33.7243373175 ], [ 28.4824263617, 33.7970323831 ], [ 28.3862642656, 33.8696412209 ], [ 28.2898097221, 33.9421629386 ], [ 28.1930619441, 34.0145966401 ], [ 28.0960201468, 34.0869414255 ], [ 27.9986835471, 34.1591963912 ], [ 27.9010513639, 34.23136063 ], [ 27.8031228184, 34.3034332306 ], [ 27.7048971339, 34.3754132782 ], [ 27.6063735359, 34.4472998542 ], [ 27.5075512524, 34.5190920362 ], [ 27.4084295136, 34.5907888982 ], [ 27.3090075525, 34.6623895102 ], [ 27.2092846044, 34.7338929388 ], [ 27.1092599074, 34.8052982465 ], [ 27.0089327022, 34.8766044923 ], [ 26.9083022326, 34.9478107314 ], [ 26.8073677451, 35.0189160153 ], [ 26.7061284891, 35.0899193916 ], [ 26.6045837172, 35.1608199045 ], [ 26.5027326853, 35.2316165942 ], [ 26.4005746522, 35.3023084973 ], [ 26.2981088804, 35.3728946468 ], [ 26.1953346356, 35.4433740717 ], [ 26.092251187, 35.5137457976 ], [ 25.9888578076, 35.5840088463 ], [ 25.8851537738, 35.6541622359 ], [ 25.7811383661, 35.7242049809 ], [ 25.6768108686, 35.7941360919 ], [ 25.5721705697, 35.8639545762 ], [ 25.4672167615, 35.9336594372 ], [ 25.3619487405, 36.0032496747 ], [ 25.2563658075, 36.0727242849 ], [ 25.1504672674, 36.1420822603 ], [ 25.04425243, 36.2113225899 ], [ 24.9377206092, 36.2804442589 ], [ 24.8308711239, 36.3494462493 ], [ 24.7237032976, 36.418327539 ], [ 24.6162164587, 36.4870871026 ], [ 24.5084099406, 36.5557239113 ], [ 24.4002830819, 36.6242369323 ], [ 24.2918352261, 36.6926251297 ], [ 24.1830657223, 36.7608874638 ], [ 24.0739739248, 36.8290228916 ], [ 23.9645591936, 36.8970303663 ], [ 23.8548208941, 36.9649088379 ], [ 23.7447583976, 37.0326572528 ], [ 23.6343710811, 37.100274554 ], [ 23.5236583279, 37.1677596811 ], [ 23.4126195269, 37.23511157 ], [ 23.3012540737, 37.3023291536 ], [ 23.1895613697, 37.3694113611 ], [ 23.0775408231, 37.4363571184 ], [ 22.9651918485, 37.5031653482 ], [ 22.8525138672, 37.5698349696 ], [ 22.7395063072, 37.6363648987 ], [ 22.6261686036, 37.702754048 ], [ 22.5125001984, 37.7690013268 ], [ 22.3985005406, 37.8351056413 ], [ 22.2841690869, 37.9010658944 ], [ 22.1695053008, 37.9668809856 ], [ 22.054508654, 38.0325498114 ], [ 21.9391786252, 38.098071265 ], [ 21.8235147015, 38.1634442366 ], [ 21.7075163773, 38.2286676132 ], [ 21.5911831556, 38.2937402787 ], [ 21.4745145473, 38.3586611139 ], [ 21.3575100714, 38.4234289966 ], [ 21.2401692557, 38.4880428014 ], [ 21.1224916365, 38.5525014002 ], [ 21.0044767585, 38.6168036618 ], [ 20.8861241756, 38.6809484519 ], [ 20.7674334505, 38.7449346335 ], [ 20.648404155, 38.8087610666 ], [ 20.5290358701, 38.8724266084 ], [ 20.4093281864, 38.9359301133 ], [ 20.2892807038, 38.9992704327 ], [ 20.1688930319, 39.0624464154 ], [ 20.0481647902, 39.1254569076 ], [ 19.927095608, 39.1883007525 ], [ 19.8056851248, 39.2509767909 ], [ 19.6839329902, 39.3134838607 ], [ 19.5618388643, 39.3758207975 ], [ 19.4394024176, 39.437986434 ], [ 19.3166233314, 39.4999796007 ], [ 19.1935012977, 39.5617991255 ], [ 19.0700360195, 39.6234438336 ], [ 18.9462272106, 39.6849125481 ], [ 18.8220745966, 39.7462040896 ], [ 18.697577914, 39.8073172764 ], [ 18.572736911, 39.8682509243 ], [ 18.4475513476, 39.9290038472 ], [ 18.3220209954, 39.9895748565 ], [ 18.1961456382, 40.0499627614 ], [ 18.0699250718, 40.1101663692 ], [ 17.9433591043, 40.1701844848 ], [ 17.8164475563, 40.2300159114 ], [ 17.6891902609, 40.2896594499 ], [ 17.5615870639, 40.3491138995 ], [ 17.4336378241, 40.4083780571 ], [ 17.3053424134, 40.4674507181 ], [ 17.1767007166, 40.526330676 ], [ 17.0477126321, 40.5850167225 ], [ 16.9183780718, 40.6435076474 ], [ 16.788696961, 40.701802239 ], [ 16.6586692391, 40.7598992841 ], [ 16.5282948593, 40.8177975678 ], [ 16.3975737889, 40.8754958735 ], [ 16.2665060096, 40.9329929833 ], [ 16.1350915173, 40.9902876781 ], [ 16.0033303226, 41.047378737 ], [ 15.8712224508, 41.1042649381 ], [ 15.7387679422, 41.1609450582 ], [ 15.605966852, 41.2174178728 ], [ 15.4728192504, 41.2736821564 ], [ 15.3393252234, 41.3297366823 ], [ 15.2054848721, 41.3855802228 ], [ 15.0712983135, 41.4412115493 ], [ 14.93676568, 41.4966294323 ], [ 14.8018871206, 41.5518326414 ], [ 14.6666627997, 41.6068199455 ], [ 14.5310928984, 41.6615901126 ], [ 14.3951776141, 41.7161419102 ], [ 14.2589171608, 41.7704741052 ], [ 14.122311769, 41.8245854639 ], [ 13.9853616863, 41.8784747523 ], [ 13.8480671772, 41.9321407358 ], [ 13.7104285233, 41.9855821796 ], [ 13.5724460235, 42.0387978486 ], [ 13.4341199944, 42.0917865075 ], [ 13.2954507699, 42.1445469209 ], [ 13.1564387017, 42.1970778532 ], [ 13.0170841594, 42.2493780691 ], [ 12.8773875308, 42.3014463332 ], [ 12.7373492217, 42.3532814102 ], [ 12.5969696562, 42.4048820653 ], [ 12.4562492769, 42.4562470636 ], [ 12.315188545, 42.507375171 ], [ 12.1737879405, 42.5582651536 ], [ 12.0320479623, 42.6089157781 ], [ 11.889969128, 42.6593258118 ], [ 11.7475519748, 42.7094940226 ], [ 11.6047970589, 42.7594191794 ], [ 11.4617049559, 42.8091000517 ], [ 11.3182762611, 42.85853541 ], [ 11.1745115894, 42.9077240259 ], [ 11.0304115755, 42.9566646719 ], [ 10.8859768741, 43.0053561218 ], [ 10.7412081598, 43.0537971506 ], [ 10.5961061275, 43.1019865345 ], [ 10.4506714924, 43.1499230515 ], [ 10.3049049902, 43.1976054807 ], [ 10.158807377, 43.2450326028 ], [ 10.0123794297, 43.2922032005 ], [ 9.8656219457, 43.3391160579 ], [ 9.7185357437, 43.3857699611 ], [ 9.5711216631, 43.4321636981 ], [ 9.4233805645, 43.4782960589 ], [ 9.2753133297, 43.5241658357 ], [ 9.1269208619, 43.5697718227 ], [ 8.9782040856, 43.6151128166 ], [ 8.829163947, 43.6601876163 ], [ 8.6798014137, 43.7049950232 ], [ 8.5301174752, 43.7495338414 ], [ 8.3801131426, 43.7938028775 ], [ 8.2297894493, 43.8378009409 ], [ 8.0791474502, 43.8815268438 ], [ 7.9281882226, 43.9249794013 ], [ 7.7769128659, 43.9681574316 ], [ 7.6253225016, 44.0110597561 ], [ 7.4734182738, 44.0536851991 ], [ 7.3212013486, 44.0960325886 ], [ 7.1686729149, 44.1381007558 ], [ 7.0158341841, 44.1798885353 ], [ 6.8626863899, 44.2213947656 ], [ 6.7092307889, 44.2626182886 ], [ 6.5554686605, 44.3035579502 ], [ 6.4014013068, 44.3442126001 ], [ 6.2470300525, 44.384581092 ], [ 6.0923562454, 44.4246622837 ], [ 5.9373812563, 44.4644550373 ], [ 5.7821064789, 44.5039582191 ], [ 5.6265333298, 44.5431706997 ], [ 5.4706632486, 44.5820913544 ], [ 5.3144976984, 44.620719063 ], [ 5.1580381649, 44.6590527099 ], [ 5.0012861572, 44.6970911845 ], [ 4.8442432075, 44.7348333809 ], [ 4.6869108713, 44.7722781984 ], [ 4.529290727, 44.8094245413 ], [ 4.3713843766, 44.8462713192 ], [ 4.213193445, 44.8828174468 ], [ 4.0547195804, 44.9190618444 ], [ 3.8959644543, 44.9550034378 ], [ 3.7369297613, 44.9906411585 ], [ 3.5776172193, 45.0259739435 ], [ 3.4180285693, 45.0610007358 ], [ 3.2581655755, 45.0957204843 ], [ 3.0980300254, 45.130132144 ], [ 2.9376237295, 45.1642346759 ], [ 2.7769485213, 45.1980270474 ], [ 2.6160062575, 45.2315082321 ], [ 2.454798818, 45.2646772101 ], [ 2.2933281053, 45.2975329682 ], [ 2.1315960451, 45.3300744997 ], [ 1.9696045861, 45.3623008046 ], [ 1.8073556996, 45.3942108901 ], [ 1.6448513797, 45.42580377 ], [ 1.4820936435, 45.4570784653 ], [ 1.3190845304, 45.4880340043 ], [ 1.1558261026, 45.5186694225 ], [ 0.9923204448, 45.5489837626 ], [ 0.8285696641, 45.5789760751 ], [ 0.6645758897, 45.6086454179 ], [ 0.5003412735, 45.6379908567 ], [ 0.3358679893, 45.6670114647 ], [ 0.1711582328, 45.6957063235 ], [ 0.006214222, 45.7240745221 ], [ -0.1589618035, 45.7521151582 ], [ -0.3243675824, 45.7798273371 ], [ -0.4900008314, 45.8072101729 ], [ -0.6558592463, 45.8342627878 ], [ -0.821940501, 45.8609843125 ], [ -0.9882422486, 45.8873738864 ], [ -1.1547621207, 45.9134306576 ], [ -1.3214977283, 45.9391537828 ], [ -1.4884466613, 45.9645424278 ], [ -1.6556064892, 45.9895957672 ], [ -1.8229747609, 46.0143129848 ], [ -1.9905490047, 46.0386932736 ], [ -2.1583267292, 46.0627358355 ], [ -2.3263054226, 46.0864398823 ], [ -2.4944825534, 46.1098046349 ], [ -2.6628555704, 46.1328293238 ], [ -2.8314219031, 46.1555131891 ], [ -3.0001789614, 46.1778554806 ], [ -3.1691241363, 46.1998554582 ], [ -3.3382547998, 46.2215123912 ], [ -3.5075683054, 46.2428255593 ], [ -3.6770619879, 46.2637942521 ], [ -3.8467331638, 46.2844177694 ], [ -4.0165791316, 46.3046954211 ], [ -4.186597172, 46.3246265277 ], [ -4.3567845479, 46.34421042 ], [ -4.527138505, 46.363446439 ], [ -4.6976562716, 46.3823339368 ], [ -4.8683350593, 46.4008722758 ], [ -5.0391720627, 46.4190608292 ], [ -5.2101644604, 46.4368989809 ], [ -5.3813094143, 46.4543861261 ], [ -5.5526040705, 46.4715216705 ], [ -5.7240455597, 46.488305031 ], [ -5.8956309968, 46.5047356357 ], [ -6.0673574816, 46.5208129238 ], [ -6.2392220991, 46.5365363458 ], [ -6.4112219196, 46.5519053635 ], [ -6.5833539991, 46.56691945 ], [ -6.7556153794, 46.5815780901 ], [ -6.9280030885, 46.5958807799 ], [ -7.1005141412, 46.6098270272 ], [ -7.2731455386, 46.6234163514 ], [ -7.4458942693, 46.6366482836 ], [ -7.618757309, 46.6495223669 ], [ -7.7917316212, 46.6620381559 ], [ -7.9648141573, 46.6741952173 ], [ -8.1380018571, 46.6859931297 ], [ -8.3112916489, 46.6974314838 ], [ -8.4846804499, 46.7085098821 ], [ -8.6581651666, 46.7192279396 ], [ -8.831742695, 46.7295852831 ], [ -9.0054099208, 46.7395815518 ], [ -9.1791637202, 46.7492163971 ], [ -9.3530009598, 46.7584894828 ], [ -9.5269184969, 46.7674004849 ], [ -9.7009131801, 46.7759490919 ], [ -9.8749818494, 46.7841350046 ], [ -10.049121337, 46.7919579365 ], [ -10.2233284668, 46.7994176135 ], [ -10.3976000556, 46.8065137739 ], [ -10.5719329129, 46.8132461688 ], [ -10.7463238414, 46.8196145618 ], [ -10.9207696374, 46.8256187292 ], [ -11.0952670913, 46.83125846 ], [ -11.2698129874, 46.8365335557 ], [ -11.444404105, 46.8414438308 ], [ -11.6190372181, 46.8459891124 ], [ -11.7937090961, 46.8501692405 ], [ -11.9684165041, 46.8539840678 ], [ -12.1431562033, 46.8574334599 ], [ -12.3179249512, 46.860517295 ], [ -12.4927195021, 46.8632354646 ], [ -12.6675366075, 46.8655878726 ], [ -12.8423730162, 46.8675744361 ], [ -13.017225475, 46.869195085 ], [ -13.1920907289, 46.8704497621 ], [ -13.3669655213, 46.871338423 ], [ -13.5418465947, 46.8718610365 ], [ -13.716730691, 46.872017584 ], [ -13.8916145514, 46.8718080601 ], [ -14.0664949176, 46.871232472 ], [ -14.2413685312, 46.8702908403 ], [ -14.4162321349, 46.868983198 ], [ -14.5910824723, 46.8673095914 ], [ -14.7659162888, 46.8652700795 ], [ -14.9407303313, 46.8628647344 ], [ -15.1155213491, 46.8600936407 ], [ -15.290286094, 46.8569568965 ], [ -15.4650213207, 46.8534546121 ], [ -15.6397237873, 46.8495869111 ], [ -15.8143902555, 46.8453539299 ], [ -15.989017491, 46.8407558175 ], [ -16.1636022638, 46.8357927358 ], [ -16.3381413487, 46.8304648596 ], [ -16.5126315257, 46.8247723763 ], [ -16.68706958, 46.8187154861 ], [ -16.8614523028, 46.8122944019 ], [ -17.0357764912, 46.8055093492 ], [ -17.210038949, 46.7983605662 ], [ -17.3842364867, 46.7908483038 ], [ -17.5583659221, 46.7829728253 ], [ -17.7324240803, 46.7747344067 ], [ -17.9064077946, 46.7661333364 ], [ -18.0803139061, 46.7571699153 ], [ -18.2541392647, 46.7478444567 ], [ -18.4278807292, 46.7381572863 ], [ -18.6015351675, 46.7281087423 ], [ -18.775099457, 46.7176991749 ], [ -18.9485704849, 46.7069289468 ], [ -19.1219451489, 46.6957984328 ], [ -19.2952203568, 46.6843080199 ], [ -19.4683930275, 46.672458107 ], [ -19.641460091, 46.6602491055 ], [ -19.8144184886, 46.6476814383 ], [ -19.9872651735, 46.6347555406 ], [ -20.159997111, 46.6214718592 ], [ -20.3326112787, 46.6078308531 ], [ -20.5051046667, 46.5938329927 ], [ -20.6774742785, 46.5794787603 ], [ -20.8497171304, 46.5647686498 ], [ -21.0218302525, 46.5497031667 ], [ -21.1938106888, 46.534282828 ], [ -21.3656554972, 46.5185081622 ], [ -21.5373617501, 46.5023797091 ], [ -21.7089265347, 46.4858980198 ], [ -21.8803469529, 46.4690636569 ], [ -22.051620122, 46.4518771937 ], [ -22.2227431748, 46.4343392151 ], [ -22.3937132595, 46.4164503167 ], [ -22.5645275408, 46.3982111053 ], [ -22.7351831993, 46.3796221982 ], [ -22.9056774322, 46.360684224 ], [ -23.0760074533, 46.3413978215 ], [ -23.2461704937, 46.3217636407 ], [ -23.4161638013, 46.3017823416 ], [ -23.5859846417, 46.2814545951 ], [ -23.7556302981, 46.2607810823 ], [ -23.9250980717, 46.2397624947 ], [ -24.0943852815, 46.2183995339 ], [ -24.2634892652, 46.1966929119 ], [ -24.4324073787, 46.1746433504 ], [ -24.6011369969, 46.1522515815 ], [ -24.7696755134, 46.1295183468 ], [ -24.9380203411, 46.1064443978 ], [ -25.1061689122, 46.0830304959 ], [ -25.2741186782, 46.059277412 ], [ -25.4418671107, 46.0351859263 ], [ -25.6094117007, 46.0107568289 ], [ -25.7767499595, 45.9859909187 ], [ -25.9438794187, 45.9608890043 ], [ -26.11079763, 45.9354519032 ], [ -26.2775021657, 45.9096804421 ], [ -26.443990619, 45.8835754565 ], [ -26.6102606037, 45.8571377909 ], [ -26.7763097546, 45.8303682985 ], [ -26.9421357277, 45.8032678413 ], [ -27.1077362002, 45.7758372896 ], [ -27.2731088707, 45.7480775225 ], [ -27.4382514593, 45.7199894272 ], [ -27.6031617077, 45.6915738994 ], [ -27.7678373795, 45.6628318428 ], [ -27.93227626, 45.6337641693 ], [ -28.0964761564, 45.6043717988 ], [ -28.2604348982, 45.574655659 ], [ -28.4241503369, 45.5446166853 ], [ -28.5876203463, 45.5142558209 ], [ -28.7508428226, 45.4835740166 ], [ -28.9138156844, 45.4525722305 ], [ -29.0765368728, 45.4212514283 ], [ -29.2390043515, 45.3896125828 ], [ -29.4012161069, 45.357656674 ], [ -29.5631701481, 45.3253846889 ], [ -29.724864507, 45.2927976217 ], [ -29.8862972384, 45.259896473 ], [ -30.0474664199, 45.2266822507 ], [ -30.2083701521, 45.1931559689 ], [ -30.3690065586, 45.1593186484 ], [ -30.5293737861, 45.1251713166 ], [ -30.6894700043, 45.0907150069 ], [ -30.8492934061, 45.0559507593 ], [ -31.0088422073, 45.0208796196 ], [ -31.1681146472, 44.9855026399 ], [ -31.327108988, 44.9498208779 ], [ -31.4858235153, 44.9138353974 ], [ -31.6442565377, 44.8775472679 ], [ -31.8024063872, 44.8409575643 ], [ -31.9602714189, 44.8040673672 ], [ -32.1178500112, 44.7668777625 ], [ -32.2751405656, 44.7293898414 ], [ -32.4321415068, 44.6916047004 ], [ -32.588851283, 44.653523441 ], [ -32.7452683651, 44.6151471696 ], [ -32.9013912475, 44.5764769978 ], [ -33.0572184477, 44.5375140417 ], [ -33.2127485061, 44.4982594221 ], [ -33.3679799864, 44.4587142645 ], [ -33.5229114751, 44.4188796989 ], [ -33.6775415821, 44.3787568595 ], [ -33.8318689399, 44.3383468851 ], [ -33.985892204, 44.2976509183 ], [ -34.1396100528, 44.256670106 ], [ -34.2930211877, 44.215405599 ], [ -34.4461243325, 44.1738585522 ], [ -34.5989182341, 44.132030124 ], [ -34.7514016618, 44.0899214766 ], [ -34.9035734076, 44.0475337757 ], [ -35.0554322858, 44.0048681908 ], [ -35.2069771336, 43.9619258943 ], [ -35.3582068101, 43.9187080623 ], [ -35.509120197, 43.875215874 ], [ -35.6597161982, 43.8314505117 ], [ -35.8099937395, 43.7874131605 ], [ -35.9599517692, 43.7431050087 ], [ -36.1095892572, 43.6985272474 ], [ -36.2589051954, 43.6536810702 ], [ -36.4078985975, 43.6085676736 ], [ -36.556568499, 43.5631882565 ], [ -36.704913957, 43.5175440202 ], [ -36.8529340499, 43.4716361685 ], [ -37.0006278777, 43.4254659074 ], [ -37.1479945616, 43.3790344452 ], [ -37.2950332442, 43.332342992 ], [ -37.4417430889, 43.2853927602 ], [ -37.5881232803, 43.2381849639 ], [ -37.7341730239, 43.1907208192 ], [ -37.8798915458, 43.1430015439 ], [ -38.0252780928, 43.0950283573 ], [ -38.1703319322, 43.0468024805 ], [ -38.3150523519, 42.9983251359 ], [ -38.4594386598, 42.9495975474 ], [ -38.6034901842, 42.9006209402 ], [ -38.7472062734, 42.8513965406 ], [ -38.8905862954, 42.8019255763 ], [ -39.0336296382, 42.7522092759 ], [ -39.1763357095, 42.702248869 ], [ -39.3187039363, 42.6520455862 ], [ -39.4607337653, 42.6016006589 ], [ -39.6024246622, 42.550915319 ], [ -39.7437761119, 42.4999907995 ], [ -39.8847876184, 42.4488283337 ], [ -40.0254587044, 42.3974291556 ], [ -40.1657889115, 42.3457944994 ], [ -40.3057777996, 42.2939255999 ], [ -40.4454249474, 42.2418236921 ], [ -40.5847299516, 42.1894900113 ], [ -40.7236924271, 42.1369257928 ], [ -40.862312007, 42.0841322721 ], [ -41.000588342, 42.0311106847 ], [ -41.1385211007, 41.9778622659 ], [ -41.2761099693, 41.9243882511 ], [ -41.4133546513, 41.8706898753 ], [ -41.5502548675, 41.8167683732 ], [ -41.6868103559, 41.7626249795 ], [ -41.8230208715, 41.708260928 ], [ -41.958886186, 41.6536774524 ], [ -42.0944060879, 41.5988757858 ], [ -42.2295803823, 41.5438571605 ], [ -42.3644088904, 41.4886228084 ], [ -42.4988914499, 41.4331739605 ], [ -42.6330279145, 41.377511847 ], [ -42.7668181538, 41.3216376974 ], [ -42.9002620532, 41.2655527402 ], [ -43.0333595138, 41.2092582028 ], [ -43.166110452, 41.1527553119 ], [ -43.2985147996, 41.0960452927 ], [ -43.4305725036, 41.0391293697 ], [ -43.562283526, 40.9820087657 ], [ -43.6936478435, 40.9246847026 ], [ -43.8246654478, 40.867158401 ], [ -43.9553363448, 40.8094310798 ], [ -44.0856605552, 40.7515039569 ], [ -44.2156381135, 40.6933782484 ], [ -44.3452690686, 40.635055169 ], [ -44.4745534833, 40.5765359319 ], [ -44.603491434, 40.5178217484 ], [ -44.7320830109, 40.4589138285 ], [ -44.8603283176, 40.3998133801 ], [ -44.988227471, 40.3405216096 ], [ -45.1157806013, 40.2810397214 ], [ -45.2429878515, 40.2213689181 ], [ -45.3698493777, 40.1615104003 ], [ -45.4963653486, 40.1014653669 ], [ -45.6225359454, 40.0412350144 ], [ -45.7483613617, 39.9808205375 ], [ -45.8738418036, 39.9202231287 ], [ -45.9989774891, 39.8594439784 ], [ -46.1237686481, 39.7984842749 ], [ -46.2482155224, 39.737345204 ], [ -46.3723183656, 39.6760279496 ], [ -46.4960774426, 39.6145336929 ], [ -46.6194930298, 39.5528636132 ], [ -46.7425654147, 39.491018887 ], [ -46.865294896, 39.4290006886 ], [ -46.9876817832, 39.3668101897 ], [ -47.1097263967, 39.3044485597 ], [ -47.2314290674, 39.2419169653 ], [ -47.3527901369, 39.1792165708 ], [ -47.4738099568, 39.1163485376 ], [ -47.5944888893, 39.0533140247 ], [ -47.7148273064, 38.9901141883 ], [ -47.8348255902, 38.9267501821 ], [ -47.9544841323, 38.8632231569 ], [ -48.0738033342, 38.7995342606 ], [ -48.1927836068, 38.7356846386 ], [ -48.3114253705, 38.6716754333 ], [ -48.4297290547, 38.6075077841 ], [ -48.5476950979, 38.5431828279 ], [ -48.6653239478, 38.4787016982 ], [ -48.7826160606, 38.414065526 ], [ -48.8995719015, 38.3492754391 ], [ -49.016191944, 38.2843325622 ], [ -49.13247667, 38.2192380171 ], [ -49.2484265699, 38.1539929226 ], [ -49.3640421421, 38.0885983944 ], [ -49.479323893, 38.023055545 ], [ -49.5942723371, 37.9573654838 ], [ -49.7088879962, 37.891529317 ], [ -49.8231714003, 37.8255481479 ], [ -49.9371230866, 37.7594230763 ], [ -50.0507435996, 37.6931551988 ], [ -50.1640334912, 37.6267456089 ], [ -50.2769933206, 37.5601953969 ], [ -50.3896236537, 37.4935056495 ], [ -50.5019250633, 37.4266774504 ], [ -50.6138981293, 37.3597118799 ], [ -50.725543438, 37.2926100149 ], [ -50.8368615821, 37.2253729289 ], [ -50.947853161, 37.1580016923 ], [ -51.0585187802, 37.0904973717 ], [ -51.1688590515, 37.0228610306 ], [ -51.2788745927, 36.955093729 ], [ -51.3885660275, 36.8871965234 ], [ -51.4979339855, 36.8191704669 ], [ -51.6069791021, 36.751016609 ], [ -51.715702018, 36.6827359959 ], [ -51.8241033798, 36.6143296702 ], [ -51.9321838392, 36.5457986711 ], [ -52.0399440534, 36.4771440339 ], [ -52.1473846845, 36.4083667909 ], [ -52.2545064, 36.3394679705 ], [ -52.361309872, 36.2704485975 ], [ -52.4677957778, 36.2013096933 ], [ -52.5739647993, 36.1320522758 ], [ -52.6798176229, 36.0626773589 ], [ -52.7853549399, 35.9931859533 ], [ -52.8905774458, 35.9235790659 ], [ -52.9954858404, 35.8538576999 ], [ -53.1000808279, 35.7840228551 ], [ -53.2043631167, 35.7140755274 ], [ -53.3083334191, 35.6440167092 ], [ -53.4119924514, 35.5738473892 ], [ -53.5153409339, 35.5035685525 ], [ -53.6183795905, 35.4331811803 ], [ -53.7211091489, 35.3626862503 ], [ -53.8235303403, 35.2920847366 ], [ -53.9256438995, 35.2213776094 ], [ -54.0274505647, 35.1505658352 ], [ -54.1289510772, 35.079650377 ], [ -54.2301461819, 35.0086321938 ], [ -54.3310366265, 34.9375122412 ], [ -54.431623162, 34.8662914709 ], [ -54.5319065424, 34.7949708308 ], [ -54.6318875243, 34.7235512653 ], [ -54.7315668674, 34.6520337148 ], [ -54.8309453341, 34.5804191161 ], [ -54.9300236892, 34.5087084022 ], [ -55.0288027003, 34.4369025026 ], [ -55.1272831374, 34.3650023427 ], [ -55.2254657731, 34.2930088444 ], [ -55.323351382, 34.2209229258 ], [ -55.4209407411, 34.1487455011 ], [ -55.5182346297, 34.0764774809 ], [ -55.615233829, 34.004119772 ], [ -55.7119391225, 33.9316732775 ], [ -55.8083512953, 33.8591388967 ], [ -55.9044711347, 33.7865175252 ], [ -56.0002994297, 33.7138100547 ], [ -56.0958369709, 33.6410173734 ], [ -56.1910845509, 33.5681403654 ], [ -56.2860429637, 33.4951799113 ], [ -56.3807130047, 33.4221368879 ], [ -56.4750954711, 33.3490121683 ], [ -56.5691911613, 33.2758066218 ], [ -56.663000875, 33.2025211138 ], [ -56.7565254134, 33.1291565062 ], [ -56.8497655788, 33.0557136571 ], [ -56.9427221745, 32.9821934207 ], [ -57.0353960051, 32.9085966477 ], [ -57.1277878762, 32.8349241849 ], [ -57.2198985943, 32.7611768753 ], [ -57.3117289668, 32.6873555584 ], [ -57.403279802, 32.6134610699 ], [ -57.4945519091, 32.5394942417 ], [ -57.5855460978, 32.4654559019 ], [ -57.6762631787, 32.3913468752 ], [ -57.766703963, 32.3171679822 ], [ -57.8568692622, 32.2429200402 ], [ -57.9467598888, 32.1686038624 ], [ -58.0363766553, 32.0942202587 ], [ -58.1257203749, 32.0197700349 ], [ -58.2147918612, 31.9452539934 ], [ -58.3035919278, 31.8706729328 ], [ -58.3921213889, 31.7960276481 ], [ -58.4803810587, 31.7213189306 ], [ -58.5683717516, 31.646547568 ], [ -58.6560942824, 31.5717143441 ], [ -58.7435494654, 31.4968200392 ], [ -58.8307381156, 31.4218654302 ], [ -58.9176610474, 31.3468512899 ], [ -59.0043190754, 31.2717783878 ], [ -59.0907130141, 31.1966474896 ], [ -59.1768436779, 31.1214593576 ], [ -59.2627118808, 31.0462147501 ], [ -59.3483184367, 30.9709144221 ], [ -59.4336641592, 30.895559125 ], [ -59.5187498616, 30.8201496065 ], [ -59.6035763568, 30.7446866107 ], [ -59.6881444573, 30.6691708782 ], [ -59.7724549752, 30.593603146 ], [ -59.8565087221, 30.5179841474 ], [ -59.9403065091, 30.4423146125 ], [ -60.0238491467, 30.3665952674 ], [ -60.1071374449, 30.290826835 ], [ -60.1901722129, 30.2150100346 ], [ -60.2729542595, 30.1391455818 ], [ -60.3554843926, 30.0632341889 ], [ -60.4377634194, 29.9872765646 ], [ -60.5197921464, 29.9112734141 ], [ -60.6015713793, 29.8352254391 ], [ -60.6831019229, 29.7591333378 ], [ -60.7643845813, 29.6829978051 ], [ -60.8454201576, 29.6068195321 ], [ -60.9262094538, 29.5305992068 ], [ -61.0067532713, 29.4543375135 ], [ -61.0870524104, 29.3780351332 ], [ -61.1671076701, 29.3016927434 ], [ -61.2469198488, 29.2253110182 ], [ -61.3264897436, 29.1488906284 ], [ -61.4058181505, 29.0724322412 ], [ -61.4849058644, 28.9959365205 ], [ -61.5637536792, 28.9194041269 ], [ -61.6423623874, 28.8428357174 ], [ -61.7207327804, 28.766231946 ], [ -61.7988656483, 28.689593463 ], [ -61.8767617802, 28.6129209155 ], [ -61.9544219636, 28.5362149472 ], [ -62.031846985, 28.4594761987 ], [ -62.1090376293, 28.382705307 ], [ -62.1859946803, 28.305902906 ], [ -62.2627189203, 28.229069626 ], [ -62.3392111302, 28.1522060945 ], [ -62.4154720895, 28.0753129353 ], [ -62.4915025765, 27.9983907692 ], [ -62.5673033676, 27.9214402135 ], [ -62.6428752382, 27.8444618826 ], [ -62.7182189619, 27.7674563872 ], [ -62.7933353109, 27.6904243352 ], [ -62.8682250559, 27.6133663312 ], [ -62.942888966, 27.5362829763 ], [ -63.0173278087, 27.4591748689 ], [ -63.09154235, 27.3820426037 ], [ -63.1655333543, 27.3048867725 ], [ -63.2393015844, 27.2277079641 ], [ -63.3128478013, 27.1505067638 ], [ -63.3861727647, 27.073283754 ], [ -63.4592772321, 26.9960395138 ], [ -63.5321619599, 26.9187746194 ], [ -63.6048277025, 26.8414896437 ], [ -63.6772752125, 26.7641851565 ], [ -63.7495052411, 26.6868617246 ], [ -63.8215185374, 26.6095199118 ], [ -63.893315849, 26.5321602786 ], [ -63.9648979217, 26.4547833827 ], [ -64.0362654994, 26.3773897786 ], [ -64.1074193243, 26.2999800177 ], [ -64.1783601369, 26.2225546486 ], [ -64.2490886756, 26.1451142167 ], [ -64.3196056773, 26.0676592645 ], [ -64.3899118769, 25.9901903314 ], [ -64.4600080074, 25.9127079539 ], [ -64.5298948, 25.8352126656 ], [ -64.5995729841, 25.757704997 ], [ -64.6690432871, 25.6801854758 ], [ -64.7383064346, 25.6026546265 ], [ -64.8073631503, 25.525112971 ], [ -64.8762141559, 25.4475610281 ], [ -64.9448601713, 25.3699993137 ], [ -65.0133019144, 25.2924283409 ], [ -65.0815401012, 25.2148486197 ], [ -65.1495754456, 25.1372606576 ], [ -65.2174086599, 25.0596649589 ], [ -65.2850404542, 24.9820620251 ], [ -65.3524715365, 24.9044523551 ], [ -65.4197026132, 24.8268364447 ], [ -65.4867343884, 24.7492147871 ], [ -65.5535675643, 24.6715878724 ], [ -65.6202028412, 24.5939561881 ], [ -65.6866409173, 24.5163202191 ], [ -65.7528824889, 24.4386804471 ], [ -65.8189282501, 24.3610373514 ], [ -65.8847788932, 24.2833914083 ], [ -65.9504351083, 24.2057430916 ], [ -66.0158975837, 24.1280928722 ], [ -66.0811670053, 24.0504412182 ], [ -66.1462440574, 23.9727885952 ], [ -66.2111294219, 23.895135466 ], [ -66.2758237788, 23.8174822908 ], [ -66.3403278061, 23.7398295269 ], [ -66.4046421797, 23.6621776291 ], [ -66.4687675735, 23.5845270496 ], [ -66.5327046591, 23.5068782379 ], [ -66.5964541064, 23.4292316407 ], [ -66.6600165829, 23.3515877024 ], [ -66.7233927542, 23.2739468645 ], [ -66.7865832839, 23.196309566 ], [ -66.8495888334, 23.1186762433 ], [ -66.912410062, 23.0410473304 ], [ -66.975047627, 22.9634232584 ], [ -67.0375021836, 22.885804456 ], [ -67.0997743848, 22.8081913495 ], [ -67.1618648818, 22.7305843624 ], [ -67.2237743235, 22.6529839158 ], [ -67.2855033567, 22.5753904284 ], [ -67.3470526261, 22.4978043161 ], [ -67.4084227745, 22.4202259926 ], [ -67.4696144424, 22.342655869 ], [ -67.5306282683, 22.2650943538 ], [ -67.5914648886, 22.1875418533 ], [ -67.6521249376, 22.109998771 ], [ -67.7126090475, 22.0324655084 ], [ -67.7729178484, 21.9549424641 ], [ -67.8330519683, 21.8774300347 ], [ -67.8930120333, 21.799928614 ], [ -67.952798667, 21.7224385937 ], [ -68.0124124912, 21.644960363 ], [ -68.0718541257, 21.5674943087 ], [ -68.1311241879, 21.4900408153 ], [ -68.1902232933, 21.4126002647 ], [ -68.2491520553, 21.3351730368 ], [ -68.3079110852, 21.257759509 ], [ -68.3665009921, 21.1803600562 ], [ -68.4249223833, 21.1029750513 ], [ -68.4831758636, 21.0256048647 ], [ -68.5412620361, 20.9482498646 ], [ -68.5991815016, 20.8709104167 ], [ -68.6569348589, 20.7935868846 ], [ -68.7145227047, 20.7162796297 ], [ -68.7719456336, 20.6389890109 ], [ -68.8292042381, 20.5617153852 ], [ -68.8862991088, 20.4844591069 ], [ -68.943230834, 20.4072205285 ], [ -69.0, 20.33 ], [ -69.0833933869, 20.3812915275 ], [ -69.1669451379, 20.4324997681 ], [ -69.2506553482, 20.483624192 ], [ -69.3345241107, 20.5346642684 ], [ -69.4185515158, 20.5856194657 ], [ -69.5027376515, 20.6364892511 ], [ -69.5870826036, 20.6872730911 ], [ -69.6715864552, 20.737970451 ], [ -69.7562492872, 20.7885807955 ], [ -69.8410711778, 20.8391035881 ], [ -69.9260522029, 20.8895382915 ], [ -70.0111924358, 20.9398843675 ], [ -70.0964919472, 20.9901412769 ], [ -70.1819508054, 21.0403084798 ], [ -70.267569076, 21.0903854353 ], [ -70.3533468219, 21.1403716017 ], [ -70.4392841036, 21.1902664364 ], [ -70.5253809789, 21.240069396 ], [ -70.6116375027, 21.2897799362 ], [ -70.6980537276, 21.339397512 ], [ -70.7846297031, 21.3889215774 ], [ -70.8713654763, 21.4383515857 ], [ -70.9582610913, 21.4876869895 ], [ -71.0453165895, 21.5369272405 ], [ -71.1325320095, 21.5860717896 ], [ -71.2199073872, 21.635120087 ], [ -71.3074427555, 21.6840715822 ], [ -71.3951381443, 21.7329257239 ], [ -71.482993581, 21.78168196 ], [ -71.5710090899, 21.8303397378 ], [ -71.6591846921, 21.8788985039 ], [ -71.7475204062, 21.9273577042 ], [ -71.8360162476, 21.9757167838 ], [ -71.9246722286, 22.0239751872 ], [ -72.0134883586, 22.0721323582 ], [ -72.1024646441, 22.1201877402 ], [ -72.1916010882, 22.1681407757 ], [ -72.2808976911, 22.2159909065 ], [ -72.37035445, 22.2637375741 ], [ -72.4599713587, 22.3113802192 ], [ -72.549748408, 22.358918282 ], [ -72.6396855857, 22.406351202 ], [ -72.7297828759, 22.4536784182 ], [ -72.8200402601, 22.5008993693 ], [ -72.910457716, 22.548013493 ], [ -73.0010352183, 22.5950202268 ], [ -73.0917727385, 22.6419190077 ], [ -73.1826702446, 22.6887092721 ], [ -73.2737277013, 22.7353904559 ], [ -73.36494507, 22.7819619946 ], [ -73.4563223088, 22.8284233232 ], [ -73.5478593721, 22.8747738764 ], [ -73.6395562113, 22.9210130882 ], [ -73.7314127739, 22.9671403924 ], [ -73.8234290044, 23.0131552225 ], [ -73.9156048434, 23.0590570113 ], [ -74.0079402283, 23.1048451914 ], [ -74.1004350927, 23.1505191952 ], [ -74.1930893669, 23.1960784545 ], [ -74.2859029775, 23.2415224009 ], [ -74.3788758474, 23.2868504658 ], [ -74.4720078961, 23.33206208 ], [ -74.5652990393, 23.3771566743 ], [ -74.6587491891, 23.4221336791 ], [ -74.7523582539, 23.4669925247 ], [ -74.8461261384, 23.5117326409 ], [ -74.9400527436, 23.5563534576 ], [ -75.0341379666, 23.6008544043 ], [ -75.128381701, 23.6452349103 ], [ -75.2227838364, 23.6894944048 ], [ -75.3173442586, 23.7336323169 ], [ -75.4120628497, 23.7776480755 ], [ -75.5069394879, 23.8215411093 ], [ -75.6019740474, 23.865310847 ], [ -75.6971663986, 23.9089567173 ], [ -75.792516408, 23.9524781485 ], [ -75.8880239382, 23.9958745693 ], [ -75.9836888478, 24.0391454079 ], [ -76.0795109913, 24.0822900928 ], [ -76.1754902194, 24.1253080525 ], [ -76.2716263787, 24.1681987152 ], [ -76.3679193118, 24.2109615095 ], [ -76.4643688571, 24.2535958639 ], [ -76.5609748491, 24.2961012069 ], [ -76.6577371182, 24.3384769671 ], [ -76.7546554905, 24.3807225733 ], [ -76.8517297882, 24.4228374544 ], [ -76.9489598291, 24.4648210394 ], [ -77.0463454271, 24.5066727575 ], [ -77.1438863917, 24.5483920379 ], [ -77.2415825283, 24.5899783101 ], [ -77.339433638, 24.6314310041 ], [ -77.4374395176, 24.6727495496 ], [ -77.5355999599, 24.7139333769 ], [ -77.6339147531, 24.7549819166 ], [ -77.7323836812, 24.7958945993 ], [ -77.8310065241, 24.8366708562 ], [ -77.929783057, 24.8773101187 ], [ -78.0287130509, 24.9178118184 ], [ -78.1277962726, 24.9581753875 ], [ -78.2270324843, 24.9984002586 ], [ -78.3264214438, 25.0384858644 ], [ -78.4259629046, 25.0784316383 ], [ -78.5256566156, 25.1182370141 ], [ -78.6255023214, 25.1579014259 ], [ -78.7254997621, 25.1974243085 ], [ -78.8256486731, 25.2368050971 ], [ -78.9259487857, 25.2760432273 ], [ -79.0263998263, 25.3151381355 ], [ -79.1270015169, 25.3540892585 ], [ -79.2277535751, 25.3928960336 ], [ -79.3286557137, 25.4315578989 ], [ -79.429707641, 25.470074293 ], [ -79.5309090608, 25.5084446552 ], [ -79.6322596721, 25.5466684254 ], [ -79.7337591696, 25.5847450443 ], [ -79.835407243, 25.6226739532 ], [ -79.9372035775, 25.6604545941 ], [ -80.0391478537, 25.6980864098 ], [ -80.1412397475, 25.735568844 ], [ -80.2434789301, 25.772901341 ], [ -80.3458650679, 25.810083346 ], [ -80.4483978226, 25.847114305 ], [ -80.5510768515, 25.8839936649 ], [ -80.6539018066, 25.9207208734 ], [ -80.7568723357, 25.9572953792 ], [ -80.8599880814, 25.9937166319 ], [ -80.9632486819, 26.0299840819 ], [ -81.0666537703, 26.0660971808 ], [ -81.1702029752, 26.102055381 ], [ -81.2738959201, 26.1378581361 ], [ -81.3777322239, 26.1735049004 ], [ -81.4817115006, 26.2089951296 ], [ -81.5858333595, 26.2443282804 ], [ -81.6900974048, 26.2795038104 ], [ -81.794503236, 26.3145211785 ], [ -81.8990504478, 26.3493798446 ], [ -82.0037386299, 26.3840792701 ], [ -82.1085673674, 26.4186189172 ], [ -82.2135362401, 26.4529982495 ], [ -82.3186448232, 26.4872167317 ], [ -82.4238926871, 26.52127383 ], [ -82.5292793969, 26.5551690116 ], [ -82.6348045132, 26.5889017453 ], [ -82.7404675915, 26.6224715009 ], [ -82.8462681824, 26.6558777498 ], [ -82.9522058316, 26.6891199647 ], [ -83.0582800799, 26.7221976196 ], [ -83.164490463, 26.75511019 ], [ -83.270836512, 26.7878571528 ], [ -83.3773177527, 26.8204379865 ], [ -83.4839337062, 26.8528521709 ], [ -83.5906838886, 26.8850991875 ], [ -83.6975678109, 26.917178519 ], [ -83.8045849794, 26.9490896502 ], [ -83.9117348953, 26.9808320668 ], [ -84.0190170549, 27.0124052568 ], [ -84.1264309495, 27.0438087093 ], [ -84.2339760654, 27.0750419153 ], [ -84.3416518841, 27.1061043674 ], [ -84.4494578821, 27.1369955599 ], [ -84.5573935309, 27.1677149889 ], [ -84.6654582969, 27.1982621521 ], [ -84.7736516419, 27.2286365491 ], [ -84.8819730224, 27.2588376813 ], [ -84.9904218902, 27.2888650517 ], [ -85.0989976921, 27.3187181654 ], [ -85.2076998698, 27.3483965293 ], [ -85.3165278602, 27.377899652 ], [ -85.4254810953, 27.4072270443 ], [ -85.5345590022, 27.4363782186 ], [ -85.6437610028, 27.4653526897 ], [ -85.7530865143, 27.4941499739 ], [ -85.8625349491, 27.5227695899 ], [ -85.9721057143, 27.5512110581 ], [ -86.0817982126, 27.5794739012 ], [ -86.1916118413, 27.6075576439 ], [ -86.3015459932, 27.6354618129 ], [ -86.411600056, 27.6631859372 ], [ -86.5217734125, 27.6907295477 ], [ -86.6320654409, 27.7180921777 ], [ -86.7424755143, 27.7452733627 ], [ -86.8530030009, 27.7722726402 ], [ -86.9636472642, 27.7990895501 ], [ -87.0744076629, 27.8257236345 ], [ -87.1852835509, 27.8521744379 ], [ -87.296274277, 27.8784415069 ], [ -87.4073791856, 27.9045243906 ], [ -87.518597616, 27.9304226405 ], [ -87.629928903, 27.9561358103 ], [ -87.7413723764, 27.9816634562 ], [ -87.8529273614, 28.0070051368 ], [ -87.9645931783, 28.0321604132 ], [ -88.076369143, 28.0571288489 ], [ -88.1882545664, 28.08191001 ], [ -88.3002487547, 28.106503465 ], [ -88.4123510097, 28.130908785 ], [ -88.5245606284, 28.1551255437 ], [ -88.6368769029, 28.1791533172 ], [ -88.7492991211, 28.2029916844 ], [ -88.8618265661, 28.2266402269 ], [ -88.9744585164, 28.2500985287 ], [ -89.0871942458, 28.2733661766 ], [ -89.2000330239, 28.2964427602 ], [ -89.3129741154, 28.3193278716 ], [ -89.4260167807, 28.3420211059 ], [ -89.5391602757, 28.3645220608 ], [ -89.6524038517, 28.3868303367 ], [ -89.7657467556, 28.408945537 ], [ -89.8791882299, 28.4308672679 ], [ -89.9927275128, 28.4525951384 ], [ -90.1063638379, 28.4741287603 ], [ -90.2200964344, 28.4954677485 ], [ -90.3339245276, 28.5166117206 ], [ -90.4478473378, 28.5375602972 ], [ -90.5618640817, 28.558313102 ], [ -90.6759739712, 28.5788697616 ], [ -90.7901762143, 28.5992299055 ], [ -90.9044700145, 28.6193931662 ], [ -91.0188545714, 28.6393591796 ], [ -91.1333290803, 28.6591275841 ], [ -91.2478927322, 28.6786980218 ], [ -91.3625447142, 28.6980701373 ], [ -91.4772842093, 28.7172435789 ], [ -91.5921103964, 28.7362179976 ], [ -91.7070224503, 28.7549930477 ], [ -91.822019542, 28.7735683868 ], [ -91.9371008383, 28.7919436757 ], [ -92.0522655022, 28.8101185781 ], [ -92.1675126928, 28.8280927615 ], [ -92.2828415652, 28.8458658961 ], [ -92.3982512709, 28.8634376558 ], [ -92.5137409572, 28.8808077176 ], [ -92.629309768, 28.8979757618 ], [ -92.7449568433, 28.9149414722 ], [ -92.8606813194, 28.9317045359 ], [ -92.9764823287, 28.9482646431 ], [ -93.0923590004, 28.9646214879 ], [ -93.2083104597, 28.9807747674 ], [ -93.3243358284, 28.9967241823 ], [ -93.4404342246, 29.0124694368 ], [ -93.5566047632, 29.0280102383 ], [ -93.6728465552, 29.0433462982 ], [ -93.7891587086, 29.0584773308 ], [ -93.9055403277, 29.0734030543 ], [ -94.0219905135, 29.0881231903 ], [ -94.1385083637, 29.102637464 ], [ -94.2550929728, 29.1169456042 ], [ -94.3717434319, 29.1310473432 ], [ -94.488458829, 29.144942417 ], [ -94.6052382488, 29.1586305651 ], [ -94.722080773, 29.1721115306 ], [ -94.8389854802, 29.1853850605 ], [ -94.9559514459, 29.1984509053 ], [ -95.0729777425, 29.211308819 ], [ -95.1900634397, 29.2239585597 ], [ -95.3072076039, 29.2363998888 ], [ -95.4244092989, 29.2486325718 ], [ -95.5416675856, 29.2606563776 ], [ -95.6589815219, 29.2724710791 ], [ -95.7763501634, 29.2840764528 ], [ -95.8937725624, 29.295472279 ], [ -96.0112477689, 29.306658342 ], [ -96.1287748302, 29.3176344297 ], [ -96.246352791, 29.3284003337 ], [ -96.3639806935, 29.3389558499 ], [ -96.4816575772, 29.3493007775 ], [ -96.5993824793, 29.3594349199 ], [ -96.7171544348, 29.3693580842 ], [ -96.8349724759, 29.3790700816 ], [ -96.9528356328, 29.3885707271 ], [ -97.0707429333, 29.3978598393 ], [ -97.1886934031, 29.4069372412 ], [ -97.3066860656, 29.4158027595 ], [ -97.4247199421, 29.4244562247 ], [ -97.5427940519, 29.4328974715 ], [ -97.660907412, 29.4411263385 ], [ -97.7790590378, 29.4491426681 ], [ -97.8972479425, 29.456946307 ], [ -98.0154731374, 29.4645371055 ], [ -98.1337336321, 29.4719149182 ], [ -98.2520284343, 29.4790796036 ], [ -98.37035655, 29.4860310243 ], [ -98.4887169836, 29.4927690467 ], [ -98.6071087375, 29.4992935415 ], [ -98.725530813, 29.5056043832 ], [ -98.8439822094, 29.5117014507 ], [ -98.9624619248, 29.5175846266 ], [ -99.0809689557, 29.5232537977 ], [ -99.1995022973, 29.5287088549 ], [ -99.3180609435, 29.5339496932 ], [ -99.4366438866, 29.5389762116 ], [ -99.555250118, 29.5437883133 ], [ -99.6738786277, 29.5483859055 ], [ -99.7925284047, 29.5527688996 ], [ -99.9111984368, 29.5569372109 ], [ -100.0298877108, 29.5608907592 ], [ -100.1485952125, 29.5646294681 ], [ -100.2673199268, 29.5681532654 ], [ -100.3860608376, 29.5714620831 ], [ -100.5048169281, 29.5745558573 ], [ -100.6235871807, 29.5774345281 ], [ -100.742370577, 29.5800980401 ], [ -100.8611660979, 29.5825463417 ], [ -100.9799727239, 29.5847793856 ], [ -101.0987894346, 29.5867971286 ], [ -101.2176152093, 29.5885995317 ], [ -101.3364490268, 29.5901865601 ], [ -101.4552898654, 29.591558183 ], [ -101.5741367031, 29.5927143739 ], [ -101.6929885177, 29.5936551105 ], [ -101.8118442865, 29.5943803746 ], [ -101.9307029868, 29.5948901522 ], [ -102.0495635956, 29.5951844332 ], [ -102.16842509, 29.5952632122 ], [ -102.2872864468, 29.5951264875 ], [ -102.406146643, 29.5947742619 ], [ -102.5250046556, 29.594206542 ], [ -102.6438594617, 29.5934233389 ], [ -102.7627100386, 29.5924246678 ], [ -102.8815553637, 29.591210548 ], [ -103.0003944149, 29.5897810029 ], [ -103.1192261702, 29.5881360602 ], [ -103.2380496081, 29.5862757517 ], [ -103.3568637074, 29.5842001134 ], [ -103.4756674477, 29.5819091855 ], [ -103.5944598087, 29.5794030121 ], [ -103.7132397709, 29.5766816418 ], [ -103.8320063156, 29.5737451272 ], [ -103.9507584245, 29.5705935249 ], [ -104.0694950803, 29.5672268958 ], [ -104.1882152662, 29.5636453051 ], [ -104.3069179664, 29.5598488217 ], [ -104.4256021662, 29.5558375191 ], [ -104.5442668516, 29.5516114746 ], [ -104.6629110095, 29.5471707698 ], [ -104.7815336283, 29.5425154902 ], [ -104.900133697, 29.5376457257 ], [ -105.0187102061, 29.5325615701 ], [ -105.1372621472, 29.5272631213 ], [ -105.2557885131, 29.5217504815 ], [ -105.374288298, 29.5160237568 ], [ -105.4927604974, 29.5100830572 ], [ -105.6112041083, 29.5039284973 ], [ -105.729618129, 29.4975601952 ], [ -105.8480015595, 29.4909782735 ], [ -105.9663534012, 29.4841828585 ], [ -106.0846726572, 29.4771740808 ], [ -106.2029583323, 29.4699520749 ], [ -106.3212094328, 29.4625169793 ], [ -106.4394249671, 29.4548689367 ], [ -106.5576039451, 29.4470080935 ], [ -106.6757453787, 29.4389346004 ], [ -106.7938482817, 29.4306486119 ], [ -106.9119116699, 29.4221502866 ], [ -107.0299345608, 29.413439787 ], [ -107.1479159745, 29.4045172795 ], [ -107.2658549326, 29.3953829346 ], [ -107.3837504592, 29.3860369266 ], [ -107.5016015806, 29.3764794337 ], [ -107.6194073252, 29.3667106382 ], [ -107.7371667237, 29.3567307262 ], [ -107.8548788092, 29.3465398876 ], [ -107.9725426171, 29.3361383163 ], [ -108.0901571852, 29.3255262101 ], [ -108.2077215539, 29.3147037704 ], [ -108.325234766, 29.3036712029 ], [ -108.4426958669, 29.2924287166 ], [ -108.5601039046, 29.2809765247 ], [ -108.6774579296, 29.2693148441 ], [ -108.7947569954, 29.2574438954 ], [ -108.9120001579, 29.245363903 ], [ -109.0291864759, 29.2330750953 ], [ -109.146315011, 29.2205777041 ], [ -109.2633848279, 29.2078719651 ], [ -109.3803949937, 29.1949581178 ], [ -109.4973445789, 29.1818364052 ], [ -109.6142326567, 29.1685070742 ], [ -109.7310583036, 29.1549703753 ], [ -109.8478205987, 29.1412265625 ], [ -109.9645186247, 29.1272758937 ], [ -110.0811514673, 29.1131186303 ], [ -110.1977182151, 29.0987550374 ], [ -110.3142179602, 29.0841853834 ], [ -110.430649798, 29.0694099408 ], [ -110.5470128269, 29.0544289851 ], [ -110.6633061491, 29.0392427958 ], [ -110.7795288697, 29.0238516557 ], [ -110.8956800974, 29.0082558512 ], [ -111.0117589445, 28.9924556721 ], [ -111.1277645265, 28.9764514117 ], [ -111.2436959627, 28.9602433669 ], [ -111.3595523757, 28.9438318379 ], [ -111.4753328918, 28.9272171284 ], [ -111.591036641, 28.9103995455 ], [ -111.7066627569, 28.8933793996 ], [ -111.8222103767, 28.8761570045 ], [ -111.9376786414, 28.8587326775 ], [ -112.0530666958, 28.8411067392 ], [ -112.1683736884, 28.8232795132 ], [ -112.2835987717, 28.8052513269 ], [ -112.3987411017, 28.7870225106 ], [ -112.5137998388, 28.768593398 ], [ -112.6287741467, 28.749964326 ], [ -112.7436631937, 28.7311356348 ], [ -112.8584661515, 28.7121076676 ], [ -112.9731821961, 28.6928807711 ], [ -113.0878105076, 28.6734552949 ], [ -113.20235027, 28.6538315918 ], [ -113.3168006714, 28.6340100178 ], [ -113.431160904, 28.6139909318 ], [ -113.5454301644, 28.5937746961 ], [ -113.6596076531, 28.5733616758 ], [ -113.7736925748, 28.5527522391 ], [ -113.8876841385, 28.5319467573 ], [ -114.0015815576, 28.5109456045 ], [ -114.1153840495, 28.489749158 ], [ -114.2290908361, 28.468357798 ], [ -114.3427011435, 28.4467719075 ], [ -114.4562142022, 28.4249918725 ], [ -114.5696292471, 28.4030180819 ], [ -114.6829455174, 28.3808509275 ], [ -114.7961622569, 28.3584908039 ], [ -114.9092787137, 28.3359381086 ], [ -115.0222941402, 28.3131932417 ], [ -115.1352077937, 28.2902566062 ], [ -115.2480189355, 28.267128608 ], [ -115.3607268319, 28.2438096556 ], [ -115.4733307534, 28.2203001601 ], [ -115.5858299751, 28.1966005356 ], [ -115.6982237769, 28.1727111985 ], [ -115.8105114431, 28.1486325681 ], [ -115.9226922625, 28.1243650663 ], [ -116.0347655289, 28.0999091175 ], [ -116.1467305404, 28.0752651488 ], [ -116.2585865999, 28.0504335898 ], [ -116.370333015, 28.0254148725 ], [ -116.4819690979, 28.0002094318 ], [ -116.5934941656, 27.9748177045 ], [ -116.7049075399, 27.9492401305 ], [ -116.816208547, 27.9234771516 ], [ -116.9273965183, 27.8975292124 ], [ -117.0384707896, 27.8713967598 ], [ -117.1494307017, 27.8450802428 ], [ -117.2602756001, 27.8185801132 ], [ -117.371004835, 27.7918968248 ], [ -117.4816177616, 27.7650308338 ], [ -117.5921137399, 27.7379825987 ], [ -117.7024921345, 27.7107525803 ], [ -117.8127523152, 27.6833412415 ], [ -117.9228936563, 27.6557490475 ], [ -118.0329155372, 27.6279764656 ], [ -118.1428173422, 27.6000239655 ], [ -118.2525984602, 27.5718920187 ], [ -118.3622582852, 27.5435810991 ], [ -118.4717962161, 27.5150916825 ], [ -118.5812116567, 27.4864242469 ], [ -118.6905040155, 27.4575792723 ], [ -118.7996727062, 27.4285572407 ], [ -118.9087171472, 27.3993586361 ], [ -119.017636762, 27.3699839445 ], [ -119.1264309788, 27.3404336538 ], [ -119.235099231, 27.3107082539 ], [ -119.3436409568, 27.2808082365 ], [ -119.4520555994, 27.2507340954 ], [ -119.5603426067, 27.2204863259 ], [ -119.6685014318, 27.1900654255 ], [ -119.7765315328, 27.1594718932 ], [ -119.8844323726, 27.1287062301 ], [ -119.992203419, 27.0977689388 ], [ -120.0998441449, 27.0666605237 ], [ -120.2073540281, 27.0353814909 ], [ -120.3147325514, 27.0039323484 ], [ -120.4219792023, 26.9723136056 ], [ -120.5290934737, 26.9405257736 ], [ -120.6360748631, 26.9085693652 ], [ -120.742922873, 26.8764448949 ], [ -120.849637011, 26.8441528784 ], [ -120.9562167896, 26.8116938334 ], [ -121.0626617261, 26.7790682788 ], [ -121.1689713429, 26.7462767352 ], [ -121.2751451672, 26.7133197245 ], [ -121.3811827314, 26.6801977702 ], [ -121.4870835726, 26.6469113973 ], [ -121.5928472328, 26.6134611319 ], [ -121.6984732591, 26.5798475018 ], [ -121.8039612034, 26.5460710361 ], [ -121.9093106226, 26.5121322651 ], [ -122.0145210784, 26.4780317206 ], [ -122.1195921374, 26.4437699356 ], [ -122.2245233714, 26.4093474444 ], [ -122.3293143566, 26.3747647824 ], [ -122.4339646745, 26.3400224866 ], [ -122.5384739112, 26.3051210947 ], [ -122.6428416579, 26.2700611461 ], [ -122.7470675105, 26.2348431809 ], [ -122.8511510698, 26.1994677407 ], [ -122.9550919414, 26.163935368 ], [ -123.0588897358, 26.1282466065 ], [ -123.1625440684, 26.0924020009 ], [ -123.2660545592, 26.0564020969 ], [ -123.3694208333, 26.0202474413 ], [ -123.4726425203, 25.983938582 ], [ -123.5757192547, 25.9474760678 ], [ -123.678650676, 25.9108604483 ], [ -123.7814364281, 25.8740922743 ], [ -123.88407616, 25.8371720973 ], [ -123.9865695251, 25.8001004698 ], [ -124.0889161818, 25.7628779452 ], [ -124.1911157931, 25.7255050777 ], [ -124.2931680268, 25.6879824224 ], [ -124.3950725554, 25.650310535 ], [ -124.4968290558, 25.6124899722 ], [ -124.5984372101, 25.5745212914 ], [ -124.6998967045, 25.5364050507 ], [ -124.8012072303, 25.498141809 ], [ -124.9023684831, 25.4597321259 ], [ -125.0033801633, 25.4211765615 ], [ -125.1042419759, 25.3824756769 ], [ -125.2049536305, 25.3436300335 ], [ -125.3055148411, 25.3046401934 ], [ -125.4059253265, 25.2655067195 ], [ -125.5061848099, 25.2262301751 ], [ -125.606293019, 25.186811124 ], [ -125.7062496862, 25.1472501308 ], [ -125.8060545481, 25.1075477602 ], [ -125.9057073462, 25.0677045778 ], [ -126.0052078261, 25.0277211494 ], [ -126.104555738, 24.9875980415 ], [ -126.2037508365, 24.9473358208 ], [ -126.3027928807, 24.9069350545 ], [ -126.401681634, 24.8663963104 ], [ -126.5004168642, 24.8257201562 ], [ -126.5989983435, 24.7849071605 ], [ -126.6974258485, 24.7439578919 ], [ -126.79569916, 24.7028729194 ], [ -126.8938180632, 24.6616528123 ], [ -126.9917823477, 24.6202981402 ], [ -127.0895918072, 24.5788094729 ], [ -127.1872462396, 24.5371873807 ], [ -127.2847454473, 24.4954324336 ], [ -127.3820892368, 24.4535452024 ], [ -127.4792774188, 24.4115262577 ], [ -127.5763098081, 24.3693761703 ], [ -127.6731862239, 24.3270955114 ], [ -127.7699064892, 24.2846848521 ], [ -127.8664704315, 24.2421447637 ], [ -127.9628778822, 24.1994758175 ], [ -128.0591286768, 24.1566785851 ], [ -128.1552226549, 24.1137536379 ], [ -128.2511596602, 24.0707015475 ], [ -128.3469395403, 24.0275228855 ], [ -128.4425621469, 23.9842182235 ], [ -128.5380273358, 23.940788133 ], [ -128.6333349666, 23.8972331858 ], [ -128.7284849029, 23.8535539532 ], [ -128.8234770122, 23.8097510068 ], [ -128.918311166, 23.7658249179 ], [ -129.0129872396, 23.7217762579 ], [ -129.1075051123, 23.6776055979 ], [ -129.201864667, 23.633313509 ], [ -129.2960657907, 23.5889005622 ], [ -129.390108374, 23.5443673281 ], [ -129.4839923114, 23.4997143775 ], [ -129.5777175012, 23.4549422806 ], [ -129.6712838453, 23.4100516077 ], [ -129.7646912493, 23.3650429288 ], [ -129.8579396228, 23.3199168136 ], [ -129.9510288788, 23.2746738315 ], [ -130.043958934, 23.2293145519 ], [ -130.1367297087, 23.1838395436 ], [ -130.229341127, 23.1382493754 ], [ -130.3217931165, 23.0925446154 ], [ -130.4140856082, 23.0467258317 ], [ -130.5062185368, 23.000793592 ], [ -130.5981918406, 22.9547484636 ], [ -130.6900054613, 22.9085910134 ], [ -130.781659344, 22.8623218078 ], [ -130.8731534375, 22.8159414132 ], [ -130.9644876938, 22.7694503951 ], [ -131.0556620685, 22.7228493189 ], [ -131.1466765205, 22.6761387495 ], [ -131.237531012, 22.6293192512 ], [ -131.3282255088, 22.5823913879 ], [ -131.4187599796, 22.5353557232 ], [ -131.5091343969, 22.4882128199 ], [ -131.5993487362, 22.4409632404 ], [ -131.6894029762, 22.3936075468 ], [ -131.779297099, 22.3461463003 ], [ -131.86903109, 22.2985800618 ], [ -131.9586049375, 22.2509093916 ], [ -132.0480186333, 22.2031348493 ], [ -132.137272172, 22.155256994 ], [ -132.2263655516, 22.1072763842 ], [ -132.3152987731, 22.0591935779 ], [ -132.4040718407, 22.0110091322 ], [ -132.4926847614, 21.9627236038 ], [ -132.5811375455, 21.9143375487 ], [ -132.6694302062, 21.8658515221 ], [ -132.7575627598, 21.8172660787 ], [ -132.8455352253, 21.7685817725 ], [ -132.933347625, 21.7197991567 ], [ -133.0209999839, 21.6709187839 ], [ -133.1084923299, 21.6219412058 ], [ -133.1958246939, 21.5728669736 ], [ -133.2829971097, 21.5236966377 ], [ -133.3700096137, 21.4744307476 ], [ -133.4568622454, 21.4250698521 ], [ -133.5435550468, 21.3756144994 ], [ -133.630088063, 21.3260652368 ], [ -133.7164613416, 21.2764226106 ], [ -133.802674933, 21.2266871666 ], [ -133.8887288904, 21.1768594497 ], [ -133.9746232694, 21.1269400038 ], [ -134.0603581287, 21.0769293723 ], [ -134.1459335293, 21.0268280973 ], [ -134.2313495349, 20.9766367205 ], [ -134.3166062118, 20.9263557825 ], [ -134.401703629, 20.8759858229 ], [ -134.4866418579, 20.8255273808 ], [ -134.5714209724, 20.774980994 ], [ -134.6560410491, 20.7243471996 ], [ -134.7405021669, 20.6736265338 ], [ -134.8248044073, 20.6228195319 ], [ -134.9089478541, 20.571926728 ], [ -134.9929325937, 20.5209486557 ], [ -135.0767587148, 20.4698858472 ], [ -135.1604263085, 20.4187388341 ], [ -135.2439354683, 20.3675081469 ], [ -135.3272862899, 20.316194315 ], [ -135.4104788715, 20.264797867 ], [ -135.4935133134, 20.2133193304 ], [ -135.5763897184, 20.1617592318 ], [ -135.6591081915, 20.1101180967 ], [ -135.7416688396, 20.0583964497 ], [ -135.8240717724, 20.0065948141 ], [ -135.9063171013, 19.9547137126 ], [ -135.9884049401, 19.9027536665 ], [ -136.0703354048, 19.8507151961 ], [ -136.1521086132, 19.7985988209 ], [ -136.2337246857, 19.7464050591 ], [ -136.3151837443, 19.6941344279 ], [ -136.3964859135, 19.6417874434 ], [ -136.4776313196, 19.5893646206 ], [ -136.5586200909, 19.5368664736 ], [ -136.6394523578, 19.4842935151 ], [ -136.7201282528, 19.4316462569 ], [ -136.8006479101, 19.3789252097 ], [ -136.8810114661, 19.3261308829 ], [ -136.961219059, 19.2732637851 ], [ -137.0412708289, 19.2203244234 ], [ -137.1211669178, 19.167313304 ], [ -137.2009074696, 19.114230932 ], [ -137.2804926302, 19.0610778111 ], [ -137.3599225469, 19.0078544441 ], [ -137.4391973693, 18.9545613325 ], [ -137.5183172485, 18.9011989767 ], [ -137.5972823374, 18.847767876 ], [ -137.6760927908, 18.7942685282 ], [ -137.7547487651, 18.7407014304 ], [ -137.8332504185, 18.6870670781 ], [ -137.9115979108, 18.6333659658 ], [ -137.9897914035, 18.5795985869 ], [ -138.0678310598, 18.5257654334 ], [ -138.1457170446, 18.4718669961 ], [ -138.2234495244, 18.4179037647 ], [ -138.3010286671, 18.3638762276 ], [ -138.3784546425, 18.3097848721 ], [ -138.4557276217, 18.2556301842 ], [ -138.5328477776, 18.2014126486 ], [ -138.6098152844, 18.1471327488 ], [ -138.6866303179, 18.0927909671 ], [ -138.7632930555, 18.0383877846 ], [ -138.8398036759, 17.983923681 ], [ -138.9161623595, 17.9293991349 ], [ -138.9923692878, 17.8748146235 ], [ -139.068424644, 17.820170623 ], [ -139.1443286127, 17.7654676079 ], [ -139.2200813797, 17.7107060518 ], [ -139.2956831324, 17.655886427 ], [ -139.3711340593, 17.6010092043 ], [ -139.4464343506, 17.5460748534 ], [ -139.5215841976, 17.4910838427 ], [ -139.5965837927, 17.4360366393 ], [ -139.6714333301, 17.3809337089 ], [ -139.7461330047, 17.325775516 ], [ -139.8206830132, 17.2705625239 ], [ -139.8950835532, 17.2152951945 ], [ -139.9693348235, 17.1599739883 ], [ -140.0434370244, 17.1045993646 ], [ -140.1173903571, 17.0491717815 ], [ -140.1911950241, 16.9936916955 ], [ -140.264851229, 16.9381595621 ], [ -140.3383591767, 16.8825758353 ], [ -140.411719073, 16.8269409678 ], [ -140.4849311251, 16.771255411 ], [ -140.5579955409, 16.715519615 ], [ -140.6309125299, 16.6597340285 ], [ -140.7036823021, 16.6038990989 ], [ -140.776305069, 16.5480152723 ], [ -140.8487810429, 16.4920829934 ], [ -140.9211104371, 16.4361027057 ], [ -140.9932934662, 16.3800748512 ], [ -141.0653303455, 16.3239998706 ], [ -141.1372212913, 16.2678782033 ], [ -141.2089665211, 16.2117102874 ], [ -141.2805662529, 16.1554965596 ], [ -141.3520207061, 16.0992374551 ], [ -141.4233301008, 16.0429334081 ], [ -141.494494658, 15.986584851 ], [ -141.5655145996, 15.9301922153 ], [ -141.6363901485, 15.8737559308 ], [ -141.7071215282, 15.8172764261 ], [ -141.7777089633, 15.7607541285 ], [ -141.8481526792, 15.7041894637 ], [ -141.918452902, 15.6475828563 ], [ -141.9886098587, 15.5909347295 ], [ -142.058623777, 15.5342455049 ], [ -142.1284948855, 15.4775156031 ], [ -142.1982234135, 15.420745443 ], [ -142.2678095911, 15.3639354423 ], [ -142.3372536491, 15.3070860173 ], [ -142.406555819, 15.2501975831 ], [ -142.4757163331, 15.193270553 ], [ -142.5447354244, 15.1363053394 ], [ -142.6136133264, 15.0793023531 ], [ -142.6823502736, 15.0222620036 ], [ -142.7509465009, 14.9651846989 ], [ -142.8194022439, 14.9080708457 ], [ -142.8877177389, 14.8509208494 ], [ -142.9558932229, 14.793735114 ], [ -143.0239289334, 14.7365140421 ], [ -143.0918251085, 14.6792580349 ], [ -143.1595819868, 14.6219674922 ], [ -143.2271998078, 14.5646428126 ], [ -143.2946788113, 14.5072843931 ], [ -143.3620192378, 14.4498926295 ], [ -143.4292213281, 14.392467916 ], [ -143.4962853238, 14.3350106458 ], [ -143.5632114669, 14.2775212104 ], [ -143.63, 14.22 ], [ -143.6874663883, 14.286455816 ], [ -143.7450696387, 14.3529144571 ], [ -143.8028101239, 14.4193756035 ], [ -143.8606882173, 14.4858389341 ], [ -143.9187042927, 14.5523041259 ], [ -143.9768587249, 14.6187708543 ], [ -144.035151889, 14.6852387931 ], [ -144.093584161, 14.7517076144 ], [ -144.1521559174, 14.8181769886 ], [ -144.2108675355, 14.8846465843 ], [ -144.269719393, 14.9511160688 ], [ -144.3287118684, 15.0175851072 ], [ -144.3878453407, 15.0840533633 ], [ -144.4471201896, 15.1505204991 ], [ -144.5065367954, 15.2169861748 ], [ -144.566095539, 15.2834500489 ], [ -144.6257968018, 15.3499117783 ], [ -144.6856409659, 15.416371018 ], [ -144.7456284139, 15.4828274216 ], [ -144.8057595291, 15.5492806407 ], [ -144.8660346952, 15.6157303251 ], [ -144.9264542967, 15.6821761232 ], [ -144.9870187184, 15.7486176812 ], [ -145.0477283458, 15.8150546441 ], [ -145.108583565, 15.8814866546 ], [ -145.1695847625, 15.947913354 ], [ -145.2307323253, 16.0143343818 ], [ -145.2920266412, 16.0807493756 ], [ -145.3534680983, 16.1471579713 ], [ -145.4150570851, 16.213559803 ], [ -145.476793991, 16.2799545031 ], [ -145.5386792054, 16.3463417022 ], [ -145.6007131186, 16.412721029 ], [ -145.6628961212, 16.4790921105 ], [ -145.7252286042, 16.5454545718 ], [ -145.7877109594, 16.6118080365 ], [ -145.8503435786, 16.678152126 ], [ -145.9131268544, 16.7444864601 ], [ -145.9760611797, 16.8108106568 ], [ -146.0391469478, 16.8771243322 ], [ -146.1023845526, 16.9434271005 ], [ -146.1657743882, 17.0097185744 ], [ -146.2293168492, 17.0759983643 ], [ -146.2930123307, 17.1422660792 ], [ -146.3568612281, 17.208521326 ], [ -146.4208639371, 17.2747637098 ], [ -146.485020854, 17.3409928338 ], [ -146.5493323752, 17.4072082996 ], [ -146.6137988976, 17.4734097066 ], [ -146.6784208184, 17.5395966526 ], [ -146.7431985353, 17.6057687333 ], [ -146.8081324461, 17.6719255428 ], [ -146.8732229489, 17.7380666732 ], [ -146.9384704424, 17.8041917145 ], [ -147.0038753253, 17.8703002552 ], [ -147.0694379968, 17.9363918818 ], [ -147.1351588561, 18.0024661786 ], [ -147.2010383029, 18.0685227285 ], [ -147.2670767371, 18.1345611121 ], [ -147.3332745589, 18.2005809083 ], [ -147.3996321686, 18.266581694 ], [ -147.4661499667, 18.3325630444 ], [ -147.5328283541, 18.3985245324 ], [ -147.5996677317, 18.4644657294 ], [ -147.6666685007, 18.5303862046 ], [ -147.7338310625, 18.5962855254 ], [ -147.8011558186, 18.6621632572 ], [ -147.8686431707, 18.7280189635 ], [ -147.9362935204, 18.7938522059 ], [ -148.0041072699, 18.859662544 ], [ -148.072084821, 18.9254495355 ], [ -148.1402265759, 18.9912127362 ], [ -148.2085329369, 19.0569516998 ], [ -148.2770043062, 19.1226659782 ], [ -148.3456410863, 19.1883551214 ], [ -148.4144436794, 19.2540186771 ], [ -148.4834124881, 19.3196561915 ], [ -148.5525479148, 19.3852672085 ], [ -148.621850362, 19.4508512701 ], [ -148.6913202321, 19.5164079165 ], [ -148.7609579275, 19.5819366857 ], [ -148.8307638507, 19.6474371139 ], [ -148.900738404, 19.7129087351 ], [ -148.9708819897, 19.7783510817 ], [ -149.04119501, 19.8437636837 ], [ -149.111677867, 19.9091460693 ], [ -149.1823309626, 19.9744977648 ], [ -149.2531546988, 20.0398182943 ], [ -149.3241494773, 20.1051071801 ], [ -149.3953156996, 20.1703639425 ], [ -149.4666537671, 20.2355880995 ], [ -149.538164081, 20.3007791675 ], [ -149.6098470424, 20.3659366606 ], [ -149.681703052, 20.4310600911 ], [ -149.7537325103, 20.4961489692 ], [ -149.8259358176, 20.561202803 ], [ -149.8983133738, 20.6262210987 ], [ -149.9708655788, 20.6912033606 ], [ -150.0435928319, 20.7561490907 ], [ -150.1164955322, 20.8210577891 ], [ -150.1895740783, 20.8859289541 ], [ -150.2628288688, 20.9507620816 ], [ -150.3362603014, 21.0155566657 ], [ -150.409868774, 21.0803121985 ], [ -150.4836546835, 21.14502817 ], [ -150.5576184267, 21.2097040682 ], [ -150.6317604, 21.2743393789 ], [ -150.706080999, 21.3389335862 ], [ -150.7805806192, 21.403486172 ], [ -150.8552596552, 21.467996616 ], [ -150.9301185014, 21.5324643961 ], [ -151.0051575514, 21.5968889881 ], [ -151.0803771984, 21.6612698658 ], [ -151.1557778349, 21.7256065008 ], [ -151.2313598528, 21.7898983628 ], [ -151.3071236434, 21.8541449196 ], [ -151.3830695972, 21.9183456366 ], [ -151.4591981043, 21.9824999774 ], [ -151.5355095539, 22.0466074036 ], [ -151.6120043344, 22.1106673747 ], [ -151.6886828337, 22.174679348 ], [ -151.7655454387, 22.238642779 ], [ -151.8425925357, 22.302557121 ], [ -151.91982451, 22.3664218253 ], [ -151.9972417463, 22.4302363412 ], [ -152.0748446281, 22.494000116 ], [ -152.1526335383, 22.5577125949 ], [ -152.2306088589, 22.6213732209 ], [ -152.3087709709, 22.6849814352 ], [ -152.3871202541, 22.7485366769 ], [ -152.4656570878, 22.812038383 ], [ -152.54438185, 22.8754859885 ], [ -152.6232949176, 22.9388789264 ], [ -152.7023966667, 23.0022166276 ], [ -152.7816874721, 23.0654985209 ], [ -152.8611677077, 23.1287240333 ], [ -152.940837746, 23.1918925895 ], [ -153.0206979587, 23.2550036123 ], [ -153.1007487161, 23.3180565226 ], [ -153.1809903872, 23.3810507389 ], [ -153.26142334, 23.4439856781 ], [ -153.3420479411, 23.5068607549 ], [ -153.4228645558, 23.5696753817 ], [ -153.5038735482, 23.6324289694 ], [ -153.585075281, 23.6951209265 ], [ -153.6664701154, 23.7577506596 ], [ -153.7480584115, 23.8203175733 ], [ -153.8298405277, 23.8828210702 ], [ -153.911816821, 23.9452605508 ], [ -153.993987647, 24.0076354137 ], [ -154.0763533598, 24.0699450554 ], [ -154.1589143119, 24.1321888705 ], [ -154.2416708542, 24.1943662515 ], [ -154.3246233361, 24.256476589 ], [ -154.4077721052, 24.3185192716 ], [ -154.4911175076, 24.3804936858 ], [ -154.5746598878, 24.4423992162 ], [ -154.6583995882, 24.5042352455 ], [ -154.7423369499, 24.5660011542 ], [ -154.8264723119, 24.627696321 ], [ -154.9108060115, 24.6893201226 ], [ -154.9953383841, 24.7508719338 ], [ -155.0800697634, 24.8123511272 ], [ -155.165000481, 24.8737570738 ], [ -155.2501308666, 24.9350891423 ], [ -155.335461248, 24.9963466997 ], [ -155.4209919508, 25.0575291109 ], [ -155.5067232988, 25.1186357389 ], [ -155.5926556137, 25.1796659449 ], [ -155.6787892149, 25.240619088 ], [ -155.7651244198, 25.3014945255 ], [ -155.8516615436, 25.3622916127 ], [ -155.9384008994, 25.423009703 ], [ -156.0253427978, 25.4836481479 ], [ -156.1124875473, 25.5442062971 ], [ -156.1998354541, 25.6046834983 ], [ -156.287386822, 25.6650790973 ], [ -156.3751419525, 25.7253924381 ], [ -156.4631011445, 25.7856228627 ], [ -156.5512646946, 25.8457697115 ], [ -156.6396328969, 25.9058323227 ], [ -156.7282060428, 25.9658100329 ], [ -156.8169844215, 26.0257021768 ], [ -156.9059683191, 26.0855080872 ], [ -156.9951580195, 26.1452270951 ], [ -157.0845538037, 26.2048585296 ], [ -157.1741559501, 26.2644017182 ], [ -157.2639647343, 26.3238559865 ], [ -157.353980429, 26.3832206581 ], [ -157.4442033042, 26.442495055 ], [ -157.534633627, 26.5016784976 ], [ -157.6252716617, 26.5607703041 ], [ -157.7161176695, 26.6197697913 ], [ -157.8071719087, 26.6786762741 ], [ -157.8984346345, 26.7374890656 ], [ -157.9899060991, 26.7962074773 ], [ -158.0815865517, 26.8548308189 ], [ -158.1734762382, 26.9133583984 ], [ -158.2655754013, 26.9717895221 ], [ -158.3578842806, 27.0301234946 ], [ -158.4504031124, 27.0883596188 ], [ -158.5431321296, 27.1464971959 ], [ -158.636071562, 27.2045355256 ], [ -158.7292216358, 27.2624739057 ], [ -158.8225825737, 27.3203116326 ], [ -158.9161545952, 27.3780480008 ], [ -159.0099379161, 27.4356823036 ], [ -159.1039327486, 27.4932138322 ], [ -159.1981393016, 27.5506418766 ], [ -159.29255778, 27.6079657249 ], [ -159.3871883852, 27.665184664 ], [ -159.4820313149, 27.7222979789 ], [ -159.577086763, 27.7793049532 ], [ -159.6723549195, 27.836204869 ], [ -159.7678359708, 27.8929970068 ], [ -159.863530099, 27.9496806457 ], [ -159.9594374826, 28.0062550633 ], [ -160.0555582961, 28.0627195355 ], [ -160.1518927097, 28.1190733371 ], [ -160.2484408898, 28.1753157411 ], [ -160.3452029986, 28.2314460194 ], [ -160.4421791941, 28.2874634422 ], [ -160.5393696302, 28.3433672784 ], [ -160.6367744563, 28.3991567955 ], [ -160.7343938178, 28.4548312597 ], [ -160.8322278556, 28.5103899358 ], [ -160.9302767063, 28.5658320872 ], [ -161.0285405019, 28.621156976 ], [ -161.1270193701, 28.676363863 ], [ -161.225713434, 28.7314520077 ], [ -161.3246228122, 28.7864206684 ], [ -161.4237476185, 28.841269102 ], [ -161.5230879623, 28.8959965641 ], [ -161.6226439481, 28.9506023095 ], [ -161.7224156756, 29.0050855912 ], [ -161.82240324, 29.0594456614 ], [ -161.9226067313, 29.113681771 ], [ -162.0230262348, 29.1677931698 ], [ -162.1236618309, 29.2217791063 ], [ -162.2245135948, 29.2756388282 ], [ -162.3255815969, 29.3293715818 ], [ -162.4268659023, 29.3829766124 ], [ -162.5283665713, 29.4364531642 ], [ -162.6300836586, 29.4898004806 ], [ -162.7320172141, 29.5430178036 ], [ -162.834167282, 29.5961043745 ], [ -162.9365339016, 29.6490594336 ], [ -163.0391171065, 29.7018822199 ], [ -163.1419169251, 29.7545719719 ], [ -163.2449333803, 29.8071279269 ], [ -163.3481664894, 29.8595493214 ], [ -163.4516162643, 29.9118353911 ], [ -163.5552827111, 29.9639853706 ], [ -163.6591658305, 30.0159984939 ], [ -163.7632656173, 30.0678739941 ], [ -163.8675820606, 30.1196111035 ], [ -163.9721151437, 30.1712090537 ], [ -164.0768648442, 30.2226670755 ], [ -164.1818311336, 30.2739843988 ], [ -164.2870139777, 30.3251602533 ], [ -164.3924133362, 30.3761938674 ], [ -164.4980291626, 30.4270844694 ], [ -164.6038614047, 30.4778312866 ], [ -164.7099100038, 30.5284335458 ], [ -164.8161748954, 30.5788904734 ], [ -164.9226560084, 30.629201295 ], [ -165.0293532657, 30.6793652358 ], [ -165.1362665838, 30.7293815204 ], [ -165.2433958729, 30.7792493731 ], [ -165.3507410367, 30.8289680176 ], [ -165.4583019726, 30.8785366772 ], [ -165.5660785712, 30.9279545749 ], [ -165.674070717, 30.9772209331 ], [ -165.7822782876, 31.0263349741 ], [ -165.890701154, 31.0752959198 ], [ -165.9993391806, 31.1241029917 ], [ -166.108192225, 31.1727554112 ], [ -166.217260138, 31.2212523993 ], [ -166.3265427638, 31.269593177 ], [ -166.4360399395, 31.317776965 ], [ -166.5457514953, 31.3658029837 ], [ -166.6556772546, 31.4136704536 ], [ -166.7658170336, 31.4613785951 ], [ -166.8761706418, 31.5089266284 ], [ -166.9867378812, 31.5563137737 ], [ -167.0975185469, 31.6035392513 ], [ -167.2085124267, 31.6506022815 ], [ -167.3197193015, 31.6975020844 ], [ -167.4311389444, 31.7442378805 ], [ -167.5427711218, 31.7908088904 ], [ -167.6546155922, 31.8372143346 ], [ -167.7666721071, 31.8834534339 ], [ -167.8789404103, 31.9295254095 ], [ -167.9914202384, 31.9754294825 ], [ -168.1041113202, 32.0211648746 ], [ -168.2170133772, 32.0667308075 ], [ -168.3301261232, 32.1121265035 ], [ -168.4434492642, 32.1573511851 ], [ -168.5569824987, 32.2024040752 ], [ -168.6707255176, 32.2472843972 ], [ -168.7846780037, 32.291991375 ], [ -168.8988396323, 32.3365242329 ], [ -169.0132100707, 32.3808821959 ], [ -169.1277889784, 32.4250644892 ], [ -169.242576007, 32.4690703391 ], [ -169.3575708001, 32.5128989722 ], [ -169.4727729933, 32.5565496158 ], [ -169.5881822143, 32.6000214981 ], [ -169.7037980826, 32.6433138477 ], [ -169.8196202096, 32.6864258943 ], [ -169.9356481987, 32.7293568683 ], [ -170.051881645, 32.7721060009 ], [ -170.1683201356, 32.8146725242 ], [ -170.284963249, 32.8570556712 ], [ -170.4018105559, 32.8992546759 ], [ -170.5188616183, 32.9412687732 ], [ -170.6361159901, 32.9830971993 ], [ -170.7535732168, 33.024739191 ], [ -170.8712328354, 33.0661939866 ], [ -170.9890943746, 33.1074608254 ], [ -171.1071573545, 33.1485389478 ], [ -171.225421287, 33.1894275955 ], [ -171.3438856751, 33.2301260114 ], [ -171.4625500136, 33.2706334397 ], [ -171.5814137885, 33.310949126 ], [ -171.7004764774, 33.3510723171 ], [ -171.819737549, 33.3910022614 ], [ -171.9391964637, 33.4307382085 ], [ -172.058852673, 33.4702794097 ], [ -172.1787056197, 33.5096251177 ], [ -172.2987547379, 33.5487745867 ], [ -172.4189994532, 33.5877270727 ], [ -172.539439182, 33.6264818332 ], [ -172.6600733322, 33.6650381273 ], [ -172.7809013029, 33.7033952159 ], [ -172.9019224842, 33.7415523616 ], [ -173.0231362576, 33.779508829 ], [ -173.1445419954, 33.8172638842 ], [ -173.2661390614, 33.8548167954 ], [ -173.3879268101, 33.8921668326 ], [ -173.5099045875, 33.9293132679 ], [ -173.6320717302, 33.9662553752 ], [ -173.7544275663, 34.0029924306 ], [ -173.8769714147, 34.0395237122 ], [ -173.9997025854, 34.0758485001 ], [ -174.1226203792, 34.1119660767 ], [ -174.2457240883, 34.1478757267 ], [ -174.3690129956, 34.1835767367 ], [ -174.492486375, 34.219068396 ], [ -174.6161434914, 34.2543499958 ], [ -174.7399836008, 34.28942083 ], [ -174.86400595, 34.3242801947 ], [ -174.9882097767, 34.3589273885 ], [ -175.1125943098, 34.3933617126 ], [ -175.2371587689, 34.4275824704 ], [ -175.3619023646, 34.4615889683 ], [ -175.4868242985, 34.4953805151 ], [ -175.6119237631, 34.5289564221 ], [ -175.7371999418, 34.5623160036 ], [ -175.8626520089, 34.5954585763 ], [ -175.9882791298, 34.6283834601 ], [ -176.1140804606, 34.6610899773 ], [ -176.2400551486, 34.6935774533 ], [ -176.3662023318, 34.7258452164 ], [ -176.4925211392, 34.7578925977 ], [ -176.619010691, 34.7897189315 ], [ -176.7456700981, 34.821323555 ], [ -176.8724984623, 34.8527058083 ], [ -176.9994948768, 34.8838650351 ], [ -177.1266584252, 34.9148005817 ], [ -177.2539881827, 34.945511798 ], [ -177.3814832151, 34.9759980369 ], [ -177.5091425793, 35.0062586548 ], [ -177.6369653234, 35.0362930113 ], [ -177.7649504863, 35.0661004692 ], [ -177.8930970983, 35.0956803951 ], [ -178.0214041806, 35.1250321587 ], [ -178.1498707454, 35.1541551334 ], [ -178.2784957963, 35.1830486961 ], [ -178.4072783278, 35.2117122271 ], [ -178.5362173257, 35.2401451105 ], [ -178.665311767, 35.268346734 ], [ -178.7945606199, 35.2963164891 ], [ -178.9239628438, 35.3240537709 ], [ -179.0535173894, 35.3515579784 ], [ -179.1832231987, 35.3788285142 ], [ -179.3130792051, 35.4058647852 ], [ -179.4430843332, 35.4326662017 ], [ -179.5732374992, 35.4592321782 ], [ -179.7035376104, 35.4855621334 ], [ -179.8339835659, 35.5116554896 ], [ -179.964574256, 35.5375116734 ], [ 179.9046914372, 35.5631301156 ], [ 179.7738146402, 35.5885102509 ], [ 179.642796488, 35.6136515184 ], [ 179.5116381238, 35.6385533613 ], [ 179.3803406993, 35.6632152273 ], [ 179.2489053742, 35.6876365681 ], [ 179.1173333166, 35.7118168399 ], [ 178.985625703, 35.7357555033 ], [ 178.8537837178, 35.7594520233 ], [ 178.7218085534, 35.7829058694 ], [ 178.5897014107, 35.8061165157 ], [ 178.4574634983, 35.8290834405 ], [ 178.3250960327, 35.851806127 ], [ 178.1926002385, 35.874284063 ], [ 178.0599773481, 35.8965167409 ], [ 177.9272286018, 35.9185036577 ], [ 177.7943552475, 35.9402443153 ], [ 177.661358541, 35.9617382203 ], [ 177.5282397454, 35.9829848841 ], [ 177.3950001319, 36.0039838229 ], [ 177.2616409787, 36.0247345579 ], [ 177.128163572, 36.0452366152 ], [ 176.9945692049, 36.0654895257 ], [ 176.8608591783, 36.0854928254 ], [ 176.7270348001, 36.1052460554 ], [ 176.5930973856, 36.1247487617 ], [ 176.4590482571, 36.1440004956 ], [ 176.3248887442, 36.1630008134 ], [ 176.1906201834, 36.1817492765 ], [ 176.0562439181, 36.2002454516 ], [ 175.9217612987, 36.2184889106 ], [ 175.7871736825, 36.2364792307 ], [ 175.6524824334, 36.2542159943 ], [ 175.5176889221, 36.2716987893 ], [ 175.3827945258, 36.2889272088 ], [ 175.2478006283, 36.3059008514 ], [ 175.1127086198, 36.3226193211 ], [ 174.9775198971, 36.3390822273 ], [ 174.842235863, 36.355289185 ], [ 174.7068579268, 36.3712398146 ], [ 174.5713875037, 36.386933742 ], [ 174.4358260151, 36.402370599 ], [ 174.3001748885, 36.4175500227 ], [ 174.1644355571, 36.4324716559 ], [ 174.0286094601, 36.4471351471 ], [ 173.8926980423, 36.4615401506 ], [ 173.7567027542, 36.4756863262 ], [ 173.6206250519, 36.4895733396 ], [ 173.484466397, 36.5032008622 ], [ 173.3482282565, 36.5165685714 ], [ 173.2119121027, 36.5296761501 ], [ 173.0755194129, 36.5425232873 ], [ 172.93905167, 36.5551096779 ], [ 172.8025103614, 36.5674350226 ], [ 172.6658969799, 36.579499028 ], [ 172.529213023, 36.5913014067 ], [ 172.3924599927, 36.6028418773 ], [ 172.2556393961, 36.6141201645 ], [ 172.1187527445, 36.6251359988 ], [ 171.981801554, 36.6358891169 ], [ 171.8447873448, 36.6463792615 ], [ 171.7077116416, 36.6566061815 ], [ 171.5705759731, 36.6665696318 ], [ 171.4333818722, 36.6762693734 ], [ 171.2961308758, 36.6857051735 ], [ 171.1588245246, 36.6948768057 ], [ 171.0214643631, 36.7037840493 ], [ 170.8840519396, 36.7124266903 ], [ 170.7465888059, 36.7208045206 ], [ 170.6090765172, 36.7289173384 ], [ 170.4715166323, 36.7367649483 ], [ 170.3339107129, 36.7443471611 ], [ 170.1962603243, 36.7516637938 ], [ 170.0585670346, 36.7587146699 ], [ 169.920832415, 36.765499619 ], [ 169.7830580393, 36.7720184772 ], [ 169.6452454844, 36.7782710868 ], [ 169.5073963296, 36.7842572967 ], [ 169.3695121569, 36.789976962 ], [ 169.2315945504, 36.7954299442 ], [ 169.093645097, 36.8006161111 ], [ 168.9556653854, 36.8055353373 ], [ 168.8176570067, 36.8101875034 ], [ 168.6796215537, 36.8145724966 ], [ 168.5415606212, 36.8186902105 ], [ 168.403475806, 36.8225405453 ], [ 168.2653687063, 36.8261234075 ], [ 168.1272409218, 36.82943871 ], [ 167.9890940539, 36.8324863725 ], [ 167.8509297051, 36.8352663208 ], [ 167.7127494793, 36.8377784874 ], [ 167.5745549813, 36.8400228112 ], [ 167.4363478171, 36.8419992378 ], [ 167.2981295935, 36.843707719 ], [ 167.1599019179, 36.8451482134 ], [ 167.0216663988, 36.8463206858 ], [ 166.8834246448, 36.8472251079 ], [ 166.7451782651, 36.8478614575 ], [ 166.6069288693, 36.8482297193 ], [ 166.4686780671, 36.8483298842 ], [ 166.3304274684, 36.8481619498 ], [ 166.192178683, 36.8477259203 ], [ 166.0539333206, 36.8470218061 ], [ 165.9156929907, 36.8460496245 ], [ 165.7774593023, 36.8448093991 ], [ 165.6392338642, 36.84330116 ], [ 165.5010182843, 36.8415249439 ], [ 165.3628141701, 36.839480794 ], [ 165.2246231282, 36.83716876 ], [ 165.0864467642, 36.8345888981 ], [ 164.9482866828, 36.8317412709 ], [ 164.8101444875, 36.8286259477 ], [ 164.6720217805, 36.8252430041 ], [ 164.5339201627, 36.8215925223 ], [ 164.3958412337, 36.8176745909 ], [ 164.2577865912, 36.813489305 ], [ 164.1197578314, 36.8090367661 ], [ 163.9817565487, 36.8043170822 ], [ 163.8437843356, 36.7993303678 ], [ 163.7058427824, 36.7940767437 ], [ 163.5679334775, 36.7885563372 ], [ 163.430058007, 36.782769282 ], [ 163.2922179545, 36.7767157182 ], [ 163.1544149014, 36.7703957922 ], [ 163.0166504264, 36.763809657 ], [ 162.8789261055, 36.7569574717 ], [ 162.741243512, 36.7498394019 ], [ 162.6036042163, 36.7424556195 ], [ 162.4660097857, 36.7348063026 ], [ 162.3284617847, 36.7268916359 ], [ 162.1909617742, 36.71871181 ], [ 162.0535113122, 36.7102670221 ], [ 161.916111953, 36.7015574756 ], [ 161.7787652475, 36.6925833799 ], [ 161.641472743, 36.6833449508 ], [ 161.5042359832, 36.6738424104 ], [ 161.3670565077, 36.6640759869 ], [ 161.2299358525, 36.6540459145 ], [ 161.0928755494, 36.6437524337 ], [ 160.9558771262, 36.6331957912 ], [ 160.8189421063, 36.6223762398 ], [ 160.682072009, 36.6112940381 ], [ 160.545268349, 36.599949451 ], [ 160.4085326368, 36.5883427495 ], [ 160.2718663781, 36.5764742106 ], [ 160.1352710738, 36.564344117 ], [ 159.9987482203, 36.5519527578 ], [ 159.8622993088, 36.5393004277 ], [ 159.7259258258, 36.5263874275 ], [ 159.5896292527, 36.5132140639 ], [ 159.4534110656, 36.4997806495 ], [ 159.3172727354, 36.4860875026 ], [ 159.1812157278, 36.4721349475 ], [ 159.045241503, 36.4579233141 ], [ 158.9093515156, 36.4434529383 ], [ 158.7735472148, 36.4287241616 ], [ 158.637830044, 36.4137373312 ], [ 158.5022014407, 36.3984928001 ], [ 158.3666628369, 36.3829909269 ], [ 158.2312156585, 36.3672320758 ], [ 158.0958613252, 36.3512166166 ], [ 157.9606012509, 36.3349449247 ], [ 157.8254368431, 36.3184173812 ], [ 157.6903695033, 36.3016343723 ], [ 157.5554006265, 36.2845962901 ], [ 157.4205316012, 36.2673035319 ], [ 157.2857638097, 36.2497565006 ], [ 157.1510986276, 36.2319556044 ], [ 157.0165374237, 36.2139012567 ], [ 156.8820815604, 36.1955938765 ], [ 156.7477323931, 36.1770338879 ], [ 156.6134912706, 36.1582217204 ], [ 156.4793595345, 36.1391578086 ], [ 156.3453385196, 36.1198425923 ], [ 156.2114295535, 36.1002765165 ], [ 156.077633957, 36.0804600313 ], [ 155.9439530433, 36.0603935919 ], [ 155.8103881187, 36.0400776586 ], [ 155.676940482, 36.0195126967 ], [ 155.5436114247, 35.9986991763 ], [ 155.4104022308, 35.9776375726 ], [ 155.2773141769, 35.9563283658 ], [ 155.1443485321, 35.9347720409 ], [ 155.0115065576, 35.9129690876 ], [ 154.8787895074, 35.8909200006 ], [ 154.7461986273, 35.8686252792 ], [ 154.6137351557, 35.8460854275 ], [ 154.4814003229, 35.8233009544 ], [ 154.3491953516, 35.8002723731 ], [ 154.2171214563, 35.7770002019 ], [ 154.0851798436, 35.7534849634 ], [ 153.9533717122, 35.7297271845 ], [ 153.8216982527, 35.7057273972 ], [ 153.6901606473, 35.6814861373 ], [ 153.5587600704, 35.6570039456 ], [ 153.427497688, 35.6322813668 ], [ 153.2963746579, 35.6073189502 ], [ 153.1653921296, 35.5821172494 ], [ 153.0345512442, 35.5566768223 ], [ 152.9038531344, 35.5309982307 ], [ 152.7732989247, 35.505082041 ], [ 152.642889731, 35.4789288235 ], [ 152.5126266606, 35.4525391527 ], [ 152.3825108126, 35.425913607 ], [ 152.2525432771, 35.399052769 ], [ 152.122725136, 35.3719572253 ], [ 151.9930574624, 35.3446275662 ], [ 151.8635413208, 35.3170643861 ], [ 151.734177767, 35.2892682833 ], [ 151.604967848, 35.2612398597 ], [ 151.4759126023, 35.2329797211 ], [ 151.3470130593, 35.2044884771 ], [ 151.21827024, 35.1757667409 ], [ 151.0896851563, 35.1468151293 ], [ 150.9612588114, 35.1176342629 ], [ 150.8329921996, 35.0882247655 ], [ 150.7048863062, 35.0585872649 ], [ 150.5769421079, 35.028722392 ], [ 150.4491605723, 34.9986307814 ], [ 150.321542658, 34.9683130709 ], [ 150.1940893147, 34.9377699017 ], [ 150.0668014834, 34.9070019184 ], [ 149.9396800957, 34.8760097688 ], [ 149.8127260745, 34.8447941041 ], [ 149.6859403335, 34.8133555783 ], [ 149.5593237777, 34.781694849 ], [ 149.4328773027, 34.7498125765 ], [ 149.3066017953, 34.7177094245 ], [ 149.1804981332, 34.6853860596 ], [ 149.0545671851, 34.6528431512 ], [ 148.9288098105, 34.620081372 ], [ 148.80322686, 34.5871013971 ], [ 148.6778191752, 34.553903905 ], [ 148.5525875883, 34.5204895766 ], [ 148.4275329228, 34.4868590957 ], [ 148.3026559929, 34.4530131489 ], [ 148.1779576039, 34.4189524254 ], [ 148.053438552, 34.3846776171 ], [ 147.9290996241, 34.3501894184 ], [ 147.8049415984, 34.3154885264 ], [ 147.6809652438, 34.2805756405 ], [ 147.5571713202, 34.2454514629 ], [ 147.4335605786, 34.2101166979 ], [ 147.3101337606, 34.1745720523 ], [ 147.1868915991, 34.1388182355 ], [ 147.063834818, 34.1028559588 ], [ 146.9409641318, 34.0666859361 ], [ 146.8182802464, 34.0303088833 ], [ 146.6957838586, 33.9937255186 ], [ 146.573475656, 33.9569365623 ], [ 146.4513563175, 33.919942737 ], [ 146.329426513, 33.882744767 ], [ 146.2076869032, 33.8453433788 ], [ 146.0861381402, 33.8077393011 ], [ 145.964780867, 33.7699332641 ], [ 145.8436157177, 33.7319260003 ], [ 145.7226433177, 33.6937182439 ], [ 145.6018642833, 33.6553107308 ], [ 145.4812792221, 33.616704199 ], [ 145.3608887328, 33.5778993878 ], [ 145.2406934055, 33.5388970387 ], [ 145.1206938211, 33.4996978944 ], [ 145.0008905522, 33.4603026996 ], [ 144.8812841624, 33.4207122003 ], [ 144.7618752066, 33.3809271442 ], [ 144.6426642311, 33.3409482805 ], [ 144.5236517735, 33.3007763598 ], [ 144.4048383627, 33.2604121342 ], [ 144.286224519, 33.2198563571 ], [ 144.1678107543, 33.1791097834 ], [ 144.0495975716, 33.1381731691 ], [ 143.9315854657, 33.0970472717 ], [ 143.8137749226, 33.0557328498 ], [ 143.69616642, 33.0142306632 ], [ 143.5787604272, 32.972541473 ], [ 143.4615574049, 32.9306660413 ], [ 143.3445578056, 32.8886051312 ], [ 143.2277620733, 32.8463595071 ], [ 143.1111706438, 32.8039299342 ], [ 142.9947839444, 32.7613171789 ], [ 142.8786023944, 32.7185220083 ], [ 142.7626264048, 32.6755451905 ], [ 142.6468563783, 32.6323874945 ], [ 142.5312927096, 32.5890496902 ], [ 142.415935785, 32.5455325482 ], [ 142.3007859831, 32.5018368398 ], [ 142.1858436742, 32.4579633372 ], [ 142.0711092206, 32.4139128133 ], [ 141.9565829768, 32.3696860414 ], [ 141.842265289, 32.3252837957 ], [ 141.7281564959, 32.2807068509 ], [ 141.6142569282, 32.2359559822 ], [ 141.5005669085, 32.1910319655 ], [ 141.3870867521, 32.1459355769 ], [ 141.2738167661, 32.1006675933 ], [ 141.1607572503, 32.0552287917 ], [ 141.0479084964, 32.0096199498 ], [ 140.9352707888, 31.9638418454 ], [ 140.8228444042, 31.9178952568 ], [ 140.7106296118, 31.8717809624 ], [ 140.5986266732, 31.8254997412 ], [ 140.4868358426, 31.7790523721 ], [ 140.3752573668, 31.7324396343 ], [ 140.2638914851, 31.6856623072 ], [ 140.1527384297, 31.6387211704 ], [ 140.0417984252, 31.5916170035 ], [ 139.9310716892, 31.5443505862 ], [ 139.820558432, 31.4969226983 ], [ 139.7102588568, 31.4493341196 ], [ 139.6001731594, 31.4015856297 ], [ 139.490301529, 31.3536780085 ], [ 139.3806441473, 31.3056120356 ], [ 139.2712011894, 31.2573884905 ], [ 139.1619728232, 31.2090081527 ], [ 139.0529592097, 31.1604718014 ], [ 138.9441605033, 31.1117802156 ], [ 138.8355768513, 31.0629341743 ], [ 138.7272083943, 31.013934456 ], [ 138.6190552665, 30.9647818391 ], [ 138.5111175949, 30.9154771016 ], [ 138.4033955004, 30.8660210212 ], [ 138.2958890969, 30.8164143754 ], [ 138.188598492, 30.766657941 ], [ 138.0815237868, 30.7167524947 ], [ 137.9746650758, 30.6666988126 ], [ 137.8680224474, 30.6164976703 ], [ 137.7615959834, 30.5661498432 ], [ 137.6553857593, 30.5156561059 ], [ 137.5493918446, 30.4650172325 ], [ 137.4436143024, 30.4142339967 ], [ 137.3380531895, 30.3633071715 ], [ 137.232708557, 30.3122375293 ], [ 137.1275804496, 30.2610258418 ], [ 137.022668906, 30.2096728802 ], [ 136.9179739592, 30.158179415 ], [ 136.8134956359, 30.1065462158 ], [ 136.7092339573, 30.0547740517 ], [ 136.6051889385, 30.002863691 ], [ 136.5013605889, 29.950815901 ], [ 136.3977489122, 29.8986314486 ], [ 136.2943539065, 29.8463110996 ], [ 136.191175564, 29.793855619 ], [ 136.0882138716, 29.741265771 ], [ 135.9854688105, 29.6885423188 ], [ 135.8829403565, 29.635686025 ], [ 135.7806284798, 29.5826976508 ], [ 135.6785331454, 29.529577957 ], [ 135.5766543127, 29.4763277028 ], [ 135.474991936, 29.4229476471 ], [ 135.3735459644, 29.3694385472 ], [ 135.2723163415, 29.3158011597 ], [ 135.171303006, 29.2620362402 ], [ 135.0705058914, 29.2081445429 ], [ 134.9699249261, 29.1541268212 ], [ 134.8695600335, 29.0999838274 ], [ 134.769411132, 29.0457163124 ], [ 134.6694781351, 28.9913250264 ], [ 134.5697609515, 28.936810718 ], [ 134.4702594849, 28.8821741349 ], [ 134.3709736343, 28.8274160234 ], [ 134.2719032939, 28.7725371288 ], [ 134.1730483534, 28.7175381951 ], [ 134.0744086976, 28.662419965 ], [ 133.9759842068, 28.6071831798 ], [ 133.8777747567, 28.5518285799 ], [ 133.7797802187, 28.496356904 ], [ 133.6820004594, 28.4407688897 ], [ 133.5844353411, 28.3850652733 ], [ 133.487084722, 28.3292467895 ], [ 133.3899484555, 28.273314172 ], [ 133.2930263911, 28.2172681529 ], [ 133.1963183738, 28.1611094629 ], [ 133.0998242446, 28.1048388313 ], [ 133.0035438403, 28.048456986 ], [ 132.9074769934, 27.9919646535 ], [ 132.8116235327, 27.9353625589 ], [ 132.7159832826, 27.8786514257 ], [ 132.6205560639, 27.821831976 ], [ 132.5253416931, 27.7649049302 ], [ 132.4303399831, 27.7078710076 ], [ 132.3355507427, 27.6507309257 ], [ 132.2409737773, 27.5934854004 ], [ 132.1466088882, 27.5361351463 ], [ 132.052455873, 27.4786808763 ], [ 131.9585145257, 27.4211233016 ], [ 131.8647846369, 27.3634631321 ], [ 131.7712659932, 27.3057010759 ], [ 131.6779583779, 27.2478378396 ], [ 131.5848615708, 27.189874128 ], [ 131.4919753482, 27.1318106445 ], [ 131.399299483, 27.0736480908 ], [ 131.3068337447, 27.0153871668 ], [ 131.2145778995, 26.9570285709 ], [ 131.1225317102, 26.8985729997 ], [ 131.0306949365, 26.8400211482 ], [ 130.9390673349, 26.7813737097 ], [ 130.8476486584, 26.7226313757 ], [ 130.7564386574, 26.6637948361 ], [ 130.6654370787, 26.6048647791 ], [ 130.5746436665, 26.545841891 ], [ 130.4840581615, 26.4867268564 ], [ 130.3936803019, 26.4275203583 ], [ 130.3035098227, 26.3682230778 ], [ 130.2135464561, 26.3088356942 ], [ 130.1237899313, 26.249358885 ], [ 130.0342399748, 26.1897933262 ], [ 129.9448963104, 26.1301396916 ], [ 129.8557586591, 26.0703986534 ], [ 129.766826739, 26.010570882 ], [ 129.6781002658, 25.9506570459 ], [ 129.5895789525, 25.8906578118 ], [ 129.5012625094, 25.8305738446 ], [ 129.4131506444, 25.7704058072 ], [ 129.3252430627, 25.710154361 ], [ 129.2375394673, 25.6498201651 ], [ 129.1500395584, 25.589403877 ], [ 129.062743034, 25.5289061522 ], [ 128.9756495898, 25.4683276445 ], [ 128.8887589189, 25.4076690056 ], [ 128.8020707124, 25.3469308855 ], [ 128.7155846589, 25.2861139321 ], [ 128.6293004448, 25.2252187916 ], [ 128.5432177544, 25.164246108 ], [ 128.4573362698, 25.1031965238 ], [ 128.3716556709, 25.0420706792 ], [ 128.2861756355, 24.9808692126 ], [ 128.2008958395, 24.9195927606 ], [ 128.1158159566, 24.8582419576 ], [ 128.0309356586, 24.7968174363 ], [ 127.9462546152, 24.7353198274 ], [ 127.8617724943, 24.6737497594 ], [ 127.7774889618, 24.6121078593 ], [ 127.6934036819, 24.5503947517 ], [ 127.6095163167, 24.4886110595 ], [ 127.5258265267, 24.4267574034 ], [ 127.4423339706, 24.3648344025 ], [ 127.3590383053, 24.3028426735 ], [ 127.2759391861, 24.2407828314 ], [ 127.1930362663, 24.1786554891 ], [ 127.1103291979, 24.1164612575 ], [ 127.0278176312, 24.0542007456 ], [ 126.9455012149, 23.9918745603 ], [ 126.8633795959, 23.9294833066 ], [ 126.7814524199, 23.8670275874 ], [ 126.699719331, 23.8045080036 ], [ 126.6181799716, 23.7419251542 ], [ 126.5368339831, 23.6792796361 ], [ 126.455681005, 23.6165720442 ], [ 126.3747206757, 23.5538029714 ], [ 126.2939526323, 23.4909730085 ], [ 126.2133765102, 23.4280827445 ], [ 126.1329919439, 23.3651327661 ], [ 126.0527985663, 23.3021236582 ], [ 125.9727960094, 23.2390560036 ], [ 125.8929839036, 23.175930383 ], [ 125.8133618783, 23.1127473751 ], [ 125.7339295617, 23.0495075566 ], [ 125.6546865809, 22.9862115022 ], [ 125.5756325618, 22.9228597846 ], [ 125.4967671292, 22.8594529743 ], [ 125.4180899068, 22.7959916399 ], [ 125.3396005175, 22.7324763478 ], [ 125.2612985829, 22.6689076628 ], [ 125.1831837236, 22.605286147 ], [ 125.1052555594, 22.541612361 ], [ 125.0275137092, 22.4778868632 ], [ 124.9499577906, 22.4141102099 ], [ 124.8725874208, 22.3502829553 ], [ 124.7954022158, 22.2864056517 ], [ 124.7184017907, 22.2224788494 ], [ 124.6415857601, 22.1585030964 ], [ 124.5649537374, 22.094478939 ], [ 124.4885053355, 22.0304069212 ], [ 124.4122401665, 21.966287585 ], [ 124.3361578416, 21.9021214705 ], [ 124.2602579715, 21.8379091157 ], [ 124.1845401659, 21.7736510563 ], [ 124.1090040342, 21.7093478265 ], [ 124.0336491849, 21.6449999579 ], [ 123.958475226, 21.5806079804 ], [ 123.8834817646, 21.5161724218 ], [ 123.8086684077, 21.4516938077 ], [ 123.7340347613, 21.387172662 ], [ 123.659580431, 21.3226095062 ], [ 123.585305022, 21.25800486 ], [ 123.5112081387, 21.193359241 ], [ 123.4372893854, 21.1286731647 ], [ 123.3635483655, 21.0639471447 ], [ 123.2899846823, 20.9991816925 ], [ 123.2165979384, 20.9343773176 ], [ 123.1433877363, 20.8695345273 ], [ 123.0703536777, 20.8046538272 ], [ 122.9974953643, 20.7397357207 ], [ 122.9248123972, 20.674780709 ], [ 122.8523043773, 20.6097892917 ], [ 122.7799709051, 20.5447619659 ], [ 122.7078115808, 20.4796992271 ], [ 122.6358260043, 20.4146015686 ], [ 122.5640137753, 20.3494694817 ], [ 122.4923744933, 20.2843034556 ], [ 122.4209077573, 20.2191039776 ], [ 122.3496131664, 20.1538715331 ], [ 122.2784903192, 20.0886066052 ], [ 122.2075388144, 20.0233096753 ], [ 122.1367582503, 19.9579812227 ], [ 122.0661482252, 19.8926217246 ], [ 121.9957083371, 19.8272316562 ], [ 121.9254381842, 19.761811491 ], [ 121.8553373641, 19.6963617002 ], [ 121.7854054748, 19.630882753 ], [ 121.7156421138, 19.565375117 ], [ 121.6460468789, 19.4998392573 ], [ 121.5766193677, 19.4342756374 ], [ 121.5073591776, 19.3686847187 ], [ 121.4382659063, 19.3030669606 ], [ 121.3693391512, 19.2374228205 ], [ 121.30057851, 19.171752754 ], [ 121.2319835801, 19.1060572146 ], [ 121.1635539592, 19.0403366539 ], [ 121.095289245, 18.9745915214 ], [ 121.0271890352, 18.9088222649 ], [ 120.9592529275, 18.84302933 ], [ 120.8914805199, 18.7772131605 ], [ 120.8238714103, 18.7113741982 ], [ 120.7564251968, 18.645512883 ], [ 120.6891414778, 18.5796296529 ], [ 120.6220198516, 18.5137249438 ], [ 120.5550599166, 18.4477991898 ], [ 120.4882612716, 18.381852823 ], [ 120.4216235155, 18.3158862738 ], [ 120.3551462474, 18.2498999704 ], [ 120.2888290664, 18.1838943391 ], [ 120.2226715721, 18.1178698046 ], [ 120.1566733641, 18.0518267892 ], [ 120.0908340425, 17.9857657138 ], [ 120.0251532073, 17.9196869971 ], [ 119.959630459, 17.8535910559 ], [ 119.8942653984, 17.7874783052 ], [ 119.8290576263, 17.7213491581 ], [ 119.7640067441, 17.6552040258 ], [ 119.6991123533, 17.5890433176 ], [ 119.6343740558, 17.522867441 ], [ 119.5697914538, 17.4566768015 ], [ 119.5053641497, 17.3904718028 ], [ 119.4410917466, 17.3242528467 ], [ 119.3769738475, 17.2580203334 ], [ 119.3130100561, 17.1917746607 ], [ 119.2491999762, 17.125516225 ], [ 119.1855432122, 17.0592454208 ], [ 119.1220393688, 16.9929626405 ], [ 119.0586880511, 16.926668275 ], [ 118.9954888645, 16.8603627131 ], [ 118.9324414149, 16.7940463418 ], [ 118.8695453087, 16.7277195464 ], [ 118.8068001527, 16.6613827103 ], [ 118.744205554, 16.5950362152 ], [ 118.6817611202, 16.5286804407 ], [ 118.6194664594, 16.4623157648 ], [ 118.5573211803, 16.3959425637 ], [ 118.4953248917, 16.3295612119 ], [ 118.4334772033, 16.2631720817 ], [ 118.3717777249, 16.1967755441 ], [ 118.310226067, 16.1303719679 ], [ 118.2488218407, 16.0639617204 ], [ 118.1875646574, 15.9975451671 ], [ 118.126454129, 15.9311226715 ], [ 118.0654898682, 15.8646945955 ], [ 118.0046714879, 15.7982612994 ], [ 117.9439986017, 15.7318231413 ], [ 117.8834708237, 15.665380478 ], [ 117.8230877686, 15.5989336642 ], [ 117.7628490517, 15.5324830532 ], [ 117.7027542886, 15.4660289961 ], [ 117.6428030958, 15.3995718428 ], [ 117.5829950901, 15.333111941 ], [ 117.5233298891, 15.266649637 ], [ 117.4638071108, 15.2001852751 ], [ 117.404426374, 15.1337191982 ], [ 117.3451872978, 15.0672517472 ], [ 117.2860895023, 15.0007832615 ], [ 117.2271326077, 14.9343140786 ], [ 117.1683162354, 14.8678445345 ], [ 117.1096400069, 14.8013749634 ], [ 117.0511035447, 14.7349056978 ], [ 116.9927064716, 14.6684370685 ], [ 116.9344484113, 14.6019694048 ], [ 116.8763289881, 14.535503034 ], [ 116.8183478269, 14.4690382821 ], [ 116.7605045531, 14.4025754732 ], [ 116.702798793, 14.3361149298 ], [ 116.6452301735, 14.2696569727 ], [ 116.587798322, 14.2032019212 ], [ 116.5305028668, 14.1367500927 ], [ 116.4733434367, 14.0703018033 ], [ 116.4163196613, 14.0038573671 ], [ 116.3594311708, 13.9374170969 ], [ 116.302677596, 13.8709813037 ], [ 116.2460585686, 13.8045502968 ], [ 116.1895737209, 13.738124384 ], [ 116.1332226859, 13.6717038716 ], [ 116.0770050972, 13.6052890641 ], [ 116.0209205893, 13.5388802645 ], [ 115.9649687972, 13.4724777742 ], [ 115.9091493567, 13.406081893 ], [ 115.8534619045, 13.3396929191 ], [ 115.7979060776, 13.273311149 ], [ 115.7424815142, 13.206936878 ], [ 115.687187853, 13.1405703994 ], [ 115.6320247332, 13.0742120052 ], [ 115.5769917952, 13.0078619858 ], [ 115.5220886797, 12.9415206299 ], [ 115.4673150285, 12.8751882249 ], [ 115.4126704839, 12.8088650564 ], [ 115.3581546891, 12.7425514086 ], [ 115.3037672878, 12.6762475642 ], [ 115.2495079248, 12.6099538043 ], [ 115.1953762453, 12.5436704085 ], [ 115.1413718956, 12.4773976548 ], [ 115.0874945224, 12.4111358198 ], [ 115.0337437735, 12.3448851786 ], [ 114.9801192973, 12.2786460048 ], [ 114.9266207428, 12.2124185702 ], [ 114.8732477602, 12.1462031456 ], [ 114.82, 12.08 ] ] ] } },
{ "type": "Feature", "properties": { "fid": 6, "chart": "NAT" }, "geometry": { "type": "Polygon", "coordinates": [ [ [ -101.72, 44.65 ], [ -101.696090738, 44.7668322302 ], [ -101.6720441572, 44.8837538975 ], [ -101.6478590799, 45.0007647984 ], [ -101.6235343147, 45.1178647274 ], [ -101.5990686568, 45.2350534773 ], [ -101.5744608875, 45.352330839 ], [ -101.5497097742, 45.4696966014 ], [ -101.52481407, 45.5871505516 ], [ -101.4997725136, 45.7046924749 ], [ -101.4745838293, 45.8223221546 ], [ -101.4492467265, 45.9400393719 ], [ -101.4237598994, 46.0578439063 ], [ -101.3981220271, 46.1757355353 ], [ -101.3723317733, 46.2937140342 ], [ -101.3463877859, 46.4117791767 ], [ -101.320288697, 46.5299307341 ], [ -101.2940331225, 46.6481684759 ], [ -101.2676196619, 46.7664921695 ], [ -101.2410468979, 46.8849015802 ], [ -101.2143133968, 47.0033964714 ], [ -101.1874177072, 47.1219766043 ], [ -101.1603583608, 47.2406417379 ], [ -101.1331338714, 47.3593916292 ], [ -101.105742735, 47.4782260331 ], [ -101.0781834295, 47.5971447022 ], [ -101.0504544141, 47.7161473871 ], [ -101.0225541296, 47.8352338361 ], [ -100.9944809975, 47.9544037953 ], [ -100.9662334204, 48.0736570085 ], [ -100.937809781, 48.1929932175 ], [ -100.9092084422, 48.3124121615 ], [ -100.8804277468, 48.4319135777 ], [ -100.851466017, 48.5514972008 ], [ -100.8223215544, 48.6711627634 ], [ -100.7929926391, 48.7909099954 ], [ -100.7634775302, 48.9107386247 ], [ -100.7337744646, 49.0306483765 ], [ -100.7038816575, 49.1506389739 ], [ -100.6737973012, 49.2707101373 ], [ -100.6435195656, 49.3908615847 ], [ -100.6130465971, 49.5110930318 ], [ -100.5823765188, 49.6314041916 ], [ -100.5515074296, 49.7517947747 ], [ -100.5204374044, 49.872264489 ], [ -100.4891644933, 49.9928130399 ], [ -100.4576867215, 50.1134401303 ], [ -100.4260020883, 50.2341454603 ], [ -100.3941085676, 50.3549287275 ], [ -100.3620041069, 50.4757896268 ], [ -100.3296866267, 50.5967278503 ], [ -100.2971540207, 50.7177430874 ], [ -100.2644041549, 50.8388350248 ], [ -100.2314348673, 50.9600033464 ], [ -100.1982439673, 51.0812477332 ], [ -100.1648292354, 51.2025678635 ], [ -100.1311884228, 51.3239634126 ], [ -100.0973192505, 51.4454340528 ], [ -100.0632194095, 51.5669794537 ], [ -100.0288865596, 51.6885992819 ], [ -99.9943183291, 51.8102932008 ], [ -99.9595123147, 51.9320608708 ], [ -99.9244660804, 52.0539019495 ], [ -99.8891771571, 52.1758160911 ], [ -99.8536430422, 52.2978029468 ], [ -99.8178611992, 52.4198621645 ], [ -99.7818290565, 52.5419933891 ], [ -99.7455440073, 52.664196262 ], [ -99.7090034091, 52.7864704215 ], [ -99.6722045827, 52.9088155025 ], [ -99.6351448117, 53.0312311366 ], [ -99.597821342, 53.1537169519 ], [ -99.560231381, 53.2762725731 ], [ -99.5223720972, 53.3988976214 ], [ -99.484240619, 53.5215917144 ], [ -99.4458340346, 53.6443544664 ], [ -99.4071493908, 53.7671854876 ], [ -99.3681836928, 53.8900843851 ], [ -99.3289339027, 54.0130507618 ], [ -99.2893969397, 54.136084217 ], [ -99.2495696785, 54.2591843465 ], [ -99.2094489491, 54.3823507417 ], [ -99.1690315356, 54.5055829904 ], [ -99.1283141755, 54.6288806766 ], [ -99.0872935591, 54.7522433799 ], [ -99.0459663283, 54.8756706761 ], [ -99.004329076, 54.9991621367 ], [ -98.962378345, 55.1227173293 ], [ -98.9201106272, 55.2463358169 ], [ -98.8775223628, 55.3700171586 ], [ -98.8346099391, 55.4937609087 ], [ -98.7913696895, 55.6175666175 ], [ -98.7477978931, 55.7414338305 ], [ -98.7038907727, 55.865362089 ], [ -98.6596444948, 55.9893509293 ], [ -98.6150551677, 56.1133998832 ], [ -98.5701188411, 56.2375084779 ], [ -98.5248315044, 56.3616762356 ], [ -98.479189086, 56.4859026737 ], [ -98.4331874519, 56.6101873045 ], [ -98.3868224049, 56.7345296354 ], [ -98.3400896828, 56.8589291688 ], [ -98.2929849576, 56.9833854016 ], [ -98.2455038342, 57.1078978256 ], [ -98.1976418489, 57.2324659274 ], [ -98.1493944685, 57.3570891878 ], [ -98.1007570884, 57.4817670824 ], [ -98.0517250316, 57.6064990811 ], [ -98.0022935473, 57.731284648 ], [ -97.9524578092, 57.8561232415 ], [ -97.9022129143, 57.9810143141 ], [ -97.8515538812, 58.1059573122 ], [ -97.8004756487, 58.2309516764 ], [ -97.7489730742, 58.3559968407 ], [ -97.6970409318, 58.4810922332 ], [ -97.6446739112, 58.6062372753 ], [ -97.5918666154, 58.7314313822 ], [ -97.5386135595, 58.8566739622 ], [ -97.4849091687, 58.981964417 ], [ -97.4307477761, 59.1073021414 ], [ -97.3761236218, 59.2326865233 ], [ -97.3210308498, 59.3581169434 ], [ -97.2654635071, 59.4835927752 ], [ -97.2094155411, 59.6091133851 ], [ -97.1528807978, 59.7346781316 ], [ -97.0958530195, 59.8602863658 ], [ -97.0383258429, 59.9859374311 ], [ -96.9802927966, 60.1116306629 ], [ -96.9217472995, 60.2373653885 ], [ -96.8626826574, 60.3631409271 ], [ -96.8030920618, 60.4889565896 ], [ -96.7429685867, 60.6148116783 ], [ -96.6823051863, 60.7407054867 ], [ -96.6210946928, 60.8666372996 ], [ -96.5593298133, 60.9926063929 ], [ -96.4970031273, 61.1186120331 ], [ -96.4341070844, 61.2446534773 ], [ -96.3706340005, 61.3707299733 ], [ -96.3065760561, 61.496840759 ], [ -96.2419252925, 61.6229850622 ], [ -96.176673609, 61.749162101 ], [ -96.11081276, 61.8753710826 ], [ -96.0443343516, 62.001611204 ], [ -95.9772298383, 62.1278816515 ], [ -95.9094905199, 62.2541816 ], [ -95.8411075378, 62.3805102136 ], [ -95.7720718717, 62.5068666446 ], [ -95.7023743357, 62.6332500339 ], [ -95.6320055749, 62.7596595102 ], [ -95.5609560614, 62.8860941901 ], [ -95.4892160903, 63.0125531777 ], [ -95.4167757761, 63.1390355644 ], [ -95.3436250481, 63.2655404286 ], [ -95.2697536463, 63.3920668352 ], [ -95.1951511173, 63.5186138359 ], [ -95.1198068097, 63.645180468 ], [ -95.0437098692, 63.7717657551 ], [ -94.9668492345, 63.8983687058 ], [ -94.8892136319, 64.0249883143 ], [ -94.8107915709, 64.1516235592 ], [ -94.7315713386, 64.2782734037 ], [ -94.6515409945, 64.4049367953 ], [ -94.5706883657, 64.531612665 ], [ -94.4890010407, 64.6582999272 ], [ -94.4064663639, 64.7849974794 ], [ -94.32307143, 64.9117042014 ], [ -94.238803078, 65.0384189555 ], [ -94.1536478844, 65.1651405854 ], [ -94.067592158, 65.2918679162 ], [ -93.9806219321, 65.418599754 ], [ -93.8927229589, 65.545334885 ], [ -93.8038807019, 65.6720720755 ], [ -93.7140803291, 65.7988100711 ], [ -93.6233067059, 65.9255475963 ], [ -93.5315443871, 66.0522833539 ], [ -93.4387776097, 66.1790160248 ], [ -93.3449902848, 66.3057442668 ], [ -93.2501659892, 66.4324667146 ], [ -93.1542879574, 66.5591819789 ], [ -93.0573390729, 66.6858886461 ], [ -92.959301859, 66.8125852771 ], [ -92.8601584702, 66.9392704074 ], [ -92.7598906823, 67.0659425458 ], [ -92.6584798829, 67.1926001739 ], [ -92.5559070617, 67.3192417457 ], [ -92.4521527999, 67.4458656863 ], [ -92.3471972596, 67.5724703917 ], [ -92.2410201734, 67.6990542275 ], [ -92.1336008328, 67.8256155285 ], [ -92.0249180768, 67.9521525977 ], [ -91.9149502802, 68.0786637054 ], [ -91.8036753411, 68.2051470884 ], [ -91.6910706684, 68.3316009489 ], [ -91.5771131693, 68.4580234538 ], [ -91.4617792351, 68.5844127336 ], [ -91.3450447285, 68.7107668813 ], [ -91.2268849684, 68.8370839514 ], [ -91.1072747162, 68.963361959 ], [ -90.9861881602, 69.0895988784 ], [ -90.8635989004, 69.2157926419 ], [ -90.7394799326, 69.3419411392 ], [ -90.6138036317, 69.4680422152 ], [ -90.4865417352, 69.5940936696 ], [ -90.3576653252, 69.720093255 ], [ -90.227144811, 69.8460386759 ], [ -90.0949499103, 69.9719275871 ], [ -89.9610496302, 70.0977575919 ], [ -89.8254122473, 70.2235262414 ], [ -89.6880052878, 70.3492310323 ], [ -89.5487955065, 70.4748694051 ], [ -89.4077488651, 70.6004387432 ], [ -89.2648305101, 70.7259363704 ], [ -89.1200047503, 70.8513595495 ], [ -88.9732350327, 70.9767054801 ], [ -88.8244839184, 71.1019712971 ], [ -88.673713058, 71.2271540684 ], [ -88.5208831651, 71.3522507927 ], [ -88.3659539905, 71.4772583978 ], [ -88.2088842941, 71.6021737377 ], [ -88.0496318173, 71.7269935909 ], [ -87.8881532536, 71.8517146578 ], [ -87.7244042189, 71.976333558 ], [ -87.5583392204, 72.100846828 ], [ -87.3899116252, 72.2252509183 ], [ -87.2190736272, 72.3495421908 ], [ -87.0457762137, 72.4737169159 ], [ -86.8699691307, 72.5977712693 ], [ -86.6916008471, 72.7217013292 ], [ -86.5106185181, 72.845503073 ], [ -86.326967947, 72.9691723737 ], [ -86.140593547, 73.0927049969 ], [ -85.9514383004, 73.2160965969 ], [ -85.7594437182, 73.339342713 ], [ -85.5645497969, 73.4624387657 ], [ -85.3666949758, 73.5853800529 ], [ -85.165816092, 73.7081617452 ], [ -84.9618483341, 73.8307788821 ], [ -84.7547251959, 73.9532263673 ], [ -84.544378427, 74.075498964 ], [ -84.3307379839, 74.1975912901 ], [ -84.1137319788, 74.3194978133 ], [ -83.8932866272, 74.4412128459 ], [ -83.6693261947, 74.5627305392 ], [ -83.4417729422, 74.6840448779 ], [ -83.2105470698, 74.8051496746 ], [ -82.9755666594, 74.9260385633 ], [ -82.7367476163, 75.0467049934 ], [ -82.4940036097, 75.1671422232 ], [ -82.2472460112, 75.2873433131 ], [ -81.9963838333, 75.4073011183 ], [ -81.7413236656, 75.527008282 ], [ -81.4819696113, 75.6464572275 ], [ -81.2182232214, 75.7656401503 ], [ -80.949983429, 75.8845490103 ], [ -80.6771464818, 76.0031755229 ], [ -80.3996058755, 76.1215111508 ], [ -80.1172522847, 76.2395470942 ], [ -79.8299734948, 76.3572742821 ], [ -79.537654333, 76.474683362 ], [ -79.2401765997, 76.59176469 ], [ -78.9374189992, 76.7085083202 ], [ -78.6292570719, 76.8249039942 ], [ -78.3155631262, 76.9409411292 ], [ -77.9962061717, 77.0566088069 ], [ -77.6710518541, 77.1718957613 ], [ -77.3399623907, 77.2867903663 ], [ -77.0027965092, 77.4012806225 ], [ -76.6594093882, 77.5153541443 ], [ -76.3096526008, 77.6289981461 ], [ -75.9533740621, 77.7421994279 ], [ -75.5904179809, 77.854944361 ], [ -75.2206248157, 77.9672188727 ], [ -74.8438312374, 78.0790084311 ], [ -74.4598700973, 78.1902980288 ], [ -74.0685704031, 78.301072167 ], [ -73.6697573032, 78.4113148383 ], [ -73.2632520802, 78.52100951 ], [ -72.848872155, 78.6301391058 ], [ -72.4264311031, 78.7386859885 ], [ -71.9957386829, 78.8466319414 ], [ -71.5566008804, 78.9539581496 ], [ -71.1088199686, 79.060645181 ], [ -70.6521945857, 79.1666729672 ], [ -70.1865198329, 79.2720207838 ], [ -69.7115873938, 79.3766672311 ], [ -69.2271856781, 79.4805902143 ], [ -68.7330999909, 79.5837669233 ], [ -68.2291127309, 79.6861738135 ], [ -67.7150036195, 79.7877865862 ], [ -67.1905499638, 79.8885801688 ], [ -66.6555269557, 79.988528696 ], [ -66.1097080108, 80.0876054917 ], [ -65.5528651494, 80.1857830502 ], [ -64.9847694232, 80.2830330197 ], [ -64.405191391, 80.3793261861 ], [ -63.8139016461, 80.4746324573 ], [ -63.2106713988, 80.5689208502 ], [ -62.5952731187, 80.6621594781 ], [ -61.9674812372, 80.7543155402 ], [ -61.3270729165, 80.8453553139 ], [ -60.6738288859, 80.9352441482 ], [ -60.0075343488, 81.0239464608 ], [ -59.327979964, 81.1114257379 ], [ -58.6349629009, 81.1976445371 ], [ -57.9282879737, 81.2825644941 ], [ -57.207768852, 81.366146334 ], [ -56.4732293513, 81.4483498864 ], [ -55.7245048016, 81.5291341055 ], [ -54.961443492, 81.6084570961 ], [ -54.1839081908, 81.6862761447 ], [ -53.3917777361, 81.7625477572 ], [ -52.5849486927, 81.8372277027 ], [ -51.7633370675, 81.9102710651 ], [ -50.9268800782, 81.9816323013 ], [ -50.0755379613, 82.0512653075 ], [ -49.2092958123, 82.1191234939 ], [ -48.3281654407, 82.1851598673 ], [ -47.4321872266, 82.2493271224 ], [ -46.5214319598, 82.3115777424 ], [ -45.5960026431, 82.3718641075 ], [ -44.6560362367, 82.4301386131 ], [ -43.7017053223, 82.4863537964 ], [ -42.7332196592, 82.5404624712 ], [ -41.7508276098, 82.5924178714 ], [ -40.7548174035, 82.6421738018 ], [ -39.7455182134, 82.6896847956 ], [ -38.7233010179, 82.7349062786 ], [ -37.6885792183, 82.7777947387 ], [ -36.6418089866, 82.818307899 ], [ -35.5834893201, 82.8564048944 ], [ -34.514161778, 82.8920464495 ], [ -33.4344098837, 82.9251950565 ], [ -32.3448581747, 82.9558151518 ], [ -31.2461708916, 82.9838732888 ], [ -30.1390503, 83.0093383065 ], [ -29.0242346441, 83.0321814904 ], [ -27.9024957393, 83.0523767252 ], [ -26.7746362164, 83.0699006369 ], [ -25.6414864345, 83.0847327224 ], [ -24.5039010896, 83.096855466 ], [ -23.3627555486, 83.1062544398 ], [ -22.2189419467, 83.112918388 ], [ -21.0733650885, 83.1168392928 ], [ -19.9269382008, 83.1180124223 ], [ -18.7805785841, 83.1164363587 ], [ -17.6352032163, 83.1121130067 ], [ -16.4917243596, 83.105047582 ], [ -15.3510452244, 83.0952485802 ], [ -14.2140557401, 83.082727727 ], [ -13.0816284826, 83.0674999084 ], [ -11.9546148036, 83.0495830847 ], [ -10.8338412032, 83.0289981873 ], [ -9.7201059805, 83.0057690006 ], [ -8.6141761945, 82.9799220301 ], [ -7.5167849576, 82.9514863585 ], [ -6.428629081, 82.9204934923 ], [ -5.3503670818, 82.8869771989 ], [ -4.2826175591, 82.8509733378 ], [ -3.2259579359, 82.812519687 ], [ -2.180923562, 82.7716557661 ], [ -1.1480071661, 82.7284226582 ], [ -0.1276586403, 82.6828628324 ], [ 0.879714861, 82.6350199671 ], [ 1.873748532, 82.5849387778 ], [ 2.8541192602, 82.5326648482 ], [ 3.8205447321, 82.4782444669 ], [ 4.7727823271, 82.4217244709 ], [ 5.7106278276, 82.3631520956 ], [ 6.6339139738, 82.3025748329 ], [ 7.542508889, 82.2400402973 ], [ 8.4363144029, 82.1755961007 ], [ 9.3152642971, 82.1092897356 ], [ 10.179322495, 82.0411684674 ], [ 11.028481219, 81.9712792358 ], [ 11.8627591334, 81.8996685644 ], [ 12.6821994899, 81.8263824791 ], [ 13.4868682925, 81.7514664352 ], [ 14.2768524933, 81.6749652518 ], [ 15.052258232, 81.5969230547 ], [ 15.8132091281, 81.5173832264 ], [ 16.5598446334, 81.4363883626 ], [ 17.2923184515, 81.3539802357 ], [ 18.0107970291, 81.2701997647 ], [ 18.7154581214, 81.1850869899 ], [ 19.4064894356, 81.0986810536 ], [ 20.0840873521, 81.0110201856 ], [ 20.7484557247, 80.9221416923 ], [ 21.3998047585, 80.8320819513 ], [ 22.0383499655, 80.7408764082 ], [ 22.6643111944, 80.6485595776 ], [ 23.2779117337, 80.5551650466 ], [ 23.8793774862, 80.4607254815 ], [ 24.4689362094, 80.3652726358 ], [ 25.0468168219, 80.2688373613 ], [ 25.6132487707, 80.1714496203 ], [ 26.1684614565, 80.0731384997 ], [ 26.7126837141, 79.9739322262 ], [ 27.2461433443, 79.8738581827 ], [ 27.7690666938, 79.7729429255 ], [ 28.2816782811, 79.6712122025 ], [ 28.7842004628, 79.5686909714 ], [ 29.2768531408, 79.4654034195 ], [ 29.7598535039, 79.3613729824 ], [ 30.2334158035, 79.256622364 ], [ 30.6977511602, 79.151173556 ], [ 31.1530673976, 79.0450478581 ], [ 31.5995689032, 78.9382658971 ], [ 32.0374565115, 78.8308476469 ], [ 32.4669274097, 78.7228124481 ], [ 32.8881750623, 78.6141790265 ], [ 33.3013891535, 78.504965513 ], [ 33.7067555459, 78.3951894613 ], [ 34.1044562531, 78.2848678668 ], [ 34.494669426, 78.1740171842 ], [ 34.8775693498, 78.0626533453 ], [ 35.253326452, 77.9507917759 ], [ 35.62210732, 77.8384474126 ], [ 35.9840747256, 77.7256347189 ], [ 36.3393876579, 77.6123677017 ], [ 36.6882013621, 77.4986599258 ], [ 37.0306673837, 77.3845245295 ], [ 37.3669336178, 77.269974239 ], [ 37.6971443619, 77.1550213825 ], [ 38.0214403731, 77.0396779036 ], [ 38.3399589276, 76.923955375 ], [ 38.6528338826, 76.807865011 ], [ 38.9601957408, 76.69141768 ], [ 39.2621717159, 76.5746239163 ], [ 39.5588857995, 76.4574939321 ], [ 39.8504588292, 76.3400376282 ], [ 40.1370085565, 76.2222646051 ], [ 40.4186497164, 76.1041841734 ], [ 40.6954940957, 75.985805364 ], [ 40.9676506019, 75.8671369373 ], [ 41.2352253319, 75.7481873933 ], [ 41.4983216399, 75.62896498 ], [ 41.757040205, 75.5094777026 ], [ 42.0114790979, 75.3897333316 ], [ 42.2617338472, 75.2697394109 ], [ 42.5078975039, 75.149503266 ], [ 42.7500607057, 75.029032011 ], [ 42.9883117406, 74.9083325561 ], [ 43.2227366077, 74.7874116147 ], [ 43.4534190791, 74.6662757097 ], [ 43.6804407585, 74.5449311807 ], [ 43.9038811405, 74.4233841894 ], [ 44.1238176666, 74.3016407264 ], [ 44.3403257823, 74.1797066164 ], [ 44.5534789905, 74.057587524 ], [ 44.7633489055, 73.9352889593 ], [ 44.9700053049, 73.8128162827 ], [ 45.1735161802, 73.6901747099 ], [ 45.3739477864, 73.5673693173 ], [ 45.5713646901, 73.4444050458 ], [ 45.7658298167, 73.3212867057 ], [ 45.9574044959, 73.1980189812 ], [ 46.1461485063, 73.074606434 ], [ 46.3321201188, 72.9510535076 ], [ 46.5153761387, 72.8273645313 ], [ 46.6959719468, 72.7035437235 ], [ 46.8739615389, 72.5795951957 ], [ 47.0493975651, 72.4555229554 ], [ 47.2223313669, 72.33133091 ], [ 47.3928130143, 72.2070228697 ], [ 47.560891341, 72.0826025506 ], [ 47.7266139788, 71.9580735775 ], [ 47.8900273918, 71.8334394872 ], [ 48.051176908, 71.7087037308 ], [ 48.210106752, 71.5838696768 ], [ 48.3668600745, 71.4589406131 ], [ 48.5214789833, 71.3339197501 ], [ 48.6740045713, 71.2088102226 ], [ 48.8244769449, 71.0836150926 ], [ 48.9729352516, 70.9583373508 ], [ 49.1194177058, 70.8329799196 ], [ 49.2639616149, 70.7075456544 ], [ 49.406603404, 70.5820373461 ], [ 49.5473786402, 70.456457723 ], [ 49.6863220561, 70.3308094524 ], [ 49.8234675722, 70.2050951425 ], [ 49.9588483195, 70.0793173444 ], [ 50.0924966605, 69.9534785532 ], [ 50.2244442101, 69.8275812103 ], [ 50.3547218559, 69.7016277045 ], [ 50.4833597778, 69.5756203737 ], [ 50.6103874666, 69.4495615064 ], [ 50.7358337429, 69.3234533429 ], [ 50.859726775, 69.1972980769 ], [ 50.9820940957, 69.0710978566 ], [ 51.1029626197, 68.9448547863 ], [ 51.2223586597, 68.8185709273 ], [ 51.3403079426, 68.6922482992 ], [ 51.4568356243, 68.5658888811 ], [ 51.5719663051, 68.4394946128 ], [ 51.6857240443, 68.3130673958 ], [ 51.7981323738, 68.1866090941 ], [ 51.9092143122, 68.0601215357 ], [ 52.0189923781, 67.9336065131 ], [ 52.1274886027, 67.8070657846 ], [ 52.2347245423, 67.6805010751 ], [ 52.3407212911, 67.5539140768 ], [ 52.445499492, 67.4273064505 ], [ 52.5490793489, 67.3006798259 ], [ 52.6514806375, 67.1740358028 ], [ 52.7527227161, 67.0473759517 ], [ 52.852824536, 66.9207018147 ], [ 52.9518046522, 66.794014906 ], [ 53.0496812326, 66.6673167129 ], [ 53.1464720683, 66.5406086962 ], [ 53.2421945825, 66.4138922911 ], [ 53.3368658397, 66.2871689077 ], [ 53.4305025548, 66.1604399317 ], [ 53.5231211013, 66.033706725 ], [ 53.6147375199, 65.9069706262 ], [ 53.7053675266, 65.7802329515 ], [ 53.7950265205, 65.6534949946 ], [ 53.8837295914, 65.5267580281 ], [ 53.9714915276, 65.4000233031 ], [ 54.0583268228, 65.2732920505 ], [ 54.1442496832, 65.1465654811 ], [ 54.2292740346, 65.019844786 ], [ 54.3134135287, 64.8931311374 ], [ 54.39668155, 64.7664256887 ], [ 54.4790912218, 64.6397295752 ], [ 54.5606554123, 64.5130439143 ], [ 54.6413867409, 64.3863698062 ], [ 54.7212975839, 64.2597083338 ], [ 54.8004000799, 64.1330605638 ], [ 54.8787061354, 64.0064275464 ], [ 54.9562274305, 63.8798103162 ], [ 55.0329754238, 63.753209892 ], [ 55.1089613573, 63.6266272777 ], [ 55.1841962618, 63.5000634624 ], [ 55.2586909615, 63.3735194205 ], [ 55.3324560786, 63.2469961125 ], [ 55.4055020378, 63.1204944849 ], [ 55.477839071, 62.9940154707 ], [ 55.5494772216, 62.8675599895 ], [ 55.6204263484, 62.7411289482 ], [ 55.6906961301, 62.6147232408 ], [ 55.7602960688, 62.4883437488 ], [ 55.8292354947, 62.3619913417 ], [ 55.897523569, 62.2356668771 ], [ 55.9651692881, 62.1093712008 ], [ 56.0321814872, 61.9831051472 ], [ 56.0985688436, 61.8568695396 ], [ 56.1643398803, 61.7306651901 ], [ 56.2295029694, 61.6044929004 ], [ 56.294066335, 61.4783534614 ], [ 56.3580380567, 61.3522476539 ], [ 56.4214260727, 61.2261762483 ], [ 56.4842381825, 61.1001400053 ], [ 56.5464820503, 60.9741396759 ], [ 56.6081652075, 60.8481760015 ], [ 56.6692950556, 60.7222497142 ], [ 56.7298788689, 60.5963615367 ], [ 56.7899237974, 60.4705121832 ], [ 56.8494368689, 60.3447023586 ], [ 56.9084249922, 60.2189327593 ], [ 56.9668949589, 60.0932040734 ], [ 57.0248534463, 59.9675169805 ], [ 57.0823070195, 59.841872152 ], [ 57.1392621338, 59.7162702512 ], [ 57.195725137, 59.5907119338 ], [ 57.2517022712, 59.4651978476 ], [ 57.3071996757, 59.3397286327 ], [ 57.3622233882, 59.2143049218 ], [ 57.4167793475, 59.0889273403 ], [ 57.4708733952, 58.9635965066 ], [ 57.5245112776, 58.8383130315 ], [ 57.5776986479, 58.7130775194 ], [ 57.6304410677, 58.5878905675 ], [ 57.6827440089, 58.4627527665 ], [ 57.7346128556, 58.3376647004 ], [ 57.7860529057, 58.2126269467 ], [ 57.8370693727, 58.0876400765 ], [ 57.8876673872, 57.9627046547 ], [ 57.9378519986, 57.83782124 ], [ 57.9876281768, 57.7129903849 ], [ 58.0370008135, 57.5882126363 ], [ 58.0859747236, 57.4634885347 ], [ 58.1345546472, 57.3388186153 ], [ 58.1827452505, 57.2142034073 ], [ 58.2305511276, 57.0896434344 ], [ 58.2779768014, 56.9651392148 ], [ 58.3250267255, 56.8406912613 ], [ 58.3717052851, 56.7163000813 ], [ 58.4180167984, 56.5919661769 ], [ 58.463965518, 56.4676900453 ], [ 58.5095556319, 56.3434721781 ], [ 58.5547912647, 56.2193130624 ], [ 58.5996764792, 56.09521318 ], [ 58.6442152768, 55.971173008 ], [ 58.6884115994, 55.8471930186 ], [ 58.7322693299, 55.7232736792 ], [ 58.7757922937, 55.5994154528 ], [ 58.8189842594, 55.4756187975 ], [ 58.8618489402, 55.3518841671 ], [ 58.9043899945, 55.2282120108 ], [ 58.9466110273, 55.1046027734 ], [ 58.9885155908, 54.9810568954 ], [ 59.0301071854, 54.8575748129 ], [ 59.0713892611, 54.734156958 ], [ 59.1123652176, 54.6108037584 ], [ 59.153038406, 54.4875156378 ], [ 59.193412129, 54.3642930159 ], [ 59.2334896421, 54.2411363081 ], [ 59.2732741545, 54.1180459263 ], [ 59.3127688296, 53.9950222781 ], [ 59.3519767861, 53.8720657675 ], [ 59.3909010985, 53.7491767945 ], [ 59.4295447983, 53.6263557556 ], [ 59.4679108743, 53.5036030433 ], [ 59.5060022733, 53.3809190467 ], [ 59.5438219015, 53.2583041512 ], [ 59.5813726242, 53.1357587385 ], [ 59.6186572675, 53.0132831869 ], [ 59.6556786182, 52.8908778712 ], [ 59.6924394249, 52.7685431628 ], [ 59.7289423983, 52.6462794296 ], [ 59.7651902122, 52.5240870363 ], [ 59.8011855041, 52.4019663441 ], [ 59.8369308754, 52.279917711 ], [ 59.8724288925, 52.1579414917 ], [ 59.907682087, 52.0360380378 ], [ 59.9426929566, 51.9142076978 ], [ 59.9774639653, 51.7924508167 ], [ 60.0119975443, 51.6707677368 ], [ 60.0462960925, 51.5491587972 ], [ 60.0803619767, 51.4276243338 ], [ 60.1141975325, 51.3061646797 ], [ 60.1478050647, 51.1847801651 ], [ 60.1811868476, 51.0634711169 ], [ 60.2143451258, 50.9422378596 ], [ 60.2472821145, 50.8210807145 ], [ 60.28, 50.7 ], [ 60.0892841593, 50.6792659044 ], [ 59.8987875337, 50.6581315711 ], [ 59.7085139496, 50.6365978563 ], [ 59.5184672049, 50.6146656303 ], [ 59.3286510685, 50.5923357779 ], [ 59.1390692798, 50.5696091977 ], [ 58.9497255486, 50.5464868025 ], [ 58.7606235545, 50.5229695187 ], [ 58.5717669466, 50.4990582864 ], [ 58.3831593433, 50.4747540592 ], [ 58.1948043318, 50.4500578043 ], [ 58.006705468, 50.4249705017 ], [ 57.8188662758, 50.3994931449 ], [ 57.6312902474, 50.3736267401 ], [ 57.4439808424, 50.3473723064 ], [ 57.2569414877, 50.3207308754 ], [ 57.0701755777, 50.2937034914 ], [ 56.8836864731, 50.2662912109 ], [ 56.6974775017, 50.2384951026 ], [ 56.5115519573, 50.2103162473 ], [ 56.3259130999, 50.1817557377 ], [ 56.1405641554, 50.1528146781 ], [ 55.9555083155, 50.1234941844 ], [ 55.770748737, 50.0937953842 ], [ 55.5862885423, 50.0637194159 ], [ 55.4021308187, 50.0332674294 ], [ 55.2182786184, 50.0024405853 ], [ 55.0347349583, 49.9712400551 ], [ 54.85150282, 49.9396670209 ], [ 54.6685851493, 49.9077226753 ], [ 54.4859848563, 49.8754082212 ], [ 54.3037048154, 49.8427248717 ], [ 54.1217478647, 49.8096738496 ], [ 53.9401168065, 49.7762563879 ], [ 53.7588144066, 49.7424737291 ], [ 53.5778433947, 49.7083271251 ], [ 53.3972064639, 49.6738178374 ], [ 53.2169062708, 49.6389471364 ], [ 53.0369454357, 49.6037163018 ], [ 52.8573265419, 49.5681266219 ], [ 52.6780521362, 49.5321793937 ], [ 52.4991247287, 49.4958759229 ], [ 52.3205467926, 49.4592175236 ], [ 52.1423207644, 49.4222055178 ], [ 51.9644490437, 49.3848412358 ], [ 51.7869339932, 49.3471260157 ], [ 51.6097779389, 49.3090612034 ], [ 51.4329831698, 49.2706481521 ], [ 51.2565519381, 49.2318882228 ], [ 51.0804864593, 49.1927827834 ], [ 50.9047889118, 49.153333209 ], [ 50.7294614375, 49.1135408816 ], [ 50.5545061415, 49.07340719 ], [ 50.3799250922, 49.0329335296 ], [ 50.2057203212, 48.992121302 ], [ 50.0318938238, 48.9509719155 ], [ 49.8584475586, 48.9094867841 ], [ 49.6853834479, 48.8676673281 ], [ 49.5127033775, 48.8255149735 ], [ 49.3404091971, 48.7830311517 ], [ 49.16850272, 48.7402173001 ], [ 48.9969857236, 48.6970748609 ], [ 48.8258599494, 48.6536052819 ], [ 48.6551271029, 48.6098100158 ], [ 48.4847888538, 48.5656905201 ], [ 48.3148468364, 48.5212482571 ], [ 48.1453026494, 48.4764846937 ], [ 47.9761578562, 48.4314013013 ], [ 47.807413985, 48.3859995555 ], [ 47.6390725288, 48.3402809359 ], [ 47.4711349459, 48.2942469264 ], [ 47.3036026597, 48.2478990145 ], [ 47.1364770591, 48.2012386915 ], [ 46.9697594987, 48.1542674522 ], [ 46.8034512986, 48.1069867949 ], [ 46.6375537449, 48.0593982212 ], [ 46.4720680901, 48.0115032355 ], [ 46.3069955525, 47.9633033457 ], [ 46.1423373174, 47.9148000622 ], [ 45.9780945364, 47.8659948982 ], [ 45.8142683282, 47.8168893695 ], [ 45.6508597785, 47.7674849944 ], [ 45.4878699404, 47.7177832933 ], [ 45.3252998343, 47.6677857891 ], [ 45.1631504485, 47.6174940065 ], [ 45.0014227391, 47.5669094721 ], [ 44.8401176306, 47.5160337145 ], [ 44.6792360156, 47.4648682638 ], [ 44.5187787554, 47.4134146516 ], [ 44.3587466802, 47.361674411 ], [ 44.1991405891, 47.3096490763 ], [ 44.0399612509, 47.2573401831 ], [ 43.8812094035, 47.2047492679 ], [ 43.7228857547, 47.1518778682 ], [ 43.5649909825, 47.0987275222 ], [ 43.4075257351, 47.0452997689 ], [ 43.2504906312, 46.9915961477 ], [ 43.0938862601, 46.9376181986 ], [ 42.9377131825, 46.8833674619 ], [ 42.7819719301, 46.8288454781 ], [ 42.6266630062, 46.7740537877 ], [ 42.471786886, 46.7189939315 ], [ 42.3173440165, 46.6636674499 ], [ 42.1633348174, 46.6080758831 ], [ 42.0097596807, 46.5522207712 ], [ 41.8566189712, 46.4961036537 ], [ 41.7039130271, 46.4397260695 ], [ 41.5516421598, 46.3830895572 ], [ 41.3998066542, 46.3261956542 ], [ 41.2484067694, 46.2690458974 ], [ 41.0974427385, 46.2116418226 ], [ 40.9469147691, 46.1539849648 ], [ 40.7968230435, 46.0960768577 ], [ 40.6471677191, 46.0379190337 ], [ 40.4979489284, 45.979513024 ], [ 40.3491667796, 45.9208603585 ], [ 40.2008213566, 45.8619625654 ], [ 40.0529127195, 45.8028211716 ], [ 39.9054409046, 45.7434377019 ], [ 39.7584059249, 45.6838136799 ], [ 39.6118077705, 45.6239506269 ], [ 39.4656464084, 45.5638500624 ], [ 39.3199217832, 45.5035135042 ], [ 39.1746338172, 45.4429424675 ], [ 39.0297824107, 45.3821384657 ], [ 38.8853674423, 45.3211030099 ], [ 38.7413887691, 45.2598376088 ], [ 38.5978462271, 45.1983437689 ], [ 38.4547396313, 45.1366229938 ], [ 38.3120687761, 45.0746767851 ], [ 38.1698334356, 45.0125066414 ], [ 38.0280333638, 44.9501140588 ], [ 37.8866682947, 44.8875005306 ], [ 37.745737943, 44.8246675472 ], [ 37.6052420039, 44.7616165963 ], [ 37.4651801537, 44.6983491624 ], [ 37.3255520499, 44.6348667273 ], [ 37.1863573315, 44.5711707694 ], [ 37.0475956193, 44.5072627641 ], [ 36.9092665162, 44.4431441836 ], [ 36.7713696073, 44.3788164969 ], [ 36.6339044602, 44.3142811695 ], [ 36.4968706255, 44.2495396638 ], [ 36.3602676368, 44.1845934384 ], [ 36.224095011, 44.1194439486 ], [ 36.0883522487, 44.0540926464 ], [ 35.9530388341, 43.9885409797 ], [ 35.8181542358, 43.9227903931 ], [ 35.6836979066, 43.8568423275 ], [ 35.5496692839, 43.7906982199 ], [ 35.4160677899, 43.7243595036 ], [ 35.2828928321, 43.657827608 ], [ 35.1501438031, 43.5911039586 ], [ 35.0178200812, 43.5241899772 ], [ 34.8859210306, 43.4570870812 ], [ 34.7544460014, 43.3897966843 ], [ 34.6233943302, 43.322320196 ], [ 34.49276534, 43.2546590218 ], [ 34.3625583407, 43.186814563 ], [ 34.232772629, 43.1187882167 ], [ 34.1034074891, 43.0505813757 ], [ 33.9744621927, 42.9821954288 ], [ 33.8459359988, 42.9136317602 ], [ 33.7178281549, 42.8448917499 ], [ 33.5901378962, 42.7759767737 ], [ 33.4628644466, 42.7068882027 ], [ 33.3360070185, 42.6376274037 ], [ 33.2095648129, 42.5681957392 ], [ 33.0835370203, 42.498594567 ], [ 32.95792282, 42.4288252404 ], [ 32.832721381, 42.3588891082 ], [ 32.7079318621, 42.2887875147 ], [ 32.5835534118, 42.2185217994 ], [ 32.4595851687, 42.1480932974 ], [ 32.3360262618, 42.077503339 ], [ 32.2128758105, 42.0067532499 ], [ 32.0901329252, 41.9358443509 ], [ 31.9677967069, 41.8647779583 ], [ 31.8458662478, 41.7935553835 ], [ 31.7243406314, 41.7221779334 ], [ 31.6032189329, 41.6506469097 ], [ 31.482500219, 41.5789636097 ], [ 31.3621835482, 41.5071293255 ], [ 31.2422679714, 41.4351453445 ], [ 31.1227525314, 41.3630129495 ], [ 31.0036362637, 41.2907334179 ], [ 30.8849181963, 41.2183080226 ], [ 30.7665973502, 41.1457380315 ], [ 30.6486727391, 41.0730247076 ], [ 30.53114337, 41.0001693087 ], [ 30.4140082434, 40.9271730879 ], [ 30.2972663531, 40.8540372934 ], [ 30.1809166867, 40.7807631681 ], [ 30.0649582254, 40.7073519503 ], [ 29.9493899449, 40.633804873 ], [ 29.8342108147, 40.5601231642 ], [ 29.7194197986, 40.4863080471 ], [ 29.6050158553, 40.4123607397 ], [ 29.4909979378, 40.3382824549 ], [ 29.3773649941, 40.2640744007 ], [ 29.2641159672, 40.18973778 ], [ 29.1512497949, 40.1152737907 ], [ 29.0387654108, 40.0406836254 ], [ 28.9266617436, 39.9659684718 ], [ 28.8149377177, 39.8911295126 ], [ 28.7035922531, 39.8161679253 ], [ 28.5926242657, 39.7410848823 ], [ 28.4820326676, 39.665881551 ], [ 28.3718163669, 39.5905590936 ], [ 28.2619742679, 39.5151186672 ], [ 28.1525052714, 39.439561424 ], [ 28.0434082749, 39.3638885108 ], [ 27.9346821725, 39.2881010695 ], [ 27.8263258549, 39.2122002369 ], [ 27.7183382101, 39.1361871447 ], [ 27.6107181229, 39.0600629193 ], [ 27.5034644756, 38.9838286823 ], [ 27.3965761476, 38.9074855499 ], [ 27.2900520157, 38.8310346335 ], [ 27.1838909544, 38.7544770391 ], [ 27.0780918359, 38.6778138679 ], [ 26.9726535302, 38.6010462158 ], [ 26.8675749051, 38.5241751736 ], [ 26.7628548266, 38.4472018272 ], [ 26.6584921586, 38.3701272573 ], [ 26.5544857636, 38.2929525395 ], [ 26.4508345022, 38.2156787444 ], [ 26.3475372336, 38.1383069375 ], [ 26.2445928154, 38.0608381791 ], [ 26.1420001041, 37.9832735247 ], [ 26.0397579548, 37.9056140246 ], [ 25.9378652216, 37.8278607241 ], [ 25.8363207576, 37.7500146634 ], [ 25.7351234148, 37.6720768778 ], [ 25.6342720445, 37.5940483973 ], [ 25.5337654973, 37.5159302472 ], [ 25.4336026231, 37.4377234476 ], [ 25.3337822712, 37.3594290136 ], [ 25.2343032905, 37.2810479555 ], [ 25.1351645297, 37.2025812784 ], [ 25.0363648368, 37.1240299826 ], [ 24.9379030599, 37.0453950631 ], [ 24.839778047, 36.9666775104 ], [ 24.7419886459, 36.8878783097 ], [ 24.6445337046, 36.8089984415 ], [ 24.547412071, 36.7300388811 ], [ 24.4506225936, 36.6510005992 ], [ 24.3541641208, 36.5718845613 ], [ 24.2580355015, 36.4926917282 ], [ 24.162235585, 36.4134230558 ], [ 24.0667632212, 36.3340794949 ], [ 23.9716172605, 36.2546619919 ], [ 23.876796554, 36.1751714877 ], [ 23.7822999533, 36.095608919 ], [ 23.6881263112, 36.0159752173 ], [ 23.5942744809, 35.9362713093 ], [ 23.5007433168, 35.8564981171 ], [ 23.4075316742, 35.7766565578 ], [ 23.3146384094, 35.6967475437 ], [ 23.2220623799, 35.6167719825 ], [ 23.1298024443, 35.5367307772 ], [ 23.0378574624, 35.4566248257 ], [ 22.9462262953, 35.3764550216 ], [ 22.8549078056, 35.2962222534 ], [ 22.763900857, 35.2159274052 ], [ 22.6732043148, 35.1355713564 ], [ 22.5828170459, 35.0551549814 ], [ 22.4927379187, 34.9746791502 ], [ 22.402965803, 34.8941447283 ], [ 22.3134995706, 34.8135525762 ], [ 22.2243380947, 34.73290355 ], [ 22.1354802506, 34.6521985012 ], [ 22.046924915, 34.5714382767 ], [ 21.9586709668, 34.4906237187 ], [ 21.8707172866, 34.4097556651 ], [ 21.783062757, 34.3288349488 ], [ 21.6957062626, 34.2478623988 ], [ 21.60864669, 34.166838839 ], [ 21.521882928, 34.0857650891 ], [ 21.4354138673, 34.0046419643 ], [ 21.3492384009, 33.9234702753 ], [ 21.2633554239, 33.8422508283 ], [ 21.1777638337, 33.760984425 ], [ 21.09246253, 33.6796718629 ], [ 21.0074504147, 33.598313935 ], [ 20.9227263921, 33.5169114297 ], [ 20.8382893688, 33.4354651312 ], [ 20.7541382539, 33.3539758195 ], [ 20.670271959, 33.2724442698 ], [ 20.586689398, 33.1908712535 ], [ 20.5033894874, 33.1092575374 ], [ 20.4203711462, 33.0276038838 ], [ 20.3376332961, 32.9459110512 ], [ 20.2551748611, 32.8641797935 ], [ 20.1729947683, 32.7824108603 ], [ 20.0910919469, 32.7006049973 ], [ 20.0094653291, 32.6187629457 ], [ 19.9281138499, 32.5368854425 ], [ 19.8470364467, 32.4549732206 ], [ 19.7662320599, 32.3730270088 ], [ 19.6856996327, 32.2910475315 ], [ 19.6054381109, 32.2090355093 ], [ 19.5254464433, 32.1269916583 ], [ 19.4457235815, 32.0449166909 ], [ 19.36626848, 31.962811315 ], [ 19.287080096, 31.8806762348 ], [ 19.20815739, 31.7985121502 ], [ 19.1294993251, 31.7163197571 ], [ 19.0511048674, 31.6340997474 ], [ 18.9729729861, 31.551852809 ], [ 18.8951026532, 31.4695796258 ], [ 18.817492844, 31.3872808778 ], [ 18.7401425365, 31.3049572409 ], [ 18.663050712, 31.2226093871 ], [ 18.5862163546, 31.1402379846 ], [ 18.5096384517, 31.0578436976 ], [ 18.4333159936, 30.9754271862 ], [ 18.3572479739, 30.892989107 ], [ 18.2814333891, 30.8105301126 ], [ 18.2058712389, 30.7280508515 ], [ 18.1305605263, 30.6455519688 ], [ 18.0555002571, 30.5630341055 ], [ 17.9806894407, 30.4804978989 ], [ 17.9061270893, 30.3979439824 ], [ 17.8318122184, 30.3153729858 ], [ 17.7577438468, 30.2327855352 ], [ 17.6839209964, 30.1501822528 ], [ 17.6103426924, 30.067563757 ], [ 17.537007963, 29.9849306629 ], [ 17.46391584, 29.9022835815 ], [ 17.391065358, 29.8196231204 ], [ 17.3184555552, 29.7369498834 ], [ 17.2460854729, 29.6542644707 ], [ 17.1739541557, 29.571567479 ], [ 17.1020606514, 29.4888595012 ], [ 17.0304040112, 29.4061411269 ], [ 16.9589832895, 29.3234129417 ], [ 16.8877975439, 29.2406755282 ], [ 16.8168458354, 29.1579294649 ], [ 16.7461272283, 29.0751753273 ], [ 16.6756407902, 28.9924136869 ], [ 16.6053855919, 28.9096451121 ], [ 16.5353607076, 28.8268701677 ], [ 16.4655652147, 28.7440894149 ], [ 16.3959981941, 28.6613034118 ], [ 16.3266587299, 28.5785127126 ], [ 16.2575459094, 28.4957178686 ], [ 16.1886588235, 28.4129194274 ], [ 16.1199965662, 28.3301179331 ], [ 16.0515582347, 28.2473139269 ], [ 15.98334293, 28.1645079462 ], [ 15.9153497559, 28.0817005253 ], [ 15.8475778199, 27.9988921951 ], [ 15.7800262325, 27.9160834833 ], [ 15.7126941078, 27.8332749141 ], [ 15.6455805631, 27.7504670088 ], [ 15.578684719, 27.6676602851 ], [ 15.5120056995, 27.5848552576 ], [ 15.4455426318, 27.5020524376 ], [ 15.3792946467, 27.4192523334 ], [ 15.3132608779, 27.3364554499 ], [ 15.2474404627, 27.2536622889 ], [ 15.1818325416, 27.170873349 ], [ 15.1164362586, 27.0880891257 ], [ 15.0512507607, 27.0053101114 ], [ 14.9862751985, 26.9225367953 ], [ 14.9215087256, 26.8397696635 ], [ 14.8569504993, 26.757009199 ], [ 14.7925996798, 26.674255882 ], [ 14.7284554309, 26.5915101891 ], [ 14.6645169194, 26.5087725945 ], [ 14.6007833157, 26.4260435688 ], [ 14.5372537932, 26.34332358 ], [ 14.4739275287, 26.2606130928 ], [ 14.4108037023, 26.1779125692 ], [ 14.3478814974, 26.095222468 ], [ 14.2851601005, 26.0125432451 ], [ 14.2226387015, 25.9298753536 ], [ 14.1603164935, 25.8472192435 ], [ 14.0981926729, 25.7645753619 ], [ 14.0362664393, 25.6819441532 ], [ 13.9745369956, 25.5993260586 ], [ 13.9130035477, 25.5167215167 ], [ 13.851665305, 25.4341309632 ], [ 13.79052148, 25.3515548309 ], [ 13.7295712885, 25.2689935497 ], [ 13.6688139493, 25.1864475468 ], [ 13.6082486846, 25.1039172466 ], [ 13.5478747198, 25.0214030707 ], [ 13.4876912833, 24.9389054379 ], [ 13.4276976068, 24.8564247643 ], [ 13.3678929253, 24.7739614632 ], [ 13.3082764767, 24.6915159451 ], [ 13.2488475022, 24.609088618 ], [ 13.1896052462, 24.526679887 ], [ 13.1305489562, 24.4442901547 ], [ 13.0716778828, 24.3619198207 ], [ 13.0129912797, 24.2795692823 ], [ 12.9544884038, 24.1972389339 ], [ 12.8961685151, 24.1149291675 ], [ 12.8380308768, 24.0326403722 ], [ 12.7800747549, 23.9503729347 ], [ 12.7222994187, 23.868127239 ], [ 12.6647041407, 23.7859036666 ], [ 12.6072881963, 23.7037025963 ], [ 12.5500508639, 23.6215244046 ], [ 12.4929914251, 23.5393694651 ], [ 12.4361091645, 23.4572381491 ], [ 12.3794033697, 23.3751308254 ], [ 12.3228733315, 23.2930478602 ], [ 12.2665183434, 23.2109896171 ], [ 12.2103377023, 23.1289564576 ], [ 12.1543307078, 23.0469487403 ], [ 12.0984966626, 22.9649668217 ], [ 12.0428348724, 22.8830110555 ], [ 11.9873446459, 22.8010817934 ], [ 11.9320252947, 22.7191793842 ], [ 11.8768761334, 22.6373041747 ], [ 11.8218964795, 22.5554565091 ], [ 11.7670856535, 22.4736367293 ], [ 11.7124429789, 22.3918451747 ], [ 11.6579677819, 22.3100821827 ], [ 11.6036593919, 22.2283480878 ], [ 11.5495171409, 22.1466432227 ], [ 11.495540364, 22.0649679174 ], [ 11.4417283991, 21.9833224998 ], [ 11.3880805871, 21.9017072955 ], [ 11.3345962715, 21.8201226277 ], [ 11.281274799, 21.7385688175 ], [ 11.2281155188, 21.6570461835 ], [ 11.1751177831, 21.5755550422 ], [ 11.1222809471, 21.494095708 ], [ 11.0696043685, 21.4126684927 ], [ 11.0170874079, 21.3312737063 ], [ 10.9647294289, 21.2499116563 ], [ 10.9125297976, 21.1685826481 ], [ 10.860487883, 21.0872869851 ], [ 10.808603057, 21.0060249682 ], [ 10.756874694, 20.9247968963 ], [ 10.7053021713, 20.8436030663 ], [ 10.6538848689, 20.7624437727 ], [ 10.6026221695, 20.6813193082 ], [ 10.5515134587, 20.6002299629 ], [ 10.5005581245, 20.5191760254 ], [ 10.4497555579, 20.4381577817 ], [ 10.3991051523, 20.357175516 ], [ 10.3486063039, 20.2762295104 ], [ 10.2982584117, 20.1953200448 ], [ 10.2480608773, 20.1144473972 ], [ 10.1980131046, 20.0336118436 ], [ 10.1481145007, 19.9528136577 ], [ 10.0983644749, 19.8720531116 ], [ 10.0487624393, 19.791330475 ], [ 9.9993078086, 19.7106460158 ], [ 9.95, 19.63 ], [ 9.864809474, 19.6764683818 ], [ 9.77947309, 19.7228426725 ], [ 9.6939908527, 19.7691223671 ], [ 9.6083627694, 19.8153069599 ], [ 9.52258885, 19.8613959448 ], [ 9.436669107, 19.9073888151 ], [ 9.3506035557, 19.9532850636 ], [ 9.2643922139, 19.9990841827 ], [ 9.1780351024, 20.0447856642 ], [ 9.0915322443, 20.0903889995 ], [ 9.0048836658, 20.1358936794 ], [ 8.9180893957, 20.1812991944 ], [ 8.8311494656, 20.2266050345 ], [ 8.7440639098, 20.2718106892 ], [ 8.6568327656, 20.3169156478 ], [ 8.5694560729, 20.3619193989 ], [ 8.4819338746, 20.4068214309 ], [ 8.3942662165, 20.4516212318 ], [ 8.306453147, 20.4963182891 ], [ 8.2184947176, 20.54091209 ], [ 8.1303909829, 20.5854021215 ], [ 8.042142, 20.6297878701 ], [ 7.9537478293, 20.674068822 ], [ 7.8652085339, 20.718244463 ], [ 7.7765241801, 20.7623142789 ], [ 7.6876948371, 20.8062777548 ], [ 7.5987205772, 20.8501343759 ], [ 7.5096014754, 20.8938836269 ], [ 7.4203376103, 20.9375249924 ], [ 7.330929063, 20.9810579566 ], [ 7.2413759181, 21.0244820036 ], [ 7.1516782632, 21.0677966173 ], [ 7.0618361888, 21.1110012813 ], [ 6.9718497888, 21.1540954791 ], [ 6.8817191601, 21.197078694 ], [ 6.7914444029, 21.2399504091 ], [ 6.7010256204, 21.2827101075 ], [ 6.6104629191, 21.325357272 ], [ 6.5197564087, 21.3678913853 ], [ 6.4289062022, 21.4103119302 ], [ 6.3379124158, 21.4526183892 ], [ 6.2467751689, 21.4948102448 ], [ 6.1554945843, 21.5368869794 ], [ 6.064070788, 21.5788480754 ], [ 5.9725039093, 21.6206930151 ], [ 5.8807940809, 21.662421281 ], [ 5.7889414388, 21.7040323552 ], [ 5.6969461224, 21.7455257202 ], [ 5.6048082745, 21.7869008583 ], [ 5.5125280412, 21.8281572519 ], [ 5.4201055721, 21.8692943835 ], [ 5.3275410201, 21.9103117356 ], [ 5.2348345417, 21.9512087909 ], [ 5.1419862967, 21.9919850321 ], [ 5.0489964484, 22.0326399419 ], [ 4.9558651637, 22.0731730034 ], [ 4.8625926128, 22.1135836996 ], [ 4.7691789697, 22.153871514 ], [ 4.6756244116, 22.1940359298 ], [ 4.5819291194, 22.2340764307 ], [ 4.4880932777, 22.2739925007 ], [ 4.3941170743, 22.3137836237 ], [ 4.300000701, 22.3534492841 ], [ 4.2057443528, 22.3929889665 ], [ 4.1113482287, 22.4324021557 ], [ 4.016812531, 22.4716883368 ], [ 3.9221374659, 22.5108469953 ], [ 3.827323243, 22.549877617 ], [ 3.7323700757, 22.5887796879 ], [ 3.6372781812, 22.6275526945 ], [ 3.5420477801, 22.6661961237 ], [ 3.446679097, 22.7047094625 ], [ 3.35117236, 22.7430921987 ], [ 3.2555278011, 22.7813438203 ], [ 3.1597456558, 22.8194638157 ], [ 3.0638261637, 22.8574516739 ], [ 2.9677695679, 22.8953068843 ], [ 2.8715761153, 22.9330289367 ], [ 2.7752460567, 22.9706173216 ], [ 2.6787796466, 23.0080715298 ], [ 2.5821771434, 23.0453910528 ], [ 2.4854388093, 23.0825753827 ], [ 2.3885649103, 23.1196240119 ], [ 2.2915557163, 23.1565364337 ], [ 2.194411501, 23.1933121419 ], [ 2.097132542, 23.2299506309 ], [ 1.9997191207, 23.2664513958 ], [ 1.9021715226, 23.3028139322 ], [ 1.8044900368, 23.3390377365 ], [ 1.7066749566, 23.375122306 ], [ 1.608726579, 23.4110671384 ], [ 1.510645205, 23.4468717322 ], [ 1.4124311396, 23.4825355868 ], [ 1.3140846916, 23.5180582023 ], [ 1.215606174, 23.5534390795 ], [ 1.1169959034, 23.5886777201 ], [ 1.0182542008, 23.6237736266 ], [ 0.9193813907, 23.6587263023 ], [ 0.8203778021, 23.6935352516 ], [ 0.7212437675, 23.7281999794 ], [ 0.6219796238, 23.7627199917 ], [ 0.5225857117, 23.7970947956 ], [ 0.4230623759, 23.8313238987 ], [ 0.3234099653, 23.8654068101 ], [ 0.2236288326, 23.8993430393 ], [ 0.1237193346, 23.9331320972 ], [ 0.0236818324, 23.9667734957 ], [ -0.0764833093, 24.0002667474 ], [ -0.1767757214, 24.0336113664 ], [ -0.2771950308, 24.0668068675 ], [ -0.3777408605, 24.0998527667 ], [ -0.4784128293, 24.1327485813 ], [ -0.5792105519, 24.1654938295 ], [ -0.6801336391, 24.1980880306 ], [ -0.7811816973, 24.2305307054 ], [ -0.8823543292, 24.2628213755 ], [ -0.9836511331, 24.2949595639 ], [ -1.0850717034, 24.3269447948 ], [ -1.1866156303, 24.3587765937 ], [ -1.2882825, 24.3904544872 ], [ -1.3900718944, 24.4219780033 ], [ -1.4919833916, 24.4533466714 ], [ -1.5940165653, 24.484560022 ], [ -1.6961709854, 24.5156175871 ], [ -1.7984462173, 24.5465189 ], [ -1.9008418227, 24.5772634953 ], [ -2.003357359, 24.6078509091 ], [ -2.1059923794, 24.638280679 ], [ -2.2087464331, 24.668552344 ], [ -2.3116190652, 24.6986654443 ], [ -2.4146098167, 24.7286195218 ], [ -2.5177182245, 24.7584141201 ], [ -2.6209438212, 24.7880487838 ], [ -2.7242861357, 24.8175230596 ], [ -2.8277446923, 24.8468364952 ], [ -2.9313190116, 24.8759886404 ], [ -3.0350086099, 24.9049790463 ], [ -3.1388129994, 24.9338072657 ], [ -3.2427316883, 24.9624728528 ], [ -3.3467641807, 24.990975364 ], [ -3.4509099765, 25.0193143567 ], [ -3.5551685716, 25.0474893906 ], [ -3.6595394578, 25.0755000268 ], [ -3.7640221229, 25.103345828 ], [ -3.8686160505, 25.1310263591 ], [ -3.9733207202, 25.1585411863 ], [ -4.0781356076, 25.1858898779 ], [ -4.183060184, 25.2130720039 ], [ -4.2880939171, 25.2400871361 ], [ -4.39323627, 25.2669348484 ], [ -4.4984867022, 25.2936147161 ], [ -4.603844669, 25.3201263168 ], [ -4.7093096217, 25.3464692299 ], [ -4.8148810076, 25.3726430367 ], [ -4.9205582699, 25.3986473205 ], [ -5.0263408479, 25.4244816664 ], [ -5.1322281769, 25.4501456616 ], [ -5.2382196883, 25.4756388955 ], [ -5.3443148092, 25.5009609593 ], [ -5.4505129632, 25.5261114462 ], [ -5.5568135696, 25.5510899517 ], [ -5.6632160439, 25.5758960732 ], [ -5.7697197976, 25.6005294102 ], [ -5.8763242384, 25.6249895645 ], [ -5.98302877, 25.6492761398 ], [ -6.0898327921, 25.6733887423 ], [ -6.1967357008, 25.6973269799 ], [ -6.3037368881, 25.7210904632 ], [ -6.4108357422, 25.7446788048 ], [ -6.5180316474, 25.7680916194 ], [ -6.6253239843, 25.7913285242 ], [ -6.7327121295, 25.8143891385 ], [ -6.840195456, 25.8372730841 ], [ -6.9477733328, 25.8599799848 ], [ -7.0554451252, 25.8825094671 ], [ -7.1632101949, 25.9048611596 ], [ -7.2710678997, 25.9270346934 ], [ -7.3790175935, 25.9490297018 ], [ -7.4870586269, 25.9708458207 ], [ -7.5951903464, 25.9924826885 ], [ -7.703412095, 26.0139399457 ], [ -7.8117232122, 26.0352172357 ], [ -7.9201230335, 26.0563142039 ], [ -8.028610891, 26.0772304987 ], [ -8.1371861131, 26.0979657707 ], [ -8.2458480247, 26.118519673 ], [ -8.3545959471, 26.1388918615 ], [ -8.463429198, 26.1590819944 ], [ -8.5723470916, 26.1790897327 ], [ -8.6813489385, 26.19891474 ], [ -8.7904340459, 26.2185566823 ], [ -8.8996017176, 26.2380152285 ], [ -9.0088512537, 26.25729005 ], [ -9.1181819512, 26.2763808209 ], [ -9.2275931034, 26.2952872181 ], [ -9.3370840003, 26.314008921 ], [ -9.4466539287, 26.332545612 ], [ -9.5563021718, 26.350896976 ], [ -9.6660280096, 26.3690627007 ], [ -9.7758307189, 26.3870424767 ], [ -9.885709573, 26.4048359973 ], [ -9.9956638422, 26.4224429587 ], [ -10.1056927934, 26.4398630598 ], [ -10.2157956903, 26.4570960024 ], [ -10.3259717936, 26.4741414911 ], [ -10.4362203607, 26.4909992335 ], [ -10.5465406459, 26.5076689399 ], [ -10.6569319004, 26.5241503238 ], [ -10.7673933724, 26.5404431013 ], [ -10.8779243069, 26.5565469917 ], [ -10.9885239461, 26.572461717 ], [ -11.099191529, 26.5881870023 ], [ -11.2099262918, 26.6037225758 ], [ -11.3207274676, 26.6190681684 ], [ -11.4315942867, 26.6342235143 ], [ -11.5425259766, 26.6491883505 ], [ -11.6535217618, 26.6639624173 ], [ -11.7645808641, 26.6785454577 ], [ -11.8757025023, 26.6929372181 ], [ -11.9868858927, 26.7071374478 ], [ -12.0981302487, 26.7211458992 ], [ -12.2094347811, 26.734962328 ], [ -12.3207986979, 26.7485864927 ], [ -12.4322212046, 26.7620181552 ], [ -12.5437015041, 26.7752570804 ], [ -12.6552387965, 26.7883030365 ], [ -12.7668322796, 26.8011557948 ], [ -12.8784811486, 26.8138151297 ], [ -12.9901845962, 26.8262808189 ], [ -13.1019418126, 26.8385526434 ], [ -13.2137519857, 26.8506303872 ], [ -13.325614301, 26.8625138378 ], [ -13.4375279416, 26.8742027857 ], [ -13.5494920882, 26.8856970248 ], [ -13.6615059195, 26.8969963523 ], [ -13.7735686116, 26.9081005686 ], [ -13.8856793386, 26.9190094775 ], [ -13.9978372724, 26.929722886 ], [ -14.1100415827, 26.9402406044 ], [ -14.2222914372, 26.9505624465 ], [ -14.3345860013, 26.9606882292 ], [ -14.4469244386, 26.970617773 ], [ -14.5593059107, 26.9803509016 ], [ -14.6717295769, 26.9898874421 ], [ -14.784194595, 26.9992272251 ], [ -14.8967001206, 27.0083700843 ], [ -15.0092453076, 27.017315857 ], [ -15.121829308, 27.0260643841 ], [ -15.2344512721, 27.0346155095 ], [ -15.3471103484, 27.0429690809 ], [ -15.4598056836, 27.0511249491 ], [ -15.572536423, 27.0590829687 ], [ -15.6853017099, 27.0668429975 ], [ -15.7981006863, 27.0744048968 ], [ -15.9109324925, 27.0817685315 ], [ -16.0237962673, 27.0889337698 ], [ -16.1366911481, 27.0959004835 ], [ -16.2496162707, 27.1026685478 ], [ -16.3625707696, 27.1092378416 ], [ -16.4755537781, 27.1156082472 ], [ -16.5885644278, 27.1217796502 ], [ -16.7016018493, 27.12775194 ], [ -16.8146651718, 27.1335250094 ], [ -16.9277535235, 27.1390987548 ], [ -17.0408660311, 27.1444730761 ], [ -17.1540018206, 27.1496478768 ], [ -17.2671600166, 27.1546230639 ], [ -17.3803397427, 27.1593985478 ], [ -17.4935401215, 27.1639742428 ], [ -17.6067602748, 27.1683500665 ], [ -17.7199993233, 27.1725259403 ], [ -17.8332563868, 27.1765017888 ], [ -17.9465305843, 27.1802775405 ], [ -18.0598210342, 27.1838531275 ], [ -18.1731268537, 27.1872284853 ], [ -18.2864471598, 27.1904035531 ], [ -18.3997810683, 27.1933782737 ], [ -18.5131276948, 27.1961525935 ], [ -18.626486154, 27.1987264624 ], [ -18.7398555603, 27.201099834 ], [ -18.8532350274, 27.2032726655 ], [ -18.9666236685, 27.2052449178 ], [ -19.0800205965, 27.2070165552 ], [ -19.1934249238, 27.2085875458 ], [ -19.3068357627, 27.2099578612 ], [ -19.4202522248, 27.2111274767 ], [ -19.5336734218, 27.2120963711 ], [ -19.6470984648, 27.2128645271 ], [ -19.7605264652, 27.2134319307 ], [ -19.8739565338, 27.2137985717 ], [ -19.9873877816, 27.2139644435 ], [ -20.1008193195, 27.213929543 ], [ -20.2142502581, 27.2136938709 ], [ -20.3276797085, 27.2132574315 ], [ -20.4411067816, 27.2126202326 ], [ -20.5545305883, 27.2117822858 ], [ -20.6679502399, 27.2107436061 ], [ -20.7813648477, 27.2095042123 ], [ -20.8947735235, 27.2080641269 ], [ -21.008175379, 27.2064233756 ], [ -21.1215695266, 27.2045819883 ], [ -21.2349550788, 27.2025399981 ], [ -21.3483311487, 27.2002974418 ], [ -21.4616968496, 27.1978543599 ], [ -21.5750512954, 27.1952107964 ], [ -21.6883936007, 27.1923667991 ], [ -21.8017228805, 27.1893224192 ], [ -21.9150382503, 27.1860777115 ], [ -22.0283388265, 27.1826327346 ], [ -22.1416237261, 27.1789875505 ], [ -22.2548920668, 27.1751422248 ], [ -22.368142967, 27.1710968269 ], [ -22.4813755461, 27.1668514295 ], [ -22.5945889242, 27.1624061091 ], [ -22.7077822224, 27.1577609456 ], [ -22.8209545627, 27.1529160226 ], [ -22.9341050682, 27.1478714271 ], [ -23.0472328626, 27.14262725 ], [ -23.1603370713, 27.1371835854 ], [ -23.2734168202, 27.1315405311 ], [ -23.3864712368, 27.1256981885 ], [ -23.4994994494, 27.1196566623 ], [ -23.6125005878, 27.113416061 ], [ -23.725473783, 27.1069764965 ], [ -23.8384181671, 27.1003380842 ], [ -23.9513328739, 27.0935009431 ], [ -24.0642170382, 27.0864651957 ], [ -24.1770697965, 27.0792309678 ], [ -24.2898902866, 27.071798389 ], [ -24.4026776479, 27.0641675921 ], [ -24.5154310211, 27.0563387136 ], [ -24.6281495489, 27.0483118933 ], [ -24.7408323751, 27.0400872745 ], [ -24.8534786456, 27.0316650041 ], [ -24.9660875076, 27.0230452322 ], [ -25.0786581104, 27.0142281125 ], [ -25.1911896047, 27.0052138021 ], [ -25.3036811433, 26.9960024614 ], [ -25.4161318805, 26.9865942544 ], [ -25.5285409729, 26.9769893483 ], [ -25.6409075786, 26.9671879139 ], [ -25.7532308578, 26.9571901251 ], [ -25.8655099729, 26.9469961595 ], [ -25.9777440879, 26.9366061978 ], [ -26.0899323691, 26.9260204241 ], [ -26.202073985, 26.9152390259 ], [ -26.3141681059, 26.9042621941 ], [ -26.4262139045, 26.8930901226 ], [ -26.5382105556, 26.881723009 ], [ -26.6501572363, 26.8701610539 ], [ -26.7620531258, 26.8584044613 ], [ -26.8738974057, 26.8464534385 ], [ -26.9856892601, 26.8343081959 ], [ -27.0974278751, 26.8219689474 ], [ -27.2091124395, 26.80943591 ], [ -27.3207421444, 26.7967093038 ], [ -27.4323161832, 26.7837893523 ], [ -27.5438337522, 26.7706762821 ], [ -27.6552940499, 26.7573703231 ], [ -27.7666962774, 26.7438717081 ], [ -27.8780396385, 26.7301806734 ], [ -27.9893233395, 26.7162974581 ], [ -28.1005465895, 26.7022223048 ], [ -28.2117086001, 26.687955459 ], [ -28.3228085857, 26.6734971693 ], [ -28.4338457634, 26.6588476873 ], [ -28.5448193532, 26.6440072681 ], [ -28.6557285778, 26.6289761693 ], [ -28.7665726628, 26.6137546519 ], [ -28.8773508364, 26.5983429799 ], [ -28.9880623301, 26.5827414202 ], [ -29.0987063781, 26.5669502428 ], [ -29.2092822174, 26.5509697208 ], [ -29.3197890882, 26.5348001299 ], [ -29.4302262337, 26.5184417491 ], [ -29.5405929, 26.5018948604 ], [ -29.6508883363, 26.4851597483 ], [ -29.7611117949, 26.4682367007 ], [ -29.8712625312, 26.4511260082 ], [ -29.9813398038, 26.4338279641 ], [ -30.0913428742, 26.4163428649 ], [ -30.2012710074, 26.3986710097 ], [ -30.3111234714, 26.3808127006 ], [ -30.4208995377, 26.3627682424 ], [ -30.5305984806, 26.3445379427 ], [ -30.6402195781, 26.3261221121 ], [ -30.7497621114, 26.3075210637 ], [ -30.8592253649, 26.2887351135 ], [ -30.9686086264, 26.2697645801 ], [ -31.0779111871, 26.250609785 ], [ -31.1871323417, 26.2312710524 ], [ -31.2962713881, 26.211748709 ], [ -31.4053276278, 26.1920430843 ], [ -31.5143003657, 26.1721545104 ], [ -31.6231889102, 26.1520833221 ], [ -31.7319925733, 26.1318298569 ], [ -31.8407106702, 26.1113944546 ], [ -31.94934252, 26.0907774578 ], [ -32.0578874451, 26.0699792117 ], [ -32.1663447718, 26.0490000639 ], [ -32.2747138296, 26.0278403646 ], [ -32.3829939518, 26.0065004666 ], [ -32.4911844755, 25.9849807251 ], [ -32.5992847412, 25.9632814976 ], [ -32.7072940932, 25.9414031445 ], [ -32.8152118795, 25.9193460282 ], [ -32.9230374516, 25.8971105138 ], [ -33.030770165, 25.8746969687 ], [ -33.1384093788, 25.8521057625 ], [ -33.2459544558, 25.8293372675 ], [ -33.3534047627, 25.8063918583 ], [ -33.46075967, 25.7832699114 ], [ -33.5680185517, 25.7599718063 ], [ -33.675180786, 25.7364979241 ], [ -33.7822457547, 25.7128486487 ], [ -33.8892128435, 25.6890243659 ], [ -33.9960814418, 25.6650254639 ], [ -34.1028509432, 25.6408523332 ], [ -34.2095207449, 25.6165053663 ], [ -34.3160902481, 25.591984958 ], [ -34.4225588578, 25.5672915051 ], [ -34.528925983, 25.5424254068 ], [ -34.6351910367, 25.5173870642 ], [ -34.7413534357, 25.4921768806 ], [ -34.8474126007, 25.4667952613 ], [ -34.9533679566, 25.4412426137 ], [ -35.059218932, 25.4155193474 ], [ -35.1649649596, 25.3896258737 ], [ -35.2706054761, 25.3635626061 ], [ -35.3761399221, 25.3373299601 ], [ -35.4815677424, 25.3109283532 ], [ -35.5868883855, 25.2843582047 ], [ -35.6921013043, 25.2576199358 ], [ -35.7972059553, 25.2307139698 ], [ -35.9022017994, 25.2036407318 ], [ -36.0070883013, 25.1764006486 ], [ -36.11186493, 25.1489941492 ], [ -36.2165311581, 25.121421664 ], [ -36.3210864628, 25.0936836256 ], [ -36.425530325, 25.0657804681 ], [ -36.5298622298, 25.0377126275 ], [ -36.6340816663, 25.0094805415 ], [ -36.7381881278, 24.9810846496 ], [ -36.8421811116, 24.9525253929 ], [ -36.946060119, 24.9238032143 ], [ -37.0498246555, 24.8949185583 ], [ -37.1534742308, 24.865871871 ], [ -37.2570083585, 24.8366636003 ], [ -37.3604265563, 24.8072941955 ], [ -37.4637283461, 24.7777641077 ], [ -37.566913254, 24.7480737893 ], [ -37.66998081, 24.7182236945 ], [ -37.7729305482, 24.6882142789 ], [ -37.875762007, 24.6580459998 ], [ -37.9784747287, 24.6277193156 ], [ -38.0810682599, 24.5972346865 ], [ -38.1835421513, 24.5665925742 ], [ -38.2858959574, 24.5357934415 ], [ -38.3881292372, 24.5048377529 ], [ -38.4902415536, 24.4737259741 ], [ -38.5922324736, 24.4424585724 ], [ -38.6941015684, 24.4110360163 ], [ -38.7958484133, 24.3794587756 ], [ -38.8974725877, 24.3477273214 ], [ -38.9989736749, 24.3158421264 ], [ -39.1003512626, 24.2838036641 ], [ -39.2016049425, 24.2516124096 ], [ -39.3027343102, 24.2192688392 ], [ -39.4037389656, 24.1867734302 ], [ -39.5046185127, 24.1541266613 ], [ -39.6053725595, 24.1213290124 ], [ -39.706000718, 24.0883809645 ], [ -39.8065026045, 24.0552829995 ], [ -39.9068778391, 24.0220356009 ], [ -40.0071260462, 23.988639253 ], [ -40.1072468542, 23.9550944411 ], [ -40.2072398954, 23.9214016518 ], [ -40.3071048063, 23.8875613726 ], [ -40.4068412276, 23.8535740921 ], [ -40.5064488036, 23.8194402998 ], [ -40.6059271831, 23.7851604863 ], [ -40.7052760186, 23.7507351432 ], [ -40.8044949667, 23.7161647628 ], [ -40.9035836882, 23.6814498387 ], [ -41.0025418477, 23.646590865 ], [ -41.1013691137, 23.6115883372 ], [ -41.2000651591, 23.5764427511 ], [ -41.2986296604, 23.5411546038 ], [ -41.3970622981, 23.5057243931 ], [ -41.495362757, 23.4701526175 ], [ -41.5935307255, 23.4344397766 ], [ -41.6915658961, 23.3985863703 ], [ -41.7894679653, 23.3625928998 ], [ -41.8872366333, 23.3264598667 ], [ -41.9848716045, 23.2901877734 ], [ -42.0823725871, 23.2537771231 ], [ -42.1797392931, 23.2172284196 ], [ -42.2769714386, 23.1805421675 ], [ -42.3740687434, 23.1437188718 ], [ -42.4710309314, 23.1067590384 ], [ -42.56785773, 23.0696631738 ], [ -42.6645488709, 23.0324317849 ], [ -42.7611040892, 22.9950653793 ], [ -42.8575231242, 22.9575644653 ], [ -42.9538057188, 22.9199295516 ], [ -43.0499516198, 22.8821611474 ], [ -43.1459605777, 22.8442597626 ], [ -43.2418323469, 22.8062259074 ], [ -43.3375666856, 22.7680600926 ], [ -43.4331633557, 22.7297628295 ], [ -43.5286221227, 22.6913346296 ], [ -43.6239427561, 22.6527760052 ], [ -43.719125029, 22.6140874688 ], [ -43.8141687182, 22.5752695332 ], [ -43.9090736043, 22.5363227119 ], [ -44.0038394713, 22.4972475184 ], [ -44.0984661073, 22.4580444668 ], [ -44.1929533038, 22.4187140715 ], [ -44.2873008559, 22.379256847 ], [ -44.3815085625, 22.3396733085 ], [ -44.4755762261, 22.299963971 ], [ -44.5695036526, 22.2601293502 ], [ -44.6632906518, 22.2201699619 ], [ -44.7569370368, 22.1800863219 ], [ -44.8504426245, 22.1398789466 ], [ -44.9438072352, 22.0995483523 ], [ -45.0370306927, 22.0590950557 ], [ -45.1301128245, 22.0185195736 ], [ -45.2230534615, 21.9778224229 ], [ -45.315852438, 21.9370041206 ], [ -45.408509592, 21.8960651841 ], [ -45.5010247648, 21.8550061305 ], [ -45.5933978011, 21.8138274774 ], [ -45.6856285492, 21.7725297422 ], [ -45.7777168608, 21.7311134424 ], [ -45.8696625907, 21.6895790957 ], [ -45.9614655976, 21.6479272197 ], [ -46.0531257431, 21.6061583321 ], [ -46.1446428924, 21.5642729506 ], [ -46.236016914, 21.5222715928 ], [ -46.3272476797, 21.4801547763 ], [ -46.4183350646, 21.4379230188 ], [ -46.5092789471, 21.3955768378 ], [ -46.600079209, 21.3531167509 ], [ -46.6907357351, 21.3105432753 ], [ -46.7812484136, 21.2678569284 ], [ -46.8716171359, 21.2250582274 ], [ -46.9618417967, 21.1821476895 ], [ -47.0519222938, 21.1391258315 ], [ -47.1418585281, 21.0959931702 ], [ -47.2316504038, 21.0527502224 ], [ -47.3212978283, 21.0093975044 ], [ -47.4108007119, 20.9659355325 ], [ -47.5001589681, 20.9223648228 ], [ -47.5893725136, 20.8786858912 ], [ -47.6784412681, 20.8348992533 ], [ -47.7673651544, 20.7910054244 ], [ -47.8561440982, 20.7470049197 ], [ -47.9447780284, 20.7028982542 ], [ -48.0332668768, 20.6586859422 ], [ -48.1216105783, 20.6143684983 ], [ -48.2098090707, 20.5699464363 ], [ -48.2978622946, 20.5254202699 ], [ -48.3857701939, 20.4807905125 ], [ -48.4735327151, 20.436057677 ], [ -48.5611498078, 20.3912222762 ], [ -48.6486214244, 20.3462848223 ], [ -48.7359475202, 20.3012458272 ], [ -48.8231280532, 20.2561058025 ], [ -48.9101629846, 20.2108652592 ], [ -48.9970522781, 20.1655247081 ], [ -49.0837959002, 20.1200846595 ], [ -49.1703938204, 20.0745456231 ], [ -49.2568460108, 20.0289081084 ], [ -49.3431524462, 19.9831726244 ], [ -49.4293131044, 19.9373396795 ], [ -49.5153279656, 19.8914097817 ], [ -49.6011970129, 19.8453834386 ], [ -49.686920232, 19.799261157 ], [ -49.7724976112, 19.7530434436 ], [ -49.8579291415, 19.7067308043 ], [ -49.9432148167, 19.6603237444 ], [ -50.0283546329, 19.613822769 ], [ -50.1133485889, 19.5672283823 ], [ -50.1981966862, 19.5205410882 ], [ -50.2828989286, 19.4737613897 ], [ -50.3674553228, 19.4268897896 ], [ -50.4518658777, 19.3799267897 ], [ -50.5361306049, 19.3328728917 ], [ -50.6202495182, 19.2857285962 ], [ -50.7042226343, 19.2384944034 ], [ -50.7880499719, 19.1911708128 ], [ -50.8717315525, 19.1437583234 ], [ -50.9552673998, 19.0962574334 ], [ -51.0386575399, 19.0486686403 ], [ -51.1219020013, 19.0009924412 ], [ -51.205000815, 18.9532293321 ], [ -51.2879540143, 18.9053798087 ], [ -51.3707616345, 18.8574443658 ], [ -51.4534237137, 18.8094234975 ], [ -51.5359402919, 18.7613176972 ], [ -51.6183114116, 18.7131274577 ], [ -51.7005371175, 18.6648532708 ], [ -51.7826174565, 18.6164956278 ], [ -51.8645524777, 18.5680550192 ], [ -51.9463422325, 18.5195319346 ], [ -52.0279867745, 18.4709268631 ], [ -52.1094861592, 18.4222402927 ], [ -52.1908404446, 18.3734727108 ], [ -52.2720496907, 18.3246246041 ], [ -52.3531139596, 18.2756964583 ], [ -52.4340333154, 18.2266887584 ], [ -52.5148078245, 18.1776019886 ], [ -52.5954375552, 18.1284366322 ], [ -52.675922578, 18.0791931718 ], [ -52.7562629651, 18.0298720889 ], [ -52.8364587912, 17.9804738645 ], [ -52.9165101327, 17.9309989786 ], [ -52.9964170679, 17.8814479102 ], [ -53.0761796773, 17.8318211376 ], [ -53.1557980432, 17.7821191381 ], [ -53.2352722499, 17.7323423884 ], [ -53.3146023836, 17.682491364 ], [ -53.3937885323, 17.6325665396 ], [ -53.4728307861, 17.5825683891 ], [ -53.5517292367, 17.5324973853 ], [ -53.6304839778, 17.4823540003 ], [ -53.7090951049, 17.4321387052 ], [ -53.7875627154, 17.3818519701 ], [ -53.8658869084, 17.3314942642 ], [ -53.9440677848, 17.2810660558 ], [ -54.0221054472, 17.2305678123 ], [ -54.1, 17.18 ], [ -54.15290942, 17.2547124846 ], [ -54.2059626636, 17.3294486793 ], [ -54.2591602264, 17.4042082927 ], [ -54.3125026062, 17.4789910314 ], [ -54.3659903023, 17.5537966002 ], [ -54.4196238156, 17.6286247019 ], [ -54.4734036489, 17.7034750376 ], [ -54.5273303066, 17.7783473062 ], [ -54.5814042949, 17.8532412048 ], [ -54.6356261216, 17.9281564287 ], [ -54.6899962964, 18.003092671 ], [ -54.7445153305, 18.0780496232 ], [ -54.7991837371, 18.1530269744 ], [ -54.8540020308, 18.2280244121 ], [ -54.9089707282, 18.3030416218 ], [ -54.9640903475, 18.3780782867 ], [ -55.0193614087, 18.4531340884 ], [ -55.0747844335, 18.5282087062 ], [ -55.1303599453, 18.6033018176 ], [ -55.1860884693, 18.678413098 ], [ -55.2419705324, 18.7535422208 ], [ -55.2980066633, 18.8286888572 ], [ -55.3541973922, 18.9038526766 ], [ -55.4105432514, 18.9790333463 ], [ -55.4670447748, 19.0542305314 ], [ -55.5237024979, 19.129443895 ], [ -55.5805169581, 19.2046730982 ], [ -55.6374886945, 19.2799177999 ], [ -55.6946182479, 19.355177657 ], [ -55.751906161, 19.4304523243 ], [ -55.809352978, 19.5057414543 ], [ -55.8669592451, 19.5810446976 ], [ -55.9247255101, 19.6563617025 ], [ -55.9826523225, 19.7316921154 ], [ -56.0407402337, 19.8070355803 ], [ -56.0989897968, 19.8823917391 ], [ -56.1574015665, 19.9577602316 ], [ -56.2159760995, 20.0331406953 ], [ -56.274713954, 20.1085327658 ], [ -56.33361569, 20.1839360763 ], [ -56.3926818694, 20.2593502576 ], [ -56.4519130557, 20.3347749386 ], [ -56.5113098142, 20.410209746 ], [ -56.5708727119, 20.485654304 ], [ -56.6306023176, 20.5611082348 ], [ -56.6904992017, 20.6365711581 ], [ -56.7505639365, 20.7120426917 ], [ -56.8107970959, 20.7875224508 ], [ -56.8711992558, 20.8630100486 ], [ -56.9317709934, 20.9385050957 ], [ -56.992512888, 21.0140072007 ], [ -57.0534255205, 21.0895159697 ], [ -57.1145094735, 21.1650310066 ], [ -57.1757653313, 21.2405519129 ], [ -57.23719368, 21.3160782879 ], [ -57.2987951074, 21.3916097284 ], [ -57.3605702031, 21.467145829 ], [ -57.4225195581, 21.5426861817 ], [ -57.4846437656, 21.6182303765 ], [ -57.54694342, 21.6937780007 ], [ -57.6094191177, 21.7693286393 ], [ -57.6720714568, 21.8448818751 ], [ -57.7349010371, 21.9204372881 ], [ -57.7979084598, 21.9959944563 ], [ -57.8610943283, 22.071552955 ], [ -57.9244592472, 22.1471123572 ], [ -57.988003823, 22.2226722335 ], [ -58.051728664, 22.2982321518 ], [ -58.1156343799, 22.3737916778 ], [ -58.1797215822, 22.4493503746 ], [ -58.2439908842, 22.5249078029 ], [ -58.3084429005, 22.6004635208 ], [ -58.3730782478, 22.6760170841 ], [ -58.4378975441, 22.7515680459 ], [ -58.5029014091, 22.8271159568 ], [ -58.5680904643, 22.902660365 ], [ -58.6334653326, 22.978200816 ], [ -58.6990266387, 23.0537368529 ], [ -58.7647750089, 23.1292680162 ], [ -58.830711071, 23.2047938438 ], [ -58.8968354544, 23.2803138711 ], [ -58.9631487903, 23.3558276308 ], [ -59.0296517113, 23.4313346531 ], [ -59.0963448515, 23.5068344656 ], [ -59.1632288469, 23.5823265933 ], [ -59.2303043346, 23.6578105585 ], [ -59.2975719538, 23.7332858809 ], [ -59.3650323447, 23.8087520777 ], [ -59.4326861494, 23.8842086632 ], [ -59.5005340115, 23.9596551494 ], [ -59.5685765759, 24.0350910452 ], [ -59.6368144893, 24.1105158571 ], [ -59.7052483997, 24.1859290889 ], [ -59.7738789566, 24.2613302417 ], [ -59.8427068111, 24.3367188138 ], [ -59.9117326156, 24.4120943009 ], [ -59.9809570242, 24.4874561959 ], [ -60.0503806922, 24.562803989 ], [ -60.1200042765, 24.6381371678 ], [ -60.1898284354, 24.7134552168 ], [ -60.2598538285, 24.7887576182 ], [ -60.330081117, 24.864043851 ], [ -60.4005109633, 24.9393133918 ], [ -60.4711440313, 25.0145657141 ], [ -60.5419809862, 25.0898002888 ], [ -60.6130224947, 25.1650165839 ], [ -60.6842692245, 25.2402140647 ], [ -60.7557218451, 25.3153921937 ], [ -60.8273810269, 25.3905504303 ], [ -60.8992474417, 25.4656882313 ], [ -60.9713217628, 25.5408050507 ], [ -61.0436046646, 25.6159003395 ], [ -61.1160968227, 25.6909735459 ], [ -61.1887989139, 25.7660241152 ], [ -61.2617116165, 25.8410514897 ], [ -61.3348356097, 25.9160551092 ], [ -61.4081715742, 25.9910344102 ], [ -61.4817201914, 26.0659888264 ], [ -61.5554821444, 26.1409177886 ], [ -61.6294581171, 26.2158207249 ], [ -61.7036487946, 26.29069706 ], [ -61.778054863, 26.3655462161 ], [ -61.8526770098, 26.4403676122 ], [ -61.9275159232, 26.5151606645 ], [ -62.0025722927, 26.5899247861 ], [ -62.0778468087, 26.6646593871 ], [ -62.1533401626, 26.7393638747 ], [ -62.2290530469, 26.8140376532 ], [ -62.3049861549, 26.8886801238 ], [ -62.381140181, 26.9632906846 ], [ -62.4575158204, 27.0378687309 ], [ -62.5341137693, 27.1124136547 ], [ -62.6109347248, 27.1869248452 ], [ -62.6879793847, 27.2614016885 ], [ -62.7652484478, 27.3358435677 ], [ -62.8427426136, 27.4102498626 ], [ -62.9204625824, 27.4846199503 ], [ -62.9984090554, 27.5589532047 ], [ -63.0765827344, 27.6332489963 ], [ -63.1549843219, 27.7075066931 ], [ -63.2336145212, 27.7817256595 ], [ -63.3124740361, 27.855905257 ], [ -63.3915635713, 27.9300448442 ], [ -63.4708838318, 28.0041437761 ], [ -63.5504355233, 28.0782014051 ], [ -63.6302193523, 28.1522170801 ], [ -63.7102360254, 28.226190147 ], [ -63.7904862499, 28.3001199486 ], [ -63.8709707337, 28.3740058245 ], [ -63.951690185, 28.4478471111 ], [ -64.0326453124, 28.5216431418 ], [ -64.1138368249, 28.5953932466 ], [ -64.1952654319, 28.6690967525 ], [ -64.276931843, 28.7427529833 ], [ -64.3588367682, 28.8163612595 ], [ -64.4409809178, 28.8899208986 ], [ -64.5233650021, 28.9634312146 ], [ -64.6059897317, 29.0368915187 ], [ -64.6888558175, 29.1103011185 ], [ -64.7719639704, 29.1836593187 ], [ -64.8553149013, 29.2569654205 ], [ -64.9389093213, 29.3302187221 ], [ -65.0227479414, 29.4034185182 ], [ -65.1068314727, 29.4765641007 ], [ -65.191160626, 29.5496547578 ], [ -65.2757361123, 29.6226897746 ], [ -65.3605586424, 29.6956684331 ], [ -65.4456289267, 29.7685900119 ], [ -65.5309476755, 29.8414537864 ], [ -65.6165155991, 29.9142590285 ], [ -65.7023334072, 29.9870050073 ], [ -65.7884018093, 30.0596909881 ], [ -65.8747215145, 30.1323162333 ], [ -65.9612932313, 30.2048800018 ], [ -66.0481176682, 30.2773815494 ], [ -66.1351955327, 30.3498201284 ], [ -66.2225275321, 30.422194988 ], [ -66.3101143729, 30.4945053738 ], [ -66.3979567611, 30.5667505285 ], [ -66.486055402, 30.6389296912 ], [ -66.5744110001, 30.7110420978 ], [ -66.6630242591, 30.7830869809 ], [ -66.751895882, 30.8550635697 ], [ -66.841026571, 30.9269710902 ], [ -66.9304170271, 30.9988087649 ], [ -67.0200679505, 31.0705758133 ], [ -67.1099800405, 31.1422714512 ], [ -67.2001539952, 31.2138948913 ], [ -67.2905905115, 31.2854453429 ], [ -67.3812902853, 31.3569220121 ], [ -67.4722540113, 31.4283241014 ], [ -67.5634823827, 31.4996508102 ], [ -67.6549760915, 31.5709013346 ], [ -67.7467358285, 31.6420748671 ], [ -67.8387622827, 31.7131705971 ], [ -67.931056142, 31.7841877107 ], [ -68.0236180924, 31.8551253904 ], [ -68.1164488185, 31.9259828156 ], [ -68.2095490031, 31.9967591623 ], [ -68.3029193275, 32.0674536032 ], [ -68.3965604711, 32.1380653075 ], [ -68.4904731113, 32.2085934414 ], [ -68.5846579238, 32.2790371675 ], [ -68.6791155823, 32.349395645 ], [ -68.7738467584, 32.4196680301 ], [ -68.8688521218, 32.4898534754 ], [ -68.9641323398, 32.5599511302 ], [ -69.0596880777, 32.6299601407 ], [ -69.1555199983, 32.6998796495 ], [ -69.2516287623, 32.7697087961 ], [ -69.3480150278, 32.8394467166 ], [ -69.4446794505, 32.9090925436 ], [ -69.5416226837, 32.9786454068 ], [ -69.6388453777, 33.0481044323 ], [ -69.7363481806, 33.1174687429 ], [ -69.8341317374, 33.1867374583 ], [ -69.9321966904, 33.2559096947 ], [ -70.0305436789, 33.3249845652 ], [ -70.1291733395, 33.3939611795 ], [ -70.2280863056, 33.4628386441 ], [ -70.3272832073, 33.5316160621 ], [ -70.4267646718, 33.6002925334 ], [ -70.526531323, 33.6688671548 ], [ -70.6265837814, 33.7373390196 ], [ -70.726922664, 33.805707218 ], [ -70.8275485844, 33.873970837 ], [ -70.9284621527, 33.9421289603 ], [ -71.0296639753, 34.0101806683 ], [ -71.1311546548, 34.0781250384 ], [ -71.2329347902, 34.1459611446 ], [ -71.3350049763, 34.2136880578 ], [ -71.4373658041, 34.2813048457 ], [ -71.5400178607, 34.3488105728 ], [ -71.6429617289, 34.4162043005 ], [ -71.7461979872, 34.4834850868 ], [ -71.8497272099, 34.550651987 ], [ -71.9535499671, 34.6177040529 ], [ -72.057666824, 34.6846403332 ], [ -72.1620783416, 34.7514598737 ], [ -72.2667850761, 34.8181617169 ], [ -72.371787579, 34.8847449023 ], [ -72.4770863969, 34.9512084663 ], [ -72.5826820717, 35.0175514422 ], [ -72.6885751399, 35.0837728603 ], [ -72.7947661334, 35.1498717479 ], [ -72.9012555785, 35.2158471291 ], [ -73.0080439964, 35.2816980252 ], [ -73.1151319028, 35.3474234544 ], [ -73.2225198081, 35.413022432 ], [ -73.3302082171, 35.4784939701 ], [ -73.4381976287, 35.5438370783 ], [ -73.5464885364, 35.6090507627 ], [ -73.6550814276, 35.674134027 ], [ -73.7639767838, 35.7390858717 ], [ -73.8731750804, 35.8039052945 ], [ -73.9826767868, 35.8685912903 ], [ -74.092482366, 35.9331428511 ], [ -74.2025922747, 35.9975589659 ], [ -74.3130069631, 36.0618386213 ], [ -74.4237268749, 36.1259808008 ], [ -74.534752447, 36.1899844852 ], [ -74.6460841099, 36.2538486525 ], [ -74.7577222867, 36.3175722782 ], [ -74.869667394, 36.3811543349 ], [ -74.981919841, 36.4445937926 ], [ -75.0944800299, 36.5078896186 ], [ -75.2073483555, 36.5710407775 ], [ -75.3205252053, 36.6340462314 ], [ -75.4340109592, 36.6969049399 ], [ -75.5478059894, 36.7596158597 ], [ -75.6619106606, 36.8221779455 ], [ -75.7763253296, 36.8845901488 ], [ -75.8910503451, 36.9468514193 ], [ -76.0060860478, 37.0089607038 ], [ -76.1214327704, 37.0709169467 ], [ -76.237090837, 37.1327190903 ], [ -76.3530605637, 37.1943660741 ], [ -76.4693422577, 37.2558568356 ], [ -76.5859362179, 37.3171903097 ], [ -76.7028427342, 37.3783654293 ], [ -76.8200620878, 37.4393811248 ], [ -76.9375945508, 37.5002363244 ], [ -77.0554403865, 37.5609299543 ], [ -77.1735998487, 37.6214609382 ], [ -77.292073182, 37.681828198 ], [ -77.4108606216, 37.7420306533 ], [ -77.529962393, 37.8020672217 ], [ -77.6493787122, 37.8619368187 ], [ -77.7691097853, 37.9216383578 ], [ -77.8891558087, 37.9811707506 ], [ -78.0095169684, 38.0405329068 ], [ -78.1301934406, 38.099723734 ], [ -78.251185391, 38.1587421382 ], [ -78.372492975, 38.2175870234 ], [ -78.4941163377, 38.2762572918 ], [ -78.6160556132, 38.334751844 ], [ -78.738310925, 38.3930695788 ], [ -78.8608823859, 38.4512093933 ], [ -78.9837700974, 38.509170183 ], [ -79.1069741502, 38.5669508419 ], [ -79.2304946236, 38.6245502623 ], [ -79.3543315855, 38.681967335 ], [ -79.4784850924, 38.7392009496 ], [ -79.6029551892, 38.7962499938 ], [ -79.727741909, 38.8531133544 ], [ -79.8528452731, 38.9097899166 ], [ -79.978265291, 38.9662785644 ], [ -80.1040019598, 39.0225781804 ], [ -80.2300552646, 39.0786876462 ], [ -80.3564251781, 39.1346058422 ], [ -80.4831116606, 39.1903316477 ], [ -80.6101146596, 39.2458639407 ], [ -80.7374341102, 39.3012015987 ], [ -80.8650699345, 39.3563434977 ], [ -80.9930220416, 39.411288513 ], [ -81.1212903277, 39.4660355192 ], [ -81.2498746758, 39.5205833899 ], [ -81.3787749554, 39.574930998 ], [ -81.5079910227, 39.6290772156 ], [ -81.6375227204, 39.6830209142 ], [ -81.7673698773, 39.7367609649 ], [ -81.8975323087, 39.7902962378 ], [ -82.0280098158, 39.8436256029 ], [ -82.1588021858, 39.8967479297 ], [ -82.2899091917, 39.9496620871 ], [ -82.4213305923, 40.0023669438 ], [ -82.5530661321, 40.0548613684 ], [ -82.6851155408, 40.1071442289 ], [ -82.8174785338, 40.1592143936 ], [ -82.9501548115, 40.2110707302 ], [ -83.0831440597, 40.2627121068 ], [ -83.2164459489, 40.3141373913 ], [ -83.3500601348, 40.3653454517 ], [ -83.4839862577, 40.4163351562 ], [ -83.6182239428, 40.467105373 ], [ -83.7527727996, 40.5176549709 ], [ -83.8876324223, 40.5679828188 ], [ -84.0228023894, 40.618087786 ], [ -84.1582822634, 40.6679687423 ], [ -84.2940715913, 40.717624558 ], [ -84.4301699039, 40.767054104 ], [ -84.566576716, 40.8162562518 ], [ -84.7032915261, 40.8652298738 ], [ -84.8403138165, 40.9139738428 ], [ -84.9776430531, 40.9624870329 ], [ -85.1152786852, 41.0107683187 ], [ -85.2532201456, 41.0588165761 ], [ -85.3914668505, 41.1066306819 ], [ -85.530018199, 41.1542095141 ], [ -85.6688735735, 41.2015519518 ], [ -85.8080323393, 41.2486568754 ], [ -85.9474938448, 41.2955231667 ], [ -86.087257421, 41.3421497088 ], [ -86.2273223817, 41.3885353863 ], [ -86.3676880234, 41.4346790855 ], [ -86.5083536249, 41.4805796941 ], [ -86.6493184478, 41.5262361017 ], [ -86.7905817359, 41.5716471995 ], [ -86.932142715, 41.6168118806 ], [ -87.0740005937, 41.6617290401 ], [ -87.2161545621, 41.7063975751 ], [ -87.3586037927, 41.7508163846 ], [ -87.50134744, 41.7949843699 ], [ -87.6443846401, 41.8389004346 ], [ -87.7877145111, 41.8825634844 ], [ -87.9313361529, 41.9259724275 ], [ -88.0752486468, 41.9691261746 ], [ -88.2194510559, 42.0120236388 ], [ -88.3639424248, 42.0546637361 ], [ -88.5087217796, 42.0970453848 ], [ -88.6537881277, 42.1391675063 ], [ -88.799140458, 42.1810290247 ], [ -88.9447777404, 42.2226288672 ], [ -89.0906989264, 42.2639659638 ], [ -89.2369029484, 42.3050392478 ], [ -89.3833887201, 42.3458476556 ], [ -89.530155136, 42.386390127 ], [ -89.677201072, 42.4266656048 ], [ -89.8245253848, 42.4666730356 ], [ -89.9721269119, 42.5064113694 ], [ -90.120004472, 42.5458795598 ], [ -90.2681568645, 42.585076564 ], [ -90.4165828696, 42.6240013431 ], [ -90.5652812484, 42.6626528621 ], [ -90.7142507427, 42.7010300897 ], [ -90.8634900751, 42.7391319988 ], [ -91.0129979489, 42.7769575665 ], [ -91.162773048, 42.8145057739 ], [ -91.3128140372, 42.8517756064 ], [ -91.4631195619, 42.8887660538 ], [ -91.6136882479, 42.9254761106 ], [ -91.764518702, 42.9619047754 ], [ -91.9156095115, 42.9980510517 ], [ -92.0669592442, 43.0339139478 ], [ -92.2185664488, 43.0694924764 ], [ -92.3704296544, 43.1047856556 ], [ -92.5225473709, 43.1397925081 ], [ -92.6749180887, 43.1745120618 ], [ -92.827540279, 43.2089433497 ], [ -92.9804123937, 43.24308541 ], [ -93.1335328652, 43.2769372865 ], [ -93.2869001067, 43.3104980279 ], [ -93.4405125123, 43.3437666889 ], [ -93.5943684566, 43.3767423296 ], [ -93.7484662952, 43.4094240155 ], [ -93.9028043644, 43.4418108183 ], [ -94.0573809815, 43.4739018152 ], [ -94.2121944445, 43.5056960896 ], [ -94.3672430325, 43.5371927307 ], [ -94.5225250055, 43.568390834 ], [ -94.6780386048, 43.5992895009 ], [ -94.8337820524, 43.6298878394 ], [ -94.9897535517, 43.6601849636 ], [ -95.1459512873, 43.6901799943 ], [ -95.3023734251, 43.7198720587 ], [ -95.4590181123, 43.7492602906 ], [ -95.6158834774, 43.7783438305 ], [ -95.7729676305, 43.8071218257 ], [ -95.9302686634, 43.8355934305 ], [ -96.0877846493, 43.8637578061 ], [ -96.2455136433, 43.8916141206 ], [ -96.4034536824, 43.9191615493 ], [ -96.5616027852, 43.946399275 ], [ -96.7199589525, 43.9733264873 ], [ -96.8785201674, 43.9999423836 ], [ -97.0372843949, 44.0262461685 ], [ -97.1962495824, 44.0522370544 ], [ -97.3554136599, 44.077914261 ], [ -97.5147745396, 44.103277016 ], [ -97.6743301167, 44.1283245547 ], [ -97.834078269, 44.1530561203 ], [ -97.9940168572, 44.1774709642 ], [ -98.1541437251, 44.2015683454 ], [ -98.3144566995, 44.2253475314 ], [ -98.4749535908, 44.2488077977 ], [ -98.6356321924, 44.271948428 ], [ -98.7964902817, 44.2947687144 ], [ -98.9575256195, 44.3172679576 ], [ -99.1187359505, 44.3394454666 ], [ -99.2801190037, 44.3613005589 ], [ -99.4416724918, 44.3828325609 ], [ -99.6033941123, 44.4040408075 ], [ -99.7652815469, 44.4249246424 ], [ -99.9273324619, 44.4454834184 ], [ -100.0895445087, 44.465716497 ], [ -100.2519153235, 44.4856232487 ], [ -100.4144425277, 44.5052030532 ], [ -100.5771237281, 44.5244552994 ], [ -100.7399565169, 44.5433793852 ], [ -100.9029384722, 44.561974718 ], [ -101.0660671578, 44.5802407144 ], [ -101.2293401239, 44.5981768004 ], [ -101.3927549066, 44.6157824117 ], [ -101.5563090288, 44.6330569933 ], [ -101.72, 44.65 ] ] ] } }
]
}
