tablo,fid,ident,data_originator,name,lat_dd,lon_dd
dme,346,AAR,EUROCONTROL NMOC,AARHUS,56.3038306,10.6011028
dme,1272,AAR,EUROCONTROL NMOC,ARAR,30.908027777777775,41.14216666666667
vor_dme,912,AAR,EUROCONTROL NMOC,AMRITSAR,31.728022222222222,74.7859111111111
vor_dme,1812,AAR,EUROCONTROL NMOC,ARAR,30.908027777777775,41.14216666666667
dme,740,AAT,EUROCONTROL NMOC,AGATTI,10.828244444444444,72.17937777777779
vor_dme,913,AAT,EUROCONTROL NMOC,AGARTALA,23.89041111111111,91.23864722222223
dme,21,ABA,EUROCONTROL NMOC,AMSTERDAM/SCHIPHOL,52.29373369,4.77503211
dme,41,ABA,EUROCONTROL NMOC,ALBANY,-34.94994444444444,117.8098611111111
vor_dme,796,ABA,EUROCONTROL NMOC,ARUBA,12.505666666666666,-69.94311111111111
dme,761,ABD,EUROCONTROL NMOC,ABADAN,30.375305555555556,48.22061111111111
vor_dme,915,ABD,EUROCONTROL NMOC,ABADAN,30.375305555555556,48.22061111111111
vor_dme,2203,ABD,EUROCONTROL NMOC,MALANG / ABDUL RACHMAN SALEH,-7.932763888888889,112.71311111111112
dme,79,AD,EUROCONTROL NMOC,SANDANE/ANDA,61.82944697,6.1116465
dme,329,AD,EUROCONTROL NMOC,ABIDJAN / FELIX HOUPHOUET-BOIGNY,5.282816666666666,-3.9169777777777774
vor_dme,104,AD,EUROCONTROL NMOC,ABIDJAN / FELIX HOUPHOUET-BOIGNY,5.282816666666666,-3.9169777777777774
vor_dme,1420,AD,EUROCONTROL NMOC,ADELAIDE,-34.94697222222222,138.5245277777778
dme,899,ADM,EUROCONTROL NMOC,AGADIR / AL MASSIRA,30.321916666666667,-9.383472222222222
vortac,4,ADM,EUROCONTROL NMOC,AGADIR / AL MASSIRA,30.321916666666667,-9.383472222222222
vortac,121,ADM,EUROCONTROL NMOC,ARDMORE,34.21158611111112,-97.16822805555556
dme,1446,ADN,EUROCONTROL NMOC,ABERDEEN,57.310449999999996,-2.267247222222222
vor_dme,511,ADN,EUROCONTROL NMOC,ABERDEEN,57.310449999999996,-2.267247222222222
vor_dme,798,ADN,EUROCONTROL NMOC,ROBERTO,25.86544166666667,-100.23879444444445
dme,888,AHR,EUROCONTROL NMOC,ARVAIKHEER,46.257777777777775,102.79055555555556
vor_dme,2299,AHR,EUROCONTROL NMOC,HERAT,34.206944444444446,62.23277777777778
tacan,120,AKT,EUROCONTROL NMOC,AKENO,34.528527777777775,136.67516666666666
vor_dme,2067,AKT,EUROCONTROL NMOC,PREVEZA,38.925913888888886,20.76217777777778
dme,1444,ALB,EUROCONTROL NMOC,ABU DHABI / AL BATEEN,24.438666666666666,54.44633333333333
vor_dme,1986,ALB,EUROCONTROL NMOC,ALBENGA,44.04817153,8.12761158
vor_dme,2214,ALB,EUROCONTROL NMOC,ABU DHABI / AL BATEEN,24.438666666666666,54.44633333333333
dme,372,ALD,EUROCONTROL NMOC,ALLGAEU,47.98869875,10.23123175
vortac,480,ALD,EUROCONTROL NMOC,AL UDAID,25.09276111111111,51.32586666666667
dme,789,ALI,EUROCONTROL NMOC,AL NAJAF,31.986083333333333,44.409055555555554
vor_dme,96,ALI,EUROCONTROL NMOC,ALICE,27.739799444444447,-98.02134277777778
vor_dme,918,ALI,EUROCONTROL NMOC,ALIGARH,27.829233333333335,78.17845277777778
vor_dme,2194,ALI,EUROCONTROL NMOC,AL NAJAF,31.986083333333333,44.409055555555554
tacan,26,AMB,EUROCONTROL NMOC,AMBERLEY,-27.641527777777778,152.7161111111111
vor_dme,1241,AMB,EUROCONTROL NMOC,SANTIAGO,-33.41972222222222,-70.78444444444445
dme,22,AMS,EUROCONTROL NMOC,AMSTERDAM,52.33263417,4.70570728
vor_dme,2191,AMS,EUROCONTROL NMOC,MAZAR E SHARIF,36.702111111111115,67.21125
dme,15,AN,EUROCONTROL NMOC,ANNABA,36.816111111111105,7.809166666666666
dme,80,AN,EUROCONTROL NMOC,ANDOYA,69.28357278,16.15927003
dme,1017,AND,EUROCONTROL NMOC,ANDAHUAYLAS,-13.714166666666666,-73.37777777777777
dme,1129,AND,EUROCONTROL NMOC,TEPLYY KLYUCH,62.79111111111111,136.8536111111111
vor_dme,66,AND,EUROCONTROL NMOC,ANDAHUAYLAS,-13.714166666666666,-73.37777777777777
vor_dme,348,AND,EUROCONTROL NMOC,ANDONG,30.256666666666668,121.22166666666666
vor_dme,519,AND,EUROCONTROL NMOC,ANDOYA,69.28782972,16.14137725
vor_dme,2737,AND,EUROCONTROL NMOC,TEPLYY KLYUCH,62.79111111111111,136.8536111111111
dme,948,ANU,EUROCONTROL NMOC,ANAMBRA,6.279722222222222,6.895138888888888
vor_dme,800,ANU,EUROCONTROL NMOC,V.C. BIRD,17.125880555555558,-61.80016666666666
vor_dme,2651,ANU,EUROCONTROL NMOC,ANAMBRA,6.279722222222222,6.895138888888888
dme,1484,ARD,EUROCONTROL NMOC,YARDLEY,40.2533425,-74.9076125
vor_dme,1559,ARD,EUROCONTROL NMOC,YARDLEY,40.2533425,-74.9076125
vor_dme,2100,ARD,EUROCONTROL NMOC,ARADAH,21.22769444444444,55.265027777777775
dme,42,ARG,EUROCONTROL NMOC,ARGYLE,-16.634638888888887,128.4475277777778
vortac,29,ARG,EUROCONTROL NMOC,ARGYLE,-16.631694444444445,128.44875
vortac,129,ARG,EUROCONTROL NMOC,WALNUT RIDGE,36.11002,-90.95369333333333
tacan,251,ARH,EUROCONTROL NMOC,FORT HUACHUCA,31.585581388888887,-110.33898416666666
vor_dme,110,ARH,EUROCONTROL NMOC,EL ARISH,31.073,33.83186111111112
dme,900,ARI,EUROCONTROL NMOC,NADOR / EL AROUI,34.98677777777778,-3.0292499999999998
vor_dme,111,ARI,EUROCONTROL NMOC,NADOR / EL AROUI,34.98677777777778,-3.0292499999999998
vor_dme,1242,ARI,EUROCONTROL NMOC,ARICA,-18.369444444444444,-70.34638888888888
dme,719,AS,EUROCONTROL NMOC,AASIAAT,68.7194194,-52.7927528
vor_dme,2,AS,EUROCONTROL NMOC,AGADEZ / MANO DAYAK,16.974944444444443,8.023222222222223
vor_dme,1423,AS,EUROCONTROL NMOC,ALICE SPRINGS,-23.79288888888889,133.87822222222223
dme,1132,AST,EUROCONTROL NMOC,ASTRAKHAN,46.281194444444445,48.009166666666665
vor_dme,114,AST,EUROCONTROL NMOC,ASYUT,27.031222222222222,31.032416666666666
vor_dme,2240,AST,EUROCONTROL NMOC,ASTRAKHAN,46.281194444444445,48.009166666666665
dme,82,AT,EUROCONTROL NMOC,ALTA,69.98107856,23.35241631
dme,1133,AT,EUROCONTROL NMOC,ARTEMOVSKIY,57.342222222222226,61.925
dme,83,ATA,AVINOR ORGANISATION FOR EAD,ALTA,69.97758172,23.37181536
vor,110,ATA,AVINOR ORGANISATION FOR EAD,ALTA,69.97748689,23.37173658
dme,1486,AVE,EUROCONTROL NMOC,AVENAL,35.64697555555556,-119.97860555555556
vortac,131,AVE,EUROCONTROL NMOC,AVENAL,35.64697555555556,-119.97860555555556
ils_dme,367,AVS,ENAIRE,,43.56236111111111,-6.024583333333333
ils_gp,481,AVS,ENAIRE,,43.56224425,-6.024631416666667
ils_loc,506,AVS,ENAIRE,,43.567083333333336,-6.049472222222222
tacan,219,AYT,DHMI TURKIYE,ANTALYA,36.90922222222222,30.78977777777778
vor_dme,926,AYT,DHMI TURKIYE,ANTALYA,36.92080555555555,30.794472222222225
ils_dme,60,BA,CIVIL AVIATION AUTHORITY ISRAEL,,32.01808333333333,34.88919444444444
ils_gp,79,BA,CIVIL AVIATION AUTHORITY ISRAEL,,32.01808333333333,34.88919444444444
ils_loc,80,BA,CIVIL AVIATION AUTHORITY ISRAEL,,32.011694444444444,34.85325
dme,84,BA,EUROCONTROL NMOC,BANAK,70.05975725,24.97892317
dme,1135,BA,EUROCONTROL NMOC,BAKCHAR,57.0075,82.06055555555555
ils_dme,156,BAL,BHANSA (ANSP),,44.95012222222223,17.29675277777778
ils_gp,209,BAL,BHANSA (ANSP),,44.95012222222223,17.29675277777778
ils_loc,213,BAL,BHANSA (ANSP),,44.92783055555555,17.301008333333336
dme,1704,BAL,EUROCONTROL NMOC,B.A EL LIBERTADOR,10.18325,-67.5485
vor_dme,1245,BAL,EUROCONTROL NMOC,BALMACEDA,-45.91305555555555,-71.7125
vor_dme,1825,BAL,EUROCONTROL NMOC,B.A EL LIBERTADOR,10.18325,-67.5485
dme,763,BAM,EUROCONTROL NMOC,BAM,29.077472222222223,58.458333333333336
vor_dme,1801,BAM,EUROCONTROL NMOC,BARMEN,51.32775862,7.17698415
vor_dme,2011,BAM,EUROCONTROL NMOC,BAM,29.077472222222223,58.458333333333336
dme,1339,BAN,EUROCONTROL NMOC,BARAHONA,41.323484472222226,-2.6298926944444445
vor_dme,3,BAN,EUROCONTROL NMOC,SIDI BEN AOUN,34.863305555555556,9.16775
vor_dme,2378,BAN,EUROCONTROL NMOC,BARNAUL/MIKHAYLOVKA,53.373,83.57880555555555
dme,466,BAR,EUROCONTROL NMOC,BARI,41.14426289,16.77657586
dme,889,BAR,EUROCONTROL NMOC,BARUUN-URT,46.669999999999995,113.28583333333333
tacan,36,BAR,EUROCONTROL NMOC,BARDUFOSS,69.04569264,18.58639639
vor_dme,1247,BAR,EUROCONTROL NMOC,SAN CARLOS DE BARILOCHE,-41.140277777777776,-71.18902777777778
tacan,220,BAT,DHMI TURKIYE,BATMAN,37.91536111111111,41.10552777777778
vor_dme,929,BAT,DHMI TURKIYE,BATMAN,37.93797222222222,41.11961111111111
dme,741,BBI,EUROCONTROL NMOC,BELLARY,15.165339722222223,76.88018583333333
vor_dme,931,BBI,EUROCONTROL NMOC,BELLARY,15.165368611111111,76.88011138888888
vor_dme,2282,BBI,EUROCONTROL NMOC,BERLIN-BRANDENBURG,52.34201408,13.45404739
dme,742,BBS,EUROCONTROL NMOC,BHUBANESWAR,20.24422777777778,85.81301111111111
vor_dme,116,BBS,EUROCONTROL NMOC,BENI ABBES,30.023777777777777,-2.230638888888889
vor_dme,935,BBS,EUROCONTROL NMOC,BHUBANESWAR,20.24422777777778,85.81301111111111
ils_dme,61,BC,CIVIL AVIATION AUTHORITY ISRAEL,,32.01241666666667,34.86419444444444
ils_gp,80,BC,CIVIL AVIATION AUTHORITY ISRAEL,,32.01241666666667,34.86419444444444
ils_loc,81,BC,CIVIL AVIATION AUTHORITY ISRAEL,,32.01905555555555,34.901444444444444
ils_dme,233,BCA,ENAIRE,,41.305499999999995,2.0997500000000002
ils_gp,289,BCA,ENAIRE,,41.305499999999995,2.0997500000000002
ils_loc,300,BCA,ENAIRE,,41.29219444444444,2.0641944444444444
ils_dme,68,BD,CIVIL AVIATION AUTHORITY ISRAEL,,32.00233333333333,34.89208333333333
ils_gp,89,BD,CIVIL AVIATION AUTHORITY ISRAEL,,32.00233333333333,34.89208333333333
ils_loc,91,BD,CIVIL AVIATION AUTHORITY ISRAEL,,32.01566111111111,34.86400277777778
dme,85,BD,EUROCONTROL NMOC,BODO,67.27245725,14.39135006
vor_dme,117,BD,EUROCONTROL NMOC,BOBO-DIOULASSO,11.14503611111111,-4.3508555555555555
dme,949,BDA,EUROCONTROL NMOC,BIDA,9.102138888888888,6.017527777777778
vor_dme,1564,BDA,EUROCONTROL NMOC,BERMUDA,32.36438611111111,-64.68957222222222
vor_dme,2028,BDA,EUROCONTROL NMOC,BIDA,9.102138888888888,6.017527777777778
dme,1273,BDB,EUROCONTROL NMOC,BIR DARB,24.330833333333334,41.824444444444445
vor_dme,936,BDB,EUROCONTROL NMOC,BIR DARB,24.330833333333334,41.824444444444445
vor_dme,2438,BDB,EUROCONTROL NMOC,BODAYBO,57.87388888888889,114.23222222222222
vortac,14,BDF,EUROCONTROL NMOC,BARDUFOSS,69.06487719,18.46626831
vortac,137,BDF,EUROCONTROL NMOC,BRADFORD,41.159731388888886,-89.58787305555555
dme,743,BDR,EUROCONTROL NMOC,BIDAR,17.904999999999998,77.48222222222222
vor_dme,2127,BDR,EUROCONTROL NMOC,BAHIR DAR,11.606416666666666,37.31721666666667
vor_dme,2600,BDR,EUROCONTROL NMOC,BIDAR,17.904999999999998,77.48222222222222
dme,923,BEL,EUROCONTROL NMOC,BELLA,55.7912361,12.0957611
dme,1448,BEL,EUROCONTROL NMOC,BELFAST,54.661144444444446,-6.229905555555556
vor_dme,530,BEL,EUROCONTROL NMOC,BELFAST,54.661144444444446,-6.229905555555556
vor_dme,1249,BEL,EUROCONTROL NMOC,BELEM,-1.3843611111111112,-48.47855555555556
dme,1449,BEN,EUROCONTROL NMOC,BENBECULA,57.47793611111111,-7.3652999999999995
vor_dme,531,BEN,EUROCONTROL NMOC,BENBECULA,57.47793611111111,-7.3652999999999995
vor_dme,2027,BEN,EUROCONTROL NMOC,BENIN,6.2836388888888886,5.557944444444444
dme,1414,BET,EUROCONTROL NMOC,BETONG,5.785466666666666,101.14406944444445
vortac,33,BET,EUROCONTROL NMOC,BETHEL,60.78483694444444,-161.82432972222222
vortac,508,BET,EUROCONTROL NMOC,BETONG,5.785466666666666,101.14406944444445
dme,88,BF,EUROCONTROL NMOC,BARDUFOSS,69.0522435,18.56174297
vor_dme,118,BF,EUROCONTROL NMOC,BAFOUSSAM,5.534927777777778,10.354277777777778
ils_dme,59,BG,CIVIL AVIATION AUTHORITY ISRAEL,,32.011808333333335,34.868991666666666
ils_gp,78,BG,CIVIL AVIATION AUTHORITY ISRAEL,,32.011808333333335,34.868991666666666
ils_loc,79,BG,CIVIL AVIATION AUTHORITY ISRAEL,,31.998572222222222,34.896877777777775
dme,89,BG,EUROCONTROL NMOC,BERGEN/FLESLAND,60.28553489,5.21922789
dme,1137,BG,EUROCONTROL NMOC,BOGORODSKOYE,52.37888888888889,140.44583333333333
dme,1138,BG,EUROCONTROL NMOC,BELAYA GORA,68.55361111111111,146.22722222222222
dme,790,BGD,EUROCONTROL NMOC,BAGHDAD,33.29211111111111,44.22544444444445
vor_dme,1958,BGD,EUROCONTROL NMOC,BAGHDAD,33.29211111111111,44.22544444444445
vor_dme,2509,BGD,EUROCONTROL NMOC,BAGDOGRA,26.688333333333333,88.3261111111111
dme,901,BGR,EUROCONTROL NMOC,BENGUERIR,32.157777777777774,-7.880833333333334
vortac,141,BGR,EUROCONTROL NMOC,BANGOR,44.841795000000005,-68.87396527777777
vortac,493,BGR,EUROCONTROL NMOC,BENGUERIR,32.157777777777774,-7.880833333333334
dme,191,BGS,EUROCONTROL NMOC,BARRA DO GARCAS,-15.85600761111111,-52.38941616666666
vor_dme,2629,BGS,EUROCONTROL NMOC,NIZHNEKAMSK/BEGISHEVO,55.562749999999994,52.08430555555556
ils_dme,168,BHS,BHANSA (ANSP),,43.82942222222223,18.3218
ils_gp,223,BHS,BHANSA (ANSP),,43.82942222222223,18.3218
ils_loc,227,BHS,BHANSA (ANSP),,43.81845277777778,18.34782222222222
dme,962,BIA,EUROCONTROL NMOC,LEGNICA,51.29310522,15.92206697
vor_dme,2125,BIA,EUROCONTROL NMOC,BENGALURU,13.209141666666666,77.69468611111111
dme,950,BIK,EUROCONTROL NMOC,BIRNIN KEBBI,12.490916666666665,4.3901111111111115
vor_dme,1429,BIK,EUROCONTROL NMOC,BIAK/FRANS KAISIEPO,-1.1824722222222224,136.0861388888889
vor_dme,2380,BIK,EUROCONTROL NMOC,BIRNIN KEBBI,12.490916666666665,4.3901111111111115
dme,348,BIL,EUROCONTROL NMOC,BILLUND,55.7413167,9.1391194
vortac,144,BIL,EUROCONTROL NMOC,BILLINGS,45.80855916666666,-108.6246475
dme,729,BIS,EUROCONTROL NMOC,BISSAU,11.92063611111111,-15.644841666666666
vor_dme,6,BIS,EUROCONTROL NMOC,BISKRA,34.77608611111111,5.763730555555555
vor_dme,2391,BIS,EUROCONTROL NMOC,BISSAU,11.92063611111111,-15.644841666666666
dme,1028,BJ,EUROCONTROL NMOC,BEJA,38.0916056,-7.9326778
dme,1139,BJ,EUROCONTROL NMOC,BELY,55.85416666666667,32.93888888888888
vor_dme,119,BJ,EUROCONTROL NMOC,BANJUL,13.338133333333333,-16.6555
dme,259,BJA,EUROCONTROL NMOC,BUJUMBURA,-3.3463392222222224,29.32202625
vor_dme,120,BJA,EUROCONTROL NMOC,BUJUMBURA,-3.3463392222222224,29.32202625
vor_dme,2246,BJA,EUROCONTROL NMOC,BEJAIA,36.71456944444445,5.080397222222222
dme,1450,BKY,EUROCONTROL NMOC,BARKWAY,51.98976944444445,0.061908333333333336
vor_dme,7,BKY,EUROCONTROL NMOC,BOUAKE,7.747288888888889,-5.074941666666667
vor_dme,2664,BKY,EUROCONTROL NMOC,BARKWAY,51.98976944444445,0.061908333333333336
dme,91,BL,EUROCONTROL NMOC,BRINGELAND,61.39052425,5.76018803
dme,1140,BL,EUROCONTROL NMOC,KHOROSHENKOYE,53.54555555555555,50.58527777777778
vor_dme,2522,BL,EUROCONTROL NMOC,BELGOROD,50.63688888888889,36.60852777777778
ils_dme,248,BLE,ENAIRE,,41.28247222222222,2.0781666666666667
ils_gp,307,BLE,ENAIRE,,41.28247222222222,2.0781666666666667
ils_loc,318,BLE,ENAIRE,,41.292944444444444,2.1054166666666667
ils_dme,232,BLT,ENAIRE,,41.290388888888884,2.0849722222222224
ils_gp,288,BLT,ENAIRE,,41.290388888888884,2.0849722222222224
ils_loc,299,BLT,ENAIRE,,41.31111111111111,2.0955000000000004
dme,461,BLT,EUROCONTROL NMOC,BALTIM,31.528888888888886,31.1225
vor_dme,122,BLT,EUROCONTROL NMOC,GBADOLITE,4.259682083333334,20.99762711111111
vor_dme,123,BLT,EUROCONTROL NMOC,BALTIM,31.528888888888886,31.1225
ils_dme,234,BLW,ENAIRE,,41.29013888888889,2.100611111111111
ils_gp,290,BLW,ENAIRE,,41.29013888888889,2.100611111111111
ils_loc,301,BLW,ENAIRE,,41.28158333333333,2.0722222222222224
ils_dme,58,BN,CIVIL AVIATION AUTHORITY ISRAEL,,32.016327777777775,34.89760277777778
ils_gp,77,BN,CIVIL AVIATION AUTHORITY ISRAEL,,32.016327777777775,34.89760277777778
ils_loc,78,BN,CIVIL AVIATION AUTHORITY ISRAEL,,31.994019444444444,34.88466388888889
dme,846,BNA,EUROCONTROL NMOC,BENINA,32.12444444444444,20.253611111111113
dme,1705,BNA,EUROCONTROL NMOC,BARCELONA,10.112444444444444,-64.69038888888889
vor_dme,124,BNA,EUROCONTROL NMOC,BENINA,32.12444444444444,20.253611111111113
vor_dme,541,BNA,EUROCONTROL NMOC,BANAK,70.17626383,24.94840217
vor_dme,1826,BNA,EUROCONTROL NMOC,BARCELONA,10.112444444444444,-64.69038888888889
dme,375,BND,EUROCONTROL NMOC,BREMEN,53.044049,8.78213928
dme,764,BND,EUROCONTROL NMOC,BANDAR ABBASS,27.197055555555554,56.36675
tacan,102,BND,EUROCONTROL NMOC,BANDAR ABBASS,27.21697222222222,56.381083333333336
vor_dme,1432,BND,EUROCONTROL NMOC,BANDUNG/HUSEIN SASTRANEGARA,-6.882083333333334,107.51233333333333
vor_dme,2021,BND,EUROCONTROL NMOC,BANDAR ABBASS,27.197055555555554,56.36675
vor_dme,40,BNE,SERVICE DE LINFORMATION AERONAUTIQUE,BOULOGNE,50.62478888888889,1.9071
vor_dme,806,BNE,SERVICE DE LINFORMATION AERONAUTIQUE,,13.73336111111111,-60.97705555555556
dme,1451,BNN,EUROCONTROL NMOC,BOVINGDON,51.72616388888889,-0.54975
vor_dme,542,BNN,EUROCONTROL NMOC,BOVINGDON,51.72616388888889,-0.54975
vor_dme,543,BNN,EUROCONTROL NMOC,BRONNOY,65.45707583,12.21429122
vor_dme,2061,BNN,EUROCONTROL NMOC,XISHUANGBANNA,21.979999999999997,100.755
dme,1706,BNS,EUROCONTROL NMOC,BARINAS,8.61675,-70.22052777777778
vor_dme,1252,BNS,EUROCONTROL NMOC,BARINAS,8.61675,-70.22052777777778
vor_dme,2055,BNS,EUROCONTROL NMOC,BENSLIMANE,33.64180555555556,-7.208
dme,2,BO,EUROCONTROL NMOC,BRNO/TURANY DME 27,49.1486806,16.7076139
dme,94,BO,EUROCONTROL NMOC,BODO,67.26635506,14.3413305
ils_dme,125,BPL,HUNGAROCONTROL,,47.44407755555555,19.262272805555554
ils_gp,170,BPL,HUNGAROCONTROL,,47.44410411111111,19.262308583333333
ils_loc,174,BPL,HUNGAROCONTROL,,47.42080405555555,19.297324361111112
dme,753,BPN,EUROCONTROL NMOC,BALIKPAPAN/SULTAN AJI MUHAMMAD SULAIMAN SEPINGGAN,-1.2457500000000001,116.94030555555555
dme,1274,BPN,EUROCONTROL NMOC,BOPAN,27.05388888888889,45.445277777777775
vor_dme,943,BPN,EUROCONTROL NMOC,BOPAN,27.05388888888889,45.445277777777775
vor_dme,1433,BPN,EUROCONTROL NMOC,BALIKPAPAN/SULTAN AJI MUHAMMAD SULAIMAN SEPINGGAN,-1.2457500000000001,116.94030555555555
vor_dme,2088,BPN,EUROCONTROL NMOC,BARAPANI,25.707375,91.97850555555556
ils_dme,286,BPR,HUNGAROCONTROL,,47.42381944444444,19.289858333333335
ils_gp,351,BPR,HUNGAROCONTROL,,47.423786111111106,19.289794444444446
ils_loc,362,BPR,HUNGAROCONTROL,,47.44757499999999,19.254083333333334
dme,330,BRC,EUROCONTROL NMOC,BRAC,43.28248055555555,16.622452777777777
vor_dme,2619,BRC,EUROCONTROL NMOC,BERNICE,24.012722222222223,35.442722222222216
tacan,223,BRI,DHMI TURKIYE,BALIKESIR/MERKEZ,39.617777777777775,27.92777777777778
vor_dme,2115,BRI,DHMI TURKIYE,BALIKESIR/MERKEZ,39.631750000000004,27.92875
dme,1498,BRL,EUROCONTROL NMOC,BURLINGTON,40.72345583333333,-90.92588972222222
vor_dme,1840,BRL,EUROCONTROL NMOC,BURLINGTON,40.72345583333333,-90.92588972222222
vor_dme,2694,BRL,EUROCONTROL NMOC,BAREILLY,28.416944444444447,79.45694444444445
dme,45,BRM,EUROCONTROL NMOC,BROOME,-17.946805555555557,122.23477777777778
dme,1707,BRM,EUROCONTROL NMOC,BARQUISIMETO,10.042527777777778,-69.35197222222222
vor_dme,1102,BRM,EUROCONTROL NMOC,BURI RAM,15.239555555555555,103.25877777777778
vor_dme,1254,BRM,EUROCONTROL NMOC,BARQUISIMETO,10.042527777777778,-69.35197222222222
dme,765,BRN,EUROCONTROL NMOC,BIRJAND,32.89761111111111,59.280944444444444
vor_dme,126,BRN,EUROCONTROL NMOC,SIDI BARRANI,31.575555555555557,26.005555555555556
vor_dme,2374,BRN,EUROCONTROL NMOC,BIRJAND,32.89761111111111,59.280944444444444
dme,930,BRT,EUROCONTROL NMOC,BIRATNAGAR,26.482777777777777,87.24944444444445
dme,1141,BRT,EUROCONTROL NMOC,BRATSK,56.372083333333336,101.68580555555556
vor_dme,361,BRT,EUROCONTROL NMOC,BRATSK,56.372083333333336,101.68580555555556
vor_dme,945,BRT,EUROCONTROL NMOC,BIRATNAGAR,26.482777777777777,87.24944444444445
vor_dme,2154,BRT,EUROCONTROL NMOC,BREST,52.10936111111111,23.887694444444445
ils_dme,95,BSI,AIR TRAFFIC AND NAVIGATION SERVICES COMPANY LIMITED (ATNS),,-33.03570277777778,27.815469444444446
ils_gp,135,BSI,AIR TRAFFIC AND NAVIGATION SERVICES COMPANY LIMITED (ATNS),,-33.03570277777778,27.815469444444446
ils_loc,138,BSI,AIR TRAFFIC AND NAVIGATION SERVICES COMPANY LIMITED (ATNS),,-33.034391666666664,27.835641666666664
dme,791,BSR,EUROCONTROL NMOC,BASRAH,30.52563888888889,47.68669444444444
vortac,19,BSR,EUROCONTROL NMOC,BASRAH,30.52563888888889,47.68669444444444
vortac,151,BSR,EUROCONTROL NMOC,BIG SUR,36.18129555555555,-121.64211222222222
dme,96,BT,EUROCONTROL NMOC,BATSFJORD,70.60136692,29.69894117
dme,1142,BT,EUROCONTROL NMOC,BUTURLINO,55.56916666666667,44.87361111111111
dme,1143,BT,EUROCONTROL NMOC,ALATYR,54.82,46.5825
vor,1,BT,EUROCONTROL NMOC,BERBERATI,4.229352777777778,15.783841666666667
dme,1144,BTG,EUROCONTROL NMOC,BATAGAY,67.64583333333334,134.6963888888889
vortac,152,BTG,EUROCONTROL NMOC,BATTLE GROUND,45.74781111111111,-122.59153666666666
vortac,515,BTG,EUROCONTROL NMOC,BATAGAY,67.64583333333334,134.6963888888889
ils_dme,111,BTJ,SERBIA AND MONTENEGRO AIR TRAFFIC SERVICES SMATSA LLC,,44.945055555555555,20.240000000000002
ils_gp,156,BTJ,SERBIA AND MONTENEGRO AIR TRAFFIC SERVICES SMATSA LLC,,44.945055555555555,20.240000000000002
ils_loc,160,BTJ,SERBIA AND MONTENEGRO AIR TRAFFIC SERVICES SMATSA LLC,,44.93205555555555,20.268527777777777
dme,730,BTO,EUROCONTROL NMOC,BONITO,15.736692249999999,-86.86416980555555
dme,754,BTO,EUROCONTROL NMOC,TANGERANG/BUDIARTO,-6.292277777777778,106.56572222222222
vor_dme,364,BTO,EUROCONTROL NMOC,POTOU,38.105000000000004,116.57666666666667
vor_dme,807,BTO,EUROCONTROL NMOC,BONITO,15.736692249999999,-86.86416980555555
vor_dme,1436,BTO,EUROCONTROL NMOC,TANGERANG/BUDIARTO,-6.292277777777778,106.56572222222222
dme,326,BUN,EUROCONTROL NMOC,BUNIA,1.5666666666666667,30.223333333333333
vor_dme,8,BUN,EUROCONTROL NMOC,BUNIA,1.5666666666666667,30.223333333333333
vor_dme,70,BUN,EUROCONTROL NMOC,BUENAVENTURA,3.8252777777777776,-76.99527777777777
vor_dme,9,BUT,EUROCONTROL NMOC,BUTA-ZEGA,2.818333333333333,24.810000000000002
vor_dme,1103,BUT,EUROCONTROL NMOC,U-TAPAO,12.666672222222221,101.000475
tacan,103,BUZ,EUROCONTROL NMOC,BUSHEHR,28.95536111111111,50.82080555555556
vor_dme,1814,BUZ,EUROCONTROL NMOC,BUSHEHR,28.951305555555553,50.82597222222223
dme,810,BW,EUROCONTROL NMOC,CESKE BUDEJOVICE DME 27,48.9453,14.4369944
dme,1145,BW,EUROCONTROL NMOC,BALAKOVO,51.894444444444446,47.79083333333333
dme,1146,BW,EUROCONTROL NMOC,VUKTYL,63.827222222222225,57.28583333333333
dme,1147,BW,EUROCONTROL NMOC,BERINGOVSKIY,63.03805555555555,179.3038888888889
ils_dme,143,CA,SERVICE DE LINFORMATION AERONAUTIQUE,,4.81405,-52.37139166666667
ils_gp,196,CA,SERVICE DE LINFORMATION AERONAUTIQUE,,4.81405,-52.37139166666667
ils_loc,200,CA,SERVICE DE LINFORMATION AERONAUTIQUE,,4.827238888888889,-52.345536111111116
dme,1269,CAI,EUROCONTROL NMOC,CANOUAN,12.696227777777779,-61.339241666666666
vor_dme,129,CAI,EUROCONTROL NMOC,CAIRO,30.151999999999997,31.42388888888889
dme,192,CAL,EUROCONTROL NMOC,CALDAS NOVAS,-17.724999999999998,-48.61333333333334
vor_dme,2029,CAL,EUROCONTROL NMOC,CALABAR,4.921861111111111,8.320055555555555
tacan,7,CAM,EUROCONTROL NMOC,CAMERI,45.57022222,8.657525
vor_dme,1580,CAM,EUROCONTROL NMOC,CAMBRIDGE,42.99428888888889,-73.34401888888888
dme,305,CAR,EUROCONTROL NMOC,CONCEPCION,-36.75555555555555,-73.05305555555556
dme,468,CAR,EUROCONTROL NMOC,CARBONARA,39.11137361,9.50816611
vor_dme,1257,CAR,EUROCONTROL NMOC,CONCEPCION,-36.75555555555555,-73.05305555555556
vor_dme,1437,CAR,EUROCONTROL NMOC,CARNARVON,-24.88202777777778,113.67288888888889
dme,463,CAT,EUROCONTROL NMOC,EL SALVADOR,13.432147444444444,-89.08051347222222
vor_dme,809,CAT,EUROCONTROL NMOC,EL SALVADOR,13.432147444444444,-89.08051347222222
vor_dme,1258,CAT,EUROCONTROL NMOC,CATAMARCA,-28.58352777777778,-65.74686111111112
dme,188,CBA,EUROCONTROL NMOC,COCHABAMBA,-17.421333333333333,-66.17894444444445
dme,902,CBA,EUROCONTROL NMOC,CASABLANCA / MOHAMED V,33.52149722222222,-7.677186111111111
vor_dme,1259,CBA,EUROCONTROL NMOC,CORDOBA / ING. A. TARABELLA,-31.313222222222223,-64.20369444444445
vor_dme,1260,CBA,EUROCONTROL NMOC,COCHABAMBA,-17.421333333333333,-66.17894444444445
tacan,104,CBH,EUROCONTROL NMOC,CHAH BAHAR,25.44538888888889,60.421305555555556
vor_dme,2288,CBH,EUROCONTROL NMOC,CHAH BAHAR,25.444972222222223,60.41436111111111
dme,1708,CBL,EUROCONTROL NMOC,CIUDAD BOLIVAR,8.121277777777777,-63.53288888888889
vor_dme,1262,CBL,EUROCONTROL NMOC,CIUDAD BOLIVAR,8.121277777777777,-63.53288888888889
vor_dme,2636,CBL,EUROCONTROL NMOC,CASABLANCA / MOHAMMED V,33.42050555555555,-7.6060333333333325
dme,871,CEN,EUROCONTROL NMOC,OBREGON,27.394758333333332,-109.83728333333333
vor_dme,812,CEN,EUROCONTROL NMOC,OBREGON,27.394758333333332,-109.83728333333333
vor_dme,1991,CEN,EUROCONTROL NMOC,CENCUN,23.151666666666664,113.41666666666667
dme,884,CF,EUROCONTROL NMOC,CASLAV DME 31,49.9326694,15.3895278
vor_dme,10,CF,EUROCONTROL NMOC,MAKOUA,-0.0215,15.579163888888889
dme,308,CGO,EUROCONTROL NMOC,XINZHENG,34.51833333333333,113.84333333333333
vor_dme,366,CGO,EUROCONTROL NMOC,XINZHENG,34.51833333333333,113.84333333333333
vor_dme,1263,CGO,EUROCONTROL NMOC,CONGONHAS,-23.627472222222224,-46.65463888888889
dme,309,CGT,EUROCONTROL NMOC,CHONGGU,31.21,121.19333333333334
vortac,166,CGT,EUROCONTROL NMOC,CHICAGO HEIGHTS,41.51000666666667,-87.5715461111111
vortac,489,CGT,EUROCONTROL NMOC,CHONGGU,31.21,121.19333333333334
dme,1508,CHE,EUROCONTROL NMOC,HAYDEN,40.52008166666666,-107.3049011111111
vor_dme,1105,CHE,EUROCONTROL NMOC,CHITOSE,42.69990277777777,141.68616666666668
vor_dme,1584,CHE,EUROCONTROL NMOC,HAYDEN,40.52008166666666,-107.3049011111111
dme,744,CHG,EUROCONTROL NMOC,CHANDIGARH,30.68221388888889,76.76673888888888
vor_dme,367,CHG,EUROCONTROL NMOC,CHAOYANG,41.53666666666666,120.43333333333334
vor_dme,2087,CHG,EUROCONTROL NMOC,CHANDIGARH,30.68221388888889,76.76673888888888
dme,310,CHI,EUROCONTROL NMOC,CHANGHAI,39.266666666666666,122.61666666666666
dme,469,CHI,EUROCONTROL NMOC,CHIOGGIA,45.07108028,12.28127972
dme,745,CHI,EUROCONTROL NMOC,CHILLARKI,28.347524999999997,76.66631944444445
vor_dme,953,CHI,EUROCONTROL NMOC,CHILLARKI,28.347524999999997,76.66631944444445
vor_dme,1265,CHI,EUROCONTROL NMOC,CHILLAN,-36.58638888888889,-72.03277777777778
vor_dme,2153,CHI,EUROCONTROL NMOC,CHANGHAI,39.266666666666666,122.61666666666666
dme,746,CIA,EUROCONTROL NMOC,COCHIN,10.150500000000001,76.37258333333332
vor_dme,954,CIA,EUROCONTROL NMOC,COCHIN,10.150500000000001,76.37258333333332
vor_dme,1267,CIA,EUROCONTROL NMOC,CUIABA,-15.656083333333333,-56.112027777777776
dme,351,CIM,EUROCONTROL NMOC,SOENDERBORG,54.9581639,9.7986194
vortac,168,CIM,EUROCONTROL NMOC,CIMARRON,36.491396944444446,-104.87199972222221
tacan,248,CIV,SKEYES,CHIEVRES,50.57234444444445,3.8217749999999997
vor,209,CIV,SKEYES,CHIEVRES,50.573975000000004,3.8328777777777776
dme,872,CJS,EUROCONTROL NMOC,JUAREZ,31.636155555555554,-106.42684722222222
vor_dme,813,CJS,EUROCONTROL NMOC,JUAREZ,31.636155555555554,-106.42684722222222
vor_dme,1273,CJS,EUROCONTROL NMOC,CARAJAS,-6.119722222222221,-50.00194444444445
dme,755,CKG,EUROCONTROL NMOC,JAKARTA / SOEKARNO-HATTA,-6.187888888888889,106.52994444444444
vor_dme,1443,CKG,EUROCONTROL NMOC,JAKARTA / SOEKARNO-HATTA,-6.187888888888889,106.52994444444444
vor_dme,2323,CKG,EUROCONTROL NMOC,JIANGBEI,29.746666666666666,106.65333333333334
dme,1717,CLA,EUROCONTROL NMOC,CHU LAI,15.420083333333332,108.69111111111111
vor_dme,1269,CLA,EUROCONTROL NMOC,CHICLAYO,-6.717138888888889,-79.81913888888889
vor_dme,2334,CLA,EUROCONTROL NMOC,CHU LAI,15.420083333333332,108.69111111111111
dme,1709,CMA,EUROCONTROL NMOC,CANAIMA,6.25025,-62.85755555555556
vor_dme,1108,CMA,EUROCONTROL NMOC,CHIANG MAI,18.76613888888889,98.96122222222222
vor_dme,1271,CMA,EUROCONTROL NMOC,CANAIMA,6.25025,-62.85755555555556
dme,963,CMP,EUROCONTROL NMOC,CZEMPIN,52.13329583,16.71903944
dme,1415,CMP,EUROCONTROL NMOC,CHUM PHAE,16.635277777777777,101.9888888888889
vor_dme,563,CMP,EUROCONTROL NMOC,CAMPAGNANO,42.12384528,12.38153944
vor_dme,1109,CMP,EUROCONTROL NMOC,CHUM PHAE,16.635277777777777,101.9888888888889
vor_dme,2405,CMP,EUROCONTROL NMOC,CZEMPIN,52.13329611,16.71926722
dme,98,CN,EUROCONTROL NMOC,KRISTIANSAND/KJEVIK,58.19867711,8.08013869
dme,1295,CN,EUROCONTROL NMOC,PIESTANY,48.61862953,17.82784
tacan,226,CNK,DHMI TURKIYE,CANAKKALE,40.14102777777778,26.43336111111111
vor_dme,956,CNK,DHMI TURKIYE,CANAKKALE,40.13447222222222,26.426555555555556
dme,873,COL,EUROCONTROL NMOC,COLIMA,19.275127777777776,-103.57900555555555
vor_dme,815,COL,EUROCONTROL NMOC,COLIMA,19.275127777777776,-103.57900555555555
vor_dme,1803,COL,EUROCONTROL NMOC,COLA,50.78352861,7.5941761
dme,46,COM,EUROCONTROL NMOC,COOMA,-36.354305555555555,148.95769444444443
vor_dme,2790,COM,EUROCONTROL NMOC,COMISO,36.98508778,14.594625
dme,197,CPN,EUROCONTROL NMOC,CAMPINAS,-23.00872222222222,-47.12905555555555
vor_dme,1111,CPN,EUROCONTROL NMOC,CHUM PHON,10.711169444444444,99.36556388888889
tacan,227,CRD,DHMI TURKIYE,CARDAK,37.7785,29.691916666666668
vor_dme,957,CRD,DHMI TURKIYE,CARDAK,37.78997222222222,29.704027777777778
dme,874,CSL,EUROCONTROL NMOC,LUCAS,22.94693611111111,-109.93188888888889
vor_dme,569,CSL,EUROCONTROL NMOC,CASELLE,45.21973453,7.64956658
vor_dme,2331,CSL,EUROCONTROL NMOC,LUCAS,22.94693611111111,-109.93188888888889
dme,1718,CSN,EUROCONTROL NMOC,CON SON,8.729416666666667,106.6348888888889
vortac,179,CSN,EUROCONTROL NMOC,CASANOVA,38.64120222222222,-77.86549944444444
vortac,513,CSN,EUROCONTROL NMOC,CON SON,8.729416666666667,106.6348888888889
dme,1514,CTB,EUROCONTROL NMOC,CUT BANK,48.564948611111106,-112.34325444444444
vor_dme,1278,CTB,EUROCONTROL NMOC,CURITIBA,-25.532027777777778,-49.16766666666666
vor_dme,1847,CTB,EUROCONTROL NMOC,CUT BANK,48.564948611111106,-112.34325444444444
dme,319,CTG,EUROCONTROL NMOC,CARTAGENA,10.208333333333332,-75.50611111111111
vor_dme,960,CTG,EUROCONTROL NMOC,CHATTOGRAM,22.25775,91.8275
vor_dme,1279,CTG,EUROCONTROL NMOC,CARTAGENA,10.208333333333332,-75.50611111111111
ils_dme,80,CTI,AIR TRAFFIC AND NAVIGATION SERVICES COMPANY LIMITED (ATNS),,-33.98433333333333,18.6095
ils_gp,103,CTI,AIR TRAFFIC AND NAVIGATION SERVICES COMPANY LIMITED (ATNS),,-33.98433333333333,18.6095
ils_loc,105,CTI,AIR TRAFFIC AND NAVIGATION SERVICES COMPANY LIMITED (ATNS),,-33.956694444444445,18.599055555555555
dme,472,CTN,EUROCONTROL NMOC,CATANIA/FONTANAROSSA,37.464555,15.05837647
vor_dme,1280,CTN,EUROCONTROL NMOC,EL CANTON,7.516666666666667,-71.44591666666668
dme,1515,CTR,EUROCONTROL NMOC,CHESTER,42.29131861111111,-72.94939416666666
vor_dme,1112,CTR,EUROCONTROL NMOC,CHIANG RAI,19.94886111111111,99.88313888888888
vor_dme,1598,CTR,EUROCONTROL NMOC,CHESTER,42.29131861111111,-72.94939416666666
dme,1069,CUN,EUROCONTROL NMOC,YECHEON,36.63194444444444,128.32527777777779
vor_dme,822,CUN,EUROCONTROL NMOC,CANCUN,21.025108333333332,-86.85871666666667
vor_dme,1113,CUN,EUROCONTROL NMOC,YECHEON,36.63194444444444,128.32527777777779
dme,551,CVA,EUROCONTROL NMOC,CORVATSCH,46.41811251,9.82158821
vortac,181,CVA,EUROCONTROL NMOC,DAVENPORT,41.70854833333333,-90.48331361111111
dme,199,CVO,EUROCONTROL NMOC,CURVELO,-18.747777777777777,-44.45472222222222
vor_dme,131,CVO,EUROCONTROL NMOC,CAIRO,30.092305555555555,31.388416666666668
tacan,267,CVS,EUROCONTROL NMOC,CANNON,34.380586111111114,-103.32242416666666
vor_dme,132,CVS,EUROCONTROL NMOC,SAL/AMILCAR CABRAL,16.736675,-22.951019444444444
dme,964,CZA,EUROCONTROL NMOC,CZAPLINEK,53.50764961,16.30103772
vor_dme,825,CZA,EUROCONTROL NMOC,KAUA,20.643058333333332,-88.44823055555555
tacan,228,DAL,DHMI TURKIYE,DALAMAN,36.712833333333336,28.788972222222224
vor_dme,962,DAL,DHMI TURKIYE,DALAMAN,36.68969444444444,28.782138888888888
dme,891,DAR,EUROCONTROL NMOC,DARKHAN,49.49277777777778,105.9925
dme,965,DAR,EUROCONTROL NMOC,DARLOWO,54.41020556,16.38808333
dme,1029,DAR,EUROCONTROL NMOC,AROUCA,40.93319606,-8.22529042
tacan,27,DAR,EUROCONTROL NMOC,DARWIN,-12.413083333333333,130.88344444444445
vor_dme,370,DAR,EUROCONTROL NMOC,DARLOWO,54.41020556,16.38808333
vor_dme,964,DAR,EUROCONTROL NMOC,DARBAND,31.783166666666666,56.99455555555556
dme,1521,DBL,EUROCONTROL NMOC,RED TABLE,39.439345277777775,-106.89468027777778
vor_dme,376,DBL,EUROCONTROL NMOC,DALIAN,38.961666666666666,121.57
vor_dme,1605,DBL,EUROCONTROL NMOC,RED TABLE,39.439345277777775,-106.89468027777778
dme,1719,DBN,EUROCONTROL NMOC,DIEN BIEN,21.3735,103.00788888888889
vortac,188,DBN,EUROCONTROL NMOC,DUBLIN,32.56346027777777,-82.83004472222221
vortac,514,DBN,EUROCONTROL NMOC,DIEN BIEN,21.3735,103.00788888888889
ils_dme,69,DCN,HUNGAROCONTROL,,47.48405555555556,21.60516666666667
ils_gp,90,DCN,HUNGAROCONTROL,,47.484052194444445,21.6051715
ils_loc,92,DCN,HUNGAROCONTROL,,47.49818586111111,21.63044688888889
dme,1453,DET,EUROCONTROL NMOC,DETLING,51.304002777777775,0.597275
vor,117,DET,EUROCONTROL NMOC,DETLING,51.304002777777775,0.597275
dme,875,DGO,EUROCONTROL NMOC,DURANGO,24.138005555555555,-104.51641666666667
vor_dme,828,DGO,EUROCONTROL NMOC,DURANGO,24.138005555555555,-104.51641666666667
vor_dme,2133,DGO,EUROCONTROL NMOC,SANTO DOMINGO,-33.657222222222224,-71.61444444444444
dme,819,DGP,EUROCONTROL NMOC,DAUGAVPILS,55.9472222,26.6755556
vor_dme,373,DGP,EUROCONTROL NMOC,DAUGAVPILS,55.9472222,26.6755556
vor_dme,2410,DGP,EUROCONTROL NMOC,DURGAPUR,23.638225,87.23538333333333
dme,766,DHN,EUROCONTROL NMOC,DEHNAMAK,35.25416666666667,52.72
vor_dme,374,DHN,EUROCONTROL NMOC,DAHUSHAN,41.644999999999996,122.115
vor_dme,966,DHN,EUROCONTROL NMOC,DEHNAMAK,35.25416666666667,52.72
dme,1030,DHT,EUROCONTROL NMOC,MONTE DA GUIA,38.52003133,-28.62947847
vortac,194,DHT,EUROCONTROL NMOC,DALHART,36.091456666666666,-102.54464166666666
dme,966,DIA,EUROCONTROL NMOC,DZIALYN,53.07938331,21.17565925
vor_dme,969,DIA,EUROCONTROL NMOC,DOHA/DOHA INTL,25.23395277777778,51.57704444444445
dme,1419,DIL,EUROCONTROL NMOC,DILI,-8.543938888888889,125.52773333333333
vor_dme,1287,DIL,EUROCONTROL NMOC,TANDIL,-37.225100000000005,-59.229508333333335
vor_dme,1446,DIL,EUROCONTROL NMOC,DILI,-8.543938888888889,125.52773333333333
dme,380,DMN,EUROCONTROL NMOC,MUENCHEN,48.36687917,11.79401189
dme,747,DMN,EUROCONTROL NMOC,DAMAN,20.44236666666667,72.85443055555555
vortac,199,DMN,EUROCONTROL NMOC,DEMING,32.275551388888886,-107.60550138888888
vortac,504,DMN,EUROCONTROL NMOC,DAMAN,20.44236666666667,72.85443055555555
dme,1032,DMR,EUROCONTROL NMOC,MARAO,41.24813417,-7.88649
vor_dme,967,DMR,EUROCONTROL NMOC,DIMAPUR,25.880916666666668,93.782025
dme,201,DMT,EUROCONTROL NMOC,DIAMANTINA,-18.231666666666666,-43.64833333333333
dme,1033,DMT,EUROCONTROL NMOC,MONTARGIL,39.0772278,-8.1875833
tacan,272,DOB,EUROCONTROL NMOC,DOBBINS,33.914652777777775,-84.50731111111111
vor_dme,2756,DOB,EUROCONTROL NMOC,DOB,-32.83191666666667,-68.79086111111111
dme,1720,DOH,EUROCONTROL NMOC,DONG HOI,17.516222222222222,106.59330555555555
vor_dme,2140,DOH,EUROCONTROL NMOC,DONG HOI,17.516222222222222,106.59330555555555
vor_dme,2767,DOH,EUROCONTROL NMOC,DOHA/HAMAD INTL,25.249905555555557,51.60966666666667
dme,1036,DPR,EUROCONTROL NMOC,PEREIRO,37.44700056,-7.59022358
dme,1526,DPR,EUROCONTROL NMOC,DUPREE,45.07817527777778,-101.71507138888889
dme,1038,DSC,EUROCONTROL NMOC,SANTA CRUZ - FLORES,39.457877,-31.127577
vor_dme,2542,DSC,EUROCONTROL NMOC,YARKANT,38.22166666666667,77.07166666666666
dme,1430,DSH,EUROCONTROL NMOC,DASHOGUZ,41.759966666666664,59.79523611111111
vor_dme,377,DSH,EUROCONTROL NMOC,DANGSHAN,30.148333333333333,120.50166666666667
vor_dme,2519,DSH,EUROCONTROL NMOC,DASHOGUZ,41.759966666666664,59.79523611111111
dme,180,DSK,EUROCONTROL NMOC,DASHKI,54.24583333333334,27.480444444444444
vor_dme,2716,DSK,EUROCONTROL NMOC,DARA SAKOR,10.916027777777778,103.23063888888889
dme,1527,DUT,EUROCONTROL NMOC,DUTCH HARBOR,53.90514611111111,-166.54786777777778
vor_dme,2415,DUT,EUROCONTROL NMOC,DUTSE,11.806916666666668,9.320777777777778
tacan,105,DZF,EUROCONTROL NMOC,DEZFUL,32.41630555555555,48.416916666666665
vor_dme,2266,DZF,EUROCONTROL NMOC,DEZFUL,32.428416666666664,48.407805555555555
dme,384,EFD,EUROCONTROL NMOC,ERFURT,50.98261186,10.95771878
tacan,279,EFD,EUROCONTROL NMOC,ELLINGTON,29.605958333333334,-95.15965222222223
dme,1055,EKN,EUROCONTROL NMOC,STOCKHOLM/SKAVSTA,58.79061111,16.92452778
vortac,213,EKN,EUROCONTROL NMOC,ELKINS,38.91443583333333,-80.0992725
dme,320,ELB,EUROCONTROL NMOC,EL BANCO,9.045277777777777,-73.96722222222222
vortac,24,ELB,EUROCONTROL NMOC,EL BANCO,9.045277777777777,-73.96722222222222
dme,1536,ELD,EUROCONTROL NMOC,EL DORADO,33.25615388888889,-92.74394777777778
vor_dme,1851,ELD,EUROCONTROL NMOC,EL DORADO,33.25615388888889,-92.74394777777778
vor_dme,2199,ELD,EUROCONTROL NMOC,ELDORET,0.4066555555555556,35.23106111111111
ils_dme,92,ELI,AIR TRAFFIC AND NAVIGATION SERVICES COMPANY LIMITED (ATNS),,-33.03751666666666,27.809358333333336
ils_gp,128,ELI,AIR TRAFFIC AND NAVIGATION SERVICES COMPANY LIMITED (ATNS),,-33.03405,27.829330555555554
ils_loc,131,ELI,AIR TRAFFIC AND NAVIGATION SERVICES COMPANY LIMITED (ATNS),,-33.03751666666666,27.809358333333336
dme,1537,ELO,FAA LOADER (EAD SP),ELY,47.82189972222223,-91.83014027777777
vor,188,ELO,FAA LOADER (EAD SP),ELY,47.82189972222223,-91.83014027777777
tacan,231,ERH,DHMI TURKIYE,ERHAC,38.44163888888889,38.08616666666667
vor_dme,1815,ERH,DHMI TURKIYE,MALATYA,38.46252777777778,38.11213888888889
tacan,232,ERZ,DHMI TURKIYE,ERZURUM,39.95880555555556,41.15311111111111
vor_dme,974,ERZ,DHMI TURKIYE,ERZURUM,39.95666666666667,41.20713888888889
tacan,29,ESL,EUROCONTROL NMOC,EAST SALE,-38.10216666666667,147.15444444444444
vor_dme,1621,ESL,EUROCONTROL NMOC,KESSEL,39.22549277777778,-78.9895
dme,1040,ESP,EUROCONTROL NMOC,ESPICHEL,38.42413289,-9.18565406
vor_dme,1449,ESP,EUROCONTROL NMOC,ESPERANCE,-33.68058333333333,121.82377777777778
vor_dme,1805,ESP,EUROCONTROL NMOC,ESPICHEL,38.42413289,-9.18565406
ils_dme,126,FER,HUNGAROCONTROL,,47.447744916666664,19.224989166666663
ils_gp,171,FER,HUNGAROCONTROL,,47.44771147222222,19.22496058333333
ils_loc,175,FER,HUNGAROCONTROL,,47.42813925,19.254020305555557
dme,1545,FFM,EUROCONTROL NMOC,FERGUS FALLS,46.28935194444444,-96.15681111111111
vortac,30,FFM,EUROCONTROL NMOC,FERGUS FALLS,46.28935194444444,-96.15681111111111
vortac,47,FFM,EUROCONTROL NMOC,FRANKFURT,50.05374106,8.637093
ils_dme,127,FHL,HUNGAROCONTROL,,47.43197222222222,19.245305555555557
ils_gp,172,FHL,HUNGAROCONTROL,,47.43194444444444,19.24527777777778
ils_loc,176,FHL,HUNGAROCONTROL,,47.45063888888889,19.21761111111111
dme,1546,FLG,EUROCONTROL NMOC,FLAGSTAFF,35.14719777777778,-111.67416277777778
vor_dme,381,FLG,EUROCONTROL NMOC,FULING,29.7,107.37833333333333
vor_dme,1631,FLG,EUROCONTROL NMOC,FLAGSTAFF,35.14719777777778,-111.67416277777778
dme,105,FLO,AVINOR ORGANISATION FOR EAD,FLORO,61.58156172,5.02018217
vor,120,FLO,AVINOR ORGANISATION FOR EAD,FLORO,61.58165342,5.02025953
dme,1548,FLW,EUROCONTROL NMOC,FELLOWS,35.09308444444445,-119.8655786111111
vor,221,FLW,EUROCONTROL NMOC,FELLOWS,35.09308444444445,-119.8655786111111
dme,53,FMD,AUSTRO CONTROL GMBH,FISCHAMEND,48.1051125,16.62926397
vor,122,FMD,AUSTRO CONTROL GMBH,FISCHAMEND,48.1051125,16.62926397
dme,1043,FRS,EUROCONTROL NMOC,FLORES,39.45358644,-31.21043397
vor_dme,592,FRS,EUROCONTROL NMOC,FLORES,39.45358911,-31.21041756
dme,202,FSA,EUROCONTROL NMOC,FORMOSA,-15.555694444444445,-47.34677777777778
vor_dme,1301,FSA,EUROCONTROL NMOC,FORMOSA,-26.210272222222223,-58.22468888888889
vor_dme,2489,FSA,EUROCONTROL NMOC,FORMOSA,-15.555694444444445,-47.34677777777778
dme,311,FYU,EUROCONTROL NMOC,FUYU,44.91166666666666,124.80333333333333
vortac,40,FYU,EUROCONTROL NMOC,FORT YUKON,66.57425388888889,-145.27665722222224
vortac,471,FYU,EUROCONTROL NMOC,FUYU,44.91166666666666,124.80333333333333
ils_dme,159,GAA,ENAIRE,,36.666333333333334,-4.489055555555556
ils_gp,213,GAA,ENAIRE,,36.666333333333334,-4.489055555555556
ils_loc,217,GAA,ENAIRE,,36.68588888888888,-4.5145
dme,1552,GAD,EUROCONTROL NMOC,GADSDEN,33.97640305555556,-86.08355694444444
vor_dme,153,GAD,EUROCONTROL NMOC,GHADAMES,30.16361111111111,9.741388888888888
vor_dme,1638,GAD,EUROCONTROL NMOC,GADSDEN,33.97640305555556,-86.08355694444444
dme,868,GAO,EUROCONTROL NMOC,GAO/KOROGOUSSOU,16.24568888888889,0.004486111111111111
vor_dme,2012,GAO,EUROCONTROL NMOC,NANCHONG,30.81,106.18833333333333
vor_dme,2652,GAO,EUROCONTROL NMOC,GAO/KOROGOUSSOU,16.24568888888889,0.004486111111111111
tacan,246,GBR,EUROCONTROL NMOC,GIBRALTAR,36.143,-5.3426
vor_dme,2516,GBR,EUROCONTROL NMOC,SAO GABRIEL DA CACHOEIRA,-0.15027777777777776,-66.99055555555556
ils_dme,89,GEI,AIR TRAFFIC AND NAVIGATION SERVICES COMPANY LIMITED (ATNS),,-34.006858333333334,22.370897222222222
ils_gp,122,GEI,AIR TRAFFIC AND NAVIGATION SERVICES COMPANY LIMITED (ATNS),,-34.00689444444444,22.36968611111111
ils_loc,124,GEI,AIR TRAFFIC AND NAVIGATION SERVICES COMPANY LIMITED (ATNS),,-34.005125,22.391405555555554
dme,1557,GFK,EUROCONTROL NMOC,GRAND FORKS,47.95483333333333,-97.18537055555556
vor_dme,1642,GFK,EUROCONTROL NMOC,GRAND FORKS,47.95483333333333,-97.18537055555556
vor_dme,2639,GFK,EUROCONTROL NMOC,LIANYUNGANG,34.391666666666666,119.165
ils_dme,88,GGI,AIR TRAFFIC AND NAVIGATION SERVICES COMPANY LIMITED (ATNS),,-34.004127777777775,22.38561111111111
ils_gp,121,GGI,AIR TRAFFIC AND NAVIGATION SERVICES COMPANY LIMITED (ATNS),,-34.00416666666667,22.384566666666665
ils_loc,123,GGI,AIR TRAFFIC AND NAVIGATION SERVICES COMPANY LIMITED (ATNS),,-34.006122222222224,22.359794444444447
dme,181,GLB,EUROCONTROL NMOC,HLYBOKAJE,55.15083333333333,27.66916666666667
vor_dme,2389,GLB,EUROCONTROL NMOC,LIBO,25.455,107.96333333333334
dme,108,GME,EUROCONTROL NMOC,OSLO/GARDERMOEN,60.19814336,11.12295397
vor_dme,2208,GME,EUROCONTROL NMOC,GOMBE,10.280222222222223,10.875250000000001
ils_dme,218,GMM,ENAIRE,,36.68186111111111,-4.510916666666667
ils_gp,271,GMM,ENAIRE,,36.68186111111111,-4.510916666666667
ils_loc,282,GMM,ENAIRE,,36.663805555555555,-4.483583333333334
dme,1711,GNA,EUROCONTROL NMOC,GUAYANA,8.293277777777778,-62.753
vor_dme,1827,GNA,EUROCONTROL NMOC,GUAYANA,8.293277777777778,-62.753
vor_dme,2436,GNA,EUROCONTROL NMOC,ELGENIENA,13.473441666666666,22.53536111111111
dme,205,GNV,EUROCONTROL NMOC,GOIANIA,-16.641083333333334,-49.21125
dme,1155,GNV,EUROCONTROL NMOC,GELENDZHIK,44.57255555555556,38.012166666666666
vortac,260,GNV,EUROCONTROL NMOC,GATORS,29.69211472222222,-82.2729725
vortac,491,GNV,EUROCONTROL NMOC,GELENDZHIK,44.57255555555556,38.012166666666666
vortac,496,GNV,EUROCONTROL NMOC,GOIANIA,-16.641083333333334,-49.21125
tacan,126,GOT,EUROCONTROL NMOC,DAIGO,36.74485277777778,140.34956111111111
vor_dme,601,GOT,EUROCONTROL NMOC,GOTEM,51.34311667,11.59752778
ils_dme,148,GPR,HUNGAROCONTROL,,47.624394027777775,17.81219561111111
ils_gp,201,GPR,HUNGAROCONTROL,,47.624394027777775,17.81219561111111
ils_loc,205,GPR,HUNGAROCONTROL,,47.63402216666667,17.79021863888889
tacan,14,GRA,EUROCONTROL NMOC,GRAZZANISE,41.06001667,14.08871667
vor_dme,73,GRA,EUROCONTROL NMOC,RIO GRANDE,-53.77525,-67.74583333333334
ils_dme,146,GRD,ENAIRE,,37.18975,-3.7900555555555555
ils_gp,199,GRD,ENAIRE,,37.18975,-3.7900555555555555
ils_loc,203,GRD,ENAIRE,,37.18886111111111,-3.7581944444444444
dme,206,GRD,EUROCONTROL NMOC,CAMPO GRANDE,-20.48352777777778,-54.68877777777777
vor_dme,1264,GRD,EUROCONTROL NMOC,CAMPO GRANDE,-20.48352777777778,-54.68877777777777
vor_dme,2197,GRD,EUROCONTROL NMOC,HRODNA,53.60763888888889,24.055944444444446
dme,28,GRO,EUROCONTROL NMOC,GRONINGEN/EELDE,53.12227778,6.5875
tacan,15,GRO,EUROCONTROL NMOC,GROSSETO,42.76032778,11.07739444
vor,261,GRO,EUROCONTROL NMOC,GROSSETO,42.76088889,11.07730556
dme,476,GRS,EUROCONTROL NMOC,GROSSETO,42.75313889,11.06251389
vor,6,GRS,EUROCONTROL NMOC,GHRISS,35.20937222222223,0.1489138888888889
dme,55,GRZ,AUSTRO CONTROL GMBH,GRAZ,46.95542544,15.44941403
vor,126,GRZ,AUSTRO CONTROL GMBH,GRAZ,46.95531239,15.44944472
dme,812,GV,EUROCONTROL NMOC,NGONG HILLS,-1.3965916666666667,36.63794166666666
dme,1156,GV,EUROCONTROL NMOC,SURGUT,61.346361111111115,73.41644444444445
vor_dme,15,GV,EUROCONTROL NMOC,NGONG HILLS,-1.3965916666666667,36.63794166666666
vor_dme,1453,GV,EUROCONTROL NMOC,GOVE,-12.265027777777778,136.81641666666667
vor_dme,2598,GV,EUROCONTROL NMOC,SURGUT,61.346361111111115,73.41644444444445
dme,112,HA,EUROCONTROL NMOC,HAMMERFEST,70.67728628,23.65349522
dme,560,HA,EUROCONTROL NMOC,HALLI,61.85557778,24.80551667
vor_dme,2710,HA,EUROCONTROL NMOC,KOMSOMOLSK-NA-AMURE/KHURBA,50.45761111111111,136.92325
dme,1157,HAB,EUROCONTROL NMOC,KHABAROVSK,48.54508333333333,135.2103611111111
vortac,477,HAB,EUROCONTROL NMOC,KHABAROVSK,48.54508333333333,135.2103611111111
vortac,479,HAB,EUROCONTROL NMOC,HAMADAN / NOGEH,35.20944444444445,48.65861111111111
dme,955,HAI,EUROCONTROL NMOC,HAIMA,19.970363888888887,56.28078333333333
vor_dme,160,HAI,EUROCONTROL NMOC,MORONI P.S.I,-11.515008333333334,43.276691666666665
vor_dme,984,HAI,EUROCONTROL NMOC,HAIMA,19.970363888888887,56.28078333333333
dme,767,HAM,EUROCONTROL NMOC,HAMADAN,34.86688888888889,48.55027777777777
vor_dme,985,HAM,EUROCONTROL NMOC,HAMADAN,34.86688888888889,48.55027777777777
vor_dme,1806,HAM,EUROCONTROL NMOC,HAMBURG,53.68557534,10.20499711
vor_dme,2478,HAM,EUROCONTROL NMOC,TAOJIAGONG,42.843333333333334,93.66833333333334
dme,1572,HCH,EUROCONTROL NMOC,HINCH MOUNTAIN,35.781013055555555,-84.97845222222223
vor_dme,1862,HCH,EUROCONTROL NMOC,HINCH MOUNTAIN,35.781013055555555,-84.97845222222223
vor_dme,1954,HCH,EUROCONTROL NMOC,HUANGCHENG,37.655,120.545
vor_dme,1821,HCN,EUROCONTROL NMOC,HENGCHUN,21.92777777777778,120.84358333333333
vor_dme,2539,HCN,EUROCONTROL NMOC,CAP-HAITIEN,19.715138888888887,-72.210025
dme,561,HEL,EUROCONTROL NMOC,HELSINKI,60.33781667,24.95373056
vor,128,HEL,EUROCONTROL NMOC,HELSINKI,60.33781667,24.95373056
dme,1574,HIA,EUROCONTROL NMOC,WHITEHALL,45.8617875,-112.16960861111112
vor_dme,1864,HIA,EUROCONTROL NMOC,WHITEHALL,45.8617875,-112.16960861111112
vor_dme,2126,HIA,EUROCONTROL NMOC,HYDERABAD,17.22964888888889,78.40575055555556
dme,564,HL,EUROCONTROL NMOC,HELSINKI-VANTAA,60.32833611,24.96892222
dme,734,HL,EUROCONTROL NMOC,VESTMANNAEYJAR,63.420138888888886,-20.272166666666667
dme,312,HLC,EUROCONTROL NMOC,HUILONG,30.301666666666666,103.695
vortac,274,HLC,EUROCONTROL NMOC,HILL CITY,39.25874666666667,-100.22585027777778
vortac,505,HLC,EUROCONTROL NMOC,HUILONG,30.301666666666666,103.695
dme,799,HME,EUROCONTROL NMOC,HANEDA,35.56231666666666,139.76115
vor_dme,162,HME,EUROCONTROL NMOC,HASSI MESSAOUD,31.691027777777776,6.141911111111112
vor_dme,1127,HME,EUROCONTROL NMOC,HANEDA,35.56231666666666,139.76115
tacan,297,HMN,EUROCONTROL NMOC,HOLLOMAN,32.86210388888889,-106.10912166666667
vor_dme,508,HMN,EUROCONTROL NMOC,KHANTY-MANSIYSK,61.033,69.12705555555554
dme,117,HN,EUROCONTROL NMOC,ORSTA-VOLDA/HOVDEN,62.16330831,6.02301961
vor_dme,1457,HN,EUROCONTROL NMOC,HONIARA,-9.435133333333333,160.03727777777777
dme,1408,HND,EUROCONTROL NMOC,KHUJAND,40.21402777777778,69.7015
vor_dme,2670,HND,EUROCONTROL NMOC,HINDAN,28.705277777777777,77.36416666666666
dme,1579,HOT,EUROCONTROL NMOC,HOT SPRINGS,34.478595,-93.09061083333333
vor_dme,1653,HOT,EUROCONTROL NMOC,HOT SPRINGS,34.478595,-93.09061083333333
vor_dme,2358,HOT,EUROCONTROL NMOC,XILINHOT,43.915,115.96666666666667
dme,768,HSA,EUROCONTROL NMOC,ESFAHAN/HESA,32.93258333333333,51.560111111111105
vortac,64,HSA,EUROCONTROL NMOC,AL AHSA,25.279138888888887,49.484027777777776
ils_gp,144,HSI,AIR TRAFFIC AND NAVIGATION SERVICES COMPANY LIMITED (ATNS),,-24.343408333333333,31.049033333333334
ils_loc,147,HSI,AIR TRAFFIC AND NAVIGATION SERVICES COMPANY LIMITED (ATNS),,-24.376466666666666,31.058061111111112
tacan,208,HTY,EUROCONTROL NMOC,HAT YAI,6.928055555555556,100.39555555555556
vor_dme,1129,HTY,EUROCONTROL NMOC,HAT YAI,6.934097222222222,100.38790833333334
ils_dme,256,IAA,AIRWAYS CORPORATION OF NEW ZEALAND LTD,,-37.016666666666666,174.7743888888889
ils_gp,316,IAA,AIRWAYS CORPORATION OF NEW ZEALAND LTD,,-37.016527777777775,174.77430555555557
ils_loc,327,IAA,AIRWAYS CORPORATION OF NEW ZEALAND LTD,,-37.00598333333333,174.80814444444445
ils_dme,112,IAA,KAZAERONAVIGATSIA RSE,,43.369638888888886,77.0671111111111
ils_gp,157,IAA,KAZAERONAVIGATSIA RSE,,43.369638888888886,77.0671111111111
ils_loc,161,IAA,KAZAERONAVIGATSIA RSE,,43.34377777777778,77.018
ils_gp,476,IAB,NAV CANADA,,43.17714405555555,-79.94409369444445
ils_loc,500,IAB,NAV CANADA,,43.17198369444444,-79.91510033333334
ils_dme,145,IABT,ENAIRE,,38.946999999999996,-1.875388888888889
ils_gp,198,IABT,ENAIRE,,38.946999999999996,-1.875388888888889
ils_loc,202,IABT,ENAIRE,,38.94908333333333,-1.843027777777778
ils_dme,393,IAC,AIRNAV IRELAND,,53.43408333333333,-6.262
ils_gp,512,IAC,AIRNAV IRELAND,,53.43408333333333,-6.262
ils_loc,537,IAC,AIRNAV IRELAND,,53.41825,-6.2484166666666665
ils_dme,85,IAD,ROMATSA - ROMANIAN AIR TRAFFIC SERVICES ADMINISTRATION,,46.177277777777775,21.268527777777777
ils_gp,116,IAD,ROMATSA - ROMANIAN AIR TRAFFIC SERVICES ADMINISTRATION,,46.17722222222222,21.268555555555555
ils_loc,118,IAD,ROMATSA - ROMANIAN AIR TRAFFIC SERVICES ADMINISTRATION,,46.17761111111111,21.2455
ils_dme,158,IAD,SKEYES,,51.18962777777777,4.469475
ils_gp,212,IAD,SKEYES,,51.189680555555555,4.469516666666666
ils_loc,216,IAD,SKEYES,,51.19268611111111,4.4511111111111115
ils_dme,178,IADA,DHMI TURKIYE,,36.97566666666667,35.27172222222222
ils_gp,236,IADA,DHMI TURKIYE,,36.97566666666667,35.27172222222222
ils_loc,240,IADA,DHMI TURKIYE,,36.99066666666667,35.294805555555556
ils_dme,387,IADY,DHMI TURKIYE,,37.724944444444446,38.461555555555556
ils_gp,505,IADY,DHMI TURKIYE,,37.724944444444446,38.461555555555556
ils_loc,530,IADY,DHMI TURKIYE,,37.739472222222226,38.48111111111111
ils_dme,144,IAE,ENAIRE,,38.94772222222222,-1.8510555555555557
ils_gp,197,IAE,ENAIRE,,38.94772222222222,-1.8510555555555557
ils_loc,201,IAE,ENAIRE,,38.94783333333333,-1.8837777777777778
ils_dme,203,IAGR,DHMI TURKIYE,,39.66905555555555,43.022555555555556
ils_gp,259,IAGR,DHMI TURKIYE,,39.66905555555555,43.022555555555556
ils_loc,266,IAGR,DHMI TURKIYE,,39.64333333333333,43.03025
ils_gp,30,IAK,CYPRUS DEPARTMENT OF CIVIL AVIATION,,34.588486111111116,32.999272222222224
ils_loc,30,IAK,CYPRUS DEPARTMENT OF CIVIL AVIATION,,34.59516388888889,32.97230833333334
ils_dme,115,IAK,KAZAERONAVIGATSIA RSE,,51.030833333333334,71.48175
ils_gp,160,IAK,KAZAERONAVIGATSIA RSE,,51.030833333333334,71.48175
ils_loc,164,IAK,KAZAERONAVIGATSIA RSE,,51.00522222222222,71.43916666666667
ils_dme,237,IAKR,DHMI TURKIYE,,40.120555555555555,32.98458333333333
ils_gp,293,IAKR,DHMI TURKIYE,,40.120555555555555,32.98458333333333
ils_loc,304,IAKR,DHMI TURKIYE,,40.14411111111111,33.00877777777778
dme,1280,IAL,EUROCONTROL NMOC,DME 10 SGA,47.4849937,9.55431321
ils_dme,175,IAL,EUROCONTROL NMOC,,65.64844444444445,-18.068055555555556
ils_gp,233,IAL,EUROCONTROL NMOC,,65.64844444444445,-18.068055555555556
ils_loc,237,IAL,EUROCONTROL NMOC,,65.66969444444445,-18.07125
ils_dme,173,IAL,KAZAERONAVIGATSIA RSE,,43.360680555555554,77.05998333333334
ils_gp,230,IAL,KAZAERONAVIGATSIA RSE,,43.360680555555554,77.05998333333334
ils_loc,234,IAL,KAZAERONAVIGATSIA RSE,,43.33855833333334,77.01204722222222
ils_dme,279,IALR,ENAIRE,,40.96019444444445,-5.498083333333334
ils_gp,343,IALR,ENAIRE,,40.96019444444445,-5.498083333333334
ils_loc,354,IALR,ENAIRE,,40.93980555555555,-5.510583333333333
ils_dme,195,IALY,DHMI TURKIYE,,36.88338888888889,30.80891666666667
ils_gp,252,IALY,DHMI TURKIYE,,36.88338888888889,30.80891666666667
ils_loc,257,IALY,DHMI TURKIYE,,36.914,30.811777777777777
ils_dme,135,IAM,ENAIRE,,36.84608333333333,-2.3565833333333335
ils_gp,184,IAM,ENAIRE,,36.84608333333333,-2.3565833333333335
ils_loc,188,IAM,ENAIRE,,36.83905555555556,-2.39
ils_gp,435,IAM,NAV CANADA,,46.484212722222225,-84.51802983333333
ils_loc,457,IAM,NAV CANADA,,46.47998002777778,-84.49382138888889
ils_dme,40,IAMN,JORDAN CIVIL AVIATION REGULATORY COMMISSION,,31.977036111111108,36.00488333333333
ils_gp,53,IAMN,JORDAN CIVIL AVIATION REGULATORY COMMISSION,,31.977036111111108,36.00488333333333
ils_loc,54,IAMN,JORDAN CIVIL AVIATION REGULATORY COMMISSION,,31.96483611111111,35.972559555555556
ils_dme,193,IANK,DHMI TURKIYE,,40.11669444444445,32.98413888888889
ils_gp,250,IANK,DHMI TURKIYE,,40.11669444444445,32.98413888888889
ils_loc,255,IANK,DHMI TURKIYE,,40.14355555555556,33.01130555555556
ils_gp,309,IAOG,ENAIRE,,36.64597222222222,-6.366444444444444
ils_loc,320,IAOG,ENAIRE,,36.64266666666666,-6.323444444444444
ils_dme,86,IAP,AIRWAYS CORPORATION OF NEW ZEALAND LTD,,-13.829244444444445,-172.01928611111111
ils_gp,117,IAP,AIRWAYS CORPORATION OF NEW ZEALAND LTD,,-13.829244444444445,-172.01928611111111
ils_loc,119,IAP,AIRWAYS CORPORATION OF NEW ZEALAND LTD,,-13.829825,-171.99046388888888
ils_gp,445,IAQ,NAV CANADA,,51.11597422222222,-114.01132913888888
ils_loc,467,IAQ,NAV CANADA,,51.128212,-114.04052797222222
ils_dme,399,IAQA,JORDAN CIVIL AVIATION REGULATORY COMMISSION,,29.60108888888889,35.01315833333334
ils_gp,519,IAQA,JORDAN CIVIL AVIATION REGULATORY COMMISSION,,29.60108888888889,35.01315833333334
ils_loc,545,IAQA,JORDAN CIVIL AVIATION REGULATORY COMMISSION,,29.62675,35.023358333333334
dme,735,IAR,EUROCONTROL NMOC,AKUREYRI RWY 19,65.6648888888889,-18.076166666666666
ils_dme,138,IAR,EUROCONTROL NMOC,,55.06472,14.74917
ils_gp,188,IAR,EUROCONTROL NMOC,,65.6648888888889,-18.076166666666666
ils_loc,192,IAR,EUROCONTROL NMOC,,65.64461111111112,-18.065055555555556
ils_dme,301,IART,DHMI TURKIYE,,41.177388888888885,40.83508333333334
ils_gp,366,IART,DHMI TURKIYE,,41.177388888888885,40.83508333333334
ils_loc,378,IART,DHMI TURKIYE,,41.184999999999995,40.86902777777778
ils_dme,149,IAT,ENAIRE,,38.28288888888889,-0.5711111111111111
ils_gp,202,IAT,ENAIRE,,38.28288888888889,-0.5711111111111111
ils_loc,206,IAT,ENAIRE,,38.279333333333334,-0.5377777777777778
ils_dme,129,IAT,KAZAERONAVIGATSIA RSE,,50.25352777777778,57.190555555555555
ils_gp,174,IAT,KAZAERONAVIGATSIA RSE,,50.25352777777778,57.190555555555555
ils_loc,178,IAT,KAZAERONAVIGATSIA RSE,,50.230361111111115,57.22997222222222
ils_dme,192,IATA,DHMI TURKIYE,,40.97547222222222,28.833916666666667
ils_gp,249,IATA,DHMI TURKIYE,,40.97547222222222,28.833916666666667
ils_loc,254,IATA,DHMI TURKIYE,,40.96497222222222,28.808500000000002
ils_dme,294,IATY,DHMI TURKIYE,,36.91283333333333,30.79313888888889
ils_gp,360,IATY,DHMI TURKIYE,,36.91283333333333,30.79313888888889
ils_loc,371,IATY,DHMI TURKIYE,,36.882194444444444,30.790194444444445
ils_dme,210,IAU,KAZAERONAVIGATSIA RSE,,43.867111111111114,51.07908333333334
ils_gp,265,IAU,KAZAERONAVIGATSIA RSE,,43.867111111111114,51.07908333333334
ils_loc,273,IAU,KAZAERONAVIGATSIA RSE,,43.848194444444445,51.116527777777776
ils_dme,252,IAY,KAZAERONAVIGATSIA RSE,,47.112722222222224,51.82616666666667
ils_gp,312,IAY,KAZAERONAVIGATSIA RSE,,47.112722222222224,51.82616666666667
ils_loc,323,IAY,KAZAERONAVIGATSIA RSE,,47.138888888888886,51.80580555555555
ils_dme,283,IAYT,DHMI TURKIYE,,36.888194444444444,30.789833333333334
ils_gp,347,IAYT,DHMI TURKIYE,,36.888194444444444,30.789833333333334
ils_loc,358,IAYT,DHMI TURKIYE,,36.91919444444444,30.795250000000003
ils_dme,65,IB,AIRNAV IRELAND,,53.30307222222222,-6.46495
ils_gp,85,IB,AIRNAV IRELAND,,53.30307222222222,-6.46495
ils_loc,87,IB,AIRNAV IRELAND,,53.300938888888886,-6.439186111111112
ils_dme,44,IBA,AZERBAIJAN STATE CIVIL AVIATION ADMINISTRATION,,40.46041666666667,50.06177777777778
ils_gp,59,IBA,AZERBAIJAN STATE CIVIL AVIATION ADMINISTRATION,,40.46041666666667,50.06177777777778
ils_loc,60,IBA,AZERBAIJAN STATE CIVIL AVIATION ADMINISTRATION,,40.49030555555556,50.06272222222222
ils_dme,200,IBAT,DHMI TURKIYE,,37.91919444444444,41.10933333333333
ils_gp,257,IBAT,DHMI TURKIYE,,37.91919444444444,41.10933333333333
ils_loc,263,IBAT,DHMI TURKIYE,,37.945388888888886,41.126555555555555
ils_gp,226,IBBE,SKEYES,,50.76358333333334,4.776638888888889
ils_loc,230,IBBE,SKEYES,,50.74655555555556,4.752861111111111
ils_gp,282,IBBL,SKEYES,,51.172916666666666,5.481166666666667
ils_loc,293,IBBL,SKEYES,,51.15902777777777,5.452083333333333
ils_gp,442,IBC,NAV CANADA,,49.13048802777778,-68.211758
ils_loc,464,IBC,NAV CANADA,,49.13446672222222,-68.18736097222222
ils_dme,1,IBC,ROMANIA CIVIL AVIATION AUTHORITY,,46.51343611111111,26.911808333333333
ils_gp,11,IBC,ROMANIA CIVIL AVIATION AUTHORITY,,46.51340277777778,26.9119
ils_loc,11,IBC,ROMANIA CIVIL AVIATION AUTHORITY,,46.53540833333333,26.904874999999997
ils_dme,383,IBCD,CIVIL AVIATION AUTHORITY OF THE PHILIPPINES,,10.770750000000001,123.01694444444445
ils_gp,501,IBCD,CIVIL AVIATION AUTHORITY OF THE PHILIPPINES,,10.770750000000001,123.01694444444445
ils_loc,526,IBCD,CIVIL AVIATION AUTHORITY OF THE PHILIPPINES,,10.79063888888889,123.02727777777778
ils_dme,64,IBDA,EUROCONTROL NMOC,,32.361272222222226,-64.666675
ils_gp,84,IBDA,EUROCONTROL NMOC,,32.36138888888889,-64.66668055555556
ils_loc,86,IBDA,EUROCONTROL NMOC,,32.366994444444444,-64.69586666666667
ils_dme,37,IBDM,DHMI TURKIYE,,40.30730555555555,27.97597222222222
ils_gp,50,IBDM,DHMI TURKIYE,,40.30730555555555,27.97597222222222
ils_loc,51,IBDM,DHMI TURKIYE,,40.336083333333335,27.97822222222222
ils_dme,310,IBDR,DHMI TURKIYE,,37.255472222222224,27.65272222222222
ils_gp,376,IBDR,DHMI TURKIYE,,37.255472222222224,27.65272222222222
ils_loc,388,IBDR,DHMI TURKIYE,,37.2465,27.684583333333332
ils_gp,225,IBEV,SKEYES,,50.75116666666667,4.760888888888889
ils_loc,229,IBEV,SKEYES,,50.76894444444444,4.78125
ils_gp,175,IBFS,SKEYES,,50.24422222222222,4.663277777777778
ils_loc,179,IBFS,SKEYES,,50.24080555555555,4.625194444444445
ils_dme,26,IBG,BULATSA-BULGARIAN AIR TRAFFIC SERVICES AUTHORITY,,42.57775,27.52736111111111
ils_gp,40,IBG,BULATSA-BULGARIAN AIR TRAFFIC SERVICES AUTHORITY,,42.57775,27.52736111111111
ils_loc,40,IBG,BULATSA-BULGARIAN AIR TRAFFIC SERVICES AUTHORITY,,42.557249999999996,27.498194444444444
ils_gp,183,IBG,NAV CANADA,,48.330646,-70.97973291666666
ils_loc,187,IBG,NAV CANADA,,48.33231861111111,-71.02155411111112
ils_dme,45,IBI,AZERBAIJAN STATE CIVIL AVIATION ADMINISTRATION,,40.487500000000004,50.029694444444445
ils_gp,60,IBI,AZERBAIJAN STATE CIVIL AVIATION ADMINISTRATION,,40.487500000000004,50.029694444444445
ils_loc,61,IBI,AZERBAIJAN STATE CIVIL AVIATION ADMINISTRATION,,40.451055555555556,50.04297222222222
ils_dme,209,IBI,ENAIRE,,38.867333333333335,1.3623611111111111
ils_gp,264,IBI,ENAIRE,,38.86725,1.3624166666666668
ils_loc,272,IBI,ENAIRE,,38.88011111111111,1.3906666666666667
ils_dme,308,IBI,SKEYES,,50.6443,5.448438888888889
ils_gp,374,IBI,SKEYES,,50.644402944444444,5.448520583333334
ils_loc,386,IBI,SKEYES,,50.62852777777778,5.425786111111111
ils_gp,104,IBI,UKRAINIAN STATE AIR TRAFFIC SERVICES ENTERPRISE,,50.35780555555556,30.904444444444444
ils_loc,106,IBI,UKRAINIAN STATE AIR TRAFFIC SERVICES ENTERPRISE,,50.31636111111111,30.903222222222222
ils_dme,206,IBIN,DHMI TURKIYE,,38.865027777777776,40.58647222222223
ils_gp,261,IBIN,DHMI TURKIYE,,38.865027777777776,40.58647222222223
ils_loc,269,IBIN,DHMI TURKIYE,,38.854222222222226,40.607194444444445
dme,208,IBK,EUROCONTROL NMOC,BRASILIA,-15.860888888888889,-47.901805555555555
dme,855,IBK,EUROCONTROL NMOC,VILNIUS,54.6414,25.292825
ils_dme,288,IBK,KYRGYZAERONAVIGATSIA (KYRGYZ REPUBLIC ANSP),,43.065413888888884,74.498775
ils_gp,354,IBK,KYRGYZAERONAVIGATSIA (KYRGYZ REPUBLIC ANSP),,43.06540833333333,74.498775
ils_loc,365,IBK,KYRGYZAERONAVIGATSIA (KYRGYZ REPUBLIC ANSP),,43.05738611111111,74.44749166666666
ils_dme,314,IBL,ENAIRE,,43.298027777777776,-2.905472222222222
ils_gp,380,IBL,ENAIRE,,43.298027777777776,-2.905472222222222
ils_loc,392,IBL,ENAIRE,,43.30761111111111,-2.9283888888888887
ils_dme,338,IBL,NAV CANADA,,49.955173611111114,-125.28030566666666
ils_gp,413,IBL,NAV CANADA,,49.95516172222222,-125.280354
ils_loc,435,IBL,NAV CANADA,,49.94422372222222,-125.26093947222222
ils_dme,174,IBL,SKEYES,,50.896994444444445,4.5196499999999995
ils_gp,232,IBL,SKEYES,,50.89695,4.5196499999999995
ils_loc,236,IBL,SKEYES,,50.88851944444444,4.478191666666667
ils_dme,304,IBM,ROMATSA - ROMANIAN AIR TRAFFIC SERVICES ADMINISTRATION,,47.65852777777778,23.453055555555554
ils_gp,369,IBM,ROMATSA - ROMANIAN AIR TRAFFIC SERVICES ADMINISTRATION,,47.65858333333333,23.453027777777777
ils_loc,381,IBM,ROMATSA - ROMANIAN AIR TRAFFIC SERVICES ADMINISTRATION,,47.656777777777776,23.479888888888887
ils_dme,255,IBM,SKEYES,,50.90830555555556,4.502111111111111
ils_gp,315,IBM,SKEYES,,50.90830555555556,4.502194444444444
ils_loc,326,IBM,SKEYES,,50.88502777777778,4.490636111111111
ils_dme,46,IBN,AZERBAIJAN STATE CIVIL AVIATION ADMINISTRATION,,40.45858333333334,50.038777777777774
ils_gp,61,IBN,AZERBAIJAN STATE CIVIL AVIATION ADMINISTRATION,,40.45858333333334,50.038777777777774
ils_loc,62,IBN,AZERBAIJAN STATE CIVIL AVIATION ADMINISTRATION,,40.495805555555556,50.028888888888886
ils_dme,22,IBN,ROMANIA CIVIL AVIATION AUTHORITY,,44.507416666666664,26.117333333333335
ils_gp,34,IBN,ROMANIA CIVIL AVIATION AUTHORITY,,44.50736111111111,26.11738888888889
ils_loc,34,IBN,ROMANIA CIVIL AVIATION AUTHORITY,,44.498694444444446,26.080416666666668
ils_dme,313,IBO,ENAIRE,,43.30430555555555,-2.9222777777777775
ils_gp,379,IBO,ENAIRE,,43.30416666666667,-2.9224166666666664
ils_loc,391,IBO,ENAIRE,,43.29541666666667,-2.895111111111111
ils_dme,384,IBOH,CIVIL AVIATION AUTHORITY OF THE PHILIPPINES,,9.581694444444445,123.77402777777777
ils_gp,502,IBOH,CIVIL AVIATION AUTHORITY OF THE PHILIPPINES,,9.581694444444445,123.77402777777777
ils_loc,527,IBOH,CIVIL AVIATION AUTHORITY OF THE PHILIPPINES,,9.55952777777778,123.76208333333334
ils_dme,397,IBP,NAV CANADA,,50.33083333333334,-105.56333333333333
ils_gp,516,IBP,NAV CANADA,,50.338055555555556,-105.56972222222223
ils_loc,542,IBP,NAV CANADA,,50.32527777777778,-105.53888888888889
ils_dme,302,IBR,NAV CANADA,,49.90868322222222,-99.96194833333334
ils_gp,367,IBR,NAV CANADA,,49.90868322222222,-99.96194833333334
ils_loc,379,IBR,NAV CANADA,,49.90748436111111,-99.93562966666667
ils_dme,2,IBR,SKEYES,,50.911386111111106,4.494727777777777
ils_gp,12,IBR,SKEYES,,50.911427777777774,4.4947
ils_loc,12,IBR,SKEYES,,50.896908333333336,4.448738888888889
ils_dme,176,IBRI,DHMI TURKIYE,,39.60863888888889,27.92402777777778
ils_gp,234,IBRI,DHMI TURKIYE,,39.60863888888889,27.92402777777778
ils_loc,238,IBRI,DHMI TURKIYE,,39.63594444444444,27.92677777777778
ils_dme,21,IBS,ROMANIA CIVIL AVIATION AUTHORITY,,44.50162777777778,26.088830555555553
ils_gp,33,IBS,ROMANIA CIVIL AVIATION AUTHORITY,,44.50156111111111,26.088827777777777
ils_loc,33,IBS,ROMANIA CIVIL AVIATION AUTHORITY,,44.507925,26.12507777777778
ils_dme,43,IBU,AZERBAIJAN STATE CIVIL AVIATION ADMINISTRATION,,40.48233333333334,50.06144444444444
ils_gp,58,IBU,AZERBAIJAN STATE CIVIL AVIATION ADMINISTRATION,,40.48233333333334,50.06144444444444
ils_loc,59,IBU,AZERBAIJAN STATE CIVIL AVIATION ADMINISTRATION,,40.45427777777778,50.06327777777778
ils_dme,247,IBV,ROMATSA - ROMANIAN AIR TRAFFIC SERVICES ADMINISTRATION,,45.71505555555556,25.53072222222222
ils_gp,306,IBV,ROMATSA - ROMANIAN AIR TRAFFIC SERVICES ADMINISTRATION,,45.715,25.530777777777775
ils_loc,317,IBV,ROMATSA - ROMANIAN AIR TRAFFIC SERVICES ADMINISTRATION,,45.69394444444444,25.51061111111111
ils_dme,370,IBW,NAV CANADA,,51.10111694444445,-114.38097833333333
ils_gp,486,IBW,NAV CANADA,,51.101087972222224,-114.38089427777777
ils_loc,511,IBW,NAV CANADA,,51.11463038888889,-114.37873380555556
ils_dme,320,IBX,NAV CANADA,,51.44917266666666,-57.18146755555556
ils_loc,400,IBX,NAV CANADA,,51.448856944444444,-57.180471749999995
ils_dme,29,IBX,SKEYES,,50.88999444444445,4.494416666666667
ils_gp,43,IBX,SKEYES,,50.88998055555555,4.4945055555555555
ils_loc,43,IBX,SKEYES,,50.91551944444444,4.503075
ils_dme,164,IBZ,ENAIRE,,38.876583333333336,1.3849444444444443
ils_gp,218,IBZ,ENAIRE,,38.87652777777778,1.385
ils_loc,222,IBZ,ENAIRE,,38.86563888888889,1.35575
ils_dme,260,ICA,CIVIL AVIATION AUTHORITY OF THE PHILIPPINES,,15.17675,120.56
ils_gp,321,ICA,CIVIL AVIATION AUTHORITY OF THE PHILIPPINES,,15.17675,120.56
ils_loc,332,ICA,CIVIL AVIATION AUTHORITY OF THE PHILIPPINES,,15.204027777777776,120.56958333333333
ils_dme,362,ICD,NAV CANADA,,49.060652,-123.86864691666666
ils_gp,472,ICD,NAV CANADA,,49.06070297222222,-123.86860727777777
ils_loc,496,ICD,NAV CANADA,,49.04379936111111,-123.87036366666666
ils_dme,72,ICH,AIRWAYS CORPORATION OF NEW ZEALAND LTD,,-43.494455555555554,172.52389444444447
ils_gp,93,ICH,AIRWAYS CORPORATION OF NEW ZEALAND LTD,,-43.49444166666667,172.5238666666667
ils_loc,95,ICH,AIRWAYS CORPORATION OF NEW ZEALAND LTD,,-43.47249166666667,172.5511527777778
ils_dme,38,ICIG,DHMI TURKIYE,,38.52361111111111,27.00738888888889
ils_gp,51,ICIG,DHMI TURKIYE,,38.52361111111111,27.00738888888889
ils_loc,52,ICIG,DHMI TURKIYE,,38.495583333333336,27.011777777777777
ils_dme,396,ICK,AIRNAV IRELAND,,53.9095,-8.817055555555555
ils_gp,514,ICK,AIRNAV IRELAND,,53.91075,-8.806611111111112
ils_loc,540,ICK,AIRNAV IRELAND,,53.907916666666665,-8.838611111111112
ils_dme,261,ICK,CIVIL AVIATION AUTHORITY OF THE PHILIPPINES,,15.198500000000001,120.56861111111111
ils_gp,322,ICK,CIVIL AVIATION AUTHORITY OF THE PHILIPPINES,,15.198500000000001,120.56861111111111
ils_loc,333,ICK,CIVIL AVIATION AUTHORITY OF THE PHILIPPINES,,15.17161111111111,120.55675
ils_dme,250,ICK,ROMATSA - ROMANIAN AIR TRAFFIC SERVICES ADMINISTRATION,,44.34916666666667,28.488444444444447
ils_gp,310,ICK,ROMATSA - ROMANIAN AIR TRAFFIC SERVICES ADMINISTRATION,,44.34913888888889,28.488444444444447
ils_loc,321,ICK,ROMATSA - ROMANIAN AIR TRAFFIC SERVICES ADMINISTRATION,,44.38163888888889,28.491122222222224
ils_dme,276,ICKR,DHMI TURKIYE,,36.88019444444444,35.064166666666665
ils_gp,340,ICKR,DHMI TURKIYE,,36.880250000000004,35.064166666666665
ils_loc,351,ICKR,DHMI TURKIYE,,36.907222222222224,35.08313888888889
ils_dme,277,ICKU,DHMI TURKIYE,,36.90208333333333,35.08072222222223
ils_gp,341,ICKU,DHMI TURKIYE,,36.90208333333333,35.08072222222223
ils_loc,352,ICKU,DHMI TURKIYE,,36.87652777777778,35.059777777777775
ils_dme,373,ICN,AIRNAV IRELAND,,51.83492777777778,-8.489258333333332
ils_gp,491,ICN,AIRNAV IRELAND,,51.83492777777778,-8.489258333333332
ils_loc,516,ICN,AIRNAV IRELAND,,51.85134166666667,-8.497069444444444
ils_dme,266,ICN,ENAIRE,,40.20966666666667,0.06236111111111112
ils_gp,330,ICN,ENAIRE,,40.20966666666667,-0.06236111111111112
ils_loc,341,ICN,ENAIRE,,40.222055555555556,0.08969444444444444
ils_gp,94,ICN,UKRAINIAN STATE AIR TRAFFIC SERVICES ENTERPRISE,,48.266083333333334,25.977083333333333
ils_loc,96,ICN,UKRAINIAN STATE AIR TRAFFIC SERVICES ENTERPRISE,,48.24761111111111,25.989083333333333
ils_dme,180,ICNG,DHMI TURKIYE,,40.734833333333334,30.097055555555553
ils_gp,238,ICNG,DHMI TURKIYE,,40.734833333333334,30.097055555555553
ils_loc,242,ICNG,DHMI TURKIYE,,40.73672222222223,30.063333333333333
ils_dme,264,ICNK,DHMI TURKIYE,,40.13013888888889,26.41688888888889
ils_gp,325,ICNK,DHMI TURKIYE,,40.13013888888889,26.41688888888889
ils_loc,336,ICNK,DHMI TURKIYE,,40.144416666666665,26.43475
ils_gp,69,ICR,UKRAINIAN STATE AIR TRAFFIC SERVICES ENTERPRISE,,48.25261111111111,25.98338888888889
ils_loc,70,ICR,UKRAINIAN STATE AIR TRAFFIC SERVICES ENTERPRISE,,48.273694444444445,25.96925
ils_dme,187,ICRD,DHMI TURKIYE,,37.78997222222222,29.713805555555556
ils_gp,245,ICRD,DHMI TURKIYE,,37.78997222222222,29.713805555555556
ils_loc,249,ICRD,DHMI TURKIYE,,37.776472222222225,29.68238888888889
ils_dme,280,ICRL,DHMI TURKIYE,,41.13055555555555,27.90922222222222
ils_gp,344,ICRL,DHMI TURKIYE,,41.13055555555555,27.90922222222222
ils_loc,355,ICRL,DHMI TURKIYE,,41.14952777777778,27.936138888888888
ils_dme,217,ICRM,DHMI TURKIYE,,41.26263888888889,36.55783333333333
ils_gp,270,ICRM,DHMI TURKIYE,,41.26263888888889,36.55783333333333
ils_loc,281,ICRM,DHMI TURKIYE,,41.24363888888889,36.58225
ils_dme,372,ICS,AIRNAV IRELAND,,51.84722777777778,-8.496722222222221
ils_gp,490,ICS,AIRNAV IRELAND,,51.84722777777778,-8.496722222222221
ils_loc,515,ICS,AIRNAV IRELAND,,51.83057777777778,-8.484791666666666
ils_gp,428,ICV,NAV CANADA,,43.661262055555554,-79.61982069444444
ils_loc,450,ICV,NAV CANADA,,43.676849499999996,-79.59496405555555
ils_dme,7,ICV,ROMANIA CIVIL AVIATION AUTHORITY,,44.31941666666667,23.90036111111111
ils_gp,17,ICV,ROMANIA CIVIL AVIATION AUTHORITY,,44.319388888888895,23.900388888888887
ils_loc,17,ICV,ROMANIA CIVIL AVIATION AUTHORITY,,44.317888888888895,23.868861111111112
ils_gp,284,ICV,SKEYES,,50.577194444444444,3.8517055555555557
ils_loc,295,ICV,SKEYES,,50.57440555555556,3.8174638888888888
ils_gp,211,ICX,NAV CANADA,,49.70440555555556,-124.87406944444444
ils_loc,215,ICX,NAV CANADA,,49.722702777777776,-124.90434722222223
ils_gp,477,ICX,ROMATSA - ROMANIAN AIR TRAFFIC SERVICES ADMINISTRATION,,46.78827777777778,23.69302777777778
ils_loc,501,ICX,ROMATSA - ROMANIAN AIR TRAFFIC SERVICES ADMINISTRATION,,46.78377777777778,23.66797222222222
ils_gp,297,IDAN,DHMI TURKIYE,,36.99425,35.415305555555555
ils_loc,308,IDAN,DHMI TURKIYE,,37.01266666666667,35.44344444444444
ils_dme,257,IDAO,CIVIL AVIATION AUTHORITY OF THE PHILIPPINES,,7.11811111111111,125.63883333333334
ils_gp,317,IDAO,CIVIL AVIATION AUTHORITY OF THE PHILIPPINES,,7.11811111111111,125.63883333333334
ils_loc,328,IDAO,CIVIL AVIATION AUTHORITY OF THE PHILIPPINES,,7.1353888888888894,125.65725
ils_dme,224,IDBN,DHMI TURKIYE,,37.88088888888889,40.20472222222222
ils_gp,277,IDBN,DHMI TURKIYE,,37.88088888888889,40.20472222222222
ils_loc,288,IDBN,DHMI TURKIYE,,37.91269444444444,40.19361111111111
ils_dme,339,IDC,NAV CANADA,,45.86299311111111,-66.54784488888889
ils_gp,416,IDC,NAV CANADA,,45.86295883333334,-66.54791963888889
ils_loc,438,IDC,NAV CANADA,,45.87101438888889,-66.52099291666667
ils_dme,391,IDE,AIRNAV IRELAND,,53.42097222222222,-6.284861111111111
ils_gp,510,IDE,AIRNAV IRELAND,,53.42097222222222,-6.284861111111111
ils_loc,535,IDE,AIRNAV IRELAND,,53.41994444444444,-6.244694444444445
ils_gp,9,IDET,EUROCONTROL NMOC,,42.4162175,-83.01277055555556
ils_loc,9,IDET,EUROCONTROL NMOC,,42.40596222222222,-83.00416166666666
ils_dme,371,IDF,NAV CANADA,,49.21515813888889,-57.38734633333333
ils_gp,489,IDF,NAV CANADA,,49.21511977777778,-57.38729075
ils_loc,514,IDF,NAV CANADA,,49.200455250000005,-57.408297194444444
ils_dme,188,IDLM,DHMI TURKIYE,,36.70258333333334,28.790333333333336
ils_gp,246,IDLM,DHMI TURKIYE,,36.70258333333334,28.790333333333336
ils_loc,250,IDLM,DHMI TURKIYE,,36.72933333333334,28.798000000000002
ils_gp,455,IDM,NAV CANADA,,45.30406461111111,-65.89111177777778
ils_loc,479,IDM,NAV CANADA,,45.32192944444445,-65.87816058333333
ils_gp,3,IDMI,EUROCONTROL NMOC,,42.216210000000004,-83.33468194444444
ils_loc,3,IDMI,EUROCONTROL NMOC,,42.21686555555556,-83.36925
ils_dme,189,IDMN,DHMI TURKIYE,,36.69638888888888,28.787583333333334
ils_loc,251,IDMN,DHMI TURKIYE,,36.696527777777774,28.786833333333334
ils_dme,14,IDN,AIRWAYS CORPORATION OF NEW ZEALAND LTD,,-45.92669444444444,170.20552777777777
ils_gp,25,IDN,AIRWAYS CORPORATION OF NEW ZEALAND LTD,,-45.92658333333333,170.20538888888888
ils_loc,25,IDN,AIRWAYS CORPORATION OF NEW ZEALAND LTD,,-45.93533333333333,170.1843888888889
ils_gp,298,IDNA,DHMI TURKIYE,,37.00952777777778,35.43572222222222
ils_loc,309,IDNA,DHMI TURKIYE,,36.99155555555556,35.40866666666667
ils_dme,334,IDP,NAV CANADA,,43.66131427777778,-79.61988649999999
ils_gp,407,IDP,NAV CANADA,,43.672257277777774,-79.59942497222222
ils_loc,428,IDP,NAV CANADA,,43.653466083333335,-79.62894688888888
ils_gp,221,IDP,UKRAINIAN STATE AIR TRAFFIC SERVICES ENTERPRISE,,48.35588888888889,35.085638888888894
ils_loc,225,IDP,UKRAINIAN STATE AIR TRAFFIC SERVICES ENTERPRISE,,48.35727777777778,35.12733333333333
ils_gp,139,IDR,UKRAINIAN STATE AIR TRAFFIC SERVICES ENTERPRISE,,48.35611111111111,35.11622222222223
ils_loc,142,IDR,UKRAINIAN STATE AIR TRAFFIC SERVICES ENTERPRISE,,48.35727777777778,35.07344444444445
ils_gp,2,IDTW,EUROCONTROL NMOC,,42.20526111111111,-83.37078833333332
ils_loc,2,IDTW,EUROCONTROL NMOC,,42.233695000000004,-83.34816027777778
dme,1282,IDU,EUROCONTROL NMOC,DME 29 DUB,47.39535193,8.6595048
vortac,291,IDU,EUROCONTROL NMOC,INDUSTRY,29.9560575,-96.56219416666666
ils_dme,258,IDVO,CIVIL AVIATION AUTHORITY OF THE PHILIPPINES,,7.133416666666667,125.65330555555556
ils_gp,318,IDVO,CIVIL AVIATION AUTHORITY OF THE PHILIPPINES,,7.133416666666667,125.65330555555556
ils_loc,329,IDVO,CIVIL AVIATION AUTHORITY OF THE PHILIPPINES,,7.114972222222222,125.63350000000001
ils_dme,392,IDW,AIRNAV IRELAND,,53.419333333333334,-6.255111111111111
ils_gp,511,IDW,AIRNAV IRELAND,,53.419333333333334,-6.255111111111111
ils_loc,536,IDW,AIRNAV IRELAND,,53.42272222222222,-6.295444444444445
ils_gp,4,IDWC,EUROCONTROL NMOC,,42.22884944444445,-83.35341305555555
ils_loc,4,IDWC,EUROCONTROL NMOC,,42.19987222222222,-83.37307361111111
ils_dme,15,IEB,AIRWAYS CORPORATION OF NEW ZEALAND LTD,,-41.32163888888889,174.80644444444445
ils_gp,26,IEB,AIRWAYS CORPORATION OF NEW ZEALAND LTD,,-41.32163888888889,174.80641666666668
ils_loc,26,IEB,AIRWAYS CORPORATION OF NEW ZEALAND LTD,,-41.33641666666667,174.80625
ils_dme,42,IEBG,DHMI TURKIYE,,40.14069444444444,33.00375
ils_gp,55,IEBG,DHMI TURKIYE,,40.14069444444444,33.00375
ils_loc,56,IEBG,DHMI TURKIYE,,40.114111111111114,32.98016666666667
ils_dme,403,IECR,KKTC SHD,,35.152667,33.512861
ils_gp,523,IECR,KKTC SHD,,35.152667,33.512861
ils_loc,549,IECR,KKTC SHD,,35.160556,33.485278
ils_gp,430,IEG,NAV CANADA,,53.31152161111111,-113.59503372222221
ils_loc,452,IEG,NAV CANADA,,53.335901500000006,-113.56464822222222
ils_gp,23,IEJR,EUROCONTROL NMOC,,42.21624944444445,-83.33477388888889
ils_loc,23,IEJR,EUROCONTROL NMOC,,42.193039999999996,-83.3536986111111
ils_dme,404,IEKT,KKTC SHD,,35.144361,33.524833
ils_gp,524,IEKT,KKTC SHD,,35.144361,33.524833
ils_loc,550,IEKT,KKTC SHD,,35.155639,33.494056
ils_dme,390,IELG,DHMI TURKIYE,,38.599250000000005,39.29538888888889
ils_gp,508,IELG,DHMI TURKIYE,,38.599250000000005,39.29538888888889
ils_loc,533,IELG,DHMI TURKIYE,,38.59391666666667,39.26225
ils_dme,389,IELZ,DHMI TURKIYE,,38.59391666666667,39.26797222222222
ils_gp,507,IELZ,DHMI TURKIYE,,38.59391666666667,39.26797222222222
ils_loc,532,IELZ,DHMI TURKIYE,,38.60158333333334,39.30169444444444
ils_gp,444,IEM,NAV CANADA,,51.1284915,-114.02296183333333
ils_loc,466,IEM,NAV CANADA,,51.09368005555556,-114.02135930555555
ils_dme,119,IEN,KAZAERONAVIGATSIA RSE,,42.36725,69.45869444444445
ils_gp,164,IEN,KAZAERONAVIGATSIA RSE,,42.36725,69.45869444444445
ils_loc,168,IEN,KAZAERONAVIGATSIA RSE,,42.359500000000004,69.50133333333333
ils_gp,7,IEPA,EUROCONTROL NMOC,,42.19851722222222,-83.33402916666667
ils_loc,7,IEPA,EUROCONTROL NMOC,,42.19895277777778,-83.36545472222221
ils_dme,366,IERZ,DHMI TURKIYE,,39.95691666666667,41.189249999999994
ils_gp,478,IERZ,DHMI TURKIYE,,39.95691666666667,41.189249999999994
ils_loc,503,IERZ,DHMI TURKIYE,,39.95663888888889,41.14191666666667
ils_dme,25,IES,EUROCONTROL NMOC,,65.27475,-14.40638888888889
ils_gp,38,IES,EUROCONTROL NMOC,,65.2791111111111,-14.409444444444444
ils_loc,38,IES,EUROCONTROL NMOC,,65.2925,-14.391138888888888
ils_dme,194,IESB,DHMI TURKIYE,,40.13972222222222,33.00611111111111
ils_gp,251,IESB,DHMI TURKIYE,,40.13972222222222,33.00611111111111
ils_loc,256,IESB,DHMI TURKIYE,,40.11125,32.9805
ils_dme,39,IESK,DHMI TURKIYE,,39.78519444444444,30.596416666666666
ils_gp,52,IESK,DHMI TURKIYE,,39.78519444444444,30.596416666666666
ils_loc,53,IESK,DHMI TURKIYE,,39.78408333333333,30.55902777777778
ils_gp,254,IESR,DHMI TURKIYE,,39.80925,30.504833333333334
ils_loc,259,IESR,DHMI TURKIYE,,39.80902777777777,30.53938888888889
ils_gp,269,IETI,DHMI TURKIYE,,39.95438888888889,32.675888888888885
ils_loc,280,IETI,DHMI TURKIYE,,39.946749999999994,32.70125
ils_dme,134,IEV,AZERBAIJAN STATE CIVIL AVIATION ADMINISTRATION,,40.63144444444445,47.147
ils_gp,181,IEV,AZERBAIJAN STATE CIVIL AVIATION ADMINISTRATION,,40.63144444444445,47.147
ils_loc,185,IEV,AZERBAIJAN STATE CIVIL AVIATION ADMINISTRATION,,40.64372222222222,47.124722222222225
ils_dme,349,IEV,NAV CANADA,,68.30244622222222,-133.49826644444443
ils_gp,436,IEV,NAV CANADA,,68.30247255555555,-133.49828666666664
ils_loc,458,IEV,NAV CANADA,,68.30460063888889,-133.45267966666665
ils_dme,214,IEZC,DHMI TURKIYE,,39.71658333333334,39.50811111111111
ils_loc,277,IEZC,DHMI TURKIYE,,39.71658333333334,39.50811111111111
ils_dme,299,IEZR,DHMI TURKIYE,,39.95594444444445,41.151666666666664
ils_gp,365,IEZR,DHMI TURKIYE,,39.95594444444445,41.151666666666664
ils_loc,376,IEZR,DHMI TURKIYE,,39.958111111111116,41.19822222222222
ils_dme,275,IFA,ENAIRE,,28.45663888888889,-13.862777777777778
ils_gp,339,IFA,ENAIRE,,28.456666666666667,-13.86261111111111
ils_loc,350,IFA,ENAIRE,,28.431333333333335,-13.864472222222222
ils_dme,328,IFB,NAV CANADA,,63.750025944444445,-68.54425388888889
ils_gp,398,IFB,NAV CANADA,,63.75013961111111,-68.54400577777777
ils_loc,415,IFB,NAV CANADA,,63.76626863888889,-68.57757680555555
ils_gp,402,IFG,NAV CANADA,,46.10901475,-64.69245547222222
ils_loc,420,IFG,NAV CANADA,,46.12799213888889,-64.66531152777779
ils_dme,160,IFL,AZERBAIJAN STATE CIVIL AVIATION ADMINISTRATION,,39.59419444444445,47.18977777777778
ils_gp,214,IFL,AZERBAIJAN STATE CIVIL AVIATION ADMINISTRATION,,39.59419444444445,47.18969444444444
ils_loc,218,IFL,AZERBAIJAN STATE CIVIL AVIATION ADMINISTRATION,,39.58372222222223,47.22052777777778
ils_gp,187,IFLR,SKEYES,,50.24286111111111,4.63325
ils_loc,191,IFLR,SKEYES,,50.24641666666667,4.672555555555556
ils_dme,395,IFN,AIRNAV IRELAND,,55.04394444444444,-8.339500000000001
ils_loc,539,IFN,AIRNAV IRELAND,,55.037749999999996,-8.345166666666668
ils_gp,447,IFP,NAV CANADA,,53.303183527777776,-113.59375911111111
ils_loc,469,IFP,NAV CANADA,,53.28435616666666,-113.55905497222221
dme,414,IFSW,EUROCONTROL NMOC,FRANKFURT IFSW,50.04003747,8.58145372
dme,491,IFSW,EUROCONTROL NMOC,ROMA/FIUMICINO,41.78427531,12.23740922
ils_dme,249,IFV,ENAIRE,,28.444166666666668,-13.862944444444445
ils_gp,308,IFV,ENAIRE,,28.444166666666668,-13.862944444444445
ils_loc,319,IFV,ENAIRE,,28.465166666666665,-13.86336111111111
ils_dme,161,IFZ,AZERBAIJAN STATE CIVIL AVIATION ADMINISTRATION,,39.585,47.21391666666667
ils_gp,215,IFZ,AZERBAIJAN STATE CIVIL AVIATION ADMINISTRATION,,39.585,47.214000000000006
ils_loc,219,IFZ,AZERBAIJAN STATE CIVIL AVIATION ADMINISTRATION,,39.59788888888889,47.18308333333333
ils_dme,341,IFZ,NAV CANADA,,49.183949,-123.16520683333334
ils_gp,424,IFZ,NAV CANADA,,49.18421183333333,-123.16549069444444
ils_loc,446,IFZ,NAV CANADA,,49.19063394444444,-123.21254241666666
ils_dme,18,IGA,ENAIRE,,37.130916666666664,-3.6345277777777776
ils_gp,29,IGA,ENAIRE,,37.1325,-3.6352777777777776
ils_loc,29,IGA,ENAIRE,,37.14055555555556,-3.6352777777777776
ils_dme,70,IGC,SKEYES,,50.462694444444445,4.466527777777778
ils_gp,91,IGC,SKEYES,,50.46263888888889,4.466583333333333
ils_loc,93,IGC,SKEYES,,50.454527777777784,4.434527777777778
ils_dme,244,IGE,ENAIRE,,40.287527777777775,-3.7303055555555558
ils_gp,303,IGE,ENAIRE,,40.287527777777775,-3.7303055555555558
ils_loc,314,IGE,ENAIRE,,40.303527777777774,-3.7113055555555556
ils_gp,394,IGK,NAV CANADA,,44.22943308333333,-76.6012078611111
ils_loc,410,IGK,NAV CANADA,,44.21670155555556,-76.60153613888889
ils_dme,75,IGL,AZERBAIJAN STATE CIVIL AVIATION ADMINISTRATION,,40.747166666666665,46.30847222222222
ils_gp,97,IGL,AZERBAIJAN STATE CIVIL AVIATION ADMINISTRATION,,40.747166666666665,46.30847222222222
ils_loc,99,IGL,AZERBAIJAN STATE CIVIL AVIATION ADMINISTRATION,,40.72830555555556,46.337944444444446
ils_gp,99,IGM,GENERAL DEPARTMENT OF CIVIL AVIATION,,40.73908333333333,43.85436111111111
ils_loc,101,IGM,GENERAL DEPARTMENT OF CIVIL AVIATION,,40.76670555555555,43.868655555555556
ils_dme,311,IGML,DHMI TURKIYE,,37.24916666666667,27.679194444444445
ils_gp,377,IGML,DHMI TURKIYE,,37.24916666666667,27.679194444444445
ils_loc,389,IGML,DHMI TURKIYE,,37.25563888888889,27.646361111111112
ils_dme,152,IGN,ENAIRE,,41.91158333333333,2.7633055555555557
ils_gp,205,IGN,ENAIRE,,41.91161111111111,2.7631944444444443
ils_loc,209,IGN,ENAIRE,,41.89230555555555,2.757277777777778
ils_dme,316,IGN,KAZAERONAVIGATSIA RSE,,47.7135,67.75061111111111
ils_gp,382,IGN,KAZAERONAVIGATSIA RSE,,47.7135,67.75061111111111
ils_loc,394,IGN,KAZAERONAVIGATSIA RSE,,47.69738888888889,67.71644444444445
ils_gp,396,IGN,NAV CANADA,,48.951062,-54.58245463888889
ils_loc,412,IGN,NAV CANADA,,48.94489905555555,-54.546743388888885
ils_dme,289,IGNP,DHMI TURKIYE,,36.94436111111111,37.49127777777778
ils_gp,355,IGNP,DHMI TURKIYE,,36.94436111111111,37.49127777777778
ils_loc,366,IGNP,DHMI TURKIYE,,36.95216666666667,37.459500000000006
ils_dme,369,IGO,ENAIRE,,42.90844444444444,-8.417694444444443
ils_gp,485,IGO,ENAIRE,,42.90844444444444,-8.417694444444443
ils_loc,510,IGO,ENAIRE,,42.88169444444444,-8.410222222222222
ils_gp,57,IGO,UKRAINIAN STATE AIR TRAFFIC SERVICES ENTERPRISE,,50.592222222222226,30.201944444444443
ils_loc,58,IGO,UKRAINIAN STATE AIR TRAFFIC SERVICES ENTERPRISE,,50.620555555555555,30.178611111111113
ils_dme,74,IGR,AZERBAIJAN STATE CIVIL AVIATION ADMINISTRATION,,40.73094444444445,46.331138888888894
ils_gp,96,IGR,AZERBAIJAN STATE CIVIL AVIATION ADMINISTRATION,,40.73094444444445,46.331138888888894
ils_loc,98,IGR,AZERBAIJAN STATE CIVIL AVIATION ADMINISTRATION,,40.74916666666667,46.30288888888889
ils_dme,99,IGSA,CIVIL AVIATION AUTHORITY OF THE PHILIPPINES,,6.069361111111111,125.09375
ils_gp,140,IGSA,CIVIL AVIATION AUTHORITY OF THE PHILIPPINES,,6.069361111111111,125.09375
ils_loc,143,IGSA,CIVIL AVIATION AUTHORITY OF THE PHILIPPINES,,6.0409444444444444,125.09830555555556
ils_dme,352,IGY,NAV CANADA,,51.12454966666667,-114.03336075
ils_gp,443,IGY,NAV CANADA,,51.124549083333335,-114.03345069444444
ils_loc,465,IGY,NAV CANADA,,51.11475630555556,-114.00354916666667
ils_dme,216,IGZP,DHMI TURKIYE,,36.300666666666665,32.31222222222222
ils_loc,279,IGZP,DHMI TURKIYE,,36.300666666666665,32.31222222222222
ils_dme,78,IHA,UKRAINIAN STATE AIR TRAFFIC SERVICES ENTERPRISE,,49.928916666666666,36.30283333333333
ils_gp,101,IHA,UKRAINIAN STATE AIR TRAFFIC SERVICES ENTERPRISE,,49.92894444444444,36.30277777777778
ils_loc,103,IHA,UKRAINIAN STATE AIR TRAFFIC SERVICES ENTERPRISE,,49.92522222222222,36.27061111111111
ils_dme,319,IHD,NAV CANADA,,49.835,-92.74972222222222
ils_gp,386,IHD,NAV CANADA,,49.83497783333333,-92.75041744444444
ils_loc,398,IHD,NAV CANADA,,49.827589611111115,-92.73093461111111
ils_gp,83,IHE,UKRAINIAN STATE AIR TRAFFIC SERVICES ENTERPRISE,,46.66972222222222,32.49777777777778
ils_loc,85,IHE,UKRAINIAN STATE AIR TRAFFIC SERVICES ENTERPRISE,,46.691111111111105,32.52055555555555
ils_dme,57,IHH,SKEYES,,50.63173611111111,5.432791666666667
ils_gp,76,IHH,SKEYES,,50.63175555555556,5.432763888888889
ils_loc,77,IHH,SKEYES,,50.65161111111111,5.466638888888889
ils_gp,8,IHJT,EUROCONTROL NMOC,,42.20526277777778,-83.38340861111112
ils_loc,8,IHJT,EUROCONTROL NMOC,,42.22867416666667,-83.3645886111111
ils_dme,79,IHR,UKRAINIAN STATE AIR TRAFFIC SERVICES ENTERPRISE,,49.92686111111111,36.27763888888889
ils_gp,102,IHR,UKRAINIAN STATE AIR TRAFFIC SERVICES ENTERPRISE,,49.92686111111111,36.27777777777778
ils_loc,104,IHR,UKRAINIAN STATE AIR TRAFFIC SERVICES ENTERPRISE,,49.92858333333333,36.311611111111105
ils_dme,337,IHU,NAV CANADA,,45.522636472222224,-73.4083583888889
ils_gp,411,IHU,NAV CANADA,,45.522665527777775,-73.40840286111111
ils_loc,433,IHU,NAV CANADA,,45.50906175,-73.43167691666667
ils_gp,6,IHUU,EUROCONTROL NMOC,,42.197534999999995,-83.34860583333332
ils_loc,6,IHUU,EUROCONTROL NMOC,,42.22201805555556,-83.33235194444444
ils_gp,390,IHV,NAV CANADA,,49.896357305555554,-97.23233461111111
ils_loc,405,IHV,NAV CANADA,,49.91601297222222,-97.25641794444445
ils_dme,55,IHW,AIRWAYS CORPORATION OF NEW ZEALAND LTD,,-43.47615975,172.54498841666665
ils_gp,74,IHW,AIRWAYS CORPORATION OF NEW ZEALAND LTD,,-43.47614075,172.54496644444444
ils_loc,75,IHW,AIRWAYS CORPORATION OF NEW ZEALAND LTD,,-43.50035536111111,172.51894433333334
ils_gp,399,IHY,NAV CANADA,,60.83519555555556,-115.78217430555556
ils_loc,416,IHY,NAV CANADA,,60.84321263888889,-115.790175
ils_dme,348,IHZ,NAV CANADA,,44.89306338888889,-63.513311361111114
ils_gp,434,IHZ,NAV CANADA,,44.89302430555556,-63.513353555555554
ils_loc,456,IHZ,NAV CANADA,,44.880619,-63.491208666666665
ils_dme,321,IIF,NAV CANADA,,51.202455722222226,-58.65425852777778
ils_loc,401,IIF,NAV CANADA,,51.20235616666667,-58.65544438888889
ils_gp,64,IIF,UKRAINIAN STATE AIR TRAFFIC SERVICES ENTERPRISE,,48.88305555555556,24.697222222222223
ils_loc,65,IIF,UKRAINIAN STATE AIR TRAFFIC SERVICES ENTERPRISE,,48.8875,24.661944444444444
ils_dme,205,IIGD,DHMI TURKIYE,,39.98236111111111,43.876666666666665
ils_loc,268,IIGD,DHMI TURKIYE,,39.98236111111111,43.876666666666665
ils_dme,120,IIM,KAZAERONAVIGATSIA RSE,,42.36027777777778,69.49027777777778
ils_gp,165,IIM,KAZAERONAVIGATSIA RSE,,42.36027777777778,69.49030555555555
ils_loc,169,IIM,KAZAERONAVIGATSIA RSE,,42.370472222222226,69.45041666666667
ils_dme,179,IIMR,DHMI TURKIYE,,38.30333333333333,27.152388888888886
ils_gp,237,IIMR,DHMI TURKIYE,,38.30333333333333,27.152388888888886
ils_loc,241,IIMR,DHMI TURKIYE,,38.27641666666666,27.161805555555553
ils_dme,381,IIO,CIVIL AVIATION AUTHORITY OF THE PHILIPPINES,,10.841166666666668,122.49516666666666
ils_gp,499,IIO,CIVIL AVIATION AUTHORITY OF THE PHILIPPINES,,10.841166666666668,122.49519444444445
ils_loc,524,IIO,CIVIL AVIATION AUTHORITY OF THE PHILIPPINES,,10.820416666666667,122.48869444444445
ils_dme,305,IIS,ROMATSA - ROMANIAN AIR TRAFFIC SERVICES ADMINISTRATION,,47.18586111111111,27.613944444444446
ils_gp,370,IIS,ROMATSA - ROMANIAN AIR TRAFFIC SERVICES ADMINISTRATION,,47.185916666666664,27.614
ils_loc,382,IIS,ROMATSA - ROMANIAN AIR TRAFFIC SERVICES ADMINISTRATION,,47.168499999999995,27.631333333333334
ils_dme,191,IIST,DHMI TURKIYE,,40.966972222222225,28.81561111111111
ils_gp,248,IIST,DHMI TURKIYE,,40.966972222222225,28.81561111111111
ils_loc,253,IIST,DHMI TURKIYE,,40.97866666666667,28.83811111111111
ils_gp,483,IIT,NAV CANADA,,45.69070788888889,-73.99005536111112
ils_loc,508,IIT,NAV CANADA,,45.66759019444444,-74.02575730555556
ils_gp,63,IIV,UKRAINIAN STATE AIR TRAFFIC SERVICES ENTERPRISE,,48.886944444444445,24.6725
ils_loc,64,IIV,UKRAINIAN STATE AIR TRAFFIC SERVICES ENTERPRISE,,48.88027777777778,24.706944444444442
ils_gp,397,IJG,NAV CANADA,,44.88503677777778,-63.505747944444444
ils_loc,414,IJG,NAV CANADA,,44.864105,-63.52877208333333
ils_gp,1,IJKI,EUROCONTROL NMOC,,42.224231111111116,-83.36944527777777
ils_loc,1,IJKI,EUROCONTROL NMOC,,42.19974194444444,-83.38578972222223
ils_dme,386,IJR,ENAIRE,,36.75102777777778,-6.055722222222222
ils_gp,504,IJR,ENAIRE,,36.750972222222224,-6.055555555555555
ils_loc,529,IJR,ENAIRE,,36.73244444444445,-6.066055555555556
ils_dme,361,IJS,NAV CANADA,,43.66210213888889,-79.61955166666667
ils_gp,468,IJS,NAV CANADA,,43.66215322222222,-79.61962372222222
ils_loc,492,IJS,NAV CANADA,,43.68072977777778,-79.59482025
ils_gp,437,IJT,NAV CANADA,,48.54666722222222,-58.534749444444444
ils_loc,459,IJT,NAV CANADA,,48.539134527777776,-58.57324536111111
ils_dme,124,IKA,KAZAERONAVIGATSIA RSE,,49.67772222222222,73.35416666666666
ils_gp,169,IKA,KAZAERONAVIGATSIA RSE,,49.67772222222222,73.35416666666666
ils_loc,173,IKA,KAZAERONAVIGATSIA RSE,,49.66027777777778,73.30638888888889
ils_dme,329,IKA,NAV CANADA,,50.70381702777778,-120.46131786111111
ils_gp,400,IKA,NAV CANADA,,50.70380044444445,-120.46140505555556
ils_loc,417,IKA,NAV CANADA,,50.69995125,-120.42795230555556
ils_dme,365,IKAH,DHMI TURKIYE,,37.543527777777776,36.94177777777777
ils_loc,502,IKAH,DHMI TURKIYE,,37.543527777777776,36.94177777777777
ils_dme,198,IKAR,DHMI TURKIYE,,40.555861111111106,43.100388888888894
ils_gp,255,IKAR,DHMI TURKIYE,,40.555861111111106,43.100388888888894
ils_loc,261,IKAR,DHMI TURKIYE,,40.570194444444446,43.13655555555555
ils_dme,181,IKAS,DHMI TURKIYE,,41.32166666666667,33.79822222222222
ils_gp,239,IKAS,DHMI TURKIYE,,41.32166666666667,33.79822222222222
ils_loc,243,IKAS,DHMI TURKIYE,,41.302638888888886,33.79408333333333
ils_gp,474,IKB,NAV CANADA,,53.287912138888885,-113.56758038888889
ils_loc,498,IKB,NAV CANADA,,53.30910905555555,-113.60043155555555
ils_gp,105,IKB,UKRAINIAN STATE AIR TRAFFIC SERVICES ENTERPRISE,,50.34941666666667,30.878888888888888
ils_loc,107,IKB,UKRAINIAN STATE AIR TRAFFIC SERVICES ENTERPRISE,,50.312083333333334,30.878694444444445
ils_gp,107,IKE,UKRAINIAN STATE AIR TRAFFIC SERVICES ENTERPRISE,,50.3235,30.877
ils_loc,109,IKE,UKRAINIAN STATE AIR TRAFFIC SERVICES ENTERPRISE,,50.36213888888889,30.882305555555558
ils_dme,53,IKF,EUROCONTROL NMOC,,63.98397222222222,-22.64911111111111
ils_gp,72,IKF,EUROCONTROL NMOC,,63.98397222222222,-22.64911111111111
ils_loc,73,IKF,EUROCONTROL NMOC,,63.98502777777778,-22.58586111111111
ils_gp,450,IKF,NAV CANADA,,43.465881861111114,-80.37009330555554
ils_loc,474,IKF,NAV CANADA,,43.456658000000004,-80.39359647222223
ils_dme,41,IKFK,DHMI TURKIYE,,38.71713888888889,30.616777777777777
ils_gp,54,IKFK,DHMI TURKIYE,,38.71713888888889,30.616777777777777
ils_loc,55,IKFK,DHMI TURKIYE,,38.74011111111111,30.584
ils_dme,251,IKFZ,DHMI TURKIYE,,39.54708333333333,26.99827777777778
ils_gp,311,IKFZ,DHMI TURKIYE,,39.54708333333333,26.99827777777778
ils_loc,322,IKFZ,DHMI TURKIYE,,39.561499999999995,27.026305555555556
ils_dme,343,IKH,NAV CANADA,,48.65288938888889,-123.43545991666667
ils_gp,426,IKH,NAV CANADA,,48.65294297222222,-123.43544166666668
ils_loc,448,IKH,NAV CANADA,,48.646154027777776,-123.4097093888889
ils_dme,32,IKHA,JORDAN CIVIL AVIATION REGULATORY COMMISSION,,29.621996944444444,35.02034638888889
ils_gp,45,IKHA,JORDAN CIVIL AVIATION REGULATORY COMMISSION,,29.621996944444444,35.02034638888889
ils_loc,46,IKHA,JORDAN CIVIL AVIATION REGULATORY COMMISSION,,29.595558055555554,35.01244777777778
ils_dme,81,IKI,UKRAINIAN STATE AIR TRAFFIC SERVICES ENTERPRISE,,50.399972222222225,30.440694444444446
ils_gp,109,IKI,UKRAINIAN STATE AIR TRAFFIC SERVICES ENTERPRISE,,50.399972222222225,30.440722222222224
ils_loc,111,IKI,UKRAINIAN STATE AIR TRAFFIC SERVICES ENTERPRISE,,50.40258333333333,30.46983333333333
ils_dme,272,IKL,KYRGYZAERONAVIGATSIA (KYRGYZ REPUBLIC ANSP),,42.58853888888889,76.72073611111111
ils_gp,336,IKL,KYRGYZAERONAVIGATSIA (KYRGYZ REPUBLIC ANSP),,42.58853888888889,76.72073611111111
ils_loc,347,IKL,KYRGYZAERONAVIGATSIA (KYRGYZ REPUBLIC ANSP),,42.57998333333334,76.67435277777778
ils_dme,212,IKLC,DHMI TURKIYE,,38.52838888888889,26.977388888888886
ils_gp,267,IKLC,DHMI TURKIYE,,38.52838888888889,26.977388888888886
ils_loc,275,IKLC,DHMI TURKIYE,,38.50033333333333,26.978916666666667
dme,856,IKM,EUROCONTROL NMOC,KAUNAS,54.96188888888889,24.069
dme,1159,IKM,EUROCONTROL NMOC,KAMENKA,55.221944444444446,36.995
ils_dme,34,IKN,EUROCONTROL NMOC,,63.967083333333335,-22.603444444444445
ils_gp,47,IKN,EUROCONTROL NMOC,,63.967083333333335,-22.603444444444445
ils_loc,48,IKN,EUROCONTROL NMOC,,63.99333333333333,-22.605444444444444
ils_gp,283,IKNB,SKEYES,,51.16280555555556,5.461944444444445
ils_loc,294,IKNB,SKEYES,,51.17777777777778,5.487694444444444
ils_dme,182,IKNY,DHMI TURKIYE,,37.96838888888889,32.554111111111105
ils_gp,240,IKNY,DHMI TURKIYE,,37.96838888888889,32.554111111111105
ils_loc,244,IKNY,DHMI TURKIYE,,37.99777777777778,32.56655555555555
dme,1160,IKO,EUROCONTROL NMOC,KOSTINO,56.30222222222222,37.71138888888889
ils_dme,33,IKO,EUROCONTROL NMOC,,63.98913888888889,-22.602333333333334
ils_gp,46,IKO,EUROCONTROL NMOC,,63.98913888888889,-22.602333333333334
ils_loc,47,IKO,EUROCONTROL NMOC,,63.96313888888889,-22.605444444444444
ils_gp,482,IKP,NAV CANADA,,45.671536805555554,-74.01737294444445
ils_loc,507,IKP,NAV CANADA,,45.69611469444444,-73.98510725
ils_dme,48,IKR,AIRNAV IRELAND,,52.18211111111111,-9.524472222222222
ils_gp,66,IKR,AIRNAV IRELAND,,52.18394444444444,-9.514666666666667
ils_loc,67,IKR,AIRNAV IRELAND,,52.177138888888884,-9.541694444444444
ils_dme,186,IKSR,DHMI TURKIYE,,38.77194444444444,35.509166666666665
ils_gp,244,IKSR,DHMI TURKIYE,,38.77194444444444,35.509166666666665
ils_loc,248,IKSR,DHMI TURKIYE,,38.766666666666666,35.47555555555556
ils_dme,242,IKT,KAZAERONAVIGATSIA RSE,,53.21696388888889,63.54017222222222
ils_gp,301,IKT,KAZAERONAVIGATSIA RSE,,53.21696388888889,63.54017222222222
ils_loc,312,IKT,KAZAERONAVIGATSIA RSE,,53.18912777777778,63.561949999999996
ils_dme,82,IKV,UKRAINIAN STATE AIR TRAFFIC SERVICES ENTERPRISE,,50.40113888888889,30.46236111111111
ils_gp,110,IKV,UKRAINIAN STATE AIR TRAFFIC SERVICES ENTERPRISE,,50.40113888888889,30.462333333333333
ils_loc,112,IKV,UKRAINIAN STATE AIR TRAFFIC SERVICES ENTERPRISE,,50.40086111111111,30.429694444444447
ils_dme,54,IKW,EUROCONTROL NMOC,,63.98388888888889,-22.598305555555555
ils_gp,73,IKW,EUROCONTROL NMOC,,63.98388888888889,-22.598305555555555
ils_loc,74,IKW,EUROCONTROL NMOC,,63.98502777777778,-22.66136111111111
ils_dme,132,IKW,KAZAERONAVIGATSIA RSE,,53.33797222222223,69.60638888888889
ils_gp,178,IKW,KAZAERONAVIGATSIA RSE,,53.33797222222223,69.60638888888889
ils_loc,182,IKW,KAZAERONAVIGATSIA RSE,,53.311499999999995,69.57636111111111
ils_dme,122,IKZ,KAZAERONAVIGATSIA RSE,,44.70055555555556,65.57983333333333
ils_gp,167,IKZ,KAZAERONAVIGATSIA RSE,,44.70055555555556,65.57983333333333
ils_loc,171,IKZ,KAZAERONAVIGATSIA RSE,,44.71625,65.61611111111111
dme,1045,ILB,EUROCONTROL NMOC,LISBOA,38.7891722,-9.1302833
dme,1308,ILB,EUROCONTROL NMOC,BISTRICA,45.56558611111111,14.170863888888888
ils_dme,268,ILC,CYPRUS DEPARTMENT OF CIVIL AVIATION,,34.87880833333333,33.63206388888889
ils_gp,332,ILC,CYPRUS DEPARTMENT OF CIVIL AVIATION,,34.87880833333333,33.63206388888889
ils_loc,343,ILC,CYPRUS DEPARTMENT OF CIVIL AVIATION,,34.8607,33.60800555555556
ils_gp,56,ILC,UKRAINIAN STATE AIR TRAFFIC SERVICES ENTERPRISE,,50.615833333333335,30.184444444444445
ils_loc,57,ILC,UKRAINIAN STATE AIR TRAFFIC SERVICES ENTERPRISE,,50.58555555555556,30.205
ils_dme,108,ILD,MOLDAVIAN AIR TRAFFIC SERVICE PROVIDER (MOLDATSA),,46.92722222222222,28.95122222222222
ils_gp,152,ILD,MOLDAVIAN AIR TRAFFIC SERVICE PROVIDER (MOLDATSA),,46.92722222222222,28.95122222222222
ils_loc,155,ILD,MOLDAVIAN AIR TRAFFIC SERVICE PROVIDER (MOLDATSA),,46.92725,28.904416666666666
ils_dme,49,ILE,ENAIRE,,42.59975,-5.642972222222221
ils_gp,67,ILE,ENAIRE,,42.59975,-5.642972222222221
ils_loc,68,ILE,ENAIRE,,42.58075,-5.666916666666667
ils_gp,420,ILE,NAV CANADA,,43.67201636111111,-79.61788988888888
ils_loc,442,ILE,NAV CANADA,,43.69626511111111,-79.6478163888889
ils_dme,97,ILE,SKEYES,,49.61761944444444,6.191125
ils_gp,137,ILE,SKEYES,,49.61761944444444,6.191125
ils_loc,140,ILE,SKEYES,,49.63851111111111,6.244005555555556
ils_dme,317,ILG,NAV CANADA,,51.14542188888889,-113.98862416666667
ils_gp,384,ILG,NAV CANADA,,51.14542188888889,-113.98862416666667
ils_loc,396,ILG,NAV CANADA,,51.10707961111111,-113.99035755555556
ils_dme,56,ILG,SKEYES,,50.64636111111111,5.456055555555555
ils_gp,75,ILG,SKEYES,,50.64641666666667,5.456
ils_loc,76,ILG,SKEYES,,50.626,5.426055555555556
ils_dme,50,ILGD,CIVIL AVIATION AUTHORITY OF THE PHILIPPINES,,8.613797805555555,124.46300166666667
ils_gp,68,ILGD,CIVIL AVIATION AUTHORITY OF THE PHILIPPINES,,8.613797805555555,124.46300166666667
ils_loc,69,ILGD,CIVIL AVIATION AUTHORITY OF THE PHILIPPINES,,8.611261444444445,124.44430202777778
dme,1046,ILI,EUROCONTROL NMOC,LISBOA,38.7693667,-9.1438306
dme,1589,ILI,EUROCONTROL NMOC,ILIAMNA,59.74807722222222,-154.90963916666666
ils_dme,169,ILL,ENAIRE,,41.72208333333334,0.5418888888888889
ils_gp,224,ILL,ENAIRE,,41.72208333333334,0.5418888888888889
ils_loc,228,ILL,ENAIRE,,41.73736111111111,0.5220833333333333
ils_gp,328,ILL,ROMATSA - ROMANIAN AIR TRAFFIC SERVICES ADMINISTRATION,,44.578025000000004,26.087741666666666
ils_loc,339,ILL,ROMATSA - ROMANIAN AIR TRAFFIC SERVICES ADMINISTRATION,,44.580275,26.13243611111111
ils_dme,76,ILM,AZERBAIJAN STATE CIVIL AVIATION ADMINISTRATION,,38.74775,48.81247222222222
ils_gp,98,ILM,AZERBAIJAN STATE CIVIL AVIATION ADMINISTRATION,,38.74775,48.81247222222222
ils_loc,100,ILM,AZERBAIJAN STATE CIVIL AVIATION ADMINISTRATION,,38.77325,48.79602777777777
dme,769,ILM,EUROCONTROL NMOC,ILAM,33.57841666666667,46.415388888888884
vortac,20,ILM,EUROCONTROL NMOC,ILAM,33.57841666666667,46.415388888888884
vortac,296,ILM,EUROCONTROL NMOC,WILMINGTON,34.35164833333334,-77.87438027777777
ils_dme,273,ILM,KAZAERONAVIGATSIA RSE,,43.34191666666667,77.02158333333334
ils_gp,337,ILM,KAZAERONAVIGATSIA RSE,,43.34191666666667,77.02158333333334
ils_loc,348,ILM,KAZAERONAVIGATSIA RSE,,43.36655555555556,77.06852777777777
ils_dme,259,ILO,ENAIRE,,42.45883333333334,-2.3103333333333333
ils_gp,320,ILO,ENAIRE,,42.45883333333334,-2.3103333333333333
ils_loc,331,ILO,ENAIRE,,42.464194444444445,-2.3342222222222224
ils_dme,62,ILO,UKRAINIAN STATE AIR TRAFFIC SERVICES ENTERPRISE,,49.815,23.948055555555555
ils_gp,81,ILO,UKRAINIAN STATE AIR TRAFFIC SERVICES ENTERPRISE,,49.815,23.948055555555555
ils_loc,83,ILO,UKRAINIAN STATE AIR TRAFFIC SERVICES ENTERPRISE,,49.79722222222222,23.97722222222222
ils_dme,157,ILP,ENAIRE,,27.921805555555558,-15.389888888888889
ils_gp,210,ILP,ENAIRE,,27.921805555555558,-15.389888888888889
ils_loc,214,ILP,ENAIRE,,27.94688888888889,-15.379944444444446
ils_gp,406,ILP,NAV CANADA,,43.68203383333333,-79.64954494444446
ils_loc,427,ILP,NAV CANADA,,43.66625,-79.62684188888888
ils_dme,293,ILRA,DHMI TURKIYE,,36.878083333333336,30.806833333333334
ils_gp,359,ILRA,DHMI TURKIYE,,36.90836111111111,30.812416666666667
ils_loc,370,ILRA,DHMI TURKIYE,,36.878083333333336,30.806833333333334
ils_dme,63,ILV,UKRAINIAN STATE AIR TRAFFIC SERVICES ENTERPRISE,,49.80138888888889,23.96833333333333
ils_gp,82,ILV,UKRAINIAN STATE AIR TRAFFIC SERVICES ENTERPRISE,,49.80138888888889,23.96833333333333
ils_loc,84,ILV,UKRAINIAN STATE AIR TRAFFIC SERVICES ENTERPRISE,,49.822500000000005,23.939166666666665
ils_dme,353,ILW,NAV CANADA,,49.96290541666667,-119.37706608333333
ils_gp,451,ILW,NAV CANADA,,49.96290977777778,-119.37699791666665
ils_loc,475,ILW,NAV CANADA,,49.940346166666664,-119.37557716666666
ils_dme,98,ILW,SKEYES,,49.63290277777778,6.233077777777778
ils_gp,138,ILW,SKEYES,,49.63290277777778,6.233077777777778
ils_loc,141,ILW,SKEYES,,49.616308333333336,6.184344444444445
ils_dme,101,IMA,CIVIL AVIATION AUTHORITY OF THE PHILIPPINES,,14.511,121.02616666666667
ils_gp,142,IMA,CIVIL AVIATION AUTHORITY OF THE PHILIPPINES,,14.511,121.02616666666667
ils_loc,145,IMA,CIVIL AVIATION AUTHORITY OF THE PHILIPPINES,,14.497277777777777,120.9991111111111
ils_dme,113,IMA,KAZAERONAVIGATSIA RSE,,43.34975,77.02741666666667
ils_gp,158,IMA,KAZAERONAVIGATSIA RSE,,43.34975,77.02741666666667
ils_loc,162,IMA,KAZAERONAVIGATSIA RSE,,43.373222222222225,77.07744444444444
dme,974,IMB,EUROCONTROL NMOC,MALBORK,54.027,19.14975
vor_dme,1867,IMB,EUROCONTROL NMOC,KIMBERLY,44.64839166666667,-119.71163138888889
ils_dme,121,IMB,KAZAERONAVIGATSIA RSE,,42.863416666666666,71.28875
ils_gp,166,IMB,KAZAERONAVIGATSIA RSE,,42.863416666666666,71.28875
ils_loc,170,IMB,KAZAERONAVIGATSIA RSE,,42.83997222222222,71.32047222222222
ils_dme,380,IMCT,CIVIL AVIATION AUTHORITY OF THE PHILIPPINES,,10.31525,123.98908333333334
ils_gp,498,IMCT,CIVIL AVIATION AUTHORITY OF THE PHILIPPINES,,10.31525,123.98908333333334
ils_loc,523,IMCT,CIVIL AVIATION AUTHORITY OF THE PHILIPPINES,,10.295083333333332,123.96688888888889
ils_dme,177,IMEN,DHMI TURKIYE,,38.280499999999996,27.159138888888886
ils_gp,235,IMEN,DHMI TURKIYE,,38.280499999999996,27.159138888888886
ils_loc,239,IMEN,DHMI TURKIYE,,38.309305555555554,27.15186111111111
ils_dme,27,IMG,AIRWAYS CORPORATION OF NEW ZEALAND LTD,,-37.008722222222225,174.80308333333335
ils_gp,41,IMG,AIRWAYS CORPORATION OF NEW ZEALAND LTD,,-37.008583333333334,174.803
ils_loc,41,IMG,AIRWAYS CORPORATION OF NEW ZEALAND LTD,,-37.01784677777778,174.76523952777777
ils_dme,285,IMG,ENAIRE,,36.69069444444444,-4.5040555555555555
ils_gp,350,IMG,ENAIRE,,36.69069444444444,-4.5040555555555555
ils_loc,361,IMG,ENAIRE,,36.67747222222222,-4.4755
ils_dme,150,IMH,ENAIRE,,39.854416666666665,4.215305555555556
ils_gp,203,IMH,ENAIRE,,39.854416666666665,4.215583333333334
ils_loc,207,IMH,ENAIRE,,39.877833333333335,4.221777777777778
ils_dme,402,IMI,SKEYES,,51.19683333333333,2.8616222222222225
ils_gp,522,IMI,SKEYES,,51.19678888888888,2.8616305555555557
ils_loc,548,IMI,SKEYES,,51.2038,2.9008833333333333
ils_dme,398,IMJ,NAV CANADA,,50.33083333333334,-105.56333333333333
ils_gp,517,IMJ,NAV CANADA,,50.3271,-105.54825277777778
ils_loc,543,IMJ,NAV CANADA,,50.33952777777778,-105.57947777777777
ils_dme,357,IMK,NAV CANADA,,49.19671419444444,-123.19961058333334
ils_gp,460,IMK,NAV CANADA,,49.19668211111111,-123.19968136111112
ils_loc,484,IMK,NAV CANADA,,49.18157241666666,-123.17891058333333
ils_dme,100,IML,CIVIL AVIATION AUTHORITY OF THE PHILIPPINES,,14.498916666666666,121.00441666666667
ils_gp,141,IML,CIVIL AVIATION AUTHORITY OF THE PHILIPPINES,,14.498916666666666,121.00441666666667
ils_loc,144,IML,CIVIL AVIATION AUTHORITY OF THE PHILIPPINES,,14.51463888888889,121.03033333333333
ils_dme,220,IML,ENAIRE,,40.525416666666665,-3.558222222222222
ils_gp,273,IML,ENAIRE,,40.525416666666665,-3.5580555555555553
ils_loc,284,IML,ENAIRE,,40.49838888888889,-3.559194444444444
ils_dme,185,IMLY,DHMI TURKIYE,,38.44658333333333,38.09816666666667
ils_gp,243,IMLY,DHMI TURKIYE,,38.44658333333333,38.09816666666667
ils_loc,247,IMLY,DHMI TURKIYE,,38.41961111111111,38.07875000000001
ils_gp,448,IMM,NAV CANADA,,56.652235777777776,-111.21246933333333
ils_loc,470,IMM,NAV CANADA,,56.65319566666667,-111.24620183333333
ils_dme,13,IMN,AIRWAYS CORPORATION OF NEW ZEALAND LTD,,-45.93336111111111,170.19180555555556
ils_gp,24,IMN,AIRWAYS CORPORATION OF NEW ZEALAND LTD,,-45.93325,170.1916388888889
ils_loc,24,IMN,AIRWAYS CORPORATION OF NEW ZEALAND LTD,,-45.92344444444444,170.20969444444444
ils_dme,287,IMN,KYRGYZAERONAVIGATSIA (KYRGYZ REPUBLIC ANSP),,43.05981944444444,74.45555
ils_gp,353,IMN,KYRGYZAERONAVIGATSIA (KYRGYZ REPUBLIC ANSP),,43.05981944444444,74.45555
ils_loc,364,IMN,KYRGYZAERONAVIGATSIA (KYRGYZ REPUBLIC ANSP),,43.06524444444444,74.50825555555555
ils_dme,114,IMO,KAZAERONAVIGATSIA RSE,,51.01263888888889,71.45333333333333
ils_gp,159,IMO,KAZAERONAVIGATSIA RSE,,51.01263888888889,71.45333333333333
ils_loc,163,IMO,KAZAERONAVIGATSIA RSE,,51.040194444444445,71.49372222222222
ils_dme,16,IMP,AIRWAYS CORPORATION OF NEW ZEALAND LTD,,-41.331900250000004,174.80563452777778
ils_gp,27,IMP,AIRWAYS CORPORATION OF NEW ZEALAND LTD,,-41.33191666666667,174.80561111111112
ils_loc,27,IMP,AIRWAYS CORPORATION OF NEW ZEALAND LTD,,-41.317194444444446,174.80755555555558
ils_gp,466,IMP,NAV CANADA,,47.62286136111111,-52.76744566666667
ils_loc,490,IMP,NAV CANADA,,47.62539869444444,-52.73454263888889
ils_gp,457,IMQ,NAV CANADA,,45.47428463888889,-73.71747222222223
ils_loc,481,IMQ,NAV CANADA,,45.45572680555556,-73.74391930555555
ils_dme,221,IMR,ENAIRE,,40.51994444444444,-3.5733055555555553
ils_gp,274,IMR,ENAIRE,,40.51997222222222,-3.573138888888889
ils_loc,285,IMR,ENAIRE,,40.49013888888889,-3.574611111111111
ils_dme,281,IMRD,DHMI TURKIYE,,37.21588888888889,40.62605555555555
ils_gp,345,IMRD,DHMI TURKIYE,,37.21588888888889,40.62605555555555
ils_loc,356,IMRD,DHMI TURKIYE,,37.23408333333333,40.64194444444444
ils_dme,278,IMRF,ENAIRE,,37.18797222222222,-5.611583333333333
ils_gp,342,IMRF,ENAIRE,,37.18797222222222,-5.611583333333333
ils_loc,353,IMRF,ENAIRE,,37.15694444444444,-5.6241111111111115
ils_dme,196,IMRI,DHMI TURKIYE,,40.82438888888889,35.51027777777778
ils_gp,253,IMRI,DHMI TURKIYE,,40.82438888888889,35.51027777777778
ils_loc,258,IMRI,DHMI TURKIYE,,40.84097222222223,35.54347222222222
ils_dme,379,IMT,CIVIL AVIATION AUTHORITY OF THE PHILIPPINES,,10.297972222222223,123.97172222222223
ils_gp,497,IMT,CIVIL AVIATION AUTHORITY OF THE PHILIPPINES,,10.297972222222223,123.97172222222223
ils_loc,522,IMT,CIVIL AVIATION AUTHORITY OF THE PHILIPPINES,,10.320638888888888,123.99258333333333
ils_dme,201,IMUS,DHMI TURKIYE,,38.74294444444445,41.67686111111111
ils_gp,258,IMUS,DHMI TURKIYE,,38.74294444444445,41.67686111111111
ils_loc,264,IMUS,DHMI TURKIYE,,38.75688888888889,41.63763888888889
ils_dme,215,INA,KAZAERONAVIGATSIA RSE,,53.19898333333333,63.55294722222222
ils_gp,268,INA,KAZAERONAVIGATSIA RSE,,53.19898333333333,63.55294722222222
ils_loc,278,INA,KAZAERONAVIGATSIA RSE,,53.22497777777778,63.536516666666664
ils_dme,374,INDL,AIRNAV IRELAND,,53.438027777777776,-6.275055555555555
ils_gp,492,INDL,AIRNAV IRELAND,,53.438027777777776,-6.275055555555555
ils_loc,517,INDL,AIRNAV IRELAND,,53.43458333333333,-6.233722222222222
ils_dme,375,INDR,AIRNAV IRELAND,,53.436638888888886,-6.249638888888889
ils_gp,493,INDR,AIRNAV IRELAND,,53.436638888888886,-6.249638888888889
ils_loc,518,INDR,AIRNAV IRELAND,,53.437638888888884,-6.289333333333333
ils_gp,86,INI,UKRAINIAN STATE AIR TRAFFIC SERVICES ENTERPRISE,,47.05372222222222,31.90836111111111
ils_loc,88,INI,UKRAINIAN STATE AIR TRAFFIC SERVICES ENTERPRISE,,47.07047222222223,31.94152777777778
ils_dme,103,INL,AZERBAIJAN STATE CIVIL AVIATION ADMINISTRATION,,39.17947222222222,45.465500000000006
ils_gp,147,INL,AZERBAIJAN STATE CIVIL AVIATION ADMINISTRATION,,39.17947222222222,45.465500000000006
ils_loc,150,INL,AZERBAIJAN STATE CIVIL AVIATION ADMINISTRATION,,39.2,45.44313888888889
ils_dme,104,INO,AZERBAIJAN STATE CIVIL AVIATION ADMINISTRATION,,39.18113888888889,45.46913888888889
ils_gp,148,INO,AZERBAIJAN STATE CIVIL AVIATION ADMINISTRATION,,39.18113888888889,45.46913888888889
ils_loc,151,INO,AZERBAIJAN STATE CIVIL AVIATION ADMINISTRATION,,39.20111111111111,45.443638888888884
ils_gp,106,INO,UKRAINIAN STATE AIR TRAFFIC SERVICES ENTERPRISE,,50.32747222222223,30.90222222222222
ils_loc,108,INO,UKRAINIAN STATE AIR TRAFFIC SERVICES ENTERPRISE,,50.367444444444445,30.906972222222223
ils_dme,170,INOR,ENAIRE,,28.485916666666668,-16.35452777777778
ils_gp,227,INOR,ENAIRE,,28.485916666666668,-16.35452777777778
ils_loc,231,INOR,ENAIRE,,28.47697222222222,-16.324444444444445
ils_gp,461,INP,NAV CANADA,,49.90996283333333,-97.2504046388889
ils_loc,485,INP,NAV CANADA,,49.89331311111111,-97.22532366666667
ils_dme,105,INR,AZERBAIJAN STATE CIVIL AVIATION ADMINISTRATION,,39.195499999999996,45.44658333333333
ils_gp,149,INR,AZERBAIJAN STATE CIVIL AVIATION ADMINISTRATION,,39.195499999999996,45.44658333333333
ils_loc,152,INR,AZERBAIJAN STATE CIVIL AVIATION ADMINISTRATION,,39.17525,45.47219444444445
tacan,306,INS,EUROCONTROL NMOC,INDIAN SPRINGS,36.5849975,-115.6703313888889
vor_dme,618,INS,EUROCONTROL NMOC,INVERNESS,57.54263611111111,-4.041108333333333
ils_dme,106,INT,AZERBAIJAN STATE CIVIL AVIATION ADMINISTRATION,,39.198166666666665,45.44938888888888
ils_gp,150,INT,AZERBAIJAN STATE CIVIL AVIATION ADMINISTRATION,,39.198166666666665,45.44938888888888
ils_loc,153,INT,AZERBAIJAN STATE CIVIL AVIATION ADMINISTRATION,,39.17455555555555,45.474833333333336
ils_gp,319,INT,NAV CANADA,,44.11472222222223,-77.53805555555556
ils_loc,330,INT,NAV CANADA,,44.12861111111111,-77.51194444444444
ils_dme,326,INV,NAV CANADA,,43.675698555555556,-79.59932574999999
ils_gp,393,INV,NAV CANADA,,43.67575397222222,-79.59930813888889
ils_loc,409,INV,NAV CANADA,,43.655552638888885,-79.6314115
ils_dme,332,IOA,NAV CANADA,,45.459182000000006,-73.73756927777778
ils_gp,405,IOA,NAV CANADA,,45.45912936111112,-73.7375553611111
ils_loc,424,IOA,NAV CANADA,,45.47977630555556,-73.71239352777778
ils_gp,193,IOD,NAV CANADA,,54.39246388888889,-110.27353611111111
ils_loc,197,IOD,NAV CANADA,,54.42156666666666,-110.30768888888889
ils_gp,35,IOD,ROMANIA CIVIL AVIATION AUTHORITY,,47.02986111111111,21.905472222222222
ils_loc,35,IOD,ROMANIA CIVIL AVIATION AUTHORITY,,47.01405555555556,21.899177777777776
ils_dme,141,IOD,UKRAINIAN STATE AIR TRAFFIC SERVICES ENTERPRISE,,46.435111111111105,30.66775
ils_gp,194,IOD,UKRAINIAN STATE AIR TRAFFIC SERVICES ENTERPRISE,,46.435111111111105,30.66775
ils_loc,198,IOD,UKRAINIAN STATE AIR TRAFFIC SERVICES ENTERPRISE,,46.41025,30.680222222222223
ils_gp,327,IOE,ROMATSA - ROMANIAN AIR TRAFFIC SERVICES ADMINISTRATION,,44.56655555555555,26.11635277777778
ils_loc,338,IOE,ROMATSA - ROMANIAN AIR TRAFFIC SERVICES ADMINISTRATION,,44.56422222222222,26.07093888888889
ils_dme,142,IOE,UKRAINIAN STATE AIR TRAFFIC SERVICES ENTERPRISE,,46.41638888888889,30.67586111111111
ils_gp,195,IOE,UKRAINIAN STATE AIR TRAFFIC SERVICES ENTERPRISE,,46.41638888888889,30.67586111111111
ils_loc,199,IOE,UKRAINIAN STATE AIR TRAFFIC SERVICES ENTERPRISE,,46.44327777777777,30.665944444444442
ils_dme,197,IOGN,DHMI TURKIYE,,40.963638888888894,38.10644444444445
ils_loc,260,IOGN,DHMI TURKIYE,,40.963638888888894,38.10644444444445
ils_dme,208,IOGR,DHMI TURKIYE,,40.96563888888889,38.100388888888894
ils_gp,263,IOGR,DHMI TURKIYE,,40.965611111111116,38.100388888888894
ils_loc,271,IOGR,DHMI TURKIYE,,40.97002777777778,38.06608333333333
ils_dme,20,IOH,AIRWAYS CORPORATION OF NEW ZEALAND LTD,,-40.20980555555556,175.39591666666666
ils_gp,32,IOH,AIRWAYS CORPORATION OF NEW ZEALAND LTD,,-40.20977777777778,175.3959722222222
ils_loc,32,IOH,AIRWAYS CORPORATION OF NEW ZEALAND LTD,,-40.20216666666667,175.3721666666667
ils_gp,326,IOP,ROMATSA - ROMANIAN AIR TRAFFIC SERVICES ADMINISTRATION,,44.56381666666666,26.081322222222223
ils_loc,337,IOP,ROMATSA - ROMANIAN AIR TRAFFIC SERVICES ADMINISTRATION,,44.56844166666667,26.126672222222222
ils_dme,298,IOS,SKEYES,,51.20054436111111,2.8875146666666667
ils_gp,364,IOS,SKEYES,,51.200500000000005,2.8875333333333333
ils_loc,375,IOS,SKEYES,,51.19598333333333,2.848891666666667
ils_dme,131,IOT,KAZAERONAVIGATSIA RSE,,53.32161111111112,69.58944444444444
ils_gp,177,IOT,KAZAERONAVIGATSIA RSE,,53.32161111111112,69.58947222222221
ils_loc,181,IOT,KAZAERONAVIGATSIA RSE,,53.34769444444445,69.61383333333333
ils_dme,303,IOU,KYRGYZAERONAVIGATSIA (KYRGYZ REPUBLIC ANSP),,40.61515833333333,72.78456666666666
ils_gp,368,IOU,KYRGYZAERONAVIGATSIA (KYRGYZ REPUBLIC ANSP),,40.61515833333333,72.78456666666666
ils_loc,380,IOU,KYRGYZAERONAVIGATSIA (KYRGYZ REPUBLIC ANSP),,40.59798333333334,72.81340555555555
ils_dme,322,IOW,NAV CANADA,,45.31383266666666,-75.66681461111112
ils_gp,387,IOW,NAV CANADA,,45.31388547222222,-75.6668701388889
ils_loc,402,IOW,NAV CANADA,,45.32658991666667,-75.64169533333335
ils_dme,269,IPA,CYPRUS DEPARTMENT OF CIVIL AVIATION,,34.71387777777778,32.49493888888889
ils_gp,333,IPA,CYPRUS DEPARTMENT OF CIVIL AVIATION,,34.71387777777778,32.49493888888889
ils_loc,344,IPA,CYPRUS DEPARTMENT OF CIVIL AVIATION,,34.723280555555554,32.46799444444444
ils_gp,488,IPA,NAV CANADA,,53.21676302777778,-105.67968141666667
ils_loc,513,IPA,NAV CANADA,,53.21808752777778,-105.65326369444445
ils_dme,267,IPAL,ENAIRE,,39.55272222222222,2.7595
ils_gp,331,IPAL,ENAIRE,,39.552749999999996,2.7595
ils_loc,342,IPAL,ENAIRE,,39.53980555555555,2.728666666666667
ils_gp,39,IPD,BULATSA-BULGARIAN AIR TRAFFIC SERVICES AUTHORITY,,42.06375,24.860444444444447
ils_loc,39,IPD,BULATSA-BULGARIAN AIR TRAFFIC SERVICES AUTHORITY,,42.07630555555556,24.835916666666666
ils_gp,352,IPG,NAV CANADA,,49.89492358333333,-98.26748683333334
ils_loc,363,IPG,NAV CANADA,,49.909749999999995,-98.28776111111111
ils_dme,263,IPN,ENAIRE,,42.77780555555555,-1.6503055555555555
ils_gp,324,IPN,ENAIRE,,42.77780555555555,-1.6503055555555555
ils_loc,335,IPN,ENAIRE,,42.75930555555556,-1.6385
ils_dme,350,IPR,NAV CANADA,,54.29066944444444,-130.45066666666665
ils_gp,439,IPR,NAV CANADA,,54.29066152777778,-130.45066094444442
ils_loc,461,IPR,NAV CANADA,,54.276585,-130.43612630555555
ils_dme,243,IPT,KAZAERONAVIGATSIA RSE,,54.778166666666664,69.20236111111112
ils_gp,302,IPT,KAZAERONAVIGATSIA RSE,,54.778166666666664,69.20236111111112
ils_loc,313,IPT,KAZAERONAVIGATSIA RSE,,54.76675,69.15305555555557
ils_gp,5,IPTK,EUROCONTROL NMOC,,42.66563555555555,-83.42923944444445
ils_loc,5,IPTK,EUROCONTROL NMOC,,42.66552083333333,-83.40430722222223
ils_dme,253,IPW,KAZAERONAVIGATSIA RSE,,52.200472222222224,77.08455555555555
ils_gp,313,IPW,KAZAERONAVIGATSIA RSE,,52.200472222222224,77.08455555555555
ils_loc,324,IPW,KAZAERONAVIGATSIA RSE,,52.181805555555556,77.053
ils_dme,11,IQA,JORDAN CIVIL AVIATION REGULATORY COMMISSION,,31.71825833333333,36.01546111111111
ils_gp,21,IQA,JORDAN CIVIL AVIATION REGULATORY COMMISSION,,31.71825833333333,36.01546111111111
ils_loc,21,IQA,JORDAN CIVIL AVIATION REGULATORY COMMISSION,,31.71391111111111,35.977272222222226
ils_dme,8,IQAN,JORDAN CIVIL AVIATION REGULATORY COMMISSION,,31.728363888888886,35.97286388888889
ils_gp,18,IQAN,JORDAN CIVIL AVIATION REGULATORY COMMISSION,,31.728363888888886,35.97286388888889
ils_loc,18,IQAN,JORDAN CIVIL AVIATION REGULATORY COMMISSION,,31.732674999999997,36.01061111111111
ils_dme,9,IQAR,JORDAN CIVIL AVIATION REGULATORY COMMISSION,,31.73284722222222,36.00418055555556
ils_gp,19,IQAR,JORDAN CIVIL AVIATION REGULATORY COMMISSION,,31.73284722222222,36.00418055555556
ils_loc,19,IQAR,JORDAN CIVIL AVIATION REGULATORY COMMISSION,,31.72641388888889,35.96731944444445
ils_gp,452,IQB,NAV CANADA,,46.78532908333333,-71.40463969444446
ils_loc,476,IQB,NAV CANADA,,46.80172372222222,-71.3785186111111
ils_dme,330,IQG,NAV CANADA,,42.28111388888889,-82.9468138888889
ils_gp,401,IQG,NAV CANADA,,42.28115066666667,-82.94684216666667
ils_loc,419,IQG,NAV CANADA,,42.272914416666666,-82.97140991666667
ils_dme,351,IQH,NAV CANADA,,60.119027027777776,-128.83053436111112
ils_gp,440,IQH,NAV CANADA,,60.119078055555555,-128.8305689722222
ils_loc,462,IQH,NAV CANADA,,60.11412055555556,-128.8031031111111
ils_dme,19,IQL,AZERBAIJAN STATE CIVIL AVIATION ADMINISTRATION,,40.82175,47.723
ils_gp,31,IQL,AZERBAIJAN STATE CIVIL AVIATION ADMINISTRATION,,40.82175,47.723
ils_loc,31,IQL,AZERBAIJAN STATE CIVIL AVIATION ADMINISTRATION,,40.79122222222222,47.7305
ils_gp,417,IQL,NAV CANADA,,49.62370997222222,-112.81097986111111
ils_loc,439,IQL,NAV CANADA,,49.63089138888889,-112.78533486111111
ils_gp,453,IQM,NAV CANADA,,46.10905913888889,-64.66658719444445
ils_loc,477,IQM,NAV CANADA,,46.106756250000004,-64.6972025
ils_gp,179,IQQ,NAV CANADA,,49.71933611111111,-124.89683055555557
ils_loc,183,IQQ,NAV CANADA,,49.69940555555555,-124.86883055555555
ils_dme,107,IQR,AZERBAIJAN STATE CIVIL AVIATION ADMINISTRATION,,40.79669444444444,47.73052777777778
ils_gp,151,IQR,AZERBAIJAN STATE CIVIL AVIATION ADMINISTRATION,,40.79669444444444,47.73052777777778
ils_loc,154,IQR,AZERBAIJAN STATE CIVIL AVIATION ADMINISTRATION,,40.827083333333334,47.71966666666667
ils_gp,388,IQR,NAV CANADA,,50.43730436111111,-104.67067786111112
ils_loc,403,IQR,NAV CANADA,,50.42105,-104.6453505
ils_gp,421,IQT,NAV CANADA,,48.36988155555556,-89.33000030555556
ils_loc,443,IQT,NAV CANADA,,48.377602,-89.30198324999999
ils_gp,480,IQU,NAV CANADA,,55.17493975,-118.88126874999999
ils_loc,505,IQU,NAV CANADA,,55.19173994444444,-118.90738891666668
ils_dme,347,IQX,NAV CANADA,,48.95046380555556,-54.56037413888889
ils_gp,433,IQX,NAV CANADA,,48.92322844444444,-54.56532308333333
ils_loc,455,IQX,NAV CANADA,,48.95028125,-54.559301194444444
ils_gp,383,IQY,NAV CANADA,,46.156266555555554,-60.05912327777777
ils_loc,395,IQY,NAV CANADA,,46.168718388888884,-60.03842286111111
ils_dme,382,IRAT,DHMI TURKIYE,,41.18444444444444,40.86225
ils_gp,500,IRAT,DHMI TURKIYE,,41.18444444444444,40.86225
ils_loc,525,IRAT,DHMI TURKIYE,,41.17458333333333,40.828944444444446
ils_dme,340,IRB,NAV CANADA,,74.71119,-94.95983636111112
ils_gp,422,IRB,NAV CANADA,,74.71116977777778,-94.95995358333333
ils_loc,444,IRB,NAV CANADA,,74.733003,-94.98377641666667
ils_dme,356,IRD,NAV CANADA,,49.201962638888894,-123.16405525
ils_gp,459,IRD,NAV CANADA,,49.201989861111116,-123.16402461111112
ils_loc,483,IRD,NAV CANADA,,49.20548897222223,-123.20354844444445
dme,352,IRE,EUROCONTROL NMOC,ROENNE,55.0617194,14.7700611
dme,737,IRE,EUROCONTROL NMOC,REYKJAVIK,64.12655555555556,-21.93
ils_dme,363,IRF,NAV CANADA,,51.11288480555556,-113.98872441666667
ils_gp,473,IRF,NAV CANADA,,51.11282633333334,-113.98867947222222
ils_loc,497,IRF,NAV CANADA,,51.151728138888885,-113.99028625
ils_dme,123,IRG,KAZAERONAVIGATSIA RSE,,49.66372222222222,73.31908333333332
ils_gp,168,IRG,KAZAERONAVIGATSIA RSE,,49.663694444444445,73.31908333333332
ils_loc,172,IRG,KAZAERONAVIGATSIA RSE,,49.68427777777777,73.36652777777778
ils_dme,364,IRG,MOLDAVIAN AIR TRAFFIC SERVICE PROVIDER (MOLDATSA),,46.92641666666666,28.912027777777777
ils_gp,475,IRG,MOLDAVIAN AIR TRAFFIC SERVICE PROVIDER (MOLDATSA),,46.92641666666666,28.912027777777777
ils_loc,499,IRG,MOLDAVIAN AIR TRAFFIC SERVICE PROVIDER (MOLDATSA),,46.92833333333333,28.95786111111111
ils_dme,35,IRK,EUROCONTROL NMOC,,64.13361111111112,-21.94077777777778
ils_gp,48,IRK,EUROCONTROL NMOC,,64.1336388888889,-21.940916666666666
ils_loc,49,IRK,EUROCONTROL NMOC,,64.12069444444444,-21.935944444444445
vortac,300,IRK,EUROCONTROL NMOC,KIRKSVILLE,40.135017777777776,-92.59171472222222
ils_dme,130,IRM,AIRWAYS CORPORATION OF NEW ZEALAND LTD,,-40.20480555555556,175.37694444444446
ils_gp,176,IRM,AIRWAYS CORPORATION OF NEW ZEALAND LTD,,-40.20477777777778,175.37694444444446
ils_loc,180,IRM,AIRWAYS CORPORATION OF NEW ZEALAND LTD,,-40.209583333333335,175.40030555555555
ils_dme,306,IRM,ENAIRE,,37.809805555555556,-1.1142222222222222
ils_gp,371,IRM,ENAIRE,,37.809805555555556,-1.1142222222222222
ils_loc,383,IRM,ENAIRE,,37.79172222222222,-1.1394166666666667
ils_gp,108,IRO,UKRAINIAN STATE AIR TRAFFIC SERVICES ENTERPRISE,,48.03597222222222,33.204750000000004
ils_loc,110,IRO,UKRAINIAN STATE AIR TRAFFIC SERVICES ENTERPRISE,,48.063805555555554,33.21080555555556
ils_gp,438,IRP,NAV CANADA,,45.31134655555555,-75.65927208333333
ils_loc,460,IRP,NAV CANADA,,45.32987219444445,-75.69172791666666
ils_dme,165,IRR,ENAIRE,,28.939611111111113,-13.609666666666666
ils_gp,219,IRR,ENAIRE,,28.939527777777776,-13.609583333333333
ils_loc,223,IRR,ENAIRE,,28.9565,-13.598833333333333
ils_dme,265,IRR,ROMATSA - ROMANIAN AIR TRAFFIC SERVICES ADMINISTRATION,,44.58069444444445,26.123833333333334
ils_gp,329,IRR,ROMATSA - ROMANIAN AIR TRAFFIC SERVICES ADMINISTRATION,,44.58063888888889,26.12388888888889
ils_loc,340,IRR,ROMATSA - ROMANIAN AIR TRAFFIC SERVICES ADMINISTRATION,,44.576233333333334,26.078994444444444
ils_dme,229,IRS,ENAIRE,,41.15011111111111,1.1801944444444445
ils_gp,285,IRS,ENAIRE,,41.15,1.1802777777777778
ils_loc,296,IRS,ENAIRE,,41.142833333333336,1.1515
ils_gp,469,IRW,NAV CANADA,,43.690457499999994,-79.64231055555557
ils_loc,493,IRW,NAV CANADA,,43.665443805555554,-79.6075626111111
ils_dme,378,ISAB,DHMI TURKIYE,,40.89279444444444,29.296422222222223
ils_gp,496,ISAB,DHMI TURKIYE,,40.892805555555555,29.296361111111114
ils_loc,521,ISAB,DHMI TURKIYE,,40.90475,29.326055555555556
ils_dme,292,ISAN,DHMI TURKIYE,,37.46008333333334,38.91008333333333
ils_gp,358,ISAN,DHMI TURKIYE,,37.46008333333334,38.91008333333333
ils_loc,369,ISAN,DHMI TURKIYE,,37.43275,38.88111111111111
ils_gp,454,ISB,NAV CANADA,,46.63059875,-80.79246308333333
ils_loc,478,ISB,NAV CANADA,,46.61465855555556,-80.80738261111111
ils_gp,515,ISB,ROMATSA - ROMANIAN AIR TRAFFIC SERVICES ADMINISTRATION,,45.78458333333333,24.098555555555553
ils_loc,541,ISB,ROMATSA - ROMANIAN AIR TRAFFIC SERVICES ADMINISTRATION,,45.78622222222222,24.06486111111111
ils_dme,219,ISBH,DHMI TURKIYE,,40.902027777777775,29.322583333333334
ils_gp,272,ISBH,DHMI TURKIYE,,40.902027777777775,29.322583333333334
ils_loc,283,ISBH,DHMI TURKIYE,,40.891527777777775,29.290166666666668
ils_dme,388,ISDP,DHMI TURKIYE,,42.02141666666667,35.0795
ils_gp,506,ISDP,DHMI TURKIYE,,42.02141666666667,35.0795
ils_loc,531,ISDP,DHMI TURKIYE,,42.01225,35.06066666666666
ils_dme,376,ISE,AIRNAV IRELAND,,52.69644444444444,-8.93975
ils_gp,494,ISE,AIRNAV IRELAND,,52.69644444444444,-8.93975
ils_loc,519,ISE,AIRNAV IRELAND,,52.712583333333335,-8.902277777777778
ils_dme,235,ISE,ENAIRE,,37.41675,-5.908722222222223
ils_gp,291,ISE,ENAIRE,,37.41675,-5.908722222222223
ils_loc,302,ISE,ENAIRE,,37.418,-5.872444444444445
ils_dme,30,ISF,BULATSA-BULGARIAN AIR TRAFFIC SERVICES AUTHORITY,,42.696416666666664,23.435805555555557
ils_gp,44,ISF,BULATSA-BULGARIAN AIR TRAFFIC SERVICES AUTHORITY,,42.696416666666664,23.435805555555557
ils_loc,44,ISF,BULATSA-BULGARIAN AIR TRAFFIC SERVICES AUTHORITY,,42.69794444444444,23.39225
ils_dme,240,ISGB,DHMI TURKIYE,,40.89652777777778,29.33758333333333
ils_gp,296,ISGB,DHMI TURKIYE,,40.89652777777778,29.33758333333333
ils_loc,307,ISGB,DHMI TURKIYE,,40.88361111111111,29.299222222222223
ils_dme,262,ISGN,DHMI TURKIYE,,40.88513888888889,29.30663888888889
ils_gp,323,ISGN,DHMI TURKIYE,,40.88513888888889,29.30663888888889
ils_loc,334,ISGN,DHMI TURKIYE,,40.9,29.34375
ils_dme,167,ISI,KAZAERONAVIGATSIA RSE,,50.03066666666667,82.50805555555556
ils_gp,222,ISI,KAZAERONAVIGATSIA RSE,,50.03066666666667,82.50805555555556
ils_loc,226,ISI,KAZAERONAVIGATSIA RSE,,50.04716666666666,82.47454733333333
ils_dme,230,ISJ,ENAIRE,,37.76877777777778,-0.8178333333333333
ils_gp,286,ISJ,ENAIRE,,37.76877777777778,-0.8178333333333333
ils_loc,297,ISJ,ENAIRE,,37.78344444444444,-0.8011666666666667
ils_gp,403,ISJ,NAV CANADA,,45.3165615,-65.88466272222223
ils_loc,421,ISJ,NAV CANADA,,45.30014733333333,-65.89670461111112
ils_dme,118,ISK,KAZAERONAVIGATSIA RSE,,51.14516666666667,51.53286111111111
ils_gp,163,ISK,KAZAERONAVIGATSIA RSE,,51.14516666666667,51.53286111111111
ils_loc,167,ISK,KAZAERONAVIGATSIA RSE,,51.16363888888889,51.56758333333334
ils_dme,10,ISL,BULATSA-BULGARIAN AIR TRAFFIC SERVICES AUTHORITY,,42.698361111111105,23.40361111111111
ils_gp,20,ISL,BULATSA-BULGARIAN AIR TRAFFIC SERVICES AUTHORITY,,42.698361111111105,23.40361111111111
ils_loc,20,ISL,BULATSA-BULGARIAN AIR TRAFFIC SERVICES AUTHORITY,,42.69488888888888,23.443305555555554
ils_gp,118,ISM,ROMATSA - ROMANIAN AIR TRAFFIC SERVICES ADMINISTRATION,,47.71141666666667,22.88986111111111
ils_loc,120,ISM,ROMATSA - ROMANIAN AIR TRAFFIC SERVICES ADMINISTRATION,,47.68991666666666,22.881055555555555
dme,981,ISN,EUROCONTROL NMOC,SWIDWIN,53.78872222,15.83988889
vor_dme,994,ISN,EUROCONTROL NMOC,ESFAHAN,32.746972222222226,51.828027777777784
ils_dme,207,ISNK,DHMI TURKIYE,,37.37027777777778,42.04644444444444
ils_gp,262,ISNK,DHMI TURKIYE,,37.37027777777778,42.04644444444444
ils_loc,270,ISNK,DHMI TURKIYE,,37.35808333333333,42.07555555555556
ils_dme,140,ISO,ENAIRE,,42.88816666666666,-8.411027777777779
ils_gp,190,ISO,ENAIRE,,42.88816666666666,-8.41088888888889
ils_loc,194,ISO,ENAIRE,,42.91305555555555,-8.42075
ils_dme,325,ISO,NAV CANADA,,47.623956138888886,-52.74071552777778
ils_gp,392,ISO,NAV CANADA,,47.624003083333335,-52.740722166666664
ils_loc,408,ISO,NAV CANADA,,47.62354063888889,-52.77336175
ils_dme,128,ISP,KAZAERONAVIGATSIA RSE,,50.351258333333334,80.24591666666667
ils_gp,173,ISP,KAZAERONAVIGATSIA RSE,,50.351258333333334,80.24591666666667
ils_loc,177,ISP,KAZAERONAVIGATSIA RSE,,50.34966666666667,80.20394444444445
dme,253,ISPA,EUROCONTROL NMOC,SPANGDAHLEM,49.98468889,6.70903333
dme,342,ISPA,EUROCONTROL NMOC,SKRYDSTRUP,55.2192611,9.286525
ils_dme,213,ISPT,DHMI TURKIYE,,37.86644444444445,30.383777777777777
ils_loc,276,ISPT,DHMI TURKIYE,,37.86644444444445,30.383777777777777
ils_dme,28,ISR,ENAIRE,,37.77961111111111,-0.8045
ils_gp,42,ISR,ENAIRE,,37.77961111111111,-0.8044777777777778
ils_loc,42,ISR,ENAIRE,,37.766083333333334,-0.8236083333333333
ils_dme,223,ISR,NAV CANADA,,57.26884836111111,-110.97408269444445
ils_gp,276,ISR,NAV CANADA,,57.26884838888889,-110.97415897222223
ils_loc,287,ISR,NAV CANADA,,57.28829727777777,-110.97666702777778
ils_gp,471,IST,NAV CANADA,,52.179187416666664,-106.71359230555557
ils_loc,495,IST,NAV CANADA,,52.17355191666667,-106.67644508333333
ils_dme,202,ISTR,DHMI TURKIYE,,37.98266666666667,41.852333333333334
ils_loc,265,ISTR,DHMI TURKIYE,,37.98266666666667,41.852333333333334
ils_dme,204,ISUR,DHMI TURKIYE,,37.43727777777777,38.884388888888886
ils_gp,260,ISUR,DHMI TURKIYE,,37.43727777777777,38.884388888888886
ils_loc,267,ISUR,DHMI TURKIYE,,37.46344444444445,38.91569444444444
ils_dme,166,ISUR,ENAIRE,,28.047694444444446,-16.560277777777777
ils_gp,220,ISUR,ENAIRE,,28.047694444444446,-16.560277777777777
ils_loc,224,ISUR,ENAIRE,,28.038194444444446,-16.5905
ils_dme,236,ISV,ENAIRE,,37.41686111111111,-5.878472222222222
ils_gp,292,ISV,ENAIRE,,37.41686111111111,-5.878472222222222
ils_loc,303,ISV,ENAIRE,,37.41786111111111,-5.915638888888889
ils_dme,246,ISV,ROMATSA - ROMANIAN AIR TRAFFIC SERVICES ADMINISTRATION,,47.6815,26.354944444444445
ils_gp,305,ISV,ROMATSA - ROMANIAN AIR TRAFFIC SERVICES ADMINISTRATION,,47.68147222222222,26.355055555555555
ils_loc,316,ISV,ROMATSA - ROMANIAN AIR TRAFFIC SERVICES ADMINISTRATION,,47.69983333333333,26.348499999999998
ils_dme,183,ISVS,DHMI TURKIYE,,39.80038888888889,36.899138888888885
ils_gp,241,ISVS,DHMI TURKIYE,,39.80038888888889,36.899138888888885
ils_loc,245,ISVS,DHMI TURKIYE,,39.832750000000004,36.91141666666667
ils_dme,394,ISW,AIRNAV IRELAND,,52.70891666666667,-8.91325
ils_gp,513,ISW,AIRNAV IRELAND,,52.70891666666667,-8.91325
ils_loc,538,ISW,AIRNAV IRELAND,,52.6915,-8.947055555555556
ils_dme,211,ITA,KAZAERONAVIGATSIA RSE,,43.855222222222224,51.10461111111111
ils_gp,266,ITA,KAZAERONAVIGATSIA RSE,,43.855222222222224,51.10461111111111
ils_loc,274,ITA,KAZAERONAVIGATSIA RSE,,43.871833333333335,51.065416666666664
ils_dme,199,ITBZ,DHMI TURKIYE,,40.99925,39.77908333333333
ils_gp,256,ITBZ,DHMI TURKIYE,,40.99922222222222,39.77908333333333
ils_loc,262,ITBZ,DHMI TURKIYE,,40.98983333333334,39.80658333333333
ils_gp,119,ITC,ROMATSA - ROMANIAN AIR TRAFFIC SERVICES ADMINISTRATION,,45.05649444444444,28.718
ils_loc,121,ITC,ROMATSA - ROMANIAN AIR TRAFFIC SERVICES ADMINISTRATION,,45.07421111111111,28.710905555555556
ils_dme,136,ITF,ENAIRE,,28.47772222222222,-16.329583333333332
ils_gp,185,ITF,ENAIRE,,28.47772222222222,-16.329583333333332
ils_loc,189,ITF,ENAIRE,,28.48927777777778,-16.361555555555558
ils_dme,336,ITF,NAV CANADA,,48.50389722222222,-71.62976666666665
ils_loc,432,ITF,NAV CANADA,,48.50487888888889,-71.62912316666666
ils_gp,389,ITH,NAV CANADA,,55.79870947222222,-97.87168541666666
ils_loc,404,ITH,NAV CANADA,,55.80683225,-97.84139247222221
ils_dme,23,ITJA,ENAIRE,,40.50661111111111,-3.4353611111111113
ils_gp,36,ITJA,ENAIRE,,40.50673144444445,-3.4352961944444447
ils_loc,36,ITJA,ENAIRE,,40.47864877777778,-3.4682661111111113
ils_dme,291,ITK,KAZAERONAVIGATSIA RSE,,43.316833333333335,68.56452777777777
ils_gp,357,ITK,KAZAERONAVIGATSIA RSE,,43.316833333333335,68.56452777777777
ils_loc,368,ITK,KAZAERONAVIGATSIA RSE,,43.30016666666666,68.52836111111111
ils_dme,222,ITKA,DHMI TURKIYE,,40.32255555555556,36.377805555555554
ils_gp,275,ITKA,DHMI TURKIYE,,40.32255555555556,36.377805555555554
ils_loc,286,ITKA,DHMI TURKIYE,,40.32994444444445,36.40841666666667
ils_dme,17,ITL,ENAIRE,,38.88625,-6.809888888888889
ils_gp,28,ITL,ENAIRE,,38.88625,-6.809916666666666
ils_loc,28,ITL,ENAIRE,,38.900277777777774,-6.8373888888888885
ils_dme,355,ITL,NAV CANADA,,49.205621138888894,-123.1962965
ils_gp,458,ITL,NAV CANADA,,49.20566691666667,-123.19630219444444
ils_loc,482,ITL,NAV CANADA,,49.199454527777775,-123.15062005555556
ils_dme,271,ITM,KYRGYZAERONAVIGATSIA (KYRGYZ REPUBLIC ANSP),,42.582861111111114,76.68276666666667
ils_gp,335,ITM,KYRGYZAERONAVIGATSIA (KYRGYZ REPUBLIC ANSP),,42.582861111111114,76.68276666666667
ils_loc,346,ITM,KYRGYZAERONAVIGATSIA (KYRGYZ REPUBLIC ANSP),,42.59195277777778,76.73173888888888
ils_gp,113,ITM,ROMATSA - ROMANIAN AIR TRAFFIC SERVICES ADMINISTRATION,,46.46511111111111,24.4045
ils_loc,115,ITM,ROMATSA - ROMANIAN AIR TRAFFIC SERVICES ADMINISTRATION,,46.47086111111111,24.428694444444446
dme,505,ITO,EUROCONTROL NMOC,PALERMO/PUNTA RAISI,38.18146758,13.09223861
vortac,86,ITO,EUROCONTROL NMOC,HILO,19.721350555555553,-155.01095416666666
ils_dme,335,ITO,NAV CANADA,,43.67036241666666,-79.63429697222223
ils_gp,408,ITO,NAV CANADA,,43.67036241666666,-79.63429697222223
ils_loc,429,ITO,NAV CANADA,,43.68814758333333,-79.65544683333334
ils_dme,228,ITR,AIR NAVIGATION SERVICES OF ALBANIA,,41.42419444444444,19.720777777777776
ils_gp,281,ITR,AIR NAVIGATION SERVICES OF ALBANIA,,41.42422222222222,19.72075
ils_loc,292,ITR,AIR NAVIGATION SERVICES OF ALBANIA,,41.39958333333333,19.722583333333333
ils_dme,290,ITR,KAZAERONAVIGATSIA RSE,,43.30325,68.53730555555555
ils_gp,356,ITR,KAZAERONAVIGATSIA RSE,,43.30325,68.53730555555555
ils_loc,367,ITR,KAZAERONAVIGATSIA RSE,,43.3235,68.57522222222222
ils_gp,518,ITR,NAV CANADA,,44.125416666666666,-77.52069444444444
ils_loc,544,ITR,NAV CANADA,,44.10881666666667,-77.54554166666667
ils_gp,112,ITR,ROMATSA - ROMANIAN AIR TRAFFIC SERVICES ADMINISTRATION,,45.80452222222222,21.354408333333335
ils_loc,114,ITR,ROMATSA - ROMANIAN AIR TRAFFIC SERVICES ADMINISTRATION,,45.81641666666666,21.311666666666667
ils_dme,300,ITRB,DHMI TURKIYE,,41.00055555555556,39.772
ils_loc,377,ITRB,DHMI TURKIYE,,41.00055555555556,39.772
ils_dme,153,ITS,ENAIRE,,28.039333333333335,-16.58363888888889
ils_gp,206,ITS,ENAIRE,,28.039333333333335,-16.583613888888888
ils_loc,210,ITS,ENAIRE,,28.050805555555556,-16.554305555555555
ils_gp,423,ITS,NAV CANADA,,48.56585575,-81.37861161111111
ils_loc,445,ITS,NAV CANADA,,48.580922361111114,-81.36869697222221
ils_gp,299,ITS,ROMATSA - ROMANIAN AIR TRAFFIC SERVICES ADMINISTRATION,,45.815194444444444,21.32086111111111
ils_loc,310,ITS,ROMATSA - ROMANIAN AIR TRAFFIC SERVICES ADMINISTRATION,,45.80381111111111,21.361841666666667
ils_dme,133,ITU,KAZAERONAVIGATSIA RSE,,50.23708333333333,57.21611111111111
ils_gp,180,ITU,KAZAERONAVIGATSIA RSE,,50.23708333333333,57.21611111111111
ils_loc,184,ITU,KAZAERONAVIGATSIA RSE,,50.26241666666667,57.180277777777775
ils_gp,182,ITV,NAV CANADA,,48.331130944444446,-71.01265505555556
ils_loc,186,ITV,NAV CANADA,,48.33166630555556,-70.97175533333333
ils_gp,467,ITX,NAV CANADA,,43.67723272222222,-79.66161991666667
ils_loc,491,ITX,NAV CANADA,,43.69586705555555,-79.63252408333332
ils_dme,116,ITY,KAZAERONAVIGATSIA RSE,,47.13075,51.81088888888888
ils_gp,161,ITY,KAZAERONAVIGATSIA RSE,,47.13075,51.81088888888888
ils_loc,165,ITY,KAZAERONAVIGATSIA RSE,,47.105444444444444,51.83422222222222
ils_dme,331,ITZ,NAV CANADA,,43.627322222222226,-79.39950833333334
ils_gp,404,ITZ,NAV CANADA,,43.627322722222225,-79.39950969444445
ils_loc,422,ITZ,NAV CANADA,,43.62972736111111,-79.3900666388889
ils_dme,190,ITZK,DHMI TURKIYE,,38.77786111111111,34.52275
ils_gp,247,ITZK,DHMI TURKIYE,,38.77786111111111,34.52275
ils_loc,252,ITZK,DHMI TURKIYE,,38.76461111111111,34.552611111111105
ils_dme,77,IUCA,DHMI TURKIYE,,41.26808333333333,28.705916666666667
ils_gp,100,IUCA,DHMI TURKIYE,,41.26808333333333,28.705916666666667
ils_loc,102,IUCA,DHMI TURKIYE,,41.301472222222216,28.706694444444445
ils_dme,71,IUCB,DHMI TURKIYE,,41.296194444444446,28.70536111111111
ils_gp,92,IUCB,DHMI TURKIYE,,41.296194444444446,28.70536111111111
ils_loc,94,IUCB,DHMI TURKIYE,,41.26197222222222,28.707472222222222
ils_dme,270,IUCC,DHMI TURKIYE,,41.26536111111111,28.75808333333333
ils_gp,334,IUCC,DHMI TURKIYE,,41.26536111111111,28.75808333333333
ils_loc,345,IUCC,DHMI TURKIYE,,41.29266666666666,28.756138888888888
ils_dme,102,IUCD,DHMI TURKIYE,,41.28736111111111,28.757666666666665
ils_gp,143,IUCD,DHMI TURKIYE,,41.28736111111111,28.757666666666665
ils_loc,146,IUCD,DHMI TURKIYE,,41.259388888888886,28.75675
ils_dme,87,IUCE,DHMI TURKIYE,,41.26522222222222,28.726249999999997
ils_gp,120,IUCE,DHMI TURKIYE,,41.26522222222222,28.726249999999997
ils_loc,122,IUCE,DHMI TURKIYE,,41.30169444444444,28.726999999999997
ils_dme,83,IUCF,DHMI TURKIYE,,41.29636111111111,28.725666666666665
ils_gp,114,IUCF,DHMI TURKIYE,,41.29636111111111,28.725666666666665
ils_loc,116,IUCF,DHMI TURKIYE,,41.259055555555555,28.727805555555555
ils_dme,354,IUL,NAV CANADA,,45.464088833333335,-73.76325308333334
ils_gp,456,IUL,NAV CANADA,,45.46403355555556,-73.76323880555556
ils_loc,480,IUL,NAV CANADA,,45.48531391666667,-73.73325411111111
ils_dme,117,IUR,KAZAERONAVIGATSIA RSE,,51.15708333333333,51.557111111111105
ils_gp,162,IUR,KAZAERONAVIGATSIA RSE,,51.15708333333333,51.557111111111105
ils_loc,166,IUR,KAZAERONAVIGATSIA RSE,,51.14022222222222,51.51986111111111
ils_dme,315,IUS,KAZAERONAVIGATSIA RSE,,50.04308333333333,82.48516666666667
ils_gp,381,IUS,KAZAERONAVIGATSIA RSE,,50.04308333333333,82.48516666666667
ils_loc,393,IUS,KAZAERONAVIGATSIA RSE,,50.022999999999996,82.51827777777778
ils_dme,333,IUY,NAV CANADA,,48.21117619444445,-78.81817069444445
ils_loc,425,IUY,NAV CANADA,,48.211724888888895,-78.81861252777777
ils_dme,31,IVAN,DHMI TURKIYE,,38.479083333333335,43.34297222222222
ils_loc,45,IVAN,DHMI TURKIYE,,38.479083333333335,43.34297222222222
ils_dme,137,IVC,ENAIRE,,39.484861111111115,-0.4731666666666667
ils_gp,186,IVC,ENAIRE,,39.484861111111115,-0.4731666666666667
ils_loc,190,IVC,ENAIRE,,39.498472222222226,-0.5056666666666667
ils_dme,225,IVD,ENAIRE,,41.71319444444445,-4.84075
ils_gp,278,IVD,ENAIRE,,41.71319444444445,-4.84075
ils_loc,289,IVD,ENAIRE,,41.69541666666667,-4.866944444444445
ils_dme,345,IVL,NAV CANADA,,53.672935249999995,-113.84335677777777
ils_gp,431,IVL,NAV CANADA,,53.672960027777776,-113.84332180555555
ils_loc,453,IVL,NAV CANADA,,53.6743445,-113.86701686111111
ils_gp,509,IVO,NAV CANADA,,48.06423211111111,-77.7840555
ils_loc,534,IVO,NAV CANADA,,48.037935527777776,-77.77826519444444
ils_gp,487,IVP,NAV CANADA,,58.087653555555555,-68.43541205555556
ils_loc,512,IVP,NAV CANADA,,58.098028722222224,-68.41495002777778
ils_gp,10,IVQM,EUROCONTROL NMOC,,42.40837861111111,-83.00814805555555
ils_loc,10,IVQM,EUROCONTROL NMOC,,42.419286944444444,-83.0175625
ils_dme,342,IVR,NAV CANADA,,49.18825422222222,-123.20074227777778
ils_gp,425,IVR,NAV CANADA,,49.18827783333333,-123.20074186111111
ils_loc,447,IVR,NAV CANADA,,49.18397238888888,-123.15411936111111
ils_dme,36,IWD,AIRNAV IRELAND,,52.18877777777777,-7.083888888888889
ils_gp,49,IWD,AIRNAV IRELAND,,52.18977777777778,-7.08725
ils_loc,50,IWD,AIRNAV IRELAND,,52.177527777777776,-7.093
ils_gp,419,IWG,NAV CANADA,,49.89842591666667,-97.24282969444444
ils_loc,441,IWG,NAV CANADA,,49.929646388888884,-97.23387138888889
ils_dme,400,IWI,AIRWAYS CORPORATION OF NEW ZEALAND LTD,,-36.79544444444444,174.62483333333333
ils_gp,520,IWI,AIRWAYS CORPORATION OF NEW ZEALAND LTD,,-36.79544444444444,174.62486111111113
ils_loc,546,IWI,AIRWAYS CORPORATION OF NEW ZEALAND LTD,,-36.784689888888884,174.63982299999998
ils_dme,358,IWK,NAV CANADA,,52.918516527777776,-66.86018544444444
ils_gp,462,IWK,NAV CANADA,,52.91850047222222,-66.86025330555555
ils_loc,486,IWK,NAV CANADA,,52.93182558333333,-66.87005455555555
ils_dme,12,IWN,BULATSA-BULGARIAN AIR TRAFFIC SERVICES AUTHORITY,,43.23411111111111,27.813194444444445
ils_gp,22,IWN,BULATSA-BULGARIAN AIR TRAFFIC SERVICES AUTHORITY,,43.23416666666667,27.813055555555557
ils_loc,22,IWN,BULATSA-BULGARIAN AIR TRAFFIC SERVICES AUTHORITY,,43.23027777777778,27.843333333333334
ils_gp,231,IWN,EUROCONTROL NMOC,,49.23766666666667,28.62375
ils_loc,235,IWN,EUROCONTROL NMOC,,49.25713888888889,28.5935
ils_dme,401,IWP,AIRWAYS CORPORATION OF NEW ZEALAND LTD,,-36.78744444444444,174.6379722222222
ils_gp,521,IWP,AIRWAYS CORPORATION OF NEW ZEALAND LTD,,-36.78747222222222,174.6379722222222
ils_loc,547,IWP,AIRWAYS CORPORATION OF NEW ZEALAND LTD,,-36.79664177777778,174.62013375
ils_dme,327,IXC,NAV CANADA,,49.61834833333334,-115.78092219444444
ils_gp,395,IXC,NAV CANADA,,49.61835327777778,-115.78084161111111
ils_loc,411,IXC,NAV CANADA,,49.599425805555555,-115.78176997222222
ils_gp,449,IXJ,NAV CANADA,,56.23257741666667,-120.73437138888889
ils_loc,471,IXJ,NAV CANADA,,56.24898547222222,-120.76087858333334
ils_dme,323,IXS,NAV CANADA,,53.89620277777778,-122.67191111111111
ils_gp,391,IXS,NAV CANADA,,53.89622630555556,-122.67175625
ils_loc,406,IXS,NAV CANADA,,53.86604425,-122.66138647222223
ils_dme,359,IXT,NAV CANADA,,54.46089444444445,-128.58788611111112
ils_gp,463,IXT,NAV CANADA,,54.46088094444445,-128.58795858333335
ils_loc,487,IXT,NAV CANADA,,54.48145644444445,-128.59109186111112
ils_gp,415,IXU,NAV CANADA,,43.041013888888884,-81.15651944444446
ils_loc,437,IXU,NAV CANADA,,43.02243055555555,-81.13618333333334
ils_gp,441,IXX,NAV CANADA,,49.01793416666666,-122.37606905555555
ils_loc,463,IXX,NAV CANADA,,49.02116627777778,-122.3378871111111
ils_dme,360,IXY,NAV CANADA,,60.70427030555556,-135.0609176111111
ils_gp,464,IXY,NAV CANADA,,60.70424397222222,-135.06078508333334
ils_loc,488,IXY,NAV CANADA,,60.72612916666667,-135.0800463888889
ils_gp,412,IYB,NAV CANADA,,46.35965163888889,-79.43944838888889
ils_loc,434,IYB,NAV CANADA,,46.36991205555556,-79.40280586111112
ils_dme,318,IYC,NAV CANADA,,51.09923713888889,-114.02295433333333
ils_gp,385,IYC,NAV CANADA,,51.099237888888894,-114.02300633333333
ils_loc,397,IYC,NAV CANADA,,51.135283361111114,-114.0213195
ils_dme,346,IYE,NAV CANADA,,58.83435,-122.61248333333333
ils_gp,432,IYE,NAV CANADA,,58.83433736111111,-122.61242747222222
ils_loc,454,IYE,NAV CANADA,,58.842538222222224,-122.58415697222222
ils_dme,282,IYEN,DHMI TURKIYE,,40.25991666666667,29.575277777777778
ils_gp,346,IYEN,DHMI TURKIYE,,40.25991666666667,29.575277777777778
ils_loc,357,IYEN,DHMI TURKIYE,,40.25136111111111,29.541416666666667
ils_dme,324,IYF,NAV CANADA,,49.45256072222222,-119.60376327777777
ils_loc,407,IYF,NAV CANADA,,49.45267255555556,-119.60265575
ils_gp,446,IYG,NAV CANADA,,46.282718527777774,-63.12831722222222
ils_loc,468,IYG,NAV CANADA,,46.30089458333333,-63.12256527777778
ils_gp,465,IYJ,NAV CANADA,,48.64850466666667,-123.41595677777778
ils_loc,489,IYJ,NAV CANADA,,48.65233169444444,-123.44209952777778
ils_dme,241,IYL,KAZAERONAVIGATSIA RSE,,42.847055555555556,71.30947222222223
ils_gp,300,IYL,KAZAERONAVIGATSIA RSE,,42.847055555555556,71.30947222222223
ils_loc,311,IYL,KAZAERONAVIGATSIA RSE,,42.869305555555556,71.28327777777778
ils_dme,344,IYQ,NAV CANADA,,58.748097083333334,-94.08169158333332
ils_gp,429,IYQ,NAV CANADA,,58.72458438888889,-94.06181466666666
ils_loc,451,IYQ,NAV CANADA,,58.74853302777778,-94.08057541666666
ils_gp,191,IYR,NAV CANADA,,53.30659166666666,-60.44464444444444
ils_loc,195,IYR,NAV CANADA,,53.32270555555556,-60.402541666666664
ils_gp,427,IYT,NAV CANADA,,47.6233485,-52.750543666666665
ils_loc,449,IYT,NAV CANADA,,47.609982361111115,-52.73152175
ils_gp,414,IYZ,NAV CANADA,,43.692331777777774,-79.63962913888889
ils_loc,436,IYZ,NAV CANADA,,43.67171880555555,-79.66758961111111
ils_gp,111,IZA,UKRAINIAN STATE AIR TRAFFIC SERVICES ENTERPRISE,,47.858916666666666,35.31202777777777
ils_loc,113,IZA,UKRAINIAN STATE AIR TRAFFIC SERVICES ENTERPRISE,,47.8855,35.3265
ils_dme,184,IZCA,DHMI TURKIYE,,41.49805555555556,32.08583333333333
ils_gp,242,IZCA,DHMI TURKIYE,,41.49805555555556,32.08583333333333
ils_loc,246,IZCA,DHMI TURKIYE,,41.51508333333334,32.086555555555556
ils_gp,479,IZF,NAV CANADA,,62.45520063888889,-114.4388321388889
ils_loc,504,IZF,NAV CANADA,,62.47467838888889,-114.44416077777778
ils_dme,52,IZFE,DHMI TURKIYE,,39.103722222222224,30.139694444444444
ils_gp,71,IZFE,DHMI TURKIYE,,39.103722222222224,30.139694444444444
ils_loc,72,IZFE,DHMI TURKIYE,,39.12163888888889,30.115250000000003
ils_dme,51,IZFR,DHMI TURKIYE,,39.117694444444446,30.11916666666667
ils_gp,70,IZFR,DHMI TURKIYE,,39.117694444444446,30.11916666666667
ils_loc,71,IZFR,DHMI TURKIYE,,39.10127777777778,30.145166666666665
ils_dme,227,IZG,AZERBAIJAN STATE CIVIL AVIATION ADMINISTRATION,,39.12189166666667,46.75133888888889
ils_gp,280,IZG,AZERBAIJAN STATE CIVIL AVIATION ADMINISTRATION,,39.12189166666667,46.75133888888889
ils_loc,291,IZG,AZERBAIJAN STATE CIVIL AVIATION ADMINISTRATION,,39.099383333333336,46.73201111111111
ils_dme,47,IZIR,DHMI TURKIYE,,40.069,32.555638888888886
ils_gp,65,IZIR,DHMI TURKIYE,,40.069,32.555638888888886
ils_loc,66,IZIR,DHMI TURKIYE,,40.09441666666667,32.578611111111115
ils_dme,73,IZK,AZERBAIJAN STATE CIVIL AVIATION ADMINISTRATION,,41.54797222222222,46.67319444444444
ils_gp,95,IZK,AZERBAIJAN STATE CIVIL AVIATION ADMINISTRATION,,41.54797222222222,46.67319444444444
ils_loc,97,IZK,AZERBAIJAN STATE CIVIL AVIATION ADMINISTRATION,,41.572611111111115,46.66180555555555
ils_dme,226,IZN,AZERBAIJAN STATE CIVIL AVIATION ADMINISTRATION,,39.103722222222224,46.73705
ils_gp,279,IZN,AZERBAIJAN STATE CIVIL AVIATION ADMINISTRATION,,39.103722222222224,46.73705
ils_loc,290,IZN,AZERBAIJAN STATE CIVIL AVIATION ADMINISTRATION,,39.126444444444445,46.75329166666667
ils_gp,409,IZP,NAV CANADA,,53.25719461111111,-131.81956958333333
ils_loc,430,IZP,NAV CANADA,,53.251534722222225,-131.80852061111113
ils_dme,84,IZP,UKRAINIAN STATE AIR TRAFFIC SERVICES ENTERPRISE,,47.87538888888889,35.31755555555556
ils_gp,115,IZP,UKRAINIAN STATE AIR TRAFFIC SERVICES ENTERPRISE,,47.87538888888889,35.31755555555556
ils_loc,117,IZP,UKRAINIAN STATE AIR TRAFFIC SERVICES ENTERPRISE,,47.85311111111111,35.30633333333333
ils_gp,62,IZR,GENERAL DEPARTMENT OF CIVIL AVIATION,,40.146094444444444,44.37713055555555
ils_loc,63,IZR,GENERAL DEPARTMENT OF CIVIL AVIATION,,40.147416666666665,44.42422222222222
ils_gp,470,IZT,NAV CANADA,,50.68508116666666,-127.36903788888888
ils_loc,494,IZT,NAV CANADA,,50.675915527777775,-127.35405591666667
ils_gp,410,IZV,NAV CANADA,,50.21749191666667,-66.27369852777778
ils_loc,431,IZV,NAV CANADA,,50.225034722222226,-66.2479738888889
ils_gp,192,IZX,NAV CANADA,,44.99062222222222,-64.90895
ils_loc,196,IZX,NAV CANADA,,44.97997222222222,-64.93711111111112
ils_gp,418,IZZ,NAV CANADA,,45.48189738888889,-73.74027372222223
ils_loc,440,IZZ,NAV CANADA,,45.4591695,-73.76748383333333
ils_dme,24,IZZA,ENAIRE,,41.65580555555555,-1.0121666666666667
ils_gp,37,IZZA,ENAIRE,,41.65579111111111,-1.0129548333333334
ils_loc,37,IZZA,ENAIRE,,41.67126180555555,-1.0449155
dme,1594,JAC,EUROCONTROL NMOC,JACKSON,43.6210375,-110.73168527777779
vor_dme,1666,JAC,EUROCONTROL NMOC,JACKSON,43.6210375,-110.73168527777779
vor_dme,2706,JAC,EUROCONTROL NMOC,JACAREACANGA,-6.235833333333334,-57.77055555555555
ils_gp,127,JAI,AIR TRAFFIC AND NAVIGATION SERVICES COMPANY LIMITED (ATNS),,-26.13775,28.257722222222224
ils_loc,130,JAI,AIR TRAFFIC AND NAVIGATION SERVICES COMPANY LIMITED (ATNS),,-26.167916666666667,28.24713888888889
ils_dme,91,JBI,AIR TRAFFIC AND NAVIGATION SERVICES COMPANY LIMITED (ATNS),,-26.114841666666667,28.245358333333336
ils_gp,126,JBI,AIR TRAFFIC AND NAVIGATION SERVICES COMPANY LIMITED (ATNS),,-26.114841666666667,28.245358333333336
ils_loc,129,JBI,AIR TRAFFIC AND NAVIGATION SERVICES COMPANY LIMITED (ATNS),,-26.151008333333333,28.23291944444444
dme,1431,JBL,EUROCONTROL NMOC,BALKANABAT,39.65657222222222,54.213947222222224
vor_dme,53,JBL,EUROCONTROL NMOC,JUBAIL,27.012,49.41202777777777
vor_dme,2741,JBL,EUROCONTROL NMOC,BALKANABAT,39.65657222222222,54.213947222222224
dme,1062,JBT,EUROCONTROL NMOC,TAITUNG/FONGNIAN,22.70911111111111,121.09430555555555
tacan,131,JBT,EUROCONTROL NMOC,OMURA,32.92583333333333,129.9322222222222
dme,1070,JDG,EUROCONTROL NMOC,JEDONG (JEJU),33.39216666666667,126.71447222222223
vor_dme,1135,JDG,EUROCONTROL NMOC,JEDONG (JEJU),33.39216666666667,126.71447222222223
vor_dme,2624,JDG,EUROCONTROL NMOC,JIAODONG,36.37833333333333,120.06666666666666
dme,313,JDW,EUROCONTROL NMOC,JIAOBEI,36.330000000000005,119.97666666666667
vortac,66,JDW,EUROCONTROL NMOC,JEDDAH / KING ABDULAZIZ INTERNATIONAL,21.712305555555556,39.123111111111115
vortac,511,JDW,EUROCONTROL NMOC,JIAOBEI,36.330000000000005,119.97666666666667
ils_gp,134,JNI,AIR TRAFFIC AND NAVIGATION SERVICES COMPANY LIMITED (ATNS),,-26.16275,28.25
ils_loc,137,JNI,AIR TRAFFIC AND NAVIGATION SERVICES COMPANY LIMITED (ATNS),,-26.132666666666665,28.258027777777777
ils_gp,133,JSI,AIR TRAFFIC AND NAVIGATION SERVICES COMPANY LIMITED (ATNS),,-26.142833333333332,28.234166666666667
ils_loc,136,JSI,AIR TRAFFIC AND NAVIGATION SERVICES COMPANY LIMITED (ATNS),,-26.104666666666667,28.24727777777778
dme,1600,JXN,FAA LOADER (EAD SP),JACKSON,42.25923972222222,-84.45854944444444
vor,194,JXN,FAA LOADER (EAD SP),JACKSON,42.25923972222222,-84.45854944444444
dme,353,KA,EUROCONTROL NMOC,KASTRUP,55.6216389,12.641625
dme,1166,KA,EUROCONTROL NMOC,YAROSLAVL/TUNOSHNA,57.5625,40.17355555555555
dme,1433,KA,EUROCONTROL NMOC,KASESE,0.175925,30.10208888888889
vor_dme,1465,KA,EUROCONTROL NMOC,KARRATHA,-20.715083333333332,116.77394444444444
vor_dme,2739,KA,EUROCONTROL NMOC,KASESE,0.17584166666666665,30.10195277777778
dme,571,KAD,EUROCONTROL NMOC,KADIS,60.14700278,25.08107222
dme,830,KAD,EUROCONTROL NMOC,KALDE,33.80741638888889,35.48598166666667
vortac,21,KAD,EUROCONTROL NMOC,KALDE,33.80741638888889,35.48598166666667
vortac,87,KAD,EUROCONTROL NMOC,KADENA,26.356711111111114,127.7685361111111
dme,1403,KAM,EUROCONTROL NMOC,KAMISHLY,37.016666666666666,41.20530555555556
vortac,67,KAM,EUROCONTROL NMOC,KHAMIS MUSHAIT / KING KHALED AIR BASE,18.307805555555557,42.812305555555554
vortac,475,KAM,EUROCONTROL NMOC,KAMISHLY,37.016666666666666,41.20530555555556
dme,1346,KAT,EUROCONTROL NMOC,KATUNAYAKE,7.161255555555556,79.86850833333332
vor_dme,2187,KAT,EUROCONTROL NMOC,KATSINA,13.031694444444446,7.68525
vor_dme,2409,KAT,EUROCONTROL NMOC,KATUNAYAKE,7.161255555555556,79.86850833333332
dme,801,KCE,EUROCONTROL NMOC,KOBE,34.63099444444445,135.22845833333332
vor,245,KCE,EUROCONTROL NMOC,KOBE,34.63099444444445,135.22845833333332
dme,572,KE,EUROCONTROL NMOC,KEMI-TORNIO,65.78985833,24.58235556
dme,1168,KE,EUROCONTROL NMOC,KEDROVY,57.56388888888888,79.57833333333333
dme,1298,KE,EUROCONTROL NMOC,KOSICE,48.65238286,21.23534297
ils_dme,3,KEE,HUNGAROCONTROL,,46.914427777777775,19.760905555555556
ils_gp,13,KEE,HUNGAROCONTROL,,46.914427777777775,19.760905555555556
ils_loc,13,KEE,HUNGAROCONTROL,,46.925288888888886,19.731502777777777
tacan,107,KER,EUROCONTROL NMOC,KERMAN,30.2645,56.95836111111112
vor_dme,1817,KER,EUROCONTROL NMOC,KERMAN,30.282805555555555,56.94230555555555
ils_dme,4,KEW,HUNGAROCONTROL,,46.923408333333334,19.74038888888889
ils_gp,14,KEW,HUNGAROCONTROL,,46.923408333333334,19.74038888888889
ils_loc,14,KEW,HUNGAROCONTROL,,46.910041666666665,19.76612777777778
tacan,81,KFK,DHMI TURKIYE,AFYON,38.72113888888889,30.612805555555557
vor_dme,1001,KFK,DHMI TURKIYE,AFYON,38.804138888888886,30.546833333333336
dme,847,KFR,EUROCONTROL NMOC,KUFRA,24.1539,23.307816666666668
vor_dme,172,KFR,EUROCONTROL NMOC,KUFRA,24.1539,23.307816666666668
vor_dme,1002,KFR,EUROCONTROL NMOC,WAFRA,28.620833333333334,47.95805555555556
dme,738,KFV,EUROCONTROL NMOC,KEFLAVIK,63.982888888888894,-22.61513888888889
vortac,501,KFV,EUROCONTROL NMOC,KEFLAVIK,63.982888888888894,-22.61513888888889
dme,1170,KG,EUROCONTROL NMOC,KRASNAYA GORBATKA,55.86805555555556,41.784166666666664
vor_dme,1467,KG,EUROCONTROL NMOC,KALGOORLIE,-30.789833333333334,121.45277777777778
dme,462,KHG,EUROCONTROL NMOC,EL KHARGA,25.44838888888889,30.590805555555555
dme,772,KHG,EUROCONTROL NMOC,KHARK ISLAND,29.26388888888889,50.316861111111116
vor_dme,218,KHG,EUROCONTROL NMOC,EL KHARGA,25.44838888888889,30.590805555555555
vor_dme,410,KHG,EUROCONTROL NMOC,KASHI,39.54666666666667,76.02333333333333
vor_dme,1004,KHG,EUROCONTROL NMOC,KHARK ISLAND,29.26388888888889,50.316861111111116
dme,951,KIS,EUROCONTROL NMOC,KISHI,9.091444444444445,3.829638888888889
vor_dme,1006,KIS,EUROCONTROL NMOC,KISH ISLAND,26.525166666666667,53.96241666666667
vor_dme,2253,KIS,EUROCONTROL NMOC,KISHI,9.091444444444445,3.829638888888889
dme,858,KLP,EUROCONTROL NMOC,KLAIPEDA,55.715583333333335,21.243722222222225
dme,1172,KLP,EUROCONTROL NMOC,KOLPASHEVO,58.3525,82.92472222222223
vor_dme,2656,KLP,EUROCONTROL NMOC,KOLPASHEVO,58.3525,82.92472222222223
vor_dme,2723,KLP,EUROCONTROL NMOC,KOLHAPUR,16.659188888888888,74.27612222222223
vor_dme,2766,KLP,EUROCONTROL NMOC,KLAIPEDA,55.715583333333335,21.243722222222225
tacan,191,KMC,EUROCONTROL NMOC,KING SAUD AIR BASE,27.880583333333334,45.55569444444444
vortac,70,KMC,EUROCONTROL NMOC,KING SAUD AIR BASE,27.880583333333334,45.55569444444444
vortac,91,KMC,EUROCONTROL NMOC,KOMATSU,36.39646944444444,136.40425277777777
dme,987,KMI,EUROCONTROL NMOC,KMIECIN,54.20153867,19.14460094
vor,13,KMI,EUROCONTROL NMOC,KALEMIE,-5.866666666666667,29.25
dme,1173,KMN,EUROCONTROL NMOC,KAMYSHIN,50.05333333333333,45.374722222222225
vor_dme,2469,KMN,EUROCONTROL NMOC,KAIMANA / UTAROM,-3.6419722222222224,133.69458333333333
dme,1348,KNA,EUROCONTROL NMOC,KENANA,13.027977777777778,32.906441666666666
vor_dme,174,KNA,EUROCONTROL NMOC,KENANA,13.027977777777778,32.906441666666666
vor_dme,411,KNA,EUROCONTROL NMOC,KAUNAS,54.96038888888889,24.06641666666667
dme,748,KND,EUROCONTROL NMOC,KANDLA,23.111475000000002,70.10385833333332
vor_dme,2237,KND,EUROCONTROL NMOC,KRASNODAR/PASHKOVSKIY,45.02097222222222,39.164
dme,578,KO,EUROCONTROL NMOC,KUUSAMO,65.99218889,29.22285
dme,1174,KO,EUROCONTROL NMOC,KARMANOVO,55.833333333333336,34.85944444444445
dme,718,KOS,EUROCONTROL NMOC,KOS,36.790616666666665,27.09128611111111
vor_dme,632,KOS,EUROCONTROL NMOC,KOS,36.790616666666665,27.09128611111111
vor_dme,2398,KOS,EUROCONTROL NMOC,SIHANOUK,10.589666666666668,103.64216666666667
tacan,209,KPS,EUROCONTROL NMOC,KAMPHAENG SAEN,14.100227777777777,99.91215833333334
vor_dme,1142,KPS,EUROCONTROL NMOC,KAMPHAENG SAEN,14.165752777777778,99.95431111111111
dme,122,KR,EUROCONTROL NMOC,KIRKENES,69.72680311,29.90829036
dme,358,KR,EUROCONTROL NMOC,KARUP,56.2963028,9.1195139
dme,811,KRD,EUROCONTROL NMOC,KARDLA,58.99208333,22.83097222
dme,1175,KRD,EUROCONTROL NMOC,KALININGRAD/KHRABROVO,54.893277777777776,20.59961111111111
vor_dme,1011,KRD,EUROCONTROL NMOC,KHORAM ABAD,33.434194444444444,48.29186111111111
vor_dme,2178,KRD,EUROCONTROL NMOC,KALININGRAD/KHRABROVO,54.893277777777776,20.59961111111111
dme,1176,KRG,EUROCONTROL NMOC,KARGOPOL,61.50888888888889,38.914722222222224
vor_dme,2364,KRG,EUROCONTROL NMOC,KORHOGO,9.372480583333333,-5.644300222222221
dme,1177,KRH,EUROCONTROL NMOC,KERCH,45.309999999999995,36.44305555555555
vor_dme,636,KRH,EUROCONTROL NMOC,KARLSRUHE,48.99294356,8.58423586
tacan,117,KRK,EUROCONTROL NMOC,KIRKUK,35.471183333333336,44.34781666666667
vor_dme,637,KRK,EUROCONTROL NMOC,KERKIRA,39.44385833333333,20.072775
dme,988,KRN,EUROCONTROL NMOC,KARNICE,51.94631464,20.44460664
vor_dme,2382,KRN,EUROCONTROL NMOC,KIRENSK,57.77194444444444,108.0675
dme,545,KRS,EUROCONTROL NMOC,KURESSAARE,58.22833333,22.51536111
dme,1432,KRS,EUROCONTROL NMOC,TURKMENBASHI,40.04026111111111,53.011161111111115
vor_dme,413,KRS,EUROCONTROL NMOC,KRASNOYARSK,56.163,92.53616666666666
vor_dme,414,KRS,EUROCONTROL NMOC,TURKMENBASHI,40.04026111111111,53.011161111111115
tacan,210,KRT,EUROCONTROL NMOC,KHORAT,14.935,102.07272222222223
vor_dme,1144,KRT,EUROCONTROL NMOC,KHORAT,14.917305555555554,102.13980555555557
tacan,109,KSH,EUROCONTROL NMOC,KERMANSHAH,34.31111111111111,47.02777777777778
vor_dme,2714,KSH,EUROCONTROL NMOC,KUSHINAGAR,26.77908611111111,83.88794444444446
ils_dme,96,KSI,AIR TRAFFIC AND NAVIGATION SERVICES COMPANY LIMITED (ATNS),,-33.962583333333335,18.60225
ils_gp,136,KSI,AIR TRAFFIC AND NAVIGATION SERVICES COMPANY LIMITED (ATNS),,-33.962583333333335,18.60225
ils_loc,139,KSI,AIR TRAFFIC AND NAVIGATION SERVICES COMPANY LIMITED (ATNS),,-33.99013888888889,18.60966666666667
dme,1299,KSM,EUROCONTROL NMOC,MAROVKA,48.59843564,21.42944872
vor_dme,1145,KSM,EUROCONTROL NMOC,SEOUL,37.44841666666667,127.11155555555555
tacan,237,KSR,DHMI TURKIYE,KAYSERI,38.76358333333334,35.47752777777778
vor_dme,1012,KSR,DHMI TURKIYE,KAYSERI,38.775638888888885,35.52194444444444
dme,905,KTG,EUROCONTROL NMOC,KENG TUNG,21.306483333333333,99.63
dme,1063,KTG,EUROCONTROL NMOC,HENGCHUN,22.04377777777778,120.73058333333333
vor_dme,2504,KTG,EUROCONTROL NMOC,KENG TUNG,21.306483333333333,99.63
vor_dme,2595,KTG,EUROCONTROL NMOC,KETAPANG/RAHADI OESMAN,-1.8165277777777777,109.96563888888889
dme,1349,KTM,EUROCONTROL NMOC,KHARTOUM,15.566091666666667,32.553377777777776
vor_dme,178,KTM,EUROCONTROL NMOC,KHARTOUM,15.566091666666667,32.553377777777776
vor_dme,1013,KTM,EUROCONTROL NMOC,KATHMANDU,27.67361111111111,85.34861111111111
dme,1404,KTN,EUROCONTROL NMOC,PALMYRA,34.2132835,37.26420866666667
vor_dme,1014,KTN,EUROCONTROL NMOC,PALMYRA,34.2132835,37.26420866666667
vor_dme,2366,KTN,EUROCONTROL NMOC,CHITA,52.024388888888886,113.30797222222222
dme,714,KTS,GEORGIAN AIR NAVIGATION - SAKAERONAVIGATSIA LTD,DME,42.17572222,42.48480556
vor,102,KTS,GEORGIAN AIR NAVIGATION - SAKAERONAVIGATSIA LTD,DVOR,42.17572222,42.48480556
dme,1178,KU,EUROCONTROL NMOC,SKURATOVO,53.57333333333334,37.055
dme,1179,KU,EUROCONTROL NMOC,BIYSK,52.46472222222223,85.41388888888889
dme,1180,KU,EUROCONTROL NMOC,KURGAN,55.47552777777778,65.40861111111111
vor_dme,1469,KU,EUROCONTROL NMOC,KUNUNURRA,-15.775472222222223,128.7087222222222
vor_dme,180,KUA,EUROCONTROL NMOC,KADUNA,10.596055555555557,7.447472222222222
vor_dme,1015,KUA,EUROCONTROL NMOC,KUWAIT,29.249166666666667,47.95472222222222
dme,359,KV,EUROCONTROL NMOC,ROSKILDE,55.5877528,12.1192333
vor_dme,181,KV,EUROCONTROL NMOC,KILIMANJARO,-3.4280530555555555,37.10644
dme,1460,KWL,EUROCONTROL NMOC,KIRKWALL,58.959672222222224,-2.8939472222222222
vor_dme,418,KWL,EUROCONTROL NMOC,GUILIN,25.193333333333335,110.03833333333333
vor_dme,640,KWL,EUROCONTROL NMOC,KIRKWALL,58.959672222222224,-2.8939472222222222
dme,886,LA,EUROCONTROL NMOC,NAMEST DME 30,49.1600889,16.1329194
vor_dme,1016,LA,EUROCONTROL NMOC,LAHORE,31.51935,74.40001388888889
dme,212,LAA,EUROCONTROL NMOC,LAPA-PR,-25.77861111111111,-49.763333333333335
vor_dme,1873,LAA,EUROCONTROL NMOC,LAMAR,38.19709194444444,-102.68753222222223
tacan,58,LAG,EUROCONTROL NMOC,LAAGE,53.91986167,12.28641833
vor_dme,182,LAG,EUROCONTROL NMOC,LAGOS,6.707611111111111,3.327444444444444
ils_dme,94,LAI,AIR TRAFFIC AND NAVIGATION SERVICES COMPANY LIMITED (ATNS),,-25.94713888888889,27.91863888888889
ils_gp,130,LAI,AIR TRAFFIC AND NAVIGATION SERVICES COMPANY LIMITED (ATNS),,-25.947166666666668,27.91863888888889
ils_loc,133,LAI,AIR TRAFFIC AND NAVIGATION SERVICES COMPANY LIMITED (ATNS),,-25.929055555555557,27.938555555555556
dme,509,LAM,EUROCONTROL NMOC,LAMEZIA,38.90236925,16.25463967
dme,1461,LAM,EUROCONTROL NMOC,LAMBOURNE,51.646025,0.15170277777777777
vor_dme,642,LAM,EUROCONTROL NMOC,LAMBOURNE,51.646025,0.15170277777777777
vor_dme,2039,LAM,EUROCONTROL NMOC,LAMERD,27.372833333333332,53.183972222222216
dme,552,LAP,EUROCONTROL NMOC,LA PRAZ,46.67624778,6.41323194
dme,876,LAP,EUROCONTROL NMOC,LA PAZ,24.085602777777776,-110.3586611111111
vor_dme,835,LAP,EUROCONTROL NMOC,LA PAZ,24.085602777777776,-110.3586611111111
vor_dme,1314,LAP,EUROCONTROL NMOC,LAPA,-13.264722222222222,-43.408055555555556
dme,774,LAR,EUROCONTROL NMOC,LAR,27.675194444444447,54.415194444444445
vor_dme,76,LAR,EUROCONTROL NMOC,LA RIOJA,-29.388613888888887,-66.80354722222222
vor_dme,2065,LAR,EUROCONTROL NMOC,LAR,27.675194444444447,54.415194444444445
dme,823,LBN,EUROCONTROL NMOC,TRAKSHI,56.7733333,26.3522222
dme,1185,LBN,EUROCONTROL NMOC,CHELYABINSK/BALANDINO,55.30697222222222,61.51763888888889
vor_dme,422,LBN,EUROCONTROL NMOC,CHELYABINSK/BALANDINO,55.30697222222222,61.51763888888889
vor_dme,423,LBN,EUROCONTROL NMOC,LAIBIN,23.763333333333332,109.14666666666668
dme,213,LBR,EUROCONTROL NMOC,LABREA,-7.282162722222222,-64.77160544444445
vor_dme,1974,LBR,EUROCONTROL NMOC,LILABARI,27.293602777777778,94.09792499999999
tacan,59,LCH,EUROCONTROL NMOC,LECHFELD,48.19043,10.85899111
vortac,312,LCH,EUROCONTROL NMOC,LAKE CHARLES,30.14151361111111,-93.10556916666665
ils_dme,245,LCO,ENAIRE,,43.306805555555556,-8.374361111111112
ils_gp,304,LCO,ENAIRE,,43.306805555555556,-8.374361111111112
ils_loc,315,LCO,ENAIRE,,43.2905,-8.38675
tacan,136,LHT,EUROCONTROL NMOC,HAMAMATSU,34.74735277777778,137.71005833333334
vor_dme,2359,LHT,EUROCONTROL NMOC,ERENHOT,43.413333333333334,112.12666666666667
dme,327,LIB,EUROCONTROL NMOC,LIBERIA,10.594183694444444,-85.5463516111111
vortac,17,LIB,EUROCONTROL NMOC,LIBERIA,10.594183694444444,-85.5463516111111
vortac,320,LIB,EUROCONTROL NMOC,LIBERTY,35.81162138888889,-79.61259194444443
dme,511,LIN,EUROCONTROL NMOC,LINATE,45.46145139,9.27438611
dme,991,LIN,EUROCONTROL NMOC,LININ,51.93281389,21.1586225
dme,1603,LIN,EUROCONTROL NMOC,LINDEN,38.074580555555556,-121.00385805555555
vor_dme,646,LIN,EUROCONTROL NMOC,LINATE,45.46123628,9.27526986
vor_dme,1876,LIN,EUROCONTROL NMOC,LINDEN,38.074580555555556,-121.00385805555555
vor_dme,2073,LIN,EUROCONTROL NMOC,LINLI,29.353333333333335,111.64833333333334
vor_dme,23,LJA,EUROCONTROL NMOC,LODJA,-3.4166666666666665,23.45
vor_dme,2783,LJA,EUROCONTROL NMOC,LIJIANG,26.773333333333333,100.27333333333333
dme,1309,LJB,EUROCONTROL NMOC,LJUBLJANA,46.215672222222224,14.470650000000001
vor_dme,2025,LJB,EUROCONTROL NMOC,WANCHANG,43.77333333333333,125.85166666666666
dme,1186,LKN,EUROCONTROL NMOC,LESHUKONSKOE,64.89222222222223,45.72638888888889
vor_dme,1020,LKN,EUROCONTROL NMOC,LUCKNOW,26.758602777777778,80.89444722222223
vor_dme,2316,LKN,EUROCONTROL NMOC,LESHUKONSKOE,64.89222222222223,45.72638888888889
dme,314,LLC,EUROCONTROL NMOC,LAOLIANGCANG,28.06833333333333,112.20833333333334
vortac,9,LLC,EUROCONTROL NMOC,LAOLIANGCANG,28.06833333333333,112.20833333333334
vortac,323,LLC,EUROCONTROL NMOC,LOVELOCK,40.1252625,-118.57759555555555
tacan,160,LLR,LATVIJAS GAISA SATIKSME,LIELVARDE,56.7589722,24.8493333
vor,271,LLR,LATVIJAS GAISA SATIKSME,LIELVARDE,56.7589722,24.8493333
dme,1187,LM,EUROCONTROL NMOC,CHAPAYEVO,56.225833333333334,73.92861111111111
dme,1420,LM,EUROCONTROL NMOC,LOME / GNASSINGBE EYADEMA,6.184083333333334,1.2687777777777778
vor_dme,41,LM,EUROCONTROL NMOC,LAJES,38.7839278,-27.1043889
vor_dme,187,LM,EUROCONTROL NMOC,LOME / GNASSINGBE EYADEMA,6.184083333333334,1.2687777777777778
vor_dme,1470,LM,EUROCONTROL NMOC,LEARMONTH,-22.234833333333334,114.09413888888888
ils_dme,67,LM,MALTA ATS,,35.83603611111111,14.501463888888889
ils_gp,88,LM,MALTA ATS,,35.83611388888889,14.501627777777777
ils_loc,90,LM,MALTA ATS,,35.859386111111114,14.475152777777778
dme,440,LND,EUROCONTROL NMOC,SCHKEUDITZ NORD,51.43431398,12.22570673
vor_dme,651,LND,EUROCONTROL NMOC,LAND'S END,50.13626111111111,-5.636961111111111
dme,58,LNZ,AUSTRO CONTROL GMBH,LINZ,48.2296915,14.10331864
vor,136,LNZ,AUSTRO CONTROL GMBH,LINZ,48.22971153,14.10315469
dme,306,LOA,EUROCONTROL NMOC,CALAMA,-22.501944444444444,-68.87555555555555
vortac,25,LOA,EUROCONTROL NMOC,CALAMA,-22.501944444444444,-68.87555555555555
vortac,326,LOA,EUROCONTROL NMOC,LEONA,31.1240175,-95.9679561111111
dme,1119,LOB,EUROCONTROL NMOC,LOB,53.22760556,5.76517222
tacan,211,LOB,EUROCONTROL NMOC,LOP BURI,14.876202777777777,100.65985833333333
dme,315,LON,EUROCONTROL NMOC,LONGZHOU,22.35666666666667,106.86833333333333
dme,1462,LON,EUROCONTROL NMOC,LONDON,51.48724722222222,-0.4665388888888889
vor_dme,653,LON,EUROCONTROL NMOC,LONDON,51.48724722222222,-0.4665388888888889
vor_dme,1321,LON,EUROCONTROL NMOC,LONDRINA,-23.339444444444442,-51.112500000000004
vor_dme,2344,LON,EUROCONTROL NMOC,LONGZHOU,22.35666666666667,106.86833333333333
dme,581,LP,EUROCONTROL NMOC,LAPPEENRANTA,61.04231389,28.12804444
dme,1189,LP,EUROCONTROL NMOC,CHULKOVO,55.55277777777778,38.035555555555554
ils_dme,66,LQ,MALTA ATS,,35.85368888888889,14.480355555555557
ils_gp,87,LQ,MALTA ATS,,35.85376111111111,14.48023888888889
ils_loc,89,LQ,MALTA ATS,,35.83349722222223,14.507230555555555
dme,441,LRD,EUROCONTROL NMOC,LAHR,48.36414292,7.82751781
vortac,327,LRD,EUROCONTROL NMOC,LAREDO,27.47873722222222,-99.4176788888889
dme,656,LT,SERVICE DE LINFORMATION AERONAUTIQUE,NOUMEA LA TONTOUTA,-22.007919444444443,166.2035
ils_dme,147,LT,SERVICE DE LINFORMATION AERONAUTIQUE,,50.52151388888889,1.6144083333333334
ils_gp,200,LT,SERVICE DE LINFORMATION AERONAUTIQUE,,-22.007919444444443,166.203475
ils_loc,204,LT,SERVICE DE LINFORMATION AERONAUTIQUE,,-22.023841666666666,166.22953055555556
dme,877,LTO,EUROCONTROL NMOC,LORETO,25.980655555555554,-111.34952777777778
vor_dme,839,LTO,EUROCONTROL NMOC,LORETO,25.980655555555554,-111.34952777777778
vor_dme,1472,LTO,EUROCONTROL NMOC,NOUMEA LA TONTOUTA,-22.005444444444443,166.21166666666664
dme,1324,LTV,EUROCONTROL NMOC,MAKHADO (MIL),-23.158530555555554,29.68643888888889
vor_dme,1323,LTV,EUROCONTROL NMOC,LATACUNGA,-0.9258055555555555,-78.61716666666666
ils_gp,145,LWI,AIR TRAFFIC AND NAVIGATION SERVICES COMPANY LIMITED (ATNS),,-32.96151944444445,18.16809166666667
ils_loc,148,LWI,AIR TRAFFIC AND NAVIGATION SERVICES COMPANY LIMITED (ATNS),,-32.981794444444446,18.165980555555553
vor_dme,1883,LYH,EUROCONTROL NMOC,LYNCHBURG,37.254576944444445,-79.23638055555556
vor_dme,2481,LYH,EUROCONTROL NMOC,LIUYANG,28.393333333333334,113.34333333333333
dme,1191,MA,EUROCONTROL NMOC,MIKHAYLOVKA,55.06861111111112,57.05
vor_dme,1473,MA,EUROCONTROL NMOC,MOUNT ISA,-20.66461111111111,139.48563888888887
ils_dme,377,MAA,ENAIRE,,40.46588888888889,-3.5548055555555553
ils_gp,495,MAA,ENAIRE,,40.46588888888889,-3.5548055555555553
ils_loc,520,MAA,ENAIRE,,40.486694444444446,-3.5778888888888885
dme,894,MAG,EUROCONTROL NMOC,MANDALGOBI,45.744166666666665,106.26555555555555
vor_dme,661,MAG,EUROCONTROL NMOC,MAGDEBURG,51.99498889,11.79430556
dme,775,MAH,EUROCONTROL NMOC,BANDAR MAHSHAHR,30.556361111111112,49.14947222222222
vor_dme,662,MAH,EUROCONTROL NMOC,MAISACH,48.26342953,11.31192461
vor_dme,1025,MAH,EUROCONTROL NMOC,BANDAR MAHSHAHR,30.556361111111112,49.14947222222222
dme,756,MAK,EUROCONTROL NMOC,MAKASSAR/SULTAN HASANUDDIN,-5.052388888888888,119.56702777777777
dme,776,MAK,EUROCONTROL NMOC,MAKU,39.18838888888889,44.94269444444444
dme,903,MAK,EUROCONTROL NMOC,MARRAKECH / MENARA,31.612750000000002,-8.103027777777777
vor_dme,195,MAK,EUROCONTROL NMOC,MARRAKECH / MENARA,31.612750000000002,-8.103027777777777
vor_dme,196,MAK,EUROCONTROL NMOC,MARSA ALAM,25.583055555555557,34.56722222222223
vor_dme,2202,MAK,EUROCONTROL NMOC,MAKASSAR/SULTAN HASANUDDIN,-5.052388888888888,119.56702777777777
vor_dme,2500,MAK,EUROCONTROL NMOC,MAKU,39.18838888888889,44.94269444444444
ils_dme,151,MAO,ENAIRE,,39.86925,4.2187777777777775
ils_gp,204,MAO,ENAIRE,,39.86925,4.2187777777777775
ils_loc,208,MAO,ENAIRE,,39.84975,4.216
dme,582,MAR,EUROCONTROL NMOC,MARIE,60.14098611,19.91442778
dme,1310,MAR,EUROCONTROL NMOC,MARIBOR,46.471922222222226,15.691547222222223
vor_dme,1828,MAR,EUROCONTROL NMOC,MARACAIBO,10.58136111111111,-71.71469444444445
dme,31,MAS,AIR TRAFFIC CONTROL - THE NETHERLANDS (LVNL),MAASTRICHT,50.97194167,5.96042778
vor,138,MAS,AIR TRAFFIC CONTROL - THE NETHERLANDS (LVNL),MAASTRICHT,50.97194167,5.96042778
dme,813,MAV,EUROCONTROL NMOC,MANDERA,3.940277777777778,41.86416666666667
vor_dme,2248,MAV,EUROCONTROL NMOC,MANDERA,3.940277777777778,41.86416666666667
vor_dme,2606,MAV,EUROCONTROL NMOC,MAUN,-19.990372222222224,23.38881111111111
ils_dme,368,MBB,ENAIRE,,40.47616666666667,-3.5372777777777777
ils_gp,484,MBB,ENAIRE,,40.47625,-3.537138888888889
ils_loc,509,MBB,ENAIRE,,40.497055555555555,-3.5600555555555555
dme,1465,MCT,EUROCONTROL NMOC,MANCHESTER,53.357025,-2.262288888888889
vor_dme,664,MCT,EUROCONTROL NMOC,MANCHESTER,53.357025,-2.262288888888889
vor_dme,1026,MCT,EUROCONTROL NMOC,MUSCAT,23.59112222222222,58.260133333333336
dme,215,MDI,EUROCONTROL NMOC,MORRO DA IGREJA,-28.12611111111111,-49.47666666666667
vor_dme,1027,MDI,EUROCONTROL NMOC,MADURAI,9.830961111111112,78.09013888888889
tacan,239,MEN,DHMI TURKIYE,ADNAN MENDERES,38.298138888888886,27.157444444444444
vor_dme,1028,MEN,DHMI TURKIYE,IZMIR,38.29508333333333,27.158749999999998
dme,49,MER,EUROCONTROL NMOC,MERIMBULA,-36.91452777777778,149.89927777777777
vor_dme,1329,MER,EUROCONTROL NMOC,MERCADERES,1.7888888888888888,-77.15138888888889
dme,129,MES,AVINOR ORGANISATION FOR EAD,MESNALI,61.09979311,10.64278331
vor,140,MES,AVINOR ORGANISATION FOR EAD,MESNALI,61.09987467,10.64266606
dme,344,MF,EUROCONTROL NMOC,VAGAR,62.0593778,-7.2650194
vor,15,MF,EUROCONTROL NMOC,MAMFE,5.705694444444444,9.303944444444445
dme,1275,MGA,EUROCONTROL NMOC,MAGALA,26.28888888888889,47.206944444444446
vor_dme,843,MGA,EUROCONTROL NMOC,MANAGUA,12.139712805555556,-86.17420786111111
vor_dme,1029,MGA,EUROCONTROL NMOC,MAGALA,26.28888888888889,47.206944444444446
dme,1193,MGR,EUROCONTROL NMOC,MAGNITOGORSK,53.40427777777778,58.757583333333336
vor_dme,430,MGR,EUROCONTROL NMOC,MAGNITOGORSK,53.40427777777778,58.757583333333336
vor_dme,2683,MGR,EUROCONTROL NMOC,ESSAOUIRA / MOGADOR,31.39662222222222,-9.684558333333333
dme,1618,MGW,FAA LOADER (EAD SP),MORGANTOWN,39.556715277777776,-79.86041222222222
vor,227,MGW,FAA LOADER (EAD SP),MORGANTOWN,39.556715277777776,-79.86041222222222
dme,130,MH,EUROCONTROL NMOC,MEHAMN,71.02631356,27.82424181
dme,1194,MH,EUROCONTROL NMOC,MIKHAYLOVSK,56.44305555555555,59.12888888888889
dme,906,MIA,EUROCONTROL NMOC,MANDALAY INTL,21.711588888888887,95.97922222222222
vor_dme,1161,MIA,EUROCONTROL NMOC,MANDALAY INTL,21.711588888888887,95.97922222222222
vor_dme,1476,MIA,EUROCONTROL NMOC,MILDURA,-34.22519444444445,142.07727777777777
dme,1466,MID,EUROCONTROL NMOC,MIDHURST,51.05395277777777,-0.6250027777777778
vor_dme,668,MID,EUROCONTROL NMOC,MIDHURST,51.05395277777777,-0.6250027777777778
vor_dme,844,MID,EUROCONTROL NMOC,MERIDA,20.938047222222224,-89.65622222222223
dme,757,MIL,EUROCONTROL NMOC,SORONG/DOMINE EDWARD OSOK,-0.8962222222222221,131.28977777777777
vor_dme,669,MIL,EUROCONTROL NMOC,MILOS,36.747508333333336,24.519455555555556
vor_dme,2102,MIL,EUROCONTROL NMOC,SORONG/DOMINE EDWARD OSOK,-0.8962222222222221,131.28977777777777
dme,848,MIS,EUROCONTROL NMOC,MISRATA,32.31444444444444,15.077777777777778
vortac,5,MIS,EUROCONTROL NMOC,MISRATA,32.31444444444444,15.077777777777778
vortac,97,MIS,EUROCONTROL NMOC,MISAWA,40.70382222222222,141.38110833333334
dme,1195,MK,EUROCONTROL NMOC,MALKA,53.32611111111112,157.53555555555556
dme,1383,MK,EUROCONTROL NMOC,KRISTIANSTAD,55.92897222,14.08519444
vor_dme,1477,MK,EUROCONTROL NMOC,MACKAY,-21.173000000000002,149.18722222222223
dme,802,MKE,EUROCONTROL NMOC,MUKAWA,42.55500555555555,141.95563055555556
vor_dme,1162,MKE,EUROCONTROL NMOC,MUKAWA,42.55500555555555,141.95563055555556
vor_dme,1478,MKE,EUROCONTROL NMOC,MERAUKE/MOPAH,-8.522611111111113,140.4171111111111
dme,907,MKN,EUROCONTROL NMOC,MYITKYINA,25.387655555555554,97.35854444444443
vor_dme,671,MKN,EUROCONTROL NMOC,MIKONOS,37.44025833333333,25.344516666666667
vor_dme,2420,MKN,EUROCONTROL NMOC,MYITKYINA,25.387655555555554,97.35854444444443
vor_dme,24,MKS,EUROCONTROL NMOC,MEKNES,33.87703055555556,-5.515030555555556
vor_dme,1479,MKS,EUROCONTROL NMOC,MAKASSAR/SULTAN HASANUDDIN,-5.0377777777777775,119.52616666666667
dme,131,ML,EUROCONTROL NMOC,MOLDE,62.74274969,7.25559175
vor_dme,1480,ML,EUROCONTROL NMOC,MELBOURNE,-37.66013888888889,144.842
dme,1302,MLD,EUROCONTROL NMOC,MOLDAVA,48.59306533,20.99637394
dme,1621,MLD,EUROCONTROL NMOC,MALAD CITY,42.19990027777777,-112.451235
vor_dme,202,MLD,EUROCONTROL NMOC,MALINDI,-3.2335361111111114,40.102608333333336
vor_dme,1690,MLD,EUROCONTROL NMOC,MALAD CITY,42.19990027777777,-112.451235
dme,512,MLP,EUROCONTROL NMOC,MILANO/MALPENSA,45.61877239,8.73888922
vor_dme,1691,MLP,EUROCONTROL NMOC,MULLAN PASS,47.45690305555556,-115.646045
tacan,139,MLT,EUROCONTROL NMOC,MINAMI TORISHIMA,24.289444444444445,153.9775
vor_dme,431,MLT,EUROCONTROL NMOC,DONGMULANTOU,20.151666666666664,110.67333333333333
dme,1623,MML,EUROCONTROL NMOC,MARSHALL,44.44841222222222,-95.82476194444445
vor_dme,1031,MML,EUROCONTROL NMOC,MANGALURU,12.951619444444443,74.88546111111111
vor_dme,1693,MML,EUROCONTROL NMOC,MARSHALL,44.44841222222222,-95.82476194444445
dme,952,MNA,EUROCONTROL NMOC,MINNA,9.669166666666666,6.479555555555556
vor_dme,204,MNA,EUROCONTROL NMOC,EL GOLEA,30.558547222222224,2.8616583333333336
vor_dme,2043,MNA,EUROCONTROL NMOC,MINNA,9.669166666666666,6.479555555555556
dme,443,MND,EUROCONTROL NMOC,MANNHEIM,49.47063947,8.51598061
vor_dme,2435,MND,EUROCONTROL NMOC,MUNDRA,22.838025,69.77428333333333
tacan,240,MNI,DHMI TURKIYE,MERZIFON,40.82530555555556,35.50980555555556
vor_dme,2176,MNI,DHMI TURKIYE,MERZIFON,40.8215,35.51294444444444
dme,1197,MNO,EUROCONTROL NMOC,SABETTA,71.20591666666667,71.97925000000001
vor_dme,1481,MNO,EUROCONTROL NMOC,MANADO/SAM RATULANGI,1.5551388888888888,124.92788888888889
vor_dme,2428,MNO,EUROCONTROL NMOC,SABETTA,71.20591666666667,71.97925000000001
dme,218,MNS,EUROCONTROL NMOC,MANAUS,-3.0400277777777776,-60.05475
vor_dme,434,MNS,EUROCONTROL NMOC,MINSK-2,53.88444444444444,28.02063888888889
vor_dme,2138,MNS,EUROCONTROL NMOC,MANAUS,-3.0400277777777776,-60.05475
dme,1198,MNW,EUROCONTROL NMOC,YUZHNO-KURILSK/MENDELEYEVO,43.94694444444444,145.68305555555554
vor_dme,2241,MNW,EUROCONTROL NMOC,MINERALNYYE VODY,44.23961111111111,43.053555555555555
vor_dme,2718,MNW,EUROCONTROL NMOC,YUZHNO-KURILSK/MENDELEYEVO,43.94694444444444,145.68305555555554
dme,1011,MOE,EUROCONTROL NMOC,MOMOTE,-2.0614166666666667,147.42933333333335
vor_dme,2008,MOE,EUROCONTROL NMOC,OYAMA,34.07104166666667,139.5612888888889
dme,1199,MOF,EUROCONTROL NMOC,SAMARA/KURUMOCH,53.51013888888889,50.177166666666665
vor_dme,2005,MOF,EUROCONTROL NMOC,MAUMERE/FANSISKUS XAVERIUS SEDA,-8.641083333333333,122.23963888888889
vor_dme,2339,MOF,EUROCONTROL NMOC,SAMARA/KURUMOCH,53.51013888888889,50.177166666666665
ils_gp,372,MOH,M-NAV,,41.17115833333333,20.737105555555555
ils_loc,384,MOH,M-NAV,,41.19254166666666,20.747636111111113
dme,1625,MOL,EUROCONTROL NMOC,MONTEBELLO,37.90052472222222,-79.10688916666666
vor_dme,1695,MOL,EUROCONTROL NMOC,MONTEBELLO,37.90052472222222,-79.10688916666666
vor_dme,2286,MOL,EUROCONTROL NMOC,WARSZAWA/MODLIN,52.452375,20.67777222
dme,1423,MON,EUROCONTROL NMOC,MONASTIR,35.75494444444445,10.748194444444444
vor_dme,205,MON,EUROCONTROL NMOC,MONASTIR,35.75494444444445,10.748194444444444
vor_dme,1334,MON,EUROCONTROL NMOC,PUERTO MONTT,-41.42916666666667,-73.09194444444444
dme,1627,MOR,EUROCONTROL NMOC,MOORE-MURRELL,36.187777777777775,-83.36361111111111
vor_dme,2171,MOR,EUROCONTROL NMOC,MOROZOVSK,48.34166666666667,41.80027777777777
ils_dme,155,MOS,BHANSA (ANSP),,43.273325,17.854980555555557
ils_gp,208,MOS,BHANSA (ANSP),,43.273325,17.854980555555557
ils_loc,212,MOS,BHANSA (ANSP),,43.273316666666666,17.854705555555558
tacan,43,MOS,EUROCONTROL NMOC,MOSJOEN,65.87767681,13.30853553
vor_dme,206,MOS,EUROCONTROL NMOC,MOSTAGANEM,35.89864722222222,0.1362972222222222
dme,878,MOV,EUROCONTROL NMOC,MONCLOVA,26.9555,-101.47103888888888
vor_dme,207,MOV,EUROCONTROL NMOC,MOVEX,-3.9485333333333337,39.642744444444446
vor_dme,847,MOV,EUROCONTROL NMOC,MONCLOVA,26.9555,-101.47103888888888
dme,1200,MR,EUROCONTROL NMOC,MURAVEYKA,43.88444444444444,133.25277777777777
vor_dme,2574,MR,EUROCONTROL NMOC,MOSCOW/SHEREMETYEVO,55.97888888888889,37.32805555555556
dme,219,MRB,EUROCONTROL NMOC,MARABA,-5.368055555555555,-49.13527777777778
dme,1412,MRB,EUROCONTROL NMOC,MURGAB,38.05583333333333,74.50916666666667
vortac,26,MRB,EUROCONTROL NMOC,MARABA,-5.368055555555555,-49.13527777777778
vortac,345,MRB,EUROCONTROL NMOC,MARTINSBURG,39.38557222222222,-77.8483561111111
tacan,193,MRN,ENAIRE,SEVILLA/MORON,37.173361111111106,-5.620583333333334
vor_dme,678,MRN,ENAIRE,SEVILLA/MORON,37.17508333333333,-5.618972222222222
dme,1201,MRN,EUROCONTROL NMOC,MARYINO,55.71138888888889,38.22833333333333
vor_dme,2086,MRN,EUROCONTROL NMOC,MARINILLA,6.176388888888889,-75.32388888888889
dme,132,MS,EUROCONTROL NMOC,MOSJOEN,65.77943542,13.22123689
dme,723,MS,EUROCONTROL NMOC,MANIITSOQ,65.4116361,-52.9300389
tacan,110,MSD,EUROCONTROL NMOC,MASHHAD,36.233111111111114,59.6485
vor_dme,1033,MSD,EUROCONTROL NMOC,MASHHAD,36.23116666666667,59.650555555555556
ils_dme,307,MSK,M-NAV,,41.952938,21.622975888888888
ils_gp,373,MSK,M-NAV,,41.952938,21.622975888888888
ils_loc,385,MSK,M-NAV,,41.97514013888889,21.616724305555557
dme,1385,MT,EUROCONTROL NMOC,HALMSTAD,56.69875833,12.823425
vor,16,MT,EUROCONTROL NMOC,TOAMASINA,-18.12425,49.39425
vor,46,MT,EUROCONTROL NMOC,MULTAN,30.194044444444444,71.41622777777778
dme,849,MTG,EUROCONTROL NMOC,MITIGA,32.89361111111111,13.272777777777778
vor_dme,26,MTG,EUROCONTROL NMOC,MITIGA,32.89361111111111,13.272777777777778
vor_dme,95,MTG,EUROCONTROL NMOC,MOUNT GAMBIER,-37.75138888888889,140.78527777777776
vor_dme,679,MTG,EUROCONTROL NMOC,MARTIGUES,43.386291666666665,5.0868416666666665
tacan,181,MTR,EUROCONTROL NMOC,MONTE REAL,39.832611,-8.890139
vor_dme,42,MTR,EUROCONTROL NMOC,METRO,50.27627451,8.84862565
vor_dme,1338,MTR,EUROCONTROL NMOC,MONTERIA,8.83388888888889,-75.82972222222222
dme,1713,MUN,EUROCONTROL NMOC,MATURIN,9.743444444444444,-63.153166666666664
vor_dme,1340,MUN,EUROCONTROL NMOC,MATURIN,9.743444444444444,-63.153166666666664
vor_dme,2141,MUN,EUROCONTROL NMOC,MUAN,34.97777777777778,126.38483333333333
tacan,241,MUS,DHMI TURKIYE,MUS,38.75225,41.656194444444445
vor_dme,1034,MUS,DHMI TURKIYE,MUS,38.74991666666667,41.66119444444444
dme,1632,MVE,EUROCONTROL NMOC,MONTEVIDEO,44.972675555555554,-95.71219222222223
vor_dme,1167,MVE,EUROCONTROL NMOC,MONBETSU,44.30526666666666,143.39509166666667
vor_dme,1702,MVE,EUROCONTROL NMOC,MONTEVIDEO,44.972675555555554,-95.71219222222223
dme,321,MZL,EUROCONTROL NMOC,MANIZALES,5.053888888888888,-75.52888888888889
vor_dme,2228,MZL,EUROCONTROL NMOC,MANZHOULI,49.32833333333333,117.64500000000001
vor_dme,2791,MZL,EUROCONTROL NMOC,MANIZALES,5.053888888888888,-75.52888888888889
tacan,141,MZT,EUROCONTROL NMOC,MAIZURU,35.54805555555556,135.42555555555555
vor_dme,851,MZT,EUROCONTROL NMOC,MAZATLAN,23.16052222222222,-106.27096388888889
dme,1634,MZV,EUROCONTROL NMOC,MOLINE,41.32092111111111,-90.63821444444446
vor_dme,211,MZV,EUROCONTROL NMOC,MAZENOD (MASERU),-29.500386111111112,27.540630555555556
dme,133,NA,EUROCONTROL NMOC,NAMSOS,64.47098522,11.56602869
dme,1202,NA,EUROCONTROL NMOC,NIKOLAYEVSK-NA-AMURE,53.15222222222222,140.68805555555556
vor_dme,1482,NA,EUROCONTROL NMOC,NAUSORI,-18.04230277777778,178.56195000000002
vor_dme,2508,NA,EUROCONTROL NMOC,NIKOLAYEVSK-NA-AMURE,53.15222222222222,140.68805555555556
dme,257,NDD,EUROCONTROL NMOC,NIEDERSTETTEN,49.39347194,9.96079444
vor_dme,2273,NDD,EUROCONTROL NMOC,NANDED,19.178856111111113,77.33442444444444
tacan,61,NEU,EUROCONTROL NMOC,NEUBURG,48.71252583,11.21096889
tacan,142,NEU,EUROCONTROL NMOC,IWAKUNI,34.158408333333334,132.24550277777777
vor_dme,1342,NEU,EUROCONTROL NMOC,NEUQUEN / PTE. PERON,-38.95040277777778,-68.15475833333333
dme,1204,NG,EUROCONTROL NMOC,SHARANGA,57.17972222222222,46.511944444444445
dme,1387,NG,EUROCONTROL NMOC,GAELLIVARE,67.12883333,20.82555556
dme,1024,NGA,CIVIL AVIATION AUTHORITY OF THE PHILIPPINES,NAGA,13.582083333333333,123.26944444444445
vor,180,NGA,CIVIL AVIATION AUTHORITY OF THE PHILIPPINES,NAGA,13.582222222222223,123.26952777777778
dme,1205,NH,EUROCONTROL NMOC,NIKOLSK,52.748333333333335,104.45472222222223
vor_dme,1039,NH,EUROCONTROL NMOC,NAWABSHAH,26.21675833333333,68.38546944444445
dme,446,NID,EUROCONTROL NMOC,NIEDERRHEIN,51.59996597,6.14147994
tacan,347,NID,EUROCONTROL NMOC,CHINA LAKE,35.6879175,-117.69049666666668
dme,316,NJL,EUROCONTROL NMOC,LUKOU,31.755,118.88666666666667
vortac,10,NJL,EUROCONTROL NMOC,LUKOU,31.755,118.88666666666667
vortac,507,NJL,EUROCONTROL NMOC,KING ABDULAZIZ NAVAL BASE,26.943333333333335,49.705555555555556
dme,1206,NK,EUROCONTROL NMOC,NIKOLSKOYE,54.04083333333333,49.17916666666667
dme,1388,NK,EUROCONTROL NMOC,KRAMFORS,63.04230556,17.77322222
dme,1048,NL,EUROCONTROL NMOC,PONTA DELGADA,37.74385881,-25.70765314
dme,1389,NL,EUROCONTROL NMOC,LYCKSELE,64.54677778,18.71613889
dme,1701,NMA,EUROCONTROL NMOC,NAMANGAN,40.98196388888889,71.56055833333333
vor_dme,1484,NMA,EUROCONTROL NMOC,BIMA/SULTAN MUHAMMAD SALAHUDIN,-8.534138888888888,118.69155555555555
vor_dme,2312,NMA,EUROCONTROL NMOC,NAMANGAN,40.98196388888889,71.56055833333333
dme,1434,NN,EUROCONTROL NMOC,ENTEBBE,0.05308333333333334,32.43808333333333
vor_dme,214,NN,EUROCONTROL NMOC,ENTEBBE,0.053000000000000005,32.43800833333333
vor_dme,1485,NN,EUROCONTROL NMOC,NADI,-17.65467222222222,177.39575555555555
dme,1207,NNK,EUROCONTROL NMOC,KEMEROVO,55.27166666666667,86.11638888888888
vor_dme,2439,NNK,EUROCONTROL NMOC,NUNUKAN,4.137833333333334,117.66405555555556
vor_dme,2654,NNK,EUROCONTROL NMOC,KEMEROVO,55.27166666666667,86.11638888888888
dme,724,NQ,EUROCONTROL NMOC,NARSARSUAQ,61.1604139,-45.4070889
dme,1362,NQ,EUROCONTROL NMOC,KIRUNA,67.82833333,20.35155556
dme,1364,NSA,EUROCONTROL NMOC,ARLANDA,59.66363889,17.91991667
vor_dme,1807,NSA,EUROCONTROL NMOC,NISA,39.56463128,-7.91460525
dme,777,NSH,EUROCONTROL NMOC,NOSHAHR,36.66280555555556,51.46427777777778
vor_dme,443,NSH,EUROCONTROL NMOC,NINGSHAN,33.318333333333335,108.31166666666667
vor_dme,2563,NSH,EUROCONTROL NMOC,NOSHAHR,36.66280555555556,51.46427777777778
dme,993,NTA,EUROCONTROL NMOC,NOWY TARG,49.34249444,19.96749167
vor_dme,2423,NTA,EUROCONTROL NMOC,NATUNA/RANAI,3.9475555555555557,108.38925
dme,339,NTL,EUROCONTROL NMOC,LOSINJ,44.56651111111111,14.391052777777777
vor_dme,1343,NTL,EUROCONTROL NMOC,NATAL,-5.908333333333334,-35.24861111111111
vor_dme,2550,NTL,EUROCONTROL NMOC,LOSINJ,44.56651111111111,14.391052777777777
dme,1209,NX,EUROCONTROL NMOC,NERL,57.03805555555555,37.99527777777778
dme,1393,NX,EUROCONTROL NMOC,ARVIDSJAUR,65.58722222,19.29530556
tacan,369,NYL,EUROCONTROL NMOC,YUMA,32.64680055555556,-114.61345499999999
vor_dme,1960,NYL,EUROCONTROL NMOC,NYALA,12.07178611111111,24.972536111111108
ils_gp,146,OBI,AIR TRAFFIC AND NAVIGATION SERVICES COMPANY LIMITED (ATNS),,-34.57518055555556,20.26610833333333
ils_loc,149,OBI,AIR TRAFFIC AND NAVIGATION SERVICES COMPANY LIMITED (ATNS),,-34.55092222222222,20.246597222222224
dme,62,OEL,EUROCONTROL NMOC,LINZ-RWY26,48.23235122222222,14.201657416666666
vor_dme,78,OEL,EUROCONTROL NMOC,CHOELE CHOEL,-39.2825,-65.60916666666667
dme,739,OG,EUROCONTROL NMOC,OGUR,66.04366666666667,-22.68288888888889
vor_dme,221,OG,EUROCONTROL NMOC,OUAGADOUGOU,12.346277777777779,-1.5128333333333333
dme,1211,OK,EUROCONTROL NMOC,OKTYABRSKIY,54.24055555555556,38.901944444444446
vor_dme,1492,OK,EUROCONTROL NMOC,OAKEY,-27.399666666666665,151.7378611111111
dme,51,OOM,EUROCONTROL NMOC,MOOMBA,-28.104277777777778,140.19966666666667
vortac,364,OOM,EUROCONTROL NMOC,HOOSIER,39.14382194444445,-86.61301833333333
dme,1214,OSA,EUROCONTROL NMOC,OSA,53.38111111111111,103.875
vor_dme,1345,OSA,EUROCONTROL NMOC,SANTA ROSA,-36.58372222222223,-64.27280555555555
tacan,62,OSB,EUROCONTROL NMOC,OSNABRUECK,52.200136,8.285519
vor_dme,2189,OSB,EUROCONTROL NMOC,OSUBI,5.599611111111111,5.817722222222222
dme,516,OST,EUROCONTROL NMOC,OSTIA,41.80389322,12.23747722
dme,995,OST,EUROCONTROL NMOC,OSTASZE,52.92843444,23.086667
dme,585,OUK,EUROCONTROL NMOC,OULU,64.93155278,25.35928333
vor,142,OUK,EUROCONTROL NMOC,OULU,64.93155278,25.35928333
ils_dme,297,PAA,ENAIRE,,39.56169444444444,2.7380833333333334
ils_gp,363,PAA,ENAIRE,,39.56169444444444,2.7380833333333334
ils_loc,374,PAA,ENAIRE,,39.54569444444444,2.707638888888889
dme,448,PAD,EUROCONTROL NMOC,PADERBORN-LIPPSTADT,51.61017647,8.6186535
vor_dme,2289,PAD,EUROCONTROL NMOC,PARSABADE MOGHAN,39.60311111111111,47.889944444444446
dme,322,PAL,EUROCONTROL NMOC,PALANQUERO,5.487222222222222,-74.66055555555556
dme,518,PAL,EUROCONTROL NMOC,PALERMO/PUNTA RAISI,38.03370306,13.17746183
dme,758,PAL,EUROCONTROL NMOC,PALU / MUTIARA SIS AL JUFRI,-0.885,119.89472222222223
vor_dme,1348,PAL,EUROCONTROL NMOC,EL PALOMAR,-34.61165555555556,-58.61380277777778
vor_dme,1493,PAL,EUROCONTROL NMOC,PALU / MUTIARA SIS AL JUFRI,-0.885,119.89472222222223
vor_dme,2531,PAL,EUROCONTROL NMOC,PALANQUERO,5.487222222222222,-74.66055555555556
dme,33,PAM,EUROCONTROL NMOC,PAMPUS,52.33473617,5.09220008
tacan,374,PAM,EUROCONTROL NMOC,TYNDALL,30.07400861111111,-85.57240916666666
dme,879,PAZ,EUROCONTROL NMOC,POZA RICA,20.60056388888889,-97.45507777777777
vor_dme,855,PAZ,EUROCONTROL NMOC,POZA RICA,20.60056388888889,-97.45507777777777
vor_dme,1351,PAZ,EUROCONTROL NMOC,LA PAZ,-16.511944444444445,-68.23333333333333
ils_dme,5,PCD,HUNGAROCONTROL,,47.35602777777778,17.5027
ils_gp,15,PCD,HUNGAROCONTROL,,47.35602777777778,17.5027
ils_loc,15,PCD,HUNGAROCONTROL,,47.37660555555556,17.49394722222222
dme,997,PCK,EUROCONTROL NMOC,PLOCK,52.71164917,19.5699775
tacan,212,PCK,EUROCONTROL NMOC,PRACHUAP,11.786773638888889,99.79172647222222
ils_dme,6,PCN,HUNGAROCONTROL,,47.37195277777778,17.498083333333334
ils_gp,16,PCN,HUNGAROCONTROL,,47.37195277777778,17.498083333333334
ils_loc,16,PCN,HUNGAROCONTROL,,47.351305555555555,17.507216666666668
ils_dme,296,PCS,HUNGAROCONTROL,,45.98480555555555,18.24302777777778
ils_gp,362,PCS,HUNGAROCONTROL,,45.98480555555555,18.24302777777778
ils_loc,373,PCS,HUNGAROCONTROL,,45.997822222222226,18.23701666666667
ils_gp,124,PDI,AIR TRAFFIC AND NAVIGATION SERVICES COMPANY LIMITED (ATNS),,-33.98667777777778,25.61632777777778
ils_loc,127,PDI,AIR TRAFFIC AND NAVIGATION SERVICES COMPANY LIMITED (ATNS),,-33.995244444444445,25.597327777777778
dme,1215,PE,EUROCONTROL NMOC,PETROVSKOYE,51.718333333333334,40.189166666666665
vor_dme,225,PE,EUROCONTROL NMOC,NOUADHIBOU,20.91444444444444,-17.03496666666667
ils_gp,125,PEI,AIR TRAFFIC AND NAVIGATION SERVICES COMPANY LIMITED (ATNS),,-33.99122777777778,25.602622222222223
ils_loc,128,PEI,AIR TRAFFIC AND NAVIGATION SERVICES COMPANY LIMITED (ATNS),,-33.982888888888894,25.621180555555554
dme,7,PG,EUROCONTROL NMOC,PRAHA/RUZYNE DME 30,50.0912528,14.2760917
dme,957,PG,EUROCONTROL NMOC,PANJGUR,26.95283611111111,64.13696111111112
vor_dme,29,PG,EUROCONTROL NMOC,PORT GENTIL,-0.7287777777777777,8.747472222222221
vor_dme,1041,PG,EUROCONTROL NMOC,PANJGUR,26.95283611111111,64.13696111111112
dme,1646,PGS,EUROCONTROL NMOC,PEACH SPRINGS,35.62471194444444,-113.54446666666666
vor,230,PGS,EUROCONTROL NMOC,PEACH SPRINGS,35.62471194444444,-113.54446666666666
dme,8,PH,EUROCONTROL NMOC,PRAHA/RUZYNE DME 06,50.1042389,14.2303417
vor_dme,1496,PH,EUROCONTROL NMOC,PERTH,-31.945055555555555,115.95922222222222
dme,586,PIR,EUROCONTROL NMOC,PIRKKA,61.40991111,23.57766111
vor_dme,2137,PIR,EUROCONTROL NMOC,PIRASSUNUNGA,-21.984444444444446,-47.34444444444445
ils_dme,93,PKI,AIR TRAFFIC AND NAVIGATION SERVICES COMPANY LIMITED (ATNS),,-25.390027777777778,31.10188888888889
ils_gp,129,PKI,AIR TRAFFIC AND NAVIGATION SERVICES COMPANY LIMITED (ATNS),,-25.390027777777778,31.10188888888889
ils_loc,132,PKI,AIR TRAFFIC AND NAVIGATION SERVICES COMPANY LIMITED (ATNS),,-25.370055555555556,31.115361111111113
dme,1066,PKN,EUROCONTROL NMOC,MATSU/BEIGAN,26.224277777777775,119.99988888888889
vor_dme,1497,PKN,EUROCONTROL NMOC,PANGKALAN BUN/ISKANDAR,-2.718472222222222,111.68772222222222
dme,1216,PL,EUROCONTROL NMOC,PALANA,59.08416666666667,159.89694444444444
dme,1217,PL,EUROCONTROL NMOC,POLINA OSIPENKO,52.44083333333333,136.4763888888889
dme,860,PLG,EUROCONTROL NMOC,PALANGA,55.95652777777778,21.087055555555555
vor_dme,1357,PLG,EUROCONTROL NMOC,PUERTO LEGUIZAMO,-0.1786111111111111,-74.77555555555556
ils_dme,284,PLM,ENAIRE,,39.54991666666667,2.7132222222222224
ils_gp,349,PLM,ENAIRE,,39.54991666666667,2.7132222222222224
ils_loc,360,PLM,ENAIRE,,39.563944444444445,2.746277777777778
dme,1276,PMA,EUROCONTROL NMOC,MADINAH / PRINCE MOHAMMAD BIN ABDULAZIZ INTL,24.547472222222225,39.70527777777778
vor_dme,1044,PMA,EUROCONTROL NMOC,MADINAH/PRINCE MOHAMMAD BIN ABDULAZIZ INTL,24.547472222222225,39.70527777777778
vor_dme,1504,PMA,EUROCONTROL NMOC,AMBON/PATTIMURA,-3.7151111111111113,128.08752777777778
dme,184,PNK,EUROCONTROL NMOC,PINSK,52.15361111111111,26.13
vor_dme,1506,PNK,EUROCONTROL NMOC,PONTIANAK/SUPADIO,-0.07916666666666666,109.37494444444444
dme,226,PNT,EUROCONTROL NMOC,PORTO ALEGRE DO NORTE,-10.920833333333333,-51.613055555555555
vor_dme,1359,PNT,EUROCONTROL NMOC,PUERTO NATALES,-51.735,-72.44805555555556
vor_dme,1808,PNZ,EUROCONTROL NMOC,PONZA,40.91185556,12.95741667
vor_dme,2129,PNZ,EUROCONTROL NMOC,PENZA,53.11386111111111,45.01766666666666
dme,587,PO,EUROCONTROL NMOC,PORI,61.4583,21.80587778
dme,1218,PO,EUROCONTROL NMOC,POCHINOK,57.713055555555556,34.97222222222222
dme,1422,POS,EUROCONTROL NMOC,PIARCO,10.466388888888888,-61.39236111111111
vor_dme,862,POS,EUROCONTROL NMOC,PIARCO,10.466388888888888,-61.39236111111111
vor_dme,1360,POS,EUROCONTROL NMOC,POSADAS,-27.385569444444442,-55.96899722222222
ils_dme,90,PPI,AIR TRAFFIC AND NAVIGATION SERVICES COMPANY LIMITED (ATNS),,-23.85586388888889,29.448144444444445
ils_gp,123,PPI,AIR TRAFFIC AND NAVIGATION SERVICES COMPANY LIMITED (ATNS),,-23.85586388888889,29.448144444444445
ils_loc,126,PPI,AIR TRAFFIC AND NAVIGATION SERVICES COMPANY LIMITED (ATNS),,-23.833913888888887,29.468216666666667
dme,749,PPN,EUROCONTROL NMOC,PUNE,18.584555555555553,73.91243055555556
vor_dme,2108,PPN,EUROCONTROL NMOC,POPAYAN,2.4488888888888893,-76.61416666666666
vor_dme,2451,PPN,EUROCONTROL NMOC,PUNE,18.584555555555553,73.91243055555556
ils_gp,348,PR,CIVIL AVIATION AUTHORITY OF THE PHILIPPINES,,9.742722222222222,118.76788888888889
ils_loc,359,PR,CIVIL AVIATION AUTHORITY OF THE PHILIPPINES,,9.742722222222222,118.74519444444445
vor_dme,1191,PR,CIVIL AVIATION AUTHORITY OF THE PHILIPPINES,PUERTO PRINCESA,9.739805555555554,118.77041666666666
dme,9,PR,EUROCONTROL NMOC,PRAHA/RUZYNE DME 24,50.1155639,14.2680917
dme,1050,PR,EUROCONTROL NMOC,PORTO,41.2581583,-8.6825639
dme,1278,PRA,EUROCONTROL NMOC,PRASLIN,-4.307366666666667,55.70708055555556
vor_dme,229,PRA,EUROCONTROL NMOC,PRASLIN,-4.307366666666667,55.70708055555556
vor_dme,1047,PRA,EUROCONTROL NMOC,PRATAPGARH,24.037222222222223,74.74388888888889
dme,1714,PRG,EUROCONTROL NMOC,PARAGUANA,11.781500000000001,-70.135
vor_dme,1361,PRG,EUROCONTROL NMOC,PARAGUANA,11.781500000000001,-70.135
vor_dme,2090,PRG,EUROCONTROL NMOC,PERSIAN GULF,27.360333333333333,52.76444444444444
dme,589,PRI,EUROCONTROL NMOC,PREVIK,61.46459444,21.79585833
vor,148,PRI,EUROCONTROL NMOC,PREVIK,61.46459444,21.79585833
dme,520,PRT,EUROCONTROL NMOC,PERETOLA,43.80975914,11.20057203
dme,1051,PRT,EUROCONTROL NMOC,PORTO,41.27297092,-8.68797364
vor_dme,704,PRT,EUROCONTROL NMOC,PORTO,41.27299792,-8.68782558
vor_dme,705,PRT,EUROCONTROL NMOC,PRISTINA,42.55385805555555,21.03589861111111
dme,1350,PSD,EUROCONTROL NMOC,PORT SUDAN,19.401144444444444,37.241725
vor_dme,231,PSD,EUROCONTROL NMOC,PORT SAID,31.278805555555554,32.23780555555555
vor_dme,232,PSD,EUROCONTROL NMOC,PORT SUDAN,19.401144444444444,37.241725
dme,683,PT,SERVICE DE LINFORMATION AERONAUTIQUE,,-17.56035,-149.61487499999998
ils_dme,172,PT,SERVICE DE LINFORMATION AERONAUTIQUE,,46.59455833333334,0.31474722222222223
ils_gp,229,PT,SERVICE DE LINFORMATION AERONAUTIQUE,,-17.560347222222223,-149.61486944444445
ils_loc,233,PT,SERVICE DE LINFORMATION AERONAUTIQUE,,-17.54428888888889,-149.59353611111112
vor_dme,81,PTA,EUROCONTROL NMOC,LA PLATA,-34.975833333333334,-57.89833333333333
vor_dme,865,PTA,EUROCONTROL NMOC,PUERTO PLATA,19.759283333333332,-70.57041666666666
dme,522,PTC,EUROCONTROL NMOC,PONTECAGNANO,40.62013369,14.90835056
vor_dme,1363,PTC,EUROCONTROL NMOC,PUERTO CARRENO,6.181388888888889,-67.49555555555555
vor_dme,2120,PTC,EUROCONTROL NMOC,PONTECAGNANO,40.62000219,14.90837464
vor_dme,44,PTH,EUROCONTROL NMOC,PERTH,56.44239722222222,-3.3686
vor_dme,2002,PTH,EUROCONTROL NMOC,PHAN THIET,10.928055555555554,108.07194444444444
dme,750,PTN,EUROCONTROL NMOC,PANTNAGAR,29.030980555555555,79.47366111111111
vor_dme,1193,PTN,EUROCONTROL NMOC,PATHEIN,16.808688888888888,94.76955
dme,227,PTS,EUROCONTROL NMOC,PELOTAS,-31.718888888888888,-52.327444444444446
vor_dme,82,PTS,EUROCONTROL NMOC,PELOTAS,-31.718888888888888,-52.327444444444446
vor_dme,2461,PTS,EUROCONTROL NMOC,POTOSI,-19.523888888888887,-65.69194444444445
dme,1018,PUL,EUROCONTROL NMOC,PUCALLPA,-8.375961111111112,-74.57231944444445
vor_dme,707,PUL,EUROCONTROL NMOC,PULA,44.89236666666667,13.918119444444445
vor_dme,1365,PUL,EUROCONTROL NMOC,PUCALLPA,-8.375961111111112,-74.57231944444445
dme,1655,PUT,EUROCONTROL NMOC,PUTNAM,41.95546027777778,-71.84409472222222
vor_dme,1194,PUT,EUROCONTROL NMOC,PHUKET,8.115230555555556,98.30630277777777
vor_dme,1728,PUT,EUROCONTROL NMOC,PUTNAM,41.95546027777778,-71.84409472222222
dme,1657,PWL,EUROCONTROL NMOC,PAWLING,41.76977138888889,-73.60055138888889
vor_dme,1366,PWL,EUROCONTROL NMOC,PUERTO WILLIAMS,-54.92944444444444,-67.6211111111111
vor_dme,1733,PWL,EUROCONTROL NMOC,PAWLING,41.76977138888889,-73.60055138888889
vor_dme,83,PZA,EUROCONTROL NMOC,PUERTO ESPERANZA,-9.769166666666667,-70.705
vor_dme,870,PZA,EUROCONTROL NMOC,PUERTO CABEZAS,14.045208361111111,-83.38828108333334
ils_dme,274,QAA,ENAIRE,,41.29677777777778,2.074972222222222
ils_gp,338,QAA,ENAIRE,,41.29677777777778,2.074972222222222
ils_loc,349,QAA,ENAIRE,,41.306916666666666,2.107222222222222
dme,779,RAF,EUROCONTROL NMOC,RAFSANJAN,30.30275,56.055638888888886
vor_dme,1055,RAF,EUROCONTROL NMOC,RAFHA,29.620194444444444,43.497972222222224
dme,1330,RAV,EUROCONTROL NMOC,RAND,-26.245386111111113,28.154516666666666
dme,1445,RAV,EUROCONTROL NMOC,RAS AL KHAIMAH,25.588444444444445,55.94633333333333
vortac,22,RAV,EUROCONTROL NMOC,RAS AL KHAIMAH,25.588444444444445,55.94633333333333
vortac,393,RAV,EUROCONTROL NMOC,RAVINE,40.55339305555555,-76.59938083333333
ils_dme,163,RB,CIVIL AVIATION AUTHORITY ISRAEL,,29.740144444444446,35.01882222222222
ils_gp,217,RB,CIVIL AVIATION AUTHORITY ISRAEL,,29.740144444444446,35.01882222222222
ils_loc,221,RB,CIVIL AVIATION AUTHORITY ISRAEL,,29.708669444444443,35.008894444444444
ils_dme,162,RC,CIVIL AVIATION AUTHORITY ISRAEL,,29.71348611111111,35.01136388888889
ils_gp,216,RC,CIVIL AVIATION AUTHORITY ISRAEL,,29.71348611111111,35.01136388888889
ils_loc,220,RC,CIVIL AVIATION AUTHORITY ISRAEL,,29.745647222222225,35.019241666666666
dme,524,RCA,EUROCONTROL NMOC,REGGIO CALABRIA,38.07657361,15.64513222
tacan,377,RCA,EUROCONTROL NMOC,ELLSWORTH,44.13909361111111,-103.10173499999999
dme,229,RGI,EUROCONTROL NMOC,REGISTRO,-24.529999999999998,-47.841944444444444
vor_dme,2631,RGI,EUROCONTROL NMOC,RACH GIA,9.963155555555554,105.15216944444445
dme,958,RK,EUROCONTROL NMOC,RAHIM YAR KHAN,28.36652777777778,70.27316666666667
dme,1222,RK,EUROCONTROL NMOC,SARATOV/GAGARIN,51.71047222222222,46.18480555555555
dme,1223,RK,EUROCONTROL NMOC,MARKOVO,64.66944444444445,170.41416666666666
vor_dme,1059,RK,EUROCONTROL NMOC,RAHIM YAR KHAN,28.36652777777778,70.27316666666667
vor_dme,1510,RK,EUROCONTROL NMOC,ROCKHAMPTON,-23.382805555555557,150.47152777777777
vor_dme,2555,RK,EUROCONTROL NMOC,SARATOV/GAGARIN,51.71047222222222,46.18480555555555
ils_dme,171,RLP,ENAIRE,,27.942222222222224,-15.380666666666666
ils_gp,228,RLP,ENAIRE,,27.94225,-15.38075
ils_loc,232,RLP,ENAIRE,,27.915944444444442,-15.393638888888889
dme,1224,RN,EUROCONTROL NMOC,BOGUSLAVETS,45.900555555555556,134.86666666666667
vor_dme,1060,RN,EUROCONTROL NMOC,ISLAMABAD,33.605941666666666,73.1259361111111
dme,141,RO,EUROCONTROL NMOC,ROROS,62.57465131,11.34858836
dme,591,RO,EUROCONTROL NMOC,ROVANIEMI,66.57446111,25.84539444
dme,1663,ROA,EUROCONTROL NMOC,ROANOKE,37.34346277777778,-80.07039722222221
vor_dme,874,ROA,EUROCONTROL NMOC,ROATAN,16.316546694444444,-86.52176788888889
vor_dme,1905,ROA,EUROCONTROL NMOC,ROANOKE,37.34346277777778,-80.07039722222221
dme,35,ROS,EUROCONTROL NMOC,ROTTERDAM/ROTTERDAM,51.95553056,4.43364167
dme,1226,ROS,EUROCONTROL NMOC,ROSTOV-NA-DONU/PLATOV,47.50088888888889,39.93355555555555
vor_dme,1371,ROS,EUROCONTROL NMOC,ROSARIO,-32.905027777777775,-60.78136111111111
vor_dme,2499,ROS,EUROCONTROL NMOC,ROSTOV-NA-DONU/PLATOV,47.50088888888889,39.93355555555555
dme,1666,RST,EUROCONTROL NMOC,ROCHESTER,43.78290277777778,-92.59696
vor_dme,1064,RST,EUROCONTROL NMOC,RASHT,37.32633333333334,49.615861111111116
vor_dme,1742,RST,EUROCONTROL NMOC,ROCHESTER,43.78290277777778,-92.59696
dme,1469,SAB,EUROCONTROL NMOC,SAINT ABBS,55.90751111111111,-2.2063361111111113
vor_dme,716,SAB,EUROCONTROL NMOC,SAINT ABBS,55.90751111111111,-2.2063361111111113
vor_dme,2533,SAB,EUROCONTROL NMOC,ASABA,6.196077777777778,6.689794444444445
dme,1057,SAE,EUROCONTROL NMOC,SAELEN,61.17211111,12.82680556
vor_dme,1744,SAE,EUROCONTROL NMOC,SEARLE,41.119103055555556,-101.77605583333333
dme,1058,SAL,EUROCONTROL NMOC,SAELEN,61.15808333,12.84594444
vor_dme,1374,SAL,EUROCONTROL NMOC,SALTA,-24.85227777777778,-65.48391666666667
dme,751,SAM,EUROCONTROL NMOC,SAMPLA,28.819941666666665,76.8197111111111
dme,1470,SAM,EUROCONTROL NMOC,SOUTHAMPTON,50.95525,-1.3450555555555554
vor_dme,717,SAM,EUROCONTROL NMOC,SOUTHAMPTON,50.95525,-1.3450555555555554
vor_dme,718,SAM,EUROCONTROL NMOC,SAMOS,37.686625,26.907077777777776
vor_dme,2244,SAM,EUROCONTROL NMOC,SAMPLA,28.819941666666665,76.8197111111111
dme,1670,SAU,EUROCONTROL NMOC,SAUSALITO,37.855334166666665,-122.52275222222222
vor_dme,462,SAU,EUROCONTROL NMOC,SIAULIAI,55.87905555555555,23.41638888888889
vor_dme,1907,SAU,EUROCONTROL NMOC,SAUSALITO,37.855334166666665,-122.52275222222222
dme,460,SAV,EUROCONTROL NMOC,SALINAS,-2.221722222222222,-80.97091666666667
dme,781,SAV,EUROCONTROL NMOC,SAVEH,35.01855555555556,50.37136111111111
dme,816,SAV,EUROCONTROL NMOC,SAVANNAKHET,16.56213888888889,104.76666666666667
vortac,23,SAV,EUROCONTROL NMOC,SAVANNAKHET,16.56213888888889,104.76666666666667
vortac,27,SAV,EUROCONTROL NMOC,SALINAS,-2.221722222222222,-80.97091666666667
vortac,408,SAV,EUROCONTROL NMOC,SAVANNAH,32.1462675,-81.19910555555556
dme,325,SB,EUROCONTROL NMOC,SAMBAVA,-14.278361111111112,50.17672222222222
dme,1368,SB,EUROCONTROL NMOC,STOCKHOLM/BROMMA,59.35633333,17.933
dme,72,SBG,AUSTRO CONTROL GMBH,SALZBURG,48.00244503,12.89288158
vor,153,SBG,AUSTRO CONTROL GMBH,SALZBURG,48.00258233,12.8927605
dme,1001,SCE,PANSA,SZCZECIN/GOLENIOW,53.59540669,14.88148724
vor,265,SCE,PANSA,SZCZECIN/GOLENIOW,53.59540669,14.88148725
dme,594,SD,EUROCONTROL NMOC,MAARIANHAMINA,60.12785,19.90059444
dme,1394,SD,EUROCONTROL NMOC,BORLAENGE,60.41772222,15.52797222
ils_dme,239,SD,SERVICE DE LINFORMATION AERONAUTIQUE,,-20.8849,55.508205555555556
ils_gp,295,SD,SERVICE DE LINFORMATION AERONAUTIQUE,,-20.88490277777778,55.50821111111111
ils_loc,306,SD,SERVICE DE LINFORMATION AERONAUTIQUE,,-20.896155555555556,55.52968611111111
dme,144,SDA,AVINOR ORGANISATION FOR EAD,SEIDA,70.23425689,28.07019317
vor,154,SDA,AVINOR ORGANISATION FOR EAD,SEIDA,70.23425689,28.07019317
vor_dme,84,SDE,EUROCONTROL NMOC,SANTIAGO DEL ESTERO,-27.758930555555555,-64.30269444444444
vor_dme,1202,SDE,EUROCONTROL NMOC,SENDAI,38.13857222222222,140.92148333333333
dme,895,SER,EUROCONTROL NMOC,SERGELEN,47.64475,106.81908333333332
vor_dme,1379,SER,EUROCONTROL NMOC,LA SERENA,-29.915555555555553,-71.19694444444445
vor_dme,2552,SER,EUROCONTROL NMOC,SERGELEN,47.64475,106.81908333333332
dme,1715,SFD,EUROCONTROL NMOC,SAN FERNANDO DE APURE,7.882750000000001,-67.43900000000001
vor_dme,720,SFD,EUROCONTROL NMOC,SEAFORD,50.760688888888886,0.12191388888888889
vor_dme,1380,SFD,EUROCONTROL NMOC,SAN FERNANDO DE APURE,7.882750000000001,-67.43900000000001
dme,1672,SGH,FAA LOADER (EAD SP),SPRINGFIELD,39.83654083333334,-83.84495555555556
vor,196,SGH,FAA LOADER (EAD SP),SPRINGFIELD,39.83654083333334,-83.84495555555556
dme,1052,SGR,EUROCONTROL NMOC,SAGRES,37.08388067,-8.94638572
vor_dme,721,SGR,EUROCONTROL NMOC,SAGRES,37.0837917,-8.9464333
vor_dme,2695,SGR,EUROCONTROL NMOC,SRINAGAR,34.00275555555555,74.75557777777777
dme,1471,SH,EUROCONTROL NMOC,ST HELENA,-15.959266666666666,-5.647883333333333
vor_dme,464,SH,EUROCONTROL NMOC,SALEKHARD,66.58808333333333,66.60791666666667
vor_dme,2437,SH,EUROCONTROL NMOC,ST HELENA,-15.959225,-5.647755555555555
dme,317,SHA,EUROCONTROL NMOC,HONGQIAO,31.223333333333333,121.33333333333333
vortac,11,SHA,EUROCONTROL NMOC,HONGQIAO,31.223333333333333,121.33333333333333
vortac,74,SHA,EUROCONTROL NMOC,SHARURAH,17.47025,47.133944444444445
dme,453,SHD,EUROCONTROL NMOC,SCHWAEBISCH HALL,49.11646833,9.77815497
dme,782,SHD,EUROCONTROL NMOC,SAHAND,37.34602777777778,46.14275
dme,783,SHR,EUROCONTROL NMOC,SHAHROUD,36.42286111111111,55.088750000000005
vor_dme,467,SHR,EUROCONTROL NMOC,SHANGRAO,28.416666666666668,117.97
vor_dme,2492,SHR,EUROCONTROL NMOC,SHAHROUD,36.42286111111111,55.088750000000005
dme,796,SIA,EUROCONTROL NMOC,SANGSTER,18.501022222222222,-77.92404166666667
vortac,18,SIA,EUROCONTROL NMOC,SANGSTER,18.501022222222222,-77.92411944444444
vortac,75,SIA,EUROCONTROL NMOC,ISA,25.921833333333336,50.59050555555556
dme,1002,SIE,EUROCONTROL NMOC,SIEDLCE,52.15537778,22.20079167
vortac,12,SIE,EUROCONTROL NMOC,SIEDLCE,52.15537778,22.20079167
vortac,418,SIE,EUROCONTROL NMOC,SEA ISLE,39.095508888888894,-74.80034388888889
dme,148,SIG,AVINOR ORGANISATION FOR EAD,SIGDAL,60.0150605,9.63005514
vor,155,SIG,AVINOR ORGANISATION FOR EAD,SIGDAL,60.0150605,9.63005514
dme,459,SIS,EUROCONTROL NMOC,SAN ISIDRO,18.50722222222222,-69.7620388888889
vor_dme,49,SIS,EUROCONTROL NMOC,SAN ISIDRO,18.50722222222222,-69.7620388888889
vor_dme,1381,SIS,EUROCONTROL NMOC,RESISTENCIA,-27.446908333333333,-59.057111111111105
dme,880,SJD,EUROCONTROL NMOC,CABOS,23.14616111111111,-109.72153888888889
vor_dme,875,SJD,EUROCONTROL NMOC,CABOS,23.14616111111111,-109.72153888888889
vor_dme,2411,SJD,EUROCONTROL NMOC,YANGZHOU,32.544999999999995,119.72666666666667
dme,804,SJE,EUROCONTROL NMOC,SHIMOJISHIMA,24.821933333333334,125.14380555555556
vor_dme,1382,SJE,EUROCONTROL NMOC,SAN JOSE DEL GUAVIARE,2.5324999999999998,-72.63972222222223
vor_dme,2400,SJE,EUROCONTROL NMOC,SHIMOJISHIMA,24.821933333333334,125.14380555555556
tacan,384,SKA,EUROCONTROL NMOC,FAIRCHILD,47.61011944444444,-117.66206944444446
vor_dme,61,SKA,EUROCONTROL NMOC,SAKRAS,27.848947222222222,77.008325
dme,1702,SKD,EUROCONTROL NMOC,SAMARKAND,39.70373611111111,66.97266111111111
vor_dme,2050,SKD,EUROCONTROL NMOC,SHAHRE KORD,32.27983333333333,50.85491666666667
vor_dme,2370,SKD,EUROCONTROL NMOC,SAMARKAND,39.70373611111111,66.97266111111111
dme,151,SL,EUROCONTROL NMOC,STAVANGER/SOLA,58.87382861,5.63995731
dme,1059,SL,EUROCONTROL NMOC,LINKOEPING/SAAB,58.40262416,15.70267699
dme,1234,SL,EUROCONTROL NMOC,SUKHODOL,53.89333333333333,51.18472222222222
dme,1235,SL,EUROCONTROL NMOC,SREDNEBELAYA,50.635555555555555,128.03555555555556
dme,1305,SLC,EUROCONTROL NMOC,SLIAC,48.45331192,19.11571731
vortac,13,SLC,EUROCONTROL NMOC,SLIAC,48.4532415,19.11585322
vortac,422,SLC,EUROCONTROL NMOC,SALT LAKE CITY,40.85,-111.98166666666667
dme,231,SLG,EUROCONTROL NMOC,SETE LAGOAS,-19.4425,-44.23111111111111
vor_dme,2463,SLG,EUROCONTROL NMOC,SIBORONGBORONG/RAJA SISINGAMANGARAJA XII,2.261833333333333,98.98544444444444
dme,1236,SLK,EUROCONTROL NMOC,SOLODNIKI,48.40222222222222,45.295833333333334
vor_dme,2300,SLK,EUROCONTROL NMOC,CASABLANCA / MOHAMED V,33.11568611111111,-7.5061
dme,881,SLP,EUROCONTROL NMOC,POTOSI,22.25638888888889,-100.930425
vor_dme,878,SLP,EUROCONTROL NMOC,POTOSI,22.25638888888889,-100.930425
vor_dme,2540,SLP,EUROCONTROL NMOC,LUBUK LINGGAU / SILAMPARI,-3.285861111111111,102.91691666666667
dme,959,SLT,EUROCONTROL NMOC,SIALKOT,32.518594444444446,74.34339722222222
vortac,424,SLT,EUROCONTROL NMOC,SLATE RUN,41.51275944444444,-77.97010972222222
vortac,482,SLT,EUROCONTROL NMOC,SIALKOT,32.518594444444446,74.34339722222222
ils_dme,254,SMK,HUNGAROCONTROL,,46.69461666666666,17.157538888888887
ils_gp,314,SMK,HUNGAROCONTROL,,46.69461666666666,17.157538888888887
ils_loc,325,SMK,HUNGAROCONTROL,,46.67298888888889,17.164141666666666
dme,861,SML,EUROCONTROL NMOC,SEMELISKES,54.67533888888889,24.692319444444443
vor_dme,238,SML,EUROCONTROL NMOC,ABU SIMBEL,22.355,31.621944444444445
dme,784,SMN,EUROCONTROL NMOC,SEMNAN,35.598444444444446,53.497305555555556
vor_dme,239,SMN,EUROCONTROL NMOC,SIDI SLIMANE,34.237500000000004,-6.025833333333333
dme,932,SMR,EUROCONTROL NMOC,SIMARA,27.164166666666667,84.98222222222222
vor_dme,198,SMR,EUROCONTROL NMOC,SMARA,26.73095,-11.686763888888889
vor_dme,1072,SMR,EUROCONTROL NMOC,SIMARA,27.164166666666667,84.98222222222222
dme,366,SN,EUROCONTROL NMOC,ROSKILDE,55.5869861,12.1351778
dme,1237,SN,EUROCONTROL NMOC,USINSK,66.00397222222222,57.36077777777778
dme,805,SND,EUROCONTROL NMOC,MORIYA,35.935091666666665,139.98123055555556
vor_dme,2221,SND,EUROCONTROL NMOC,SAINSHAND,44.903055555555554,110.13027777777778
dme,304,SNT,EUROCONTROL NMOC,PRAIA,14.939094444444445,-23.48212222222222
dme,1053,SNT,EUROCONTROL NMOC,PORTO SANTO,33.09026653,-16.350366
vor_dme,240,SNT,EUROCONTROL NMOC,PRAIA,14.939094444444445,-23.48212222222222
vor_dme,735,SNT,EUROCONTROL NMOC,PORTO SANTO,33.09041092,-16.35063253
vor_dme,1386,SNT,EUROCONTROL NMOC,SAN ANTONIO DE ARECO,-34.22222222222222,-59.44138888888889
tacan,47,SOA,EUROCONTROL NMOC,SOLA,58.87585233,5.63533933
vor_dme,2056,SOA,EUROCONTROL NMOC,SOACHA,4.603055555555555,-74.27305555555556
dme,953,SOK,EUROCONTROL NMOC,SOKOTO,12.921083333333332,5.229333333333334
vortac,104,SOK,EUROCONTROL NMOC,SOUTH KAUAI,21.9003925,-159.52887305555558
vortac,470,SOK,EUROCONTROL NMOC,SOKOTO,12.921083333333332,5.229333333333334
tacan,387,SOT,EUROCONTROL NMOC,SNOWBIRD,35.790099166666664,-83.05236916666667
vortac,426,SOT,EUROCONTROL NMOC,SNOWBIRD,35.790099166666664,-83.05236916666667
vortac,484,SOT,EUROCONTROL NMOC,SONGTAN,37.09436111111111,127.03166666666667
ils_dme,238,SP,SERVICE DE LINFORMATION AERONAUTIQUE,,46.76638888888889,-56.16972222222222
ils_gp,294,SP,SERVICE DE LINFORMATION AERONAUTIQUE,,46.76638888888889,-56.16972222222222
ils_loc,305,SP,SERVICE DE LINFORMATION AERONAUTIQUE,,46.7575,-56.18805555555555
dme,153,SPA,EUROCONTROL NMOC,SLEIPNER A,58.36660331,1.90704031
dme,1372,SPA,EUROCONTROL NMOC,LULEA,65.53527778,22.14466667
tacan,64,SPA,EUROCONTROL NMOC,SPANGDAHLEM,49.97898611,6.69768056
vortac,427,SPA,EUROCONTROL NMOC,SPARTANBURG,35.03362583333333,-81.92701000000001
dme,341,SPL,EUROCONTROL NMOC,SPLIT,43.49658055555555,16.304722222222225
vor_dme,738,SPL,EUROCONTROL NMOC,AMSTERDAM/SCHIPHOL,52.33214953,4.7498925
vor_dme,739,SPL,EUROCONTROL NMOC,SPLIT,43.49658055555555,16.304722222222225
dme,38,SPY,EUROCONTROL NMOC,SPIJKERBOOR,52.54028056,4.85378
dme,1675,SPY,EUROCONTROL NMOC,ST PAUL ISLAND,57.156999166666665,-170.23299194444445
dme,19,SRA,EUROCONTROL NMOC,SAN RAFAEL / S.A. S. GERMANO,-34.589444444444446,-68.39472222222223
vortac,3,SRA,EUROCONTROL NMOC,SAN RAFAEL / S.A. S.GERMANO,-34.589444444444446,-68.39472222222223
vortac,49,SRA,EUROCONTROL NMOC,SINTRA,38.829222,-9.340139
dme,785,SRN,EUROCONTROL NMOC,SARAVAN,27.415027777777777,62.32541666666667
vor_dme,2503,SRN,EUROCONTROL NMOC,SARANSK,54.12994444444445,45.21438888888889
tacan,213,SRT,EUROCONTROL NMOC,SURAT THANI,9.131666666666666,99.135
vor_dme,30,SRT,EUROCONTROL NMOC,SIRTE,31.05905,16.598
ils_dme,139,STA,ENAIRE,,43.425638888888884,-3.8101944444444444
ils_gp,189,STA,ENAIRE,,43.425638888888884,-3.8101944444444444
ils_loc,193,STA,ENAIRE,,43.43138888888889,-3.8361666666666667
dme,806,STD,EUROCONTROL NMOC,SHODO,34.51236388888889,134.2742138888889
vor,160,STD,EUROCONTROL NMOC,STORD,59.78728728,5.34417989
dme,961,STG,EUROCONTROL NMOC,SANTIAGO,8.089022222222223,-80.93972222222223
vor_dme,2074,STG,EUROCONTROL NMOC,STUTTGART,48.69642914,9.25654843
vor_dme,2249,STG,EUROCONTROL NMOC,SANTIAGO,8.089022222222223,-80.93972222222223
dme,1271,STM,EUROCONTROL NMOC,SAO TOME,0.3784472222222222,6.717058333333333
vor_dme,241,STM,EUROCONTROL NMOC,SAO TOME,0.3784472222222222,6.717058333333333
vor_dme,1390,STM,EUROCONTROL NMOC,SANTAREM,-2.4264166666666664,-54.81755555555556
dme,1416,STN,EUROCONTROL NMOC,SURAT THANI,9.129511111111112,99.13474722222223
dme,1473,STN,EUROCONTROL NMOC,STORNOWAY,58.206950000000006,-6.183047222222222
vor_dme,745,STN,EUROCONTROL NMOC,STORNOWAY,58.206950000000006,-6.183047222222222
vor_dme,1209,STN,EUROCONTROL NMOC,SURAT THANI,9.129511111111112,99.13474722222223
vor_dme,1391,STN,EUROCONTROL NMOC,SANTANA,-23.4875,-46.92333333333333
vortac,2,STV,EUROCONTROL NMOC,STEFANOVIKION,39.480247222222225,22.773308333333333
vortac,434,STV,EUROCONTROL NMOC,STONEWALL,30.206759444444444,-98.70575527777778
dme,1240,STW,EUROCONTROL NMOC,STAVROPOL/SHPAKOVSKOYE,45.10802777777778,42.11686111111111
dme,1678,STW,EUROCONTROL NMOC,STILLWATER,40.99581972222222,-74.86903027777777
vor_dme,1757,STW,EUROCONTROL NMOC,STILLWATER,40.99581972222222,-74.86903027777777
vor_dme,2421,STW,EUROCONTROL NMOC,SITTWE,20.132911111111113,92.8787111111111
vor_dme,2602,STW,EUROCONTROL NMOC,STAVROPOL/SHPAKOVSKOYE,45.10802777777778,42.11686111111111
dme,1399,SU,EUROCONTROL NMOC,ESKILSTUNA,59.34494444,16.71119444
vor_dme,2182,SU,EUROCONTROL NMOC,SUNSHINE COAST,-26.597694444444443,153.09030555555557
vor_dme,46,SUL,EUROCONTROL NMOC,SULZ,48.38158493,8.64483724
vor_dme,2049,SUL,EUROCONTROL NMOC,SULAIMANIYAH,35.57955555555556,45.29002777777777
dme,752,SUR,EUROCONTROL NMOC,SURAT,21.110655555555557,72.74036111111111
dme,956,SUR,EUROCONTROL NMOC,SUR,22.54663888888889,59.49158333333333
vor_dme,1077,SUR,EUROCONTROL NMOC,SUR,22.54663888888889,59.49158333333333
vor_dme,1392,SUR,EUROCONTROL NMOC,SUCRE,-19.011944444444445,-65.29166666666667
vor_dme,2164,SUR,EUROCONTROL NMOC,SURAT,21.110655555555557,72.74036111111111
dme,1270,SV,EUROCONTROL NMOC,ST. VINCENT,13.140555555555554,-61.226111111111116
dme,1374,SV,EUROCONTROL NMOC,VISBY,57.66805556,18.35225
vor_dme,242,SV,EUROCONTROL NMOC,SOROTI,1.7259666666666669,33.618519444444445
tacan,112,SYZ,EUROCONTROL NMOC,SHIRAZ,29.542166666666667,52.584250000000004
vor_dme,1078,SYZ,EUROCONTROL NMOC,SHIRAZ,29.540166666666668,52.58877777777778
dme,1724,SZY,EUROCONTROL NMOC,OLSZTYN - MAZURY,53.47435278,20.93158056
vor_dme,476,SZY,EUROCONTROL NMOC,SHAZIYING,40.10666666666667,116.43
vor_dme,87,TAL,EUROCONTROL NMOC,TALARA,-4.580261111111111,-81.25244722222222
vor_dme,294,TAL,EUROCONTROL NMOC,TANANA,65.17712472222223,-152.17754916666667
dme,1405,TAN,EUROCONTROL NMOC,TANF,33.48238313888889,38.65406313888889
vor_dme,1079,TAN,EUROCONTROL NMOC,TANF,33.48238313888889,38.65406313888889
vor_dme,2620,TAN,EUROCONTROL NMOC,YUANTAN,23.668333333333333,113.24166666666667
dme,1019,TAP,EUROCONTROL NMOC,TARAPOTO,-6.658111111111111,-76.35122222222222
vor_dme,884,TAP,EUROCONTROL NMOC,TAPACHULA,14.792188888888889,-92.3757111111111
vor_dme,1394,TAP,EUROCONTROL NMOC,TARAPOTO,-6.658111111111111,-76.35122222222222
dme,759,TBK,EUROCONTROL NMOC,TAMBOLAKA / LEDE KALUMBANG,-9.4085,119.24827777777777
dme,1424,TBK,EUROCONTROL NMOC,TABARKA/AIN DRAHAM,36.97816666666667,8.883583333333332
vortac,6,TBK,EUROCONTROL NMOC,TABARKA/AIN DRAHAM,36.97816666666667,8.883583333333332
vortac,76,TBK,EUROCONTROL NMOC,TABUK / PRINCE SULTAN BIN ABDULAZIZ,28.364694444444446,36.61025
vortac,499,TBK,EUROCONTROL NMOC,TAMBOLAKA / LEDE KALUMBANG,-9.4085,119.24827777777777
dme,1004,TBN,EUROCONTROL NMOC,GLUCHOW GORNY,51.27434111,17.13419861
vor_dme,1396,TBN,EUROCONTROL NMOC,TABON,-32.91833333333333,-70.83722222222222
dme,787,TBS,EUROCONTROL NMOC,TABAS,33.672555555555554,56.89191666666667
vor_dme,244,TBS,EUROCONTROL NMOC,TEBESSA,35.45656666666667,8.068624999999999
vor_dme,2168,TBS,EUROCONTROL NMOC,TABAS,33.672555555555554,56.89191666666667
dme,716,TBS,GEORGIAN AIR NAVIGATION - SAKAERONAVIGATSIA LTD,DME,41.67047222,44.94688889
vor,108,TBS,GEORGIAN AIR NAVIGATION - SAKAERONAVIGATSIA LTD,DVOR,41.67047222,44.94688889
tacan,113,TBZ,EUROCONTROL NMOC,TABRIZ,38.13908333333333,46.23088888888889
vor_dme,2101,TBZ,EUROCONTROL NMOC,TABRIZ,38.14819444444444,46.212694444444445
dme,896,TCL,EUROCONTROL NMOC,TOSONTSENGEL,48.74027777777778,98.27388888888889
dme,908,TCL,EUROCONTROL NMOC,TACHILEIK,20.483641666666667,99.93548611111112
vortac,445,TCL,EUROCONTROL NMOC,TUSCALOOSA,33.25861111111111,-87.53666666666666
vortac,498,TCL,EUROCONTROL NMOC,TACHILEIK,20.483641666666667,99.93548611111112
dme,161,TD,EUROCONTROL NMOC,TRONDHEIM/VAERNES,63.45849789,10.934065
dme,731,TD,EUROCONTROL NMOC,TUNG LUNG,22.247894444444444,114.29313888888889
dme,1245,TD,EUROCONTROL NMOC,TYNDA,55.26,124.75861111111111
vor_dme,32,TD,EUROCONTROL NMOC,TAMBACOUNDA,13.727694444444445,-13.663972222222222
vor_dme,1213,TD,EUROCONTROL NMOC,TUNG LUNG,22.247894444444444,114.29313888888889
vor_dme,2185,TD,EUROCONTROL NMOC,MOUNDOU,8.647086111111111,16.087263888888888
dme,807,TFE,EUROCONTROL NMOC,MUSASHI,33.48971388888889,131.72875555555555
vor_dme,1214,TFE,EUROCONTROL NMOC,MUSASHI,33.48971388888889,131.72875555555555
vor_dme,1399,TFE,EUROCONTROL NMOC,TEFE,-3.3877777777777776,-64.72805555555556
dme,162,TGA,AVINOR ORGANISATION FOR EAD,TOLGA,62.46163283,10.87881981
vor,165,TGA,AVINOR ORGANISATION FOR EAD,TOLGA,62.46163283,10.87881981
ils_gp,131,TGI,AIR TRAFFIC AND NAVIGATION SERVICES COMPANY LIMITED (ATNS),,-29.60151666666667,31.1298
ils_loc,134,TGI,AIR TRAFFIC AND NAVIGATION SERVICES COMPANY LIMITED (ATNS),,-29.62738611111111,31.10571388888889
dme,16,TGU,EUROCONTROL NMOC,TOUGGOURT,33.05719444444444,6.0888
dme,909,TGU,EUROCONTROL NMOC,TAUNGOO,19.055994444444444,96.40128333333334
vortac,1,TGU,EUROCONTROL NMOC,TOUGGOURT,33.05719444444444,6.0888
vortac,106,TGU,EUROCONTROL NMOC,DALSEONG,35.80983333333333,128.5907777777778
vortac,492,TGU,EUROCONTROL NMOC,TAUNGOO,19.055994444444444,96.40128333333334
dme,1277,THA,EUROCONTROL NMOC,THABLOTIN,19.831138888888887,54.01983333333333
vor_dme,2024,THA,EUROCONTROL NMOC,THABLOTIN,19.831138888888887,54.01983333333333
vor_dme,2793,THA,EUROCONTROL NMOC,TAOHUA,31.778333333333332,117.12333333333332
tacan,100,THT,NAVIAIR ATS,PITUFFIK,76.54222,-68.23917
vor,214,THT,NAVIAIR ATS,PITUFFIK,76.54222,-68.23917
dme,817,THX,EUROCONTROL NMOC,XIENGKHUANG,19.4555,103.18102777777779
dme,1721,THX,EUROCONTROL NMOC,THO XUAN,19.884722222222223,105.49269444444444
vortac,448,THX,EUROCONTROL NMOC,THREE RIVERS,28.504997222222222,-98.15046666666667
vortac,481,THX,EUROCONTROL NMOC,XIENGKHUANG,19.4555,103.18102777777779
vortac,503,THX,EUROCONTROL NMOC,THO XUAN,19.884722222222223,105.49269444444444
tacan,393,TIK,EUROCONTROL NMOC,TINKER,35.43650805555555,-97.37969138888889
vor_dme,889,TIK,EUROCONTROL NMOC,MUNDO MAYA,16.91903611111111,-89.87652499999999
dme,328,TIO,EUROCONTROL NMOC,EL COCO,9.98366761111111,-84.23615986111112
vor_dme,248,TIO,EUROCONTROL NMOC,TIMIMOUN,29.226080555555555,0.25809444444444446
vor_dme,890,TIO,EUROCONTROL NMOC,EL COCO,9.98366761111111,-84.23615986111112
tacan,169,TIR,EUROCONTROL NMOC,INOWROCLAW,52.82386389,18.32533611
vor_dme,757,TIR,EUROCONTROL NMOC,TIREE,56.493225,-6.875630555555556
ils_dme,110,TIV,SERBIA AND MONTENEGRO AIR TRAFFIC SERVICES SMATSA LLC,,42.396,18.74136111111111
ils_loc,159,TIV,SERBIA AND MONTENEGRO AIR TRAFFIC SERVICES SMATSA LLC,,42.39588888888889,18.741416666666666
tacan,152,TKT,EUROCONTROL NMOC,TOKACHI,42.89333333333333,143.16583333333335
vor_dme,2304,TKT,EUROCONTROL NMOC,TASHKENT,41.25447222222222,69.25361111111111
ils_dme,154,TLA,BHANSA (ANSP),,44.458513888888895,18.71261111111111
ils_gp,207,TLA,BHANSA (ANSP),,44.458513888888895,18.71261111111111
ils_loc,211,TLA,BHANSA (ANSP),,44.45722222222223,18.742977777777778
ils_gp,132,TNI,AIR TRAFFIC AND NAVIGATION SERVICES COMPANY LIMITED (ATNS),,-29.623469444444446,31.110683333333334
ils_loc,135,TNI,AIR TRAFFIC AND NAVIGATION SERVICES COMPANY LIMITED (ATNS),,-29.595724999999998,31.133283333333335
dme,1068,TNN,EUROCONTROL NMOC,SIGANG,23.135305555555554,120.20619444444445
vor_dme,31,TNN,EUROCONTROL NMOC,TAN-TAN/PLAGE BLANCHE,28.428416666666667,-11.173055555555555
vor_dme,1824,TNN,EUROCONTROL NMOC,SIGANG,23.135305555555554,120.20619444444445
dme,1315,TNT,EUROCONTROL NMOC,TRENTO,46.02023911,11.13982619
dme,1474,TNT,EUROCONTROL NMOC,TRENT,53.05395277777777,-1.669972222222222
tacan,153,TNT,EUROCONTROL NMOC,TACHIKAWA,35.716569444444445,139.39949444444443
vor_dme,760,TNT,EUROCONTROL NMOC,TRENT,53.05395277777777,-1.6699694444444444
vor_dme,893,TNT,EUROCONTROL NMOC,TONCONTIN,14.028920055555556,-87.2291105
vor_dme,2103,TNT,EUROCONTROL NMOC,TRENTO,46.02023717,11.13998967
dme,1685,TNV,EUROCONTROL NMOC,NAVASOTA,30.28852638888889,-96.05824
vor_dme,253,TNV,EUROCONTROL NMOC,ANTANANARIVO/IVATO,-18.803327777777778,47.51866111111111
vor_dme,1918,TNV,EUROCONTROL NMOC,NAVASOTA,30.28852638888889,-96.05824
dme,323,TOL,EUROCONTROL NMOC,TOLEMAIDA,4.255833333333333,-74.64055555555557
vor_dme,483,TOL,EUROCONTROL NMOC,TONGLU,29.763333333333332,119.66000000000001
vor_dme,2260,TOL,EUROCONTROL NMOC,TOLEMAIDA,4.255833333333333,-74.64055555555557
dme,532,TOP,EUROCONTROL NMOC,TORINO,44.92529117,7.86165022
vortac,450,TOP,EUROCONTROL NMOC,TOPEKA,39.137077777777776,-95.54916916666666
dme,307,TOY,EUROCONTROL NMOC,TONGOY,-30.27638888888889,-71.47361111111111
vortac,28,TOY,EUROCONTROL NMOC,TONGOY,-30.27638888888889,-71.47361111111111
vortac,452,TOY,EUROCONTROL NMOC,TROY,38.73914972222222,-89.9185925
dme,235,TQA,EUROCONTROL NMOC,TAQUARA,-29.669444444444444,-50.780833333333334
vor_dme,1766,TQA,EUROCONTROL NMOC,TUSCOLA,32.23574305555556,-99.81678277777777
dme,882,TQO,EUROCONTROL NMOC,TULUM,20.160413888888886,-87.63856111111112
vor,275,TQO,EUROCONTROL NMOC,TULUM,20.160413888888886,-87.63856111111112
dme,166,TR,EUROCONTROL NMOC,TROMSO/LANGNES,69.68837525,18.92011072
dme,368,TR,EUROCONTROL NMOC,AARHUS,56.300275,10.6363444
dme,809,TRE,EUROCONTROL NMOC,TOTTORI,35.5273,134.16488611111112
vor_dme,1217,TRE,EUROCONTROL NMOC,TOTTORI,35.5273,134.16488611111112
vor_dme,1401,TRE,EUROCONTROL NMOC,TRELEW,-43.20250277777778,-65.24725833333333
dme,1250,TRK,EUROCONTROL NMOC,TIKHORETSK,45.85138888888889,40.09027777777778
vor_dme,1524,TRK,EUROCONTROL NMOC,TARAKAN/JUWATA,3.325611111111111,117.56163888888888
dme,167,TRL,EUROCONTROL NMOC,TROLL,60.64519622,3.72387136
dme,237,TRL,EUROCONTROL NMOC,TRES LAGOAS,-20.75556536111111,-51.68180558333333
vor_dme,763,TRL,EUROCONTROL NMOC,TRIPOLIS,37.40376388888889,22.340280555555555
dme,760,TRN,EUROCONTROL NMOC,TERNATE SULTAN BABULLAH,0.8409166666666668,127.37461111111111
dme,788,TRN,EUROCONTROL NMOC,TEHRAN,35.69697222222222,51.28377777777778
dme,1251,TRN,EUROCONTROL NMOC,TALAKAN,59.85447222222222,111.0455
dme,1417,TRN,EUROCONTROL NMOC,TRANG,7.508936111111111,99.62601944444444
dme,1475,TRN,EUROCONTROL NMOC,TURNBERRY,55.31341111111111,-4.783863888888889
dme,1722,TRN,EUROCONTROL NMOC,CAN THO,10.083388888888889,105.70552777777777
vor_dme,764,TRN,EUROCONTROL NMOC,TURNBERRY,55.31341111111111,-4.783863888888889
vor_dme,1083,TRN,EUROCONTROL NMOC,TEHRAN,35.69697222222222,51.28377777777778
vor_dme,1218,TRN,EUROCONTROL NMOC,TRANG,7.508936111111111,99.62601944444444
vor_dme,2167,TRN,EUROCONTROL NMOC,CAN THO,10.083388888888889,105.70552777777777
vor_dme,2206,TRN,EUROCONTROL NMOC,TERNATE/SULTAN BABULLAH,0.8409166666666668,127.37461111111111
vor_dme,2388,TRN,EUROCONTROL NMOC,TONGREN,27.868333333333332,109.29333333333334
vor_dme,2434,TRN,EUROCONTROL NMOC,TALAKAN,59.85447222222222,111.0455
vor_dme,765,TRO,EUROCONTROL NMOC,TROMSO,69.7028155,18.99680186
vor_dme,2259,TRO,EUROCONTROL NMOC,TROMPETEROS,-3.8027777777777776,-75.05083333333333
dme,455,TRT,EUROCONTROL NMOC,TRENT,54.51096915,13.24932709
dme,1418,TRT,EUROCONTROL NMOC,TRAT,12.276469444444444,102.31909444444445
dme,598,TU,EUROCONTROL NMOC,TURKU,60.515975,22.28029444
dme,960,TU,EUROCONTROL NMOC,TURBAT,25.98347777777778,63.03655555555555
vor_dme,2222,TU,EUROCONTROL NMOC,TOLIARY,-23.391175,43.72199166666667
vor_dme,2688,TU,EUROCONTROL NMOC,TURBAT,25.98347777777778,63.03655555555555
dme,1425,TUC,EUROCONTROL NMOC,TUNIS,36.85136111111111,10.231111111111112
vor_dme,257,TUC,EUROCONTROL NMOC,TUNIS,36.85136111111111,10.231111111111112
vor_dme,1404,TUC,EUROCONTROL NMOC,TUCUMAN / TTE. B. MATIENZO,-26.845716666666664,-65.10844999999999
dme,187,TUN,AUSTRO CONTROL GMBH,TULLN,48.30933361,15.97970083
vor,255,TUN,AUSTRO CONTROL GMBH,TULLN,48.30933361,15.97970083
dme,1413,TV,EUROCONTROL NMOC,TABORA,-5.070327777777777,32.822225
vor_dme,34,TV,EUROCONTROL NMOC,STONY,-1.503438888888889,37.021225
vor_dme,2557,TV,EUROCONTROL NMOC,TABORA,-5.0707861111111106,32.82281944444445
tacan,215,UBL,EUROCONTROL NMOC,UBON,15.262441666666666,104.88333333333334
vor_dme,1220,UBL,EUROCONTROL NMOC,UBON RATCHATHANI,15.245194444444444,104.86588888888889
tacan,216,UDN,EUROCONTROL NMOC,UDON,17.381666666666668,102.80166666666666
vor_dme,1221,UDN,EUROCONTROL NMOC,UDON THANI,17.384777777777778,102.77494444444444
dme,170,UL,EUROCONTROL NMOC,ULA,57.11124944,2.84737472
dme,1336,UL,EUROCONTROL NMOC,ULUNDI,-28.315055555555556,31.420555555555556
dme,1253,ULD,EUROCONTROL NMOC,ULAN-UDE/MUKHINO,51.81172222222222,107.43997222222222
vor_dme,1981,ULD,EUROCONTROL NMOC,UBERLANDIA,-18.87666666666667,-48.22138888888889
vor_dme,2536,ULD,EUROCONTROL NMOC,ULAN-UDE/MUKHINO,51.81172222222222,107.43997222222222
dme,263,ULT,NAV CANADA,ALERT,82.51722222222222,-62.31194444444444
tacan,69,ULT,NAV CANADA,ALERT,82.51730555555555,-62.311527777777776
dme,1716,VAL,EUROCONTROL NMOC,VALENCIA,10.14786111111111,-67.92275000000001
vor,181,VAL,EUROCONTROL NMOC,VALENCIA,10.14786111111111,-67.92275000000001
dme,1014,VAS,EUROCONTROL NMOC,ASUNCION,-25.24416666666667,-57.52194444444444
vor_dme,1408,VAS,EUROCONTROL NMOC,ASUNCION,-25.24416666666667,-57.52194444444444
vor_dme,1526,VAS,EUROCONTROL NMOC,ALOR STAR,6.185666666666667,100.397
dme,866,VBA,EUROCONTROL NMOC,BATU ARANG,3.3248249999999997,101.46058611111111
vor_dme,770,VBA,EUROCONTROL NMOC,BARNA,45.7478,17.14674722222222
vor_dme,1527,VBA,EUROCONTROL NMOC,BATU ARANG,3.325083333333333,101.46088888888889
dme,1727,VBU,EUROCONTROL NMOC,BULAWAYO/J.M. NKOMO,-20.029055555555555,28.64386111111111
vor_dme,260,VBU,EUROCONTROL NMOC,BULAWAYO/J.M. NKOMO,-20.029055555555555,28.64386111111111
vor_dme,1972,VBU,EUROCONTROL NMOC,BINTULU,3.153972222222222,113.01319444444445
dme,1111,VBV,ROMATSA - ROMANIAN AIR TRAFFIC SERVICES ADMINISTRATION,,45.70733333333334,25.52138888888889
vor,273,VBV,ROMATSA - ROMANIAN AIR TRAFFIC SERVICES ADMINISTRATION,,45.70727777777778,25.521527777777777
dme,1723,VDO,EUROCONTROL NMOC,VAN DON,21.073305555555557,107.38994444444445
vor_dme,2223,VDO,EUROCONTROL NMOC,OUJDA/ANGADS,34.815749999999994,-1.9605277777777776
vor_dme,2530,VDO,EUROCONTROL NMOC,VAN DON,21.073305555555557,107.38994444444445
dme,1015,VEN,EUROCONTROL NMOC,ENCARNACION,-27.230833333333333,-55.836111111111116
vor_dme,2119,VEN,EUROCONTROL NMOC,VENTSPILS,57.3448889,21.5271667
vor_dme,2538,VEN,EUROCONTROL NMOC,ENCARNACION,-27.230833333333333,-55.836111111111116
dme,1728,VFA,EUROCONTROL NMOC,VICTORIA FALLS,-18.09003611111111,25.814333333333334
vor_dme,772,VFA,EUROCONTROL NMOC,FARO,37.01352167,-7.97500917
vor_dme,2520,VFA,EUROCONTROL NMOC,VICTORIA FALLS,-18.09003611111111,25.814333333333334
vortac,15,VFL,EUROCONTROL NMOC,VARDEFJELL,65.87937053,13.30806444
vortac,51,VFL,EUROCONTROL NMOC,HORTA,38.51941575,-28.62356111
ils_dme,385,VIG,ENAIRE,,42.23977777777778,-8.623527777777777
ils_gp,503,VIG,ENAIRE,,42.239805555555556,-8.623861111111111
ils_loc,528,VIG,ENAIRE,,42.220083333333335,-8.629972222222223
dme,1694,VIH,EUROCONTROL NMOC,VICHY,38.154071944444446,-91.70677194444444
vor_dme,1528,VIH,EUROCONTROL NMOC,IPOH,4.573611111111111,101.09391666666666
vor_dme,1776,VIH,EUROCONTROL NMOC,VICHY,38.154071944444446,-91.70677194444444
dme,602,VIL,EUROCONTROL NMOC,VILMAS,61.03882222,28.11689444
vortac,52,VIL,EUROCONTROL NMOC,VILLAFRANCA,45.40788389,10.90625247
tacan,189,VKL,EUROCONTROL NMOC,VOLKEL,51.65543056,5.70697778
vor_dme,1532,VKL,EUROCONTROL NMOC,KUALA LUMPUR,2.7244444444444444,101.73805555555556
dme,238,VLC,EUROCONTROL NMOC,VALENCA,-13.302126472222223,-38.99144211111111
vor_dme,265,VLC,EUROCONTROL NMOC,LICHINGA,-13.276444444444445,35.25116666666667
dme,1725,VLI,EUROCONTROL NMOC,HARRY MWAANGA NKUMBULA,-17.81260277777778,25.820019444444444
vor_dme,266,VLI,EUROCONTROL NMOC,HARRY MWAANGA NKUMBULA,-17.81260277777778,25.820019444444444
vor_dme,1535,VLI,EUROCONTROL NMOC,PORT VILA,-17.662130833333332,168.24388888888888
ils_dme,309,VLN,ENAIRE,,39.49391666666667,-0.49686111111111114
ils_gp,375,VLN,ENAIRE,,39.49391666666667,-0.49686111111111114
ils_loc,387,VLN,ENAIRE,,39.48202777777778,-0.4625
dme,1016,VME,EUROCONTROL NMOC,MCAL. ESTIGARRIBIA,-22.045,-60.61972222222222
vor_dme,2386,VME,EUROCONTROL NMOC,MCAL. ESTIGARRIBIA,-22.045,-60.61972222222222
vor_dme,2586,VME,EUROCONTROL NMOC,MENONGUE,-14.661944444444444,17.72472222222222
dme,1726,VMG,EUROCONTROL NMOC,MONGU,-15.252733333333333,23.190450000000002
vor_dme,1810,VMG,EUROCONTROL NMOC,SAO MIGUEL,37.84598969,-25.75814664
vor_dme,2254,VMG,EUROCONTROL NMOC,MONGU,-15.252733333333333,23.190450000000002
dme,18,VNA,EUROCONTROL NMOC,LUANDA,-8.845575,13.24728611111111
vortac,7,VNA,EUROCONTROL NMOC,LUANDA,-8.845575,13.24728611111111
vortac,463,VNA,EUROCONTROL NMOC,VIENNA,32.21344277777778,-83.49725638888889
dme,1013,VNO,EUROCONTROL NMOC,VANIMO,-2.67855,141.30323333333334
vor_dme,491,VNO,EUROCONTROL NMOC,VILNIUS,54.63605555555556,25.293630555555556
dme,239,VSA,EUROCONTROL NMOC,VITORIA DE SANTO ANTAO,-8.106666666666666,-35.28722222222222
dme,883,VSA,EUROCONTROL NMOC,VILLAHERMOSA,17.99886111111111,-92.81820833333333
vor_dme,906,VSA,EUROCONTROL NMOC,VILLAHERMOSA,17.99886111111111,-92.81820833333333
vor_dme,2177,VSA,EUROCONTROL NMOC,SAURIMO,-9.688055555555556,20.434166666666666
dme,867,VSP,EUROCONTROL NMOC,SEPANG,2.7521416666666667,101.66825555555556
vor_dme,2131,VSP,EUROCONTROL NMOC,VISAKHAPATNAM,17.724277777777775,83.23625
vor_dme,2673,VSP,EUROCONTROL NMOC,SEPANG,2.7521416666666667,101.66825555555556
dme,818,VTN,EUROCONTROL NMOC,VIENTIANE,18.010361111111113,102.54047222222222
vor_dme,1224,VTN,EUROCONTROL NMOC,VIENTIANE,18.010361111111113,102.54047222222222
vor_dme,1414,VTN,EUROCONTROL NMOC,VENTANAS,-32.73861111111111,-71.4961111111111
ils_dme,312,VTO,ENAIRE,,42.871694444444444,-2.7334722222222223
ils_gp,378,VTO,ENAIRE,,42.871694444444444,-2.7334722222222223
ils_loc,390,VTO,ENAIRE,,42.89786111111111,-2.7096666666666667
dme,1255,WGD,EUROCONTROL NMOC,VOLOGDA,59.28527777777778,39.946666666666665
vor_dme,2297,WGD,EUROCONTROL NMOC,VOLGOGRAD/GUMRAK,48.78075,44.343500000000006
vor_dme,2535,WGD,EUROCONTROL NMOC,VOLOGDA,59.28527777777778,39.946666666666665
dme,77,WGM,AUSTRO CONTROL GMBH,WAGRAM,48.32391669,16.49080719
vor,177,WGM,AUSTRO CONTROL GMBH,WAGRAM,48.32385625,16.49095322
dme,850,WLD,EUROCONTROL NMOC,BENI WALID,31.782519444444443,14.009430555555555
vor_dme,280,WLD,EUROCONTROL NMOC,BENI WALID,31.782519444444443,14.009430555555555
vor_dme,785,WLD,EUROCONTROL NMOC,WALDA,48.57941969,11.12938667
dme,1257,WLK,EUROCONTROL NMOC,VOLCHANKA,52.56166666666666,49.99055555555556
vor_dme,2604,WLK,EUROCONTROL NMOC,VLADIKAVKAZ/BESLAN,43.20041666666667,44.63736111111111
dme,1258,WNK,EUROCONTROL NMOC,VESHENSKAYA,49.65472222222222,41.698055555555555
vor_dme,2796,WNK,EUROCONTROL NMOC,MOSCOW/VNUKOVO,55.58825,37.254222222222225
dme,1126,WOL,EUROCONTROL NMOC,WOL,53.22766389,5.74540278
dme,1477,WOL,EUROCONTROL NMOC,WOLVERHAMPTON/HALFPENNY GREEN,52.515794444444445,-2.261816666666667
tacan,67,WTM,EUROCONTROL NMOC,WITTMUNDHAFEN,53.55433278,7.72511222
vor_dme,2235,WTM,EUROCONTROL NMOC,TIANMEN,30.753333333333334,113.14166666666667
tacan,243,YAA,DHMI TURKIYE,YALOVA,40.68594444444444,29.37441666666667
vor_dme,1092,YAA,DHMI TURKIYE,YALOVA,40.47502777777778,29.207555555555555
ils_gp,153,YBE,SERBIA AND MONTENEGRO AIR TRAFFIC SERVICES SMATSA LLC,,44.81458333333333,20.32086111111111
ils_loc,156,YBE,SERBIA AND MONTENEGRO AIR TRAFFIC SERVICES SMATSA LLC,,44.82819444444445,20.287166666666668
ils_dme,231,YBG,SERBIA AND MONTENEGRO AIR TRAFFIC SERVICES SMATSA LLC,,44.82091666666667,20.301333333333336
ils_gp,287,YBG,SERBIA AND MONTENEGRO AIR TRAFFIC SERVICES SMATSA LLC,,44.82091666666667,20.301361111111113
ils_loc,298,YBG,SERBIA AND MONTENEGRO AIR TRAFFIC SERVICES SMATSA LLC,,44.806888888888885,20.330694444444443
ils_dme,109,YNI,SERBIA AND MONTENEGRO AIR TRAFFIC SERVICES SMATSA LLC,,43.33352777777778,21.862222222222222
ils_gp,154,YNI,SERBIA AND MONTENEGRO AIR TRAFFIC SERVICES SMATSA LLC,,43.333555555555556,21.862222222222222
ils_loc,157,YNI,SERBIA AND MONTENEGRO AIR TRAFFIC SERVICES SMATSA LLC,,43.335972222222225,21.85236111111111
ils_dme,295,YUB,SERBIA AND MONTENEGRO AIR TRAFFIC SERVICES SMATSA LLC,,44.82611111111112,20.294777777777778
ils_gp,361,YUB,SERBIA AND MONTENEGRO AIR TRAFFIC SERVICES SMATSA LLC,,44.82611111111112,20.294777777777778
ils_loc,372,YUB,SERBIA AND MONTENEGRO AIR TRAFFIC SERVICES SMATSA LLC,,44.80836111111111,20.331916666666668
ils_gp,155,YUI,SERBIA AND MONTENEGRO AIR TRAFFIC SERVICES SMATSA LLC,,42.35027777777778,19.25261111111111
ils_loc,158,YUI,SERBIA AND MONTENEGRO AIR TRAFFIC SERVICES SMATSA LLC,,42.37313888888889,19.25327777777778
dme,296,YXY,NAV CANADA,WHITEHORSE,60.61844608333333,-135.14030641666665
vor,98,YXY,NAV CANADA,WHITEHORSE,60.61888888888889,-135.13888888888889
tacan,115,YZD,EUROCONTROL NMOC,YAZD,31.88533333333333,54.300805555555556
vor_dme,1819,YZD,EUROCONTROL NMOC,YAZD,31.897666666666666,54.282694444444445
dme,922,YZF,NAV CANADA,YELLOWKNIFE,62.46428055555556,-114.43665833333334
vor,207,YZF,NAV CANADA,YELLOWKNIFE,62.46428055555556,-114.43665833333334
dme,904,ZAG,EUROCONTROL NMOC,ZAGORA,30.25957222222222,-5.835586111111111
vor_dme,789,ZAG,EUROCONTROL NMOC,ZAGREB,45.895558333333334,16.306697222222223
vor_dme,2724,ZAG,EUROCONTROL NMOC,ZAGORA,30.25957222222222,-5.835586111111111
dme,1261,ZMN,EUROCONTROL NMOC,ZEMETCHINO,53.51916666666666,42.61416666666667
vor_dme,2748,ZMN,EUROCONTROL NMOC,ZAAMIN CVOR DME,40.01427777777778,68.40613888888889
dme,179,ZV,EUROCONTROL NMOC,STAVANGER/SOLA,58.89032033,5.63921
vor_dme,2084,ZV,EUROCONTROL NMOC,ZANZIBAR,-6.244763888888889,39.22720277777778
