{
"type": "FeatureCollection",
"name": "ourairports-turkiye",
"crs": { "type": "name", "properties": { "name": "urn:ogc:def:crs:OGC:1.3:CRS84" } },
"features": [
{ "type": "Feature", "properties": { "id": 517897, "ident": "IR-0166", "type": "heliport", "name": "Yarem Qayah-e Olya Border Post Helipad", "latitude_deg": 39.469653, "longitude_deg": 44.417446, "elevation_ft": null, "continent": "AS", "iso_country": "IR", "iso_region": "IR-04", "municipality": "Maku", "scheduled_service": false, "icao_code": null, "iata_code": null, "gps_code": null, "local_code": null, "home_link": null, "wikipedia_link": null, "keywords": null }, "geometry": { "type": "Point", "coordinates": [ 44.417446, 39.469653, 0.0 ] } },
{ "type": "Feature", "properties": { "id": 518013, "ident": "IR-0169", "type": "heliport", "name": "Suleiman Aghl Border Post Helipad", "latitude_deg": 39.367309, "longitude_deg": 44.042081, "elevation_ft": null, "continent": "AS", "iso_country": "IR", "iso_region": "IR-04", "municipality": "Chaldoran", "scheduled_service": false, "icao_code": null, "iata_code": null, "gps_code": null, "local_code": null, "home_link": null, "wikipedia_link": null, "keywords": null }, "geometry": { "type": "Point", "coordinates": [ 44.042081, 39.367309, 0.0 ] } },
{ "type": "Feature", "properties": { "id": 4508, "ident": "LTAB", "type": "small_airport", "name": "Güvercinlik Airport", "latitude_deg": 39.935001, "longitude_deg": 32.740799, "elevation_ft": 2687, "continent": "AS", "iso_country": "TR", "iso_region": "TR-06", "municipality": "Ankara", "scheduled_service": false, "icao_code": "LTAB", "iata_code": null, "gps_code": "LTAB", "local_code": null, "home_link": null, "wikipedia_link": "https://en.wikipedia.org/wiki/Ankara_G%C3%BCvercinlik_Army_Air_Base", "keywords": null }, "geometry": { "type": "Point", "coordinates": [ 32.740799, 39.935001, 2687.0 ] } },
{ "type": "Feature", "properties": { "id": 4509, "ident": "LTAC", "type": "large_airport", "name": "Esenboğa International Airport", "latitude_deg": 40.128101, "longitude_deg": 32.995098, "elevation_ft": 3125, "continent": "AS", "iso_country": "TR", "iso_region": "TR-06", "municipality": "Ankara", "scheduled_service": true, "icao_code": "LTAC", "iata_code": "ESB", "gps_code": "LTAC", "local_code": null, "home_link": "https://esenbogaairport.com/", "wikipedia_link": "https://en.wikipedia.org/wiki/Esenbo%C4%9Fa_International_Airport", "keywords": null }, "geometry": { "type": "Point", "coordinates": [ 32.995098, 40.128101, 3125.0 ] } },
{ "type": "Feature", "properties": { "id": 4510, "ident": "LTAD", "type": "medium_airport", "name": "Etimesgut Air Base", "latitude_deg": 39.949798584, "longitude_deg": 32.688598632800002, "elevation_ft": 2653, "continent": "AS", "iso_country": "TR", "iso_region": "TR-06", "municipality": "Ankara", "scheduled_service": false, "icao_code": "LTAD", "iata_code": "ANK", "gps_code": "LTAD", "local_code": null, "home_link": null, "wikipedia_link": "https://en.wikipedia.org/wiki/Etimesgut_Air_Base", "keywords": null }, "geometry": { "type": "Point", "coordinates": [ 32.688598632800002, 39.949798584, 2653.0 ] } },
{ "type": "Feature", "properties": { "id": 4511, "ident": "LTAE", "type": "medium_airport", "name": "Akıncı Air Base", "latitude_deg": 40.078899, "longitude_deg": 32.565601, "elevation_ft": 2767, "continent": "AS", "iso_country": "TR", "iso_region": "TR-06", "municipality": "Ankara", "scheduled_service": false, "icao_code": "LTAE", "iata_code": null, "gps_code": "LTAE", "local_code": null, "home_link": null, "wikipedia_link": "https://en.wikipedia.org/wiki/Ak%C4%B1nc%C4%B1_Air_Base", "keywords": "Akinci, Mürted, Murted" }, "geometry": { "type": "Point", "coordinates": [ 32.565601, 40.078899, 2767.0 ] } },
{ "type": "Feature", "properties": { "id": 4512, "ident": "LTAF", "type": "large_airport", "name": "Adana Şakirpaşa Airport", "latitude_deg": 36.982201, "longitude_deg": 35.280399, "elevation_ft": 65, "continent": "AS", "iso_country": "TR", "iso_region": "TR-01", "municipality": "Seyhan", "scheduled_service": true, "icao_code": "LTAF", "iata_code": "ADA", "gps_code": "LTAF", "local_code": null, "home_link": "https://dhmi.gov.tr/sayfalar/havalimani/adana/anasayfa.aspx", "wikipedia_link": "https://en.wikipedia.org/wiki/Adana_%C5%9Eakirpa%C5%9Fa_Airport", "keywords": "Şakirpaşa, Sakirpasa" }, "geometry": { "type": "Point", "coordinates": [ 35.280399, 36.982201, 65.0 ] } },
{ "type": "Feature", "properties": { "id": 4513, "ident": "LTAG", "type": "medium_airport", "name": "İncirlik Air Base", "latitude_deg": 37.002102, "longitude_deg": 35.4259, "elevation_ft": 238, "continent": "AS", "iso_country": "TR", "iso_region": "TR-01", "municipality": "Sarıçam", "scheduled_service": false, "icao_code": "LTAG", "iata_code": "UAB", "gps_code": "LTAG", "local_code": null, "home_link": null, "wikipedia_link": "https://en.wikipedia.org/wiki/Incirlik_Air_Base", "keywords": "ADA" }, "geometry": { "type": "Point", "coordinates": [ 35.4259, 37.002102, 238.0 ] } },
{ "type": "Feature", "properties": { "id": 4514, "ident": "LTAH", "type": "medium_airport", "name": "Afyon Air Base", "latitude_deg": 38.726398, "longitude_deg": 30.601101, "elevation_ft": 3310, "continent": "AS", "iso_country": "TR", "iso_region": "TR-03", "municipality": "Afyonkarahisar", "scheduled_service": false, "icao_code": "LTAH", "iata_code": "AFY", "gps_code": "LTAH", "local_code": null, "home_link": null, "wikipedia_link": "https://en.wikipedia.org/wiki/Afyon_Airport", "keywords": "Afyonkarahisar" }, "geometry": { "type": "Point", "coordinates": [ 30.601101, 38.726398, 3310.0 ] } },
{ "type": "Feature", "properties": { "id": 4515, "ident": "LTAI", "type": "large_airport", "name": "Antalya International Airport", "latitude_deg": 36.898701, "longitude_deg": 30.800501, "elevation_ft": 177, "continent": "AS", "iso_country": "TR", "iso_region": "TR-07", "municipality": "Antalya", "scheduled_service": true, "icao_code": "LTAI", "iata_code": "AYT", "gps_code": "LTAI", "local_code": null, "home_link": "http://www.antalya.dhmi.gov.tr/havaalanlari/default.aspx?hv=4", "wikipedia_link": "https://en.wikipedia.org/wiki/Antalya_Airport", "keywords": null }, "geometry": { "type": "Point", "coordinates": [ 30.800501, 36.898701, 177.0 ] } },
{ "type": "Feature", "properties": { "id": 4516, "ident": "LTAJ", "type": "large_airport", "name": "Gaziantep Oğuzeli International Airport", "latitude_deg": 36.947201, "longitude_deg": 37.478699, "elevation_ft": 2315, "continent": "AS", "iso_country": "TR", "iso_region": "TR-27", "municipality": "Gaziantep", "scheduled_service": true, "icao_code": "LTAJ", "iata_code": "GZT", "gps_code": "LTAJ", "local_code": null, "home_link": null, "wikipedia_link": "https://en.wikipedia.org/wiki/O%C4%9Fuzeli_Airport", "keywords": null }, "geometry": { "type": "Point", "coordinates": [ 37.478699, 36.947201, 2315.0 ] } },
{ "type": "Feature", "properties": { "id": 30013, "ident": "LTAL", "type": "medium_airport", "name": "Kastamonu Airport", "latitude_deg": 41.314201, "longitude_deg": 33.795799, "elevation_ft": 3520, "continent": "AS", "iso_country": "TR", "iso_region": "TR-37", "municipality": "Kastamonu", "scheduled_service": false, "icao_code": "LTAL", "iata_code": "KFS", "gps_code": "LTAL", "local_code": null, "home_link": "https://www.dhmi.gov.tr/Sayfalar/Havalimani/Kastamonu/AnaSayfa.aspx", "wikipedia_link": "https://en.wikipedia.org/wiki/Kastamonu_Airport", "keywords": null }, "geometry": { "type": "Point", "coordinates": [ 33.795799, 41.314201, 3520.0 ] } },
{ "type": "Feature", "properties": { "id": 4518, "ident": "LTAN", "type": "large_airport", "name": "Konya Airport", "latitude_deg": 37.979, "longitude_deg": 32.561901, "elevation_ft": 3392, "continent": "AS", "iso_country": "TR", "iso_region": "TR-42", "municipality": "Konya", "scheduled_service": true, "icao_code": "LTAN", "iata_code": "KYA", "gps_code": "LTAN", "local_code": null, "home_link": "http://www.konya.dhmi.gov.tr/havaalanlari/default.aspx?hv=28", "wikipedia_link": "https://en.wikipedia.org/wiki/Konya_Airport", "keywords": null }, "geometry": { "type": "Point", "coordinates": [ 32.561901, 37.979, 3392.0 ] } },
{ "type": "Feature", "properties": { "id": 4519, "ident": "LTAO", "type": "small_airport", "name": "Malatya Tulga Airport", "latitude_deg": 38.353699, "longitude_deg": 38.253899, "elevation_ft": 3016, "continent": "AS", "iso_country": "TR", "iso_region": "TR-44", "municipality": "Malatya", "scheduled_service": true, "icao_code": "LTAO", "iata_code": null, "gps_code": "LTAO", "local_code": null, "home_link": null, "wikipedia_link": "https://tr.wikipedia.org/wiki/Malatya_Tulga_Havaliman%C4%B1", "keywords": null }, "geometry": { "type": "Point", "coordinates": [ 38.253899, 38.353699, 3016.0 ] } },
{ "type": "Feature", "properties": { "id": 4520, "ident": "LTAP", "type": "small_airport", "name": "Amasya Merzifon Airport", "latitude_deg": 40.829399, "longitude_deg": 35.521999, "elevation_ft": 1758, "continent": "AS", "iso_country": "TR", "iso_region": "TR-05", "municipality": "Amasya", "scheduled_service": true, "icao_code": "LTAP", "iata_code": "MZH", "gps_code": "LTAP", "local_code": null, "home_link": "http://www.merzifon.dhmi.gov.tr/havaalanlari/default.aspx?hv=15", "wikipedia_link": "https://en.wikipedia.org/wiki/Merzifon_Airport", "keywords": null }, "geometry": { "type": "Point", "coordinates": [ 35.521999, 40.829399, 1758.0 ] } },
{ "type": "Feature", "properties": { "id": 4521, "ident": "LTAR", "type": "small_airport", "name": "Sivas Nuri Demirağ Airport", "latitude_deg": 39.813801, "longitude_deg": 36.9035, "elevation_ft": 5239, "continent": "AS", "iso_country": "TR", "iso_region": "TR-58", "municipality": "Sivas", "scheduled_service": true, "icao_code": "LTAR", "iata_code": "VAS", "gps_code": "LTAR", "local_code": null, "home_link": "http://www.sivas.dhmi.gov.tr/havaalanlari/default.aspx?hv=35", "wikipedia_link": "https://en.wikipedia.org/wiki/Sivas_Airport", "keywords": null }, "geometry": { "type": "Point", "coordinates": [ 36.9035, 39.813801, 5239.0 ] } },
{ "type": "Feature", "properties": { "id": 30585, "ident": "LTAS", "type": "medium_airport", "name": "Zonguldak Çaycuma Airport", "latitude_deg": 41.506401, "longitude_deg": 32.0886, "elevation_ft": 44, "continent": "AS", "iso_country": "TR", "iso_region": "TR-67", "municipality": "Zonguldak", "scheduled_service": true, "icao_code": "LTAS", "iata_code": "ONQ", "gps_code": "LTAS", "local_code": null, "home_link": null, "wikipedia_link": "https://en.wikipedia.org/wiki/Zonguldak_Airport", "keywords": null }, "geometry": { "type": "Point", "coordinates": [ 32.0886, 41.506401, 44.0 ] } },
{ "type": "Feature", "properties": { "id": 4522, "ident": "LTAT", "type": "medium_airport", "name": "Malatya Erhaç Airport", "latitude_deg": 38.435298919699996, "longitude_deg": 38.090999603299998, "elevation_ft": 2828, "continent": "AS", "iso_country": "TR", "iso_region": "TR-44", "municipality": "Malatya", "scheduled_service": true, "icao_code": "LTAT", "iata_code": "MLX", "gps_code": "LTAT", "local_code": null, "home_link": null, "wikipedia_link": "https://en.wikipedia.org/wiki/Erha%C3%A7_Airport", "keywords": null }, "geometry": { "type": "Point", "coordinates": [ 38.090999603299998, 38.435298919699996, 2828.0 ] } },
{ "type": "Feature", "properties": { "id": 4523, "ident": "LTAU", "type": "large_airport", "name": "Kayseri Erkilet International Airport", "latitude_deg": 38.770401, "longitude_deg": 35.495399, "elevation_ft": 3463, "continent": "AS", "iso_country": "TR", "iso_region": "TR-38", "municipality": "Kayseri", "scheduled_service": true, "icao_code": "LTAU", "iata_code": "ASR", "gps_code": "LTAU", "local_code": null, "home_link": "http://www.dhmi.gov.tr/Sayfalar/Havalimani/Kayseri/AnaSayfa.aspx", "wikipedia_link": "https://en.wikipedia.org/wiki/Erkilet_Airport", "keywords": "Erkilet" }, "geometry": { "type": "Point", "coordinates": [ 35.495399, 38.770401, 3463.0 ] } },
{ "type": "Feature", "properties": { "id": 4524, "ident": "LTAV", "type": "medium_airport", "name": "Sivrihisar Airport", "latitude_deg": 39.451499938964844, "longitude_deg": 31.365299224853516, "elevation_ft": 3185, "continent": "AS", "iso_country": "TR", "iso_region": "TR-26", "municipality": "Sivrihisar", "scheduled_service": false, "icao_code": null, "iata_code": null, "gps_code": "LTAV", "local_code": null, "home_link": null, "wikipedia_link": null, "keywords": null }, "geometry": { "type": "Point", "coordinates": [ 31.365299224853516, 39.451499938964844, 3185.0 ] } },
{ "type": "Feature", "properties": { "id": 4525, "ident": "LTAW", "type": "medium_airport", "name": "Tokat Airport", "latitude_deg": 40.32472, "longitude_deg": 36.39056, "elevation_ft": 1859, "continent": "AS", "iso_country": "TR", "iso_region": "TR-60", "municipality": "Tokat", "scheduled_service": true, "icao_code": "LTAW", "iata_code": "TJK", "gps_code": "LTAW", "local_code": null, "home_link": null, "wikipedia_link": "https://en.wikipedia.org/wiki/Tokat_Airport", "keywords": null }, "geometry": { "type": "Point", "coordinates": [ 36.39056, 40.32472, 1859.0 ] } },
{ "type": "Feature", "properties": { "id": 4526, "ident": "LTAY", "type": "medium_airport", "name": "Çardak Airport", "latitude_deg": 37.785598754900001, "longitude_deg": 29.701299667400001, "elevation_ft": 2795, "continent": "AS", "iso_country": "TR", "iso_region": "TR-20", "municipality": "Denizli", "scheduled_service": true, "icao_code": "LTAY", "iata_code": "DNZ", "gps_code": "LTAY", "local_code": null, "home_link": null, "wikipedia_link": "https://en.wikipedia.org/wiki/%C3%87ardak_Airport", "keywords": null }, "geometry": { "type": "Point", "coordinates": [ 29.701299667400001, 37.785598754900001, 2795.0 ] } },
{ "type": "Feature", "properties": { "id": 4527, "ident": "LTAZ", "type": "large_airport", "name": "Nevşehir Kapadokya Airport", "latitude_deg": 38.7719, "longitude_deg": 34.5345, "elevation_ft": 3100, "continent": "AS", "iso_country": "TR", "iso_region": "TR-50", "municipality": "Nevşehir", "scheduled_service": true, "icao_code": "LTAZ", "iata_code": "NAV", "gps_code": "LTAZ", "local_code": null, "home_link": "https://www.dhmi.gov.tr/Sayfalar/Havalimani/Kapadokya/AnaSayfa.aspx", "wikipedia_link": "https://en.wikipedia.org/wiki/Nev%C5%9Fehir_Kapadokya_Airport", "keywords": null }, "geometry": { "type": "Point", "coordinates": [ 34.5345, 38.7719, 3100.0 ] } },
{ "type": "Feature", "properties": { "id": 4528, "ident": "LTBA", "type": "large_airport", "name": "İstanbul Atatürk Airport", "latitude_deg": 40.971913, "longitude_deg": 28.823714, "elevation_ft": 163, "continent": "EU", "iso_country": "TR", "iso_region": "TR-34", "municipality": "Istanbul(Bakırköy)", "scheduled_service": false, "icao_code": "LTBA", "iata_code": "ISL", "gps_code": "LTBA", "local_code": null, "home_link": "http://www.ataturkairport.com/eng/", "wikipedia_link": "https://en.wikipedia.org/wiki/Istanbul_Atat%C3%BCrk_Airport", "keywords": "Ataturk, Yeşilköy, Yesilkoy" }, "geometry": { "type": "Point", "coordinates": [ 28.823714, 40.971913, 163.0 ] } },
{ "type": "Feature", "properties": { "id": 29675, "ident": "LTBD", "type": "small_airport", "name": "Aydın Çıldır Airport", "latitude_deg": 37.815389, "longitude_deg": 27.887566, "elevation_ft": 102, "continent": "AS", "iso_country": "TR", "iso_region": "TR-09", "municipality": "Aydın", "scheduled_service": false, "icao_code": "LTBD", "iata_code": "CII", "gps_code": "LTBD", "local_code": null, "home_link": null, "wikipedia_link": "https://en.wikipedia.org/wiki/Ayd%C4%B1n_Airport", "keywords": null }, "geometry": { "type": "Point", "coordinates": [ 27.887566, 37.815389, 102.0 ] } },
{ "type": "Feature", "properties": { "id": 29743, "ident": "LTBE", "type": "small_airport", "name": "Bursa Yunuseli Airport", "latitude_deg": 40.233243, "longitude_deg": 29.005583, "elevation_ft": 331, "continent": "AS", "iso_country": "TR", "iso_region": "TR-16", "municipality": "Bursa", "scheduled_service": false, "icao_code": "LTBE", "iata_code": null, "gps_code": "LTBE", "local_code": null, "home_link": null, "wikipedia_link": "https://tr.wikipedia.org/wiki/Bursa_Yunuseli_Havaliman%C4%B1", "keywords": "BTZ" }, "geometry": { "type": "Point", "coordinates": [ 29.005583, 40.233243, 331.0 ] } },
{ "type": "Feature", "properties": { "id": 4529, "ident": "LTBF", "type": "medium_airport", "name": "Balıkesir Airport", "latitude_deg": 39.619301, "longitude_deg": 27.926001, "elevation_ft": 340, "continent": "AS", "iso_country": "TR", "iso_region": "TR-10", "municipality": "Balıkesir", "scheduled_service": true, "icao_code": "LTBF", "iata_code": "BZI", "gps_code": "LTBF", "local_code": null, "home_link": null, "wikipedia_link": "https://en.wikipedia.org/wiki/Bal%C4%B1kesir_Airport", "keywords": "Balıkesir Air Base, Balıkesir Central, Balıkesir Merkez" }, "geometry": { "type": "Point", "coordinates": [ 27.926001, 39.619301, 340.0 ] } },
{ "type": "Feature", "properties": { "id": 4530, "ident": "LTBG", "type": "medium_airport", "name": "Bandırma Airport", "latitude_deg": 40.318001, "longitude_deg": 27.977699, "elevation_ft": 170, "continent": "AS", "iso_country": "TR", "iso_region": "TR-10", "municipality": "Bandırma", "scheduled_service": false, "icao_code": "LTBG", "iata_code": "BDM", "gps_code": "LTBG", "local_code": null, "home_link": null, "wikipedia_link": "https://en.wikipedia.org/wiki/Band%C4%B1rma_Airport", "keywords": null }, "geometry": { "type": "Point", "coordinates": [ 27.977699, 40.318001, 170.0 ] } },
{ "type": "Feature", "properties": { "id": 4531, "ident": "LTBH", "type": "medium_airport", "name": "Çanakkale Airport", "latitude_deg": 40.137699127200001, "longitude_deg": 26.426799774199999, "elevation_ft": 23, "continent": "AS", "iso_country": "TR", "iso_region": "TR-17", "municipality": "Çanakkale", "scheduled_service": true, "icao_code": "LTBH", "iata_code": "CKZ", "gps_code": "LTBH", "local_code": null, "home_link": null, "wikipedia_link": "https://en.wikipedia.org/wiki/%C3%87anakkale_Airport", "keywords": null }, "geometry": { "type": "Point", "coordinates": [ 26.426799774199999, 40.137699127200001, 23.0 ] } },
{ "type": "Feature", "properties": { "id": 4532, "ident": "LTBI", "type": "medium_airport", "name": "Eskişehir Air Base", "latitude_deg": 39.7841, "longitude_deg": 30.5821, "elevation_ft": 2581, "continent": "AS", "iso_country": "TR", "iso_region": "TR-26", "municipality": "Eskişehir", "scheduled_service": false, "icao_code": "LTBI", "iata_code": "ESK", "gps_code": "LTBI", "local_code": null, "home_link": null, "wikipedia_link": "https://en.wikipedia.org/wiki/Eski%C5%9Fehir_Airport", "keywords": null }, "geometry": { "type": "Point", "coordinates": [ 30.5821, 39.7841, 2581.0 ] } },
{ "type": "Feature", "properties": { "id": 4533, "ident": "LTBJ", "type": "large_airport", "name": "Adnan Menderes International Airport", "latitude_deg": 38.2924, "longitude_deg": 27.157, "elevation_ft": 412, "continent": "AS", "iso_country": "TR", "iso_region": "TR-35", "municipality": "Gaziemir", "scheduled_service": true, "icao_code": "LTBJ", "iata_code": "ADB", "gps_code": "LTBJ", "local_code": null, "home_link": "http://www.adnanmenderesairport.com", "wikipedia_link": "https://en.wikipedia.org/wiki/Adnan_Menderes_Airport", "keywords": "İzmir" }, "geometry": { "type": "Point", "coordinates": [ 27.157, 38.2924, 412.0 ] } },
{ "type": "Feature", "properties": { "id": 4534, "ident": "LTBK", "type": "small_airport", "name": "Gaziemir Air Base", "latitude_deg": 38.319099, "longitude_deg": 27.159401, "elevation_ft": 433, "continent": "AS", "iso_country": "TR", "iso_region": "TR-35", "municipality": "Gaziemir", "scheduled_service": false, "icao_code": null, "iata_code": null, "gps_code": "LTBK", "local_code": null, "home_link": null, "wikipedia_link": "https://en.wikipedia.org/wiki/Gaziemir_Air_Base", "keywords": null }, "geometry": { "type": "Point", "coordinates": [ 27.159401, 38.319099, 433.0 ] } },
{ "type": "Feature", "properties": { "id": 4535, "ident": "LTBL", "type": "medium_airport", "name": "Çiğli Airbase", "latitude_deg": 38.513, "longitude_deg": 27.010099, "elevation_ft": 16, "continent": "AS", "iso_country": "TR", "iso_region": "TR-35", "municipality": "Çiğli", "scheduled_service": false, "icao_code": null, "iata_code": "IGL", "gps_code": "LTBL", "local_code": null, "home_link": null, "wikipedia_link": "https://en.wikipedia.org/wiki/%C3%87i%C4%9Fli_Air_Base", "keywords": null }, "geometry": { "type": "Point", "coordinates": [ 27.010099, 38.513, 16.0 ] } },
{ "type": "Feature", "properties": { "id": 4536, "ident": "LTBM", "type": "small_airport", "name": "Isparta Airport", "latitude_deg": 37.785121917724609, "longitude_deg": 30.590019226074219, "elevation_ft": 3250, "continent": "AS", "iso_country": "TR", "iso_region": "TR-32", "municipality": null, "scheduled_service": false, "icao_code": null, "iata_code": null, "gps_code": "LTBM", "local_code": null, "home_link": null, "wikipedia_link": null, "keywords": null }, "geometry": { "type": "Point", "coordinates": [ 30.590019226074219, 37.785121917724609, 3250.0 ] } },
{ "type": "Feature", "properties": { "id": 4537, "ident": "LTBN", "type": "medium_airport", "name": "Kütahya Airport", "latitude_deg": 39.426701, "longitude_deg": 30.016899, "elevation_ft": 3026, "continent": "AS", "iso_country": "TR", "iso_region": "TR-43", "municipality": "Kütahya", "scheduled_service": false, "icao_code": null, "iata_code": null, "gps_code": "LTBN", "local_code": null, "home_link": null, "wikipedia_link": "https://en.wikipedia.org/wiki/K%C3%BCtahya_Air_Base", "keywords": null }, "geometry": { "type": "Point", "coordinates": [ 30.016899, 39.426701, 3026.0 ] } },
{ "type": "Feature", "properties": { "id": 4538, "ident": "LTBO", "type": "medium_airport", "name": "Uşak Airport", "latitude_deg": 38.681499, "longitude_deg": 29.471701, "elevation_ft": 2897, "continent": "AS", "iso_country": "TR", "iso_region": "TR-64", "municipality": "Uşak", "scheduled_service": false, "icao_code": "LTBO", "iata_code": "USQ", "gps_code": "LTBO", "local_code": null, "home_link": "https://www.dhmi.gov.tr/Sayfalar/Havalimani/Usak/AnaSayfa.aspx", "wikipedia_link": "https://en.wikipedia.org/wiki/U%C5%9Fak_Airport", "keywords": null }, "geometry": { "type": "Point", "coordinates": [ 29.471701, 38.681499, 2897.0 ] } },
{ "type": "Feature", "properties": { "id": 4539, "ident": "LTBP", "type": "small_airport", "name": "Yalova Air Base", "latitude_deg": 40.686279, "longitude_deg": 29.37707, "elevation_ft": 6, "continent": "AS", "iso_country": "TR", "iso_region": "TR-77", "municipality": "Çiftlikköy", "scheduled_service": false, "icao_code": null, "iata_code": null, "gps_code": "LTBP", "local_code": null, "home_link": null, "wikipedia_link": "https://tr.wikipedia.org/wiki/Yalova_Hava_%C3%9Css%C3%BC", "keywords": "Yalova Hava Meydan Komutanlığı" }, "geometry": { "type": "Point", "coordinates": [ 29.37707, 40.686279, 6.0 ] } },
{ "type": "Feature", "properties": { "id": 4540, "ident": "LTBQ", "type": "medium_airport", "name": "Cengiz Topel Airport", "latitude_deg": 40.735001, "longitude_deg": 30.0833, "elevation_ft": 182, "continent": "AS", "iso_country": "TR", "iso_region": "TR-41", "municipality": "Kartepe", "scheduled_service": false, "icao_code": "LTBQ", "iata_code": "KCO", "gps_code": "LTBQ", "local_code": null, "home_link": null, "wikipedia_link": "https://en.wikipedia.org/wiki/Cengiz_Topel_Naval_Air_Station", "keywords": null }, "geometry": { "type": "Point", "coordinates": [ 30.0833, 40.735001, 182.0 ] } },
{ "type": "Feature", "properties": { "id": 4541, "ident": "LTBR", "type": "medium_airport", "name": "Bursa Yenişehir Airport", "latitude_deg": 40.255199, "longitude_deg": 29.562599, "elevation_ft": 764, "continent": "AS", "iso_country": "TR", "iso_region": "TR-16", "municipality": "Yenişehir", "scheduled_service": true, "icao_code": "LTBR", "iata_code": "YEI", "gps_code": "LTBR", "local_code": null, "home_link": null, "wikipedia_link": "https://en.wikipedia.org/wiki/Yeni%C5%9Fehir_Airport", "keywords": null }, "geometry": { "type": "Point", "coordinates": [ 29.562599, 40.255199, 764.0 ] } },
{ "type": "Feature", "properties": { "id": 4542, "ident": "LTBS", "type": "large_airport", "name": "Dalaman International Airport", "latitude_deg": 36.7131, "longitude_deg": 28.7925, "elevation_ft": 20, "continent": "AS", "iso_country": "TR", "iso_region": "TR-48", "municipality": "Dalaman", "scheduled_service": true, "icao_code": "LTBS", "iata_code": "DLM", "gps_code": "LTBS", "local_code": null, "home_link": "https://www.dalamanairport.aero/", "wikipedia_link": "https://en.wikipedia.org/wiki/Dalaman_Airport", "keywords": null }, "geometry": { "type": "Point", "coordinates": [ 28.7925, 36.7131, 20.0 ] } },
{ "type": "Feature", "properties": { "id": 4543, "ident": "LTBT", "type": "medium_airport", "name": "Akhisar Airport / Akhisar Air Base", "latitude_deg": 38.808899, "longitude_deg": 27.8339, "elevation_ft": 263, "continent": "AS", "iso_country": "TR", "iso_region": "TR-45", "municipality": "Akhisar", "scheduled_service": false, "icao_code": null, "iata_code": null, "gps_code": "LTBT", "local_code": null, "home_link": null, "wikipedia_link": null, "keywords": null }, "geometry": { "type": "Point", "coordinates": [ 27.8339, 38.808899, 263.0 ] } },
{ "type": "Feature", "properties": { "id": 4544, "ident": "LTBU", "type": "medium_airport", "name": "Tekirdağ Çorlu Airport", "latitude_deg": 41.138199, "longitude_deg": 27.9191, "elevation_ft": 574, "continent": "EU", "iso_country": "TR", "iso_region": "TR-59", "municipality": "Çorlu", "scheduled_service": true, "icao_code": "LTBU", "iata_code": "TEQ", "gps_code": "LTBU", "local_code": null, "home_link": null, "wikipedia_link": "https://en.wikipedia.org/wiki/Tekirda%C4%9F_%C3%87orlu_Airport", "keywords": null }, "geometry": { "type": "Point", "coordinates": [ 27.9191, 41.138199, 574.0 ] } },
{ "type": "Feature", "properties": { "id": 4545, "ident": "LTBV", "type": "small_airport", "name": "Bodrum-Imsık Airport", "latitude_deg": 37.140099, "longitude_deg": 27.669701, "elevation_ft": 202, "continent": "AS", "iso_country": "TR", "iso_region": "TR-48", "municipality": "Bodrum", "scheduled_service": false, "icao_code": "LTBV", "iata_code": "BXN", "gps_code": "LTBV", "local_code": null, "home_link": null, "wikipedia_link": "https://en.wikipedia.org/wiki/Bodrum-Imsik_Airport", "keywords": null }, "geometry": { "type": "Point", "coordinates": [ 27.669701, 37.140099, 202.0 ] } },
{ "type": "Feature", "properties": { "id": 29981, "ident": "LTBW", "type": "small_airport", "name": "İstanbul Hezarfen Airfield", "latitude_deg": 41.1036, "longitude_deg": 28.547701, "elevation_ft": 61, "continent": "EU", "iso_country": "TR", "iso_region": "TR-34", "municipality": "Çatalca", "scheduled_service": false, "icao_code": null, "iata_code": null, "gps_code": "LTBW", "local_code": null, "home_link": "http://www.hezarfen.com.tr/", "wikipedia_link": "https://en.wikipedia.org/wiki/Istanbul_Hezarfen_Airfield", "keywords": "Istanbul Hezarfen Havaalanı" }, "geometry": { "type": "Point", "coordinates": [ 28.547701, 41.1036, 61.0 ] } },
{ "type": "Feature", "properties": { "id": 4546, "ident": "LTBX", "type": "medium_airport", "name": "İstanbul Samandıra Army Air Base", "latitude_deg": 40.993, "longitude_deg": 29.216499, "elevation_ft": 400, "continent": "AS", "iso_country": "TR", "iso_region": "TR-34", "municipality": "Ümraniye, Istanbul", "scheduled_service": false, "icao_code": null, "iata_code": null, "gps_code": "LTBX", "local_code": null, "home_link": null, "wikipedia_link": "https://en.wikipedia.org/wiki/Istanbul_Samand%C4%B1ra_Army_Air_Base", "keywords": null }, "geometry": { "type": "Point", "coordinates": [ 29.216499, 40.993, 400.0 ] } },
{ "type": "Feature", "properties": { "id": 4547, "ident": "LTBY", "type": "large_airport", "name": "Hasan Polatkan Airport", "latitude_deg": 39.811644, "longitude_deg": 30.519268, "elevation_ft": 2588, "continent": "AS", "iso_country": "TR", "iso_region": "TR-26", "municipality": "Eskişehir", "scheduled_service": true, "icao_code": "LTBY", "iata_code": "AOE", "gps_code": "LTBY", "local_code": null, "home_link": "https://hph.eskisehir.edu.tr/tr/", "wikipedia_link": "https://en.wikipedia.org/wiki/Anadolu_Airport", "keywords": "Anadolu Airport" }, "geometry": { "type": "Point", "coordinates": [ 30.519268, 39.811644, 2588.0 ] } },
{ "type": "Feature", "properties": { "id": 44490, "ident": "LTBZ", "type": "small_airport", "name": "Zafer Airport", "latitude_deg": 39.113079, "longitude_deg": 30.128111, "elevation_ft": 3327, "continent": "AS", "iso_country": "TR", "iso_region": "TR-43", "municipality": "Altıntaş", "scheduled_service": true, "icao_code": "LTBZ", "iata_code": "KZR", "gps_code": "LTBZ", "local_code": null, "home_link": null, "wikipedia_link": "https://en.wikipedia.org/wiki/Zafer_Airport", "keywords": null }, "geometry": { "type": "Point", "coordinates": [ 30.128111, 39.113079, 3327.0 ] } },
{ "type": "Feature", "properties": { "id": 4548, "ident": "LTCA", "type": "medium_airport", "name": "Elazığ Airport", "latitude_deg": 38.597974, "longitude_deg": 39.28348, "elevation_ft": 2927, "continent": "AS", "iso_country": "TR", "iso_region": "TR-23", "municipality": "Elazığ", "scheduled_service": true, "icao_code": "LTCA", "iata_code": "EZS", "gps_code": "LTCA", "local_code": null, "home_link": null, "wikipedia_link": "https://en.wikipedia.org/wiki/Elaz%C4%B1%C4%9F_Airport", "keywords": null }, "geometry": { "type": "Point", "coordinates": [ 39.28348, 38.597974, 2927.0 ] } },
{ "type": "Feature", "properties": { "id": 44789, "ident": "LTCB", "type": "medium_airport", "name": "Ordu–Giresun Airport", "latitude_deg": 40.966872, "longitude_deg": 38.085995, "elevation_ft": 11, "continent": "AS", "iso_country": "TR", "iso_region": "TR-52", "municipality": "Ordu", "scheduled_service": true, "icao_code": "LTCB", "iata_code": "OGU", "gps_code": "LTCB", "local_code": "OGU", "home_link": "http://www.dhmi.gov.tr/havaalanlari.aspx?hv=54", "wikipedia_link": "https://en.wikipedia.org/wiki/Ordu%E2%80%93Giresun_Airport", "keywords": null }, "geometry": { "type": "Point", "coordinates": [ 38.085995, 40.966872, 11.0 ] } },
{ "type": "Feature", "properties": { "id": 4549, "ident": "LTCC", "type": "medium_airport", "name": "Diyarbakır Airport", "latitude_deg": 37.893902, "longitude_deg": 40.201, "elevation_ft": 2251, "continent": "AS", "iso_country": "TR", "iso_region": "TR-21", "municipality": "Diyarbakır", "scheduled_service": true, "icao_code": "LTCC", "iata_code": "DIY", "gps_code": "LTCC", "local_code": null, "home_link": null, "wikipedia_link": "https://en.wikipedia.org/wiki/Diyarbak%C4%B1r_Airport", "keywords": null }, "geometry": { "type": "Point", "coordinates": [ 40.201, 37.893902, 2251.0 ] } },
{ "type": "Feature", "properties": { "id": 4550, "ident": "LTCD", "type": "medium_airport", "name": "Erzincan Airport", "latitude_deg": 39.710201263400002, "longitude_deg": 39.527000427199994, "elevation_ft": 3783, "continent": "AS", "iso_country": "TR", "iso_region": "TR-24", "municipality": "Erzincan", "scheduled_service": true, "icao_code": "LTCD", "iata_code": "ERC", "gps_code": "LTCD", "local_code": null, "home_link": null, "wikipedia_link": "https://en.wikipedia.org/wiki/Erzincan_Airport", "keywords": null }, "geometry": { "type": "Point", "coordinates": [ 39.527000427199994, 39.710201263400002, 3783.0 ] } },
{ "type": "Feature", "properties": { "id": 4551, "ident": "LTCE", "type": "medium_airport", "name": "Erzurum International Airport", "latitude_deg": 39.956501, "longitude_deg": 41.1702, "elevation_ft": 5763, "continent": "AS", "iso_country": "TR", "iso_region": "TR-25", "municipality": "Erzurum", "scheduled_service": true, "icao_code": "LTCE", "iata_code": "ERZ", "gps_code": "LTCE", "local_code": null, "home_link": null, "wikipedia_link": "https://en.wikipedia.org/wiki/Erzurum_Airport", "keywords": null }, "geometry": { "type": "Point", "coordinates": [ 41.1702, 39.956501, 5763.0 ] } },
{ "type": "Feature", "properties": { "id": 4552, "ident": "LTCF", "type": "medium_airport", "name": "Kars Airport", "latitude_deg": 40.562198638916016, "longitude_deg": 43.115001678466797, "elevation_ft": 5889, "continent": "AS", "iso_country": "TR", "iso_region": "TR-36", "municipality": "Kars", "scheduled_service": true, "icao_code": "LTCF", "iata_code": "KSY", "gps_code": "LTCF", "local_code": null, "home_link": null, "wikipedia_link": "https://en.wikipedia.org/wiki/Kars_Airport", "keywords": null }, "geometry": { "type": "Point", "coordinates": [ 43.115001678466797, 40.562198638916016, 5889.0 ] } },
{ "type": "Feature", "properties": { "id": 4553, "ident": "LTCG", "type": "medium_airport", "name": "Trabzon International Airport", "latitude_deg": 40.995098, "longitude_deg": 39.7897, "elevation_ft": 104, "continent": "AS", "iso_country": "TR", "iso_region": "TR-61", "municipality": "Trabzon", "scheduled_service": true, "icao_code": "LTCG", "iata_code": "TZX", "gps_code": "LTCG", "local_code": null, "home_link": null, "wikipedia_link": "https://en.wikipedia.org/wiki/Trabzon_Airport", "keywords": null }, "geometry": { "type": "Point", "coordinates": [ 39.7897, 40.995098, 104.0 ] } },
{ "type": "Feature", "properties": { "id": 4555, "ident": "LTCI", "type": "medium_airport", "name": "Van Ferit Melen Airport", "latitude_deg": 38.46820068359375, "longitude_deg": 43.332298278808594, "elevation_ft": 5480, "continent": "AS", "iso_country": "TR", "iso_region": "TR-65", "municipality": "Van", "scheduled_service": true, "icao_code": "LTCI", "iata_code": "VAN", "gps_code": "LTCI", "local_code": null, "home_link": null, "wikipedia_link": "https://en.wikipedia.org/wiki/Ferit_Melen_Airport", "keywords": null }, "geometry": { "type": "Point", "coordinates": [ 43.332298278808594, 38.46820068359375, 5480.0 ] } },
{ "type": "Feature", "properties": { "id": 4556, "ident": "LTCJ", "type": "medium_airport", "name": "Batman Airport", "latitude_deg": 37.929001, "longitude_deg": 41.1166, "elevation_ft": 1822, "continent": "AS", "iso_country": "TR", "iso_region": "TR-72", "municipality": "Batman", "scheduled_service": true, "icao_code": "LTCJ", "iata_code": "BAL", "gps_code": "LTCJ", "local_code": null, "home_link": "https://www.dhmi.gov.tr/Sayfalar/Havalimani/Batman/AnaSayfa.aspx", "wikipedia_link": "https://en.wikipedia.org/wiki/Batman_Airport", "keywords": null }, "geometry": { "type": "Point", "coordinates": [ 41.1166, 37.929001, 1822.0 ] } },
{ "type": "Feature", "properties": { "id": 4557, "ident": "LTCK", "type": "medium_airport", "name": "Muş Airport", "latitude_deg": 38.747798919677734, "longitude_deg": 41.661201477050781, "elevation_ft": 4157, "continent": "AS", "iso_country": "TR", "iso_region": "TR-49", "municipality": "Muş", "scheduled_service": true, "icao_code": "LTCK", "iata_code": "MSR", "gps_code": "LTCK", "local_code": null, "home_link": null, "wikipedia_link": "https://en.wikipedia.org/wiki/Mu%C5%9F_Airport", "keywords": null }, "geometry": { "type": "Point", "coordinates": [ 41.661201477050781, 38.747798919677734, 4157.0 ] } },
{ "type": "Feature", "properties": { "id": 4558, "ident": "LTCL", "type": "medium_airport", "name": "Siirt Airport", "latitude_deg": 37.978900909423828, "longitude_deg": 41.840400695800781, "elevation_ft": 2001, "continent": "AS", "iso_country": "TR", "iso_region": "TR-56", "municipality": "Siirt", "scheduled_service": false, "icao_code": "LTCL", "iata_code": "SXZ", "gps_code": "LTCL", "local_code": null, "home_link": null, "wikipedia_link": "https://en.wikipedia.org/wiki/Siirt_Airport", "keywords": null }, "geometry": { "type": "Point", "coordinates": [ 41.840400695800781, 37.978900909423828, 2001.0 ] } },
{ "type": "Feature", "properties": { "id": 30418, "ident": "LTCM", "type": "medium_airport", "name": "Sinop Airport", "latitude_deg": 42.018313, "longitude_deg": 35.071774, "elevation_ft": 20, "continent": "AS", "iso_country": "TR", "iso_region": "TR-57", "municipality": "Sinop", "scheduled_service": true, "icao_code": "LTCM", "iata_code": "NOP", "gps_code": "LTCM", "local_code": null, "home_link": null, "wikipedia_link": "https://en.wikipedia.org/wiki/Sinop_Airport", "keywords": "SIC" }, "geometry": { "type": "Point", "coordinates": [ 35.071774, 42.018313, 20.0 ] } },
{ "type": "Feature", "properties": { "id": 4559, "ident": "LTCN", "type": "medium_airport", "name": "Kahramanmaraş Airport", "latitude_deg": 37.538825988799999, "longitude_deg": 36.9535217285, "elevation_ft": 1723, "continent": "AS", "iso_country": "TR", "iso_region": "TR-46", "municipality": "Kahramanmaraş", "scheduled_service": true, "icao_code": "LTCN", "iata_code": "KCM", "gps_code": "LTCN", "local_code": null, "home_link": null, "wikipedia_link": "https://en.wikipedia.org/wiki/Kahramanmara%C5%9F_Airport", "keywords": null }, "geometry": { "type": "Point", "coordinates": [ 36.9535217285, 37.538825988799999, 1723.0 ] } },
{ "type": "Feature", "properties": { "id": 4560, "ident": "LTCO", "type": "medium_airport", "name": "Ağrı Airport", "latitude_deg": 39.655642, "longitude_deg": 43.025742, "elevation_ft": 5462, "continent": "AS", "iso_country": "TR", "iso_region": "TR-04", "municipality": "Ağrı", "scheduled_service": true, "icao_code": "LTCO", "iata_code": "AJI", "gps_code": "LTCO", "local_code": null, "home_link": null, "wikipedia_link": "https://en.wikipedia.org/wiki/A%C4%9Fr%C4%B1_Airport", "keywords": null }, "geometry": { "type": "Point", "coordinates": [ 43.025742, 39.655642, 5462.0 ] } },
{ "type": "Feature", "properties": { "id": 4561, "ident": "LTCP", "type": "medium_airport", "name": "Adıyaman Airport", "latitude_deg": 37.7314, "longitude_deg": 38.468899, "elevation_ft": 2216, "continent": "AS", "iso_country": "TR", "iso_region": "TR-02", "municipality": "Adıyaman", "scheduled_service": true, "icao_code": "LTCP", "iata_code": "ADF", "gps_code": "LTCP", "local_code": null, "home_link": null, "wikipedia_link": "https://en.wikipedia.org/wiki/Ad%C4%B1yaman_Airport", "keywords": null }, "geometry": { "type": "Point", "coordinates": [ 38.468899, 37.7314, 2216.0 ] } },
{ "type": "Feature", "properties": { "id": 4562, "ident": "LTCR", "type": "medium_airport", "name": "Mardin Airport", "latitude_deg": 37.223300933800004, "longitude_deg": 40.631698608400001, "elevation_ft": 1729, "continent": "AS", "iso_country": "TR", "iso_region": "TR-47", "municipality": "Mardin", "scheduled_service": true, "icao_code": "LTCR", "iata_code": "MQM", "gps_code": "LTCR", "local_code": null, "home_link": null, "wikipedia_link": "https://en.wikipedia.org/wiki/Mardin_Airport", "keywords": null }, "geometry": { "type": "Point", "coordinates": [ 40.631698608400001, 37.223300933800004, 1729.0 ] } },
{ "type": "Feature", "properties": { "id": 44491, "ident": "LTCS", "type": "large_airport", "name": "Şanlıurfa GAP Airport", "latitude_deg": 37.445663, "longitude_deg": 38.895592, "elevation_ft": 2708, "continent": "AS", "iso_country": "TR", "iso_region": "TR-63", "municipality": "Şanlıurfa", "scheduled_service": true, "icao_code": "LTCS", "iata_code": "GNY", "gps_code": "LTCS", "local_code": null, "home_link": "http://gap.dhmi.gov.tr/havaalanlari/home.aspx?hv=36", "wikipedia_link": "https://en.wikipedia.org/wiki/Şanlıurfa_GAP_Airport", "keywords": null }, "geometry": { "type": "Point", "coordinates": [ 38.895592, 37.445663, 2708.0 ] } },
{ "type": "Feature", "properties": { "id": 44790, "ident": "LTCT", "type": "medium_airport", "name": "Iğdır Airport", "latitude_deg": 39.976627, "longitude_deg": 43.876648, "elevation_ft": 3101, "continent": "AS", "iso_country": "TR", "iso_region": "TR-76", "municipality": "Iğdır", "scheduled_service": true, "icao_code": "LTCT", "iata_code": "IGD", "gps_code": "LTCT", "local_code": null, "home_link": "http://igdır.dhmi.gov.tr/", "wikipedia_link": "https://en.wikipedia.org/wiki/Iğdır_Airport", "keywords": null }, "geometry": { "type": "Point", "coordinates": [ 43.876648, 39.976627, 3101.0 ] } },
{ "type": "Feature", "properties": { "id": 44781, "ident": "LTCU", "type": "small_airport", "name": "Bingöl Airport", "latitude_deg": 38.860131, "longitude_deg": 40.594489, "elevation_ft": 3506, "continent": "AS", "iso_country": "TR", "iso_region": "TR-12", "municipality": "Bingöl", "scheduled_service": true, "icao_code": "LTCU", "iata_code": "BGG", "gps_code": "LTCU", "local_code": null, "home_link": null, "wikipedia_link": "https://en.wikipedia.org/wiki/Bing%C3%B6l_Airport", "keywords": "Çeltiksuyu" }, "geometry": { "type": "Point", "coordinates": [ 40.594489, 38.860131, 3506.0 ] } },
{ "type": "Feature", "properties": { "id": 316546, "ident": "LTCV", "type": "medium_airport", "name": "Şırnak Şerafettin Elçi Airport", "latitude_deg": 37.3647, "longitude_deg": 42.0582, "elevation_ft": 2038, "continent": "AS", "iso_country": "TR", "iso_region": "TR-73", "municipality": "Şırnak", "scheduled_service": true, "icao_code": "LTCV", "iata_code": "NKT", "gps_code": "LTCV", "local_code": null, "home_link": null, "wikipedia_link": "https://en.wikipedia.org/wiki/%C5%9E%C4%B1rnak_Airport", "keywords": null }, "geometry": { "type": "Point", "coordinates": [ 42.0582, 37.3647, 2038.0 ] } },
{ "type": "Feature", "properties": { "id": 317863, "ident": "LTCW", "type": "medium_airport", "name": "Hakkari Yüksekova Airport", "latitude_deg": 37.5497, "longitude_deg": 44.2381, "elevation_ft": 6400, "continent": "AS", "iso_country": "TR", "iso_region": "TR-30", "municipality": "Hakkari", "scheduled_service": true, "icao_code": "LTCW", "iata_code": "YKO", "gps_code": "LTCW", "local_code": null, "home_link": null, "wikipedia_link": "https://en.wikipedia.org/wiki/Hakkari_Y%C3%BCksekova_Airport", "keywords": null }, "geometry": { "type": "Point", "coordinates": [ 44.2381, 37.5497, 6400.0 ] } },
{ "type": "Feature", "properties": { "id": 44484, "ident": "LTDA", "type": "medium_airport", "name": "Hatay Airport", "latitude_deg": 36.362778, "longitude_deg": 36.282223, "elevation_ft": 269, "continent": "AS", "iso_country": "TR", "iso_region": "TR-31", "municipality": "Antakya", "scheduled_service": true, "icao_code": "LTDA", "iata_code": "HTY", "gps_code": "LTDA", "local_code": null, "home_link": null, "wikipedia_link": "https://en.wikipedia.org/wiki/Hatay_Airport", "keywords": "hatay,antakya,samandag" }, "geometry": { "type": "Point", "coordinates": [ 36.282223, 36.362778, 269.0 ] } },
{ "type": "Feature", "properties": { "id": 324731, "ident": "LTDB", "type": "large_airport", "name": "Çukurova International Airport", "latitude_deg": 36.891478, "longitude_deg": 35.071235, "elevation_ft": 35, "continent": "AS", "iso_country": "TR", "iso_region": "TR-33", "municipality": "Tarsus", "scheduled_service": true, "icao_code": "LTDB", "iata_code": "COV", "gps_code": "LTDB", "local_code": null, "home_link": "https://cukurovaairport.aero/", "wikipedia_link": "https://en.wikipedia.org/wiki/%C3%87ukurova_International_Airport", "keywords": "Çukurova International Airport" }, "geometry": { "type": "Point", "coordinates": [ 35.071235, 36.891478, 35.0 ] } },
{ "type": "Feature", "properties": { "id": 4563, "ident": "LTFA", "type": "small_airport", "name": "Kaklıç Airport", "latitude_deg": 38.517601, "longitude_deg": 26.9774, "elevation_ft": 13, "continent": "AS", "iso_country": "TR", "iso_region": "TR-35", "municipality": "Çiğli", "scheduled_service": false, "icao_code": null, "iata_code": null, "gps_code": "LTFA", "local_code": null, "home_link": null, "wikipedia_link": null, "keywords": null }, "geometry": { "type": "Point", "coordinates": [ 26.9774, 38.517601, 13.0 ] } },
{ "type": "Feature", "properties": { "id": 4564, "ident": "LTFB", "type": "small_airport", "name": "Selçuk Efes Airport", "latitude_deg": 37.950699, "longitude_deg": 27.329, "elevation_ft": 10, "continent": "AS", "iso_country": "TR", "iso_region": "TR-35", "municipality": "Selçuk", "scheduled_service": false, "icao_code": "LTFB", "iata_code": "IZM", "gps_code": "LTFB", "local_code": null, "home_link": null, "wikipedia_link": "https://en.wikipedia.org/wiki/Sel%C3%A7uk%E2%80%93Efes_Airport", "keywords": null }, "geometry": { "type": "Point", "coordinates": [ 27.329, 37.950699, 10.0 ] } },
{ "type": "Feature", "properties": { "id": 4565, "ident": "LTFC", "type": "medium_airport", "name": "Süleyman Demirel International Airport", "latitude_deg": 37.8554, "longitude_deg": 30.368401, "elevation_ft": 2835, "continent": "AS", "iso_country": "TR", "iso_region": "TR-32", "municipality": "Isparta", "scheduled_service": true, "icao_code": "LTFC", "iata_code": "ISE", "gps_code": "LTFC", "local_code": null, "home_link": "http://www.dhmi.gov.tr/dosyalar/limanvemeydanlar/sdemirel/sdemirel.asp", "wikipedia_link": "https://en.wikipedia.org/wiki/S%C3%BCleyman_Demirel_Airport", "keywords": null }, "geometry": { "type": "Point", "coordinates": [ 30.368401, 37.8554, 2835.0 ] } },
{ "type": "Feature", "properties": { "id": 4566, "ident": "LTFD", "type": "large_airport", "name": "Balıkesir Koca Seyit Airport", "latitude_deg": 39.552533, "longitude_deg": 27.010192, "elevation_ft": 50, "continent": "AS", "iso_country": "TR", "iso_region": "TR-10", "municipality": "Edremit", "scheduled_service": true, "icao_code": "LTFD", "iata_code": "EDO", "gps_code": "LTFD", "local_code": null, "home_link": null, "wikipedia_link": "https://en.wikipedia.org/wiki/Bal%C4%B1kesir_Koca_Seyit_Airport", "keywords": null }, "geometry": { "type": "Point", "coordinates": [ 27.010192, 39.552533, 50.0 ] } },
{ "type": "Feature", "properties": { "id": 4567, "ident": "LTFE", "type": "large_airport", "name": "Milas Bodrum International Airport", "latitude_deg": 37.249314, "longitude_deg": 27.66401, "elevation_ft": 21, "continent": "AS", "iso_country": "TR", "iso_region": "TR-48", "municipality": "Bodrum", "scheduled_service": true, "icao_code": "LTFE", "iata_code": "BJV", "gps_code": "LTFE", "local_code": null, "home_link": null, "wikipedia_link": "https://en.wikipedia.org/wiki/Milas-Bodrum_Airport", "keywords": null }, "geometry": { "type": "Point", "coordinates": [ 27.66401, 37.249314, 21.0 ] } },
{ "type": "Feature", "properties": { "id": 44487, "ident": "LTFG", "type": "medium_airport", "name": "Gazipaşa-Alanya Airport", "latitude_deg": 36.299217, "longitude_deg": 32.300598, "elevation_ft": 92, "continent": "AS", "iso_country": "TR", "iso_region": "TR-07", "municipality": "Gazipaşa", "scheduled_service": true, "icao_code": "LTFG", "iata_code": "GZP", "gps_code": "LTFG", "local_code": null, "home_link": "http://www.gzpairport.com/", "wikipedia_link": "https://en.wikipedia.org/wiki/Gazipa%C5%9Fa_Airport", "keywords": null }, "geometry": { "type": "Point", "coordinates": [ 32.300598, 36.299217, 92.0 ] } },
{ "type": "Feature", "properties": { "id": 4568, "ident": "LTFH", "type": "medium_airport", "name": "Samsun-Çarşamba Airport", "latitude_deg": 41.253988, "longitude_deg": 36.567546, "elevation_ft": 18, "continent": "AS", "iso_country": "TR", "iso_region": "TR-55", "municipality": "Samsun", "scheduled_service": true, "icao_code": "LTFH", "iata_code": "SZF", "gps_code": "LTFH", "local_code": null, "home_link": "http://www.carsamba.dhmi.gov.tr/havaalanlari/default.aspx?hv=32", "wikipedia_link": "https://en.wikipedia.org/wiki/%C3%87ar%C5%9Famba_Airport", "keywords": null }, "geometry": { "type": "Point", "coordinates": [ 36.567546, 41.253988, 18.0 ] } },
{ "type": "Feature", "properties": { "id": 4569, "ident": "LTFJ", "type": "large_airport", "name": "Istanbul Sabiha Gökçen International Airport", "latitude_deg": 40.898602, "longitude_deg": 29.3092, "elevation_ft": 312, "continent": "AS", "iso_country": "TR", "iso_region": "TR-34", "municipality": "Pendik, Istanbul", "scheduled_service": true, "icao_code": "LTFJ", "iata_code": "SAW", "gps_code": "LTFJ", "local_code": null, "home_link": "http://www.sgairport.com/", "wikipedia_link": "https://en.wikipedia.org/wiki/Istanbul_Sabiha_G%C3%B6k%C3%A7en_International_Airport", "keywords": "Sabiha Gökçen Havalimanı" }, "geometry": { "type": "Point", "coordinates": [ 29.3092, 40.898602, 312.0 ] } },
{ "type": "Feature", "properties": { "id": 6408, "ident": "LTFK", "type": "small_airport", "name": "Gökçeada Airport", "latitude_deg": 40.204498, "longitude_deg": 25.883302, "elevation_ft": 73, "continent": "AS", "iso_country": "TR", "iso_region": "TR-17", "municipality": "Gökçeada", "scheduled_service": false, "icao_code": "LTFK", "iata_code": "GKD", "gps_code": "LTFK", "local_code": null, "home_link": null, "wikipedia_link": "https://en.wikipedia.org/wiki/G%C3%B6k%C3%A7eada_Airport", "keywords": "Imbros, İmroz" }, "geometry": { "type": "Point", "coordinates": [ 25.883302, 40.204498, 73.0 ] } },
{ "type": "Feature", "properties": { "id": 317457, "ident": "LTFM", "type": "large_airport", "name": "İstanbul Airport", "latitude_deg": 41.274874, "longitude_deg": 28.732136, "elevation_ft": 325, "continent": "EU", "iso_country": "TR", "iso_region": "TR-34", "municipality": "Istanbul", "scheduled_service": true, "icao_code": "LTFM", "iata_code": "IST", "gps_code": "LTFM", "local_code": null, "home_link": "https://www.istairport.com/", "wikipedia_link": "https://en.wikipedia.org/wiki/Istanbul_Airport", "keywords": "Arnavutköy" }, "geometry": { "type": "Point", "coordinates": [ 28.732136, 41.274874, 325.0 ] } },
{ "type": "Feature", "properties": { "id": 525056, "ident": "LTFN", "type": "small_airport", "name": "Isparta/Kilic Airport", "latitude_deg": 37.863665, "longitude_deg": 30.355, "elevation_ft": 2874, "continent": "AS", "iso_country": "TR", "iso_region": "TR-32", "municipality": null, "scheduled_service": false, "icao_code": null, "iata_code": null, "gps_code": "LTFN", "local_code": null, "home_link": null, "wikipedia_link": null, "keywords": null }, "geometry": { "type": "Point", "coordinates": [ 30.355, 37.863665, 2874.0 ] } },
{ "type": "Feature", "properties": { "id": 316329, "ident": "LTFO", "type": "large_airport", "name": "Rize–Artvin Airport", "latitude_deg": 41.179766, "longitude_deg": 40.848802, "elevation_ft": 16, "continent": "AS", "iso_country": "TR", "iso_region": "TR-53", "municipality": "Rize", "scheduled_service": true, "icao_code": "LTFO", "iata_code": "RZV", "gps_code": "LTFO", "local_code": null, "home_link": null, "wikipedia_link": "https://en.wikipedia.org/wiki/Rize–Artvin_Airport", "keywords": null }, "geometry": { "type": "Point", "coordinates": [ 40.848802, 41.179766, 16.0 ] } },
{ "type": "Feature", "properties": { "id": 355199, "ident": "LTHA", "type": "heliport", "name": "Ufuk Danişmend Polis Heliportu", "latitude_deg": 39.803611, "longitude_deg": 32.844167, "elevation_ft": 2694, "continent": "AS", "iso_country": "TR", "iso_region": "TR-06", "municipality": "Gölbaşı", "scheduled_service": false, "icao_code": null, "iata_code": null, "gps_code": "LTHA", "local_code": "GBS", "home_link": null, "wikipedia_link": "https://tr.wikipedia.org/wiki/Ufuk_Dani%C5%9Fmend_Polis_Heliportu", "keywords": null }, "geometry": { "type": "Point", "coordinates": [ 32.844167, 39.803611, 2694.0 ] } },
{ "type": "Feature", "properties": { "id": 355200, "ident": "LTHB", "type": "heliport", "name": "Vali Ünal Erkan Polis Heliportu", "latitude_deg": 37.9381, "longitude_deg": 40.2953, "elevation_ft": 2300, "continent": "AS", "iso_country": "TR", "iso_region": "TR-21", "municipality": "Diyarbakır", "scheduled_service": false, "icao_code": null, "iata_code": null, "gps_code": "LTHB", "local_code": null, "home_link": null, "wikipedia_link": null, "keywords": null }, "geometry": { "type": "Point", "coordinates": [ 40.2953, 37.9381, 2300.0 ] } },
{ "type": "Feature", "properties": { "id": 355206, "ident": "LTHC", "type": "heliport", "name": "Çanakkale Şehitleri Abidesi Helipad", "latitude_deg": 40.049517, "longitude_deg": 26.217909, "elevation_ft": 42, "continent": "AS", "iso_country": "TR", "iso_region": "TR-17", "municipality": "Çanakkale", "scheduled_service": false, "icao_code": null, "iata_code": null, "gps_code": "LTHC", "local_code": null, "home_link": null, "wikipedia_link": null, "keywords": null }, "geometry": { "type": "Point", "coordinates": [ 26.217909, 40.049517, 42.0 ] } },
{ "type": "Feature", "properties": { "id": 355205, "ident": "LTHD", "type": "heliport", "name": "Orgeneral Eşref Bitlis Askeri Heliportu", "latitude_deg": 37.9306, "longitude_deg": 40.2311, "elevation_ft": 2251, "continent": "AS", "iso_country": "TR", "iso_region": "TR-21", "municipality": "Diyarbakır", "scheduled_service": false, "icao_code": null, "iata_code": null, "gps_code": "LTHD", "local_code": null, "home_link": null, "wikipedia_link": null, "keywords": null }, "geometry": { "type": "Point", "coordinates": [ 40.2311, 37.9306, 2251.0 ] } },
{ "type": "Feature", "properties": { "id": 353970, "ident": "LTHE", "type": "heliport", "name": "Süleyman Satır Heliport", "latitude_deg": 36.834114, "longitude_deg": 30.603468, "elevation_ft": 9, "continent": "AS", "iso_country": "TR", "iso_region": "TR-07", "municipality": "Antalya", "scheduled_service": false, "icao_code": null, "iata_code": null, "gps_code": "LTHE", "local_code": null, "home_link": null, "wikipedia_link": null, "keywords": "sahil guvenlik, helipad, heliport, coast guard" }, "geometry": { "type": "Point", "coordinates": [ 30.603468, 36.834114, 9.0 ] } },
{ "type": "Feature", "properties": { "id": 355204, "ident": "LTHF", "type": "heliport", "name": "DHMİ Atatürk Airport Heliport", "latitude_deg": 40.9817, "longitude_deg": 28.8222, "elevation_ft": 120, "continent": "EU", "iso_country": "TR", "iso_region": "TR-34", "municipality": "İstanbul", "scheduled_service": false, "icao_code": null, "iata_code": null, "gps_code": "LTHF", "local_code": null, "home_link": null, "wikipedia_link": null, "keywords": null }, "geometry": { "type": "Point", "coordinates": [ 28.8222, 40.9817, 120.0 ] } },
{ "type": "Feature", "properties": { "id": 44488, "ident": "LTXE", "type": "small_airport", "name": "Karain Airport", "latitude_deg": 37.096443176269531, "longitude_deg": 30.647735595703125, "elevation_ft": 1015, "continent": "AS", "iso_country": "TR", "iso_region": "TR-07", "municipality": "Antalya", "scheduled_service": false, "icao_code": null, "iata_code": null, "gps_code": "LTXE", "local_code": null, "home_link": null, "wikipedia_link": null, "keywords": null }, "geometry": { "type": "Point", "coordinates": [ 30.647735595703125, 37.096443176269531, 1015.0 ] } },
{ "type": "Feature", "properties": { "id": 349679, "ident": "SY-0012", "type": "heliport", "name": "El Lani Borderpost Helipad", "latitude_deg": 36.165839, "longitude_deg": 36.369263, "elevation_ft": null, "continent": "AS", "iso_country": "SY", "iso_region": "SY-ID", "municipality": "El Lani", "scheduled_service": false, "icao_code": null, "iata_code": null, "gps_code": null, "local_code": null, "home_link": null, "wikipedia_link": null, "keywords": null }, "geometry": { "type": "Point", "coordinates": [ 36.369263, 36.165839, 0.0 ] } },
{ "type": "Feature", "properties": { "id": 44485, "ident": "TR-0001", "type": "small_airport", "name": "Akhisar Military Airport", "latitude_deg": 38.976571, "longitude_deg": 27.853267, "elevation_ft": 405, "continent": "AS", "iso_country": "TR", "iso_region": "TR-45", "municipality": "Akhisar", "scheduled_service": false, "icao_code": null, "iata_code": null, "gps_code": null, "local_code": null, "home_link": null, "wikipedia_link": null, "keywords": null }, "geometry": { "type": "Point", "coordinates": [ 27.853267, 38.976571, 405.0 ] } },
{ "type": "Feature", "properties": { "id": 44486, "ident": "TR-0002", "type": "small_airport", "name": "Divriği Airport", "latitude_deg": 39.3316650390625, "longitude_deg": 38.091819763183594, "elevation_ft": 3526, "continent": "AS", "iso_country": "TR", "iso_region": "TR-58", "municipality": null, "scheduled_service": false, "icao_code": null, "iata_code": null, "gps_code": null, "local_code": null, "home_link": null, "wikipedia_link": null, "keywords": null }, "geometry": { "type": "Point", "coordinates": [ 38.091819763183594, 39.3316650390625, 3526.0 ] } },
{ "type": "Feature", "properties": { "id": 44489, "ident": "TR-0003", "type": "heliport", "name": "Kocaeli Köseköy Heliport", "latitude_deg": 40.762224, "longitude_deg": 30.002355, "elevation_ft": 49, "continent": "AS", "iso_country": "TR", "iso_region": "TR-41", "municipality": "İzmit", "scheduled_service": false, "icao_code": null, "iata_code": null, "gps_code": null, "local_code": null, "home_link": null, "wikipedia_link": null, "keywords": "Kocaeli Köseköy Airfield" }, "geometry": { "type": "Point", "coordinates": [ 30.002355, 40.762224, 49.0 ] } },
{ "type": "Feature", "properties": { "id": 44492, "ident": "TR-0004", "type": "medium_airport", "name": "Temelli Air Base", "latitude_deg": 39.738857269287109, "longitude_deg": 32.378639221191406, "elevation_ft": 2457, "continent": "AS", "iso_country": "TR", "iso_region": "TR-06", "municipality": "Polatlı", "scheduled_service": false, "icao_code": null, "iata_code": null, "gps_code": null, "local_code": null, "home_link": null, "wikipedia_link": null, "keywords": null }, "geometry": { "type": "Point", "coordinates": [ 32.378639221191406, 39.738857269287109, 2457.0 ] } },
{ "type": "Feature", "properties": { "id": 44493, "ident": "TR-0005", "type": "small_airport", "name": "Tuzla Air Base", "latitude_deg": 40.822643, "longitude_deg": 29.335127, "elevation_ft": 79, "continent": "AS", "iso_country": "TR", "iso_region": "TR-34", "municipality": "Tuzla, Istanbul", "scheduled_service": false, "icao_code": null, "iata_code": null, "gps_code": null, "local_code": null, "home_link": null, "wikipedia_link": null, "keywords": null }, "geometry": { "type": "Point", "coordinates": [ 29.335127, 40.822643, 79.0 ] } },
{ "type": "Feature", "properties": { "id": 44523, "ident": "TR-0006", "type": "heliport", "name": "Ankara BB Helipad", "latitude_deg": 39.938958, "longitude_deg": 32.838205, "elevation_ft": null, "continent": "AS", "iso_country": "TR", "iso_region": "TR-06", "municipality": null, "scheduled_service": false, "icao_code": null, "iata_code": null, "gps_code": null, "local_code": null, "home_link": null, "wikipedia_link": null, "keywords": null }, "geometry": { "type": "Point", "coordinates": [ 32.838205, 39.938958, 0.0 ] } },
{ "type": "Feature", "properties": { "id": 504978, "ident": "TR-0007", "type": "heliport", "name": "Sungurlu State Hospital Heliport", "latitude_deg": 40.173701, "longitude_deg": 34.400275, "elevation_ft": 2589, "continent": "AS", "iso_country": "TR", "iso_region": "TR-19", "municipality": "Sungurlu", "scheduled_service": false, "icao_code": null, "iata_code": null, "gps_code": null, "local_code": null, "home_link": null, "wikipedia_link": null, "keywords": null }, "geometry": { "type": "Point", "coordinates": [ 34.400275, 40.173701, 2589.0 ] } },
{ "type": "Feature", "properties": { "id": 44694, "ident": "TR-0008", "type": "small_airport", "name": "Bozcaada Airport", "latitude_deg": 39.837845, "longitude_deg": 25.995106, "elevation_ft": 52, "continent": "AS", "iso_country": "TR", "iso_region": "TR-17", "municipality": "Bozcaada", "scheduled_service": false, "icao_code": null, "iata_code": null, "gps_code": null, "local_code": null, "home_link": null, "wikipedia_link": null, "keywords": null }, "geometry": { "type": "Point", "coordinates": [ 25.995106, 39.837845, 52.0 ] } },
{ "type": "Feature", "properties": { "id": 44695, "ident": "TR-0009", "type": "small_airport", "name": "Çardak Highway Strip", "latitude_deg": 37.828125, "longitude_deg": 29.637863159179688, "elevation_ft": null, "continent": "AS", "iso_country": "TR", "iso_region": "TR-20", "municipality": null, "scheduled_service": false, "icao_code": null, "iata_code": null, "gps_code": null, "local_code": null, "home_link": null, "wikipedia_link": null, "keywords": null }, "geometry": { "type": "Point", "coordinates": [ 29.637863159179688, 37.828125, 0.0 ] } },
{ "type": "Feature", "properties": { "id": 44696, "ident": "TR-0010", "type": "heliport", "name": "Denizli Helipad", "latitude_deg": 37.762107849121094, "longitude_deg": 29.080123901367188, "elevation_ft": null, "continent": "AS", "iso_country": "TR", "iso_region": "TR-20", "municipality": null, "scheduled_service": false, "icao_code": null, "iata_code": null, "gps_code": null, "local_code": null, "home_link": null, "wikipedia_link": null, "keywords": null }, "geometry": { "type": "Point", "coordinates": [ 29.080123901367188, 37.762107849121094, 0.0 ] } },
{ "type": "Feature", "properties": { "id": 44744, "ident": "TR-0011", "type": "small_airport", "name": "Diyarbakır Northwest Airport", "latitude_deg": 38.012783050537109, "longitude_deg": 39.954936981201172, "elevation_ft": null, "continent": "AS", "iso_country": "TR", "iso_region": "TR-21", "municipality": null, "scheduled_service": false, "icao_code": null, "iata_code": null, "gps_code": null, "local_code": null, "home_link": null, "wikipedia_link": null, "keywords": null }, "geometry": { "type": "Point", "coordinates": [ 39.954936981201172, 38.012783050537109, 0.0 ] } },
{ "type": "Feature", "properties": { "id": 44776, "ident": "TR-0012", "type": "small_airport", "name": "Alaçatı Airport", "latitude_deg": 38.243198394775391, "longitude_deg": 26.424999237060547, "elevation_ft": null, "continent": "AS", "iso_country": "TR", "iso_region": "TR-35", "municipality": "Çeşme", "scheduled_service": false, "icao_code": null, "iata_code": null, "gps_code": null, "local_code": null, "home_link": null, "wikipedia_link": null, "keywords": null }, "geometry": { "type": "Point", "coordinates": [ 26.424999237060547, 38.243198394775391, 0.0 ] } },
{ "type": "Feature", "properties": { "id": 44930, "ident": "TR-0013", "type": "closed", "name": "Konya West Airport", "latitude_deg": 37.859693, "longitude_deg": 32.456789, "elevation_ft": null, "continent": "AS", "iso_country": "TR", "iso_region": "TR-42", "municipality": "Meram", "scheduled_service": false, "icao_code": null, "iata_code": null, "gps_code": null, "local_code": null, "home_link": null, "wikipedia_link": null, "keywords": null }, "geometry": { "type": "Point", "coordinates": [ 32.456789, 37.859693, 0.0 ] } },
{ "type": "Feature", "properties": { "id": 44778, "ident": "TR-0014", "type": "small_airport", "name": "Aksaray Airport", "latitude_deg": 38.314704, "longitude_deg": 33.8055, "elevation_ft": null, "continent": "AS", "iso_country": "TR", "iso_region": "TR-68", "municipality": "Aksaray", "scheduled_service": false, "icao_code": null, "iata_code": null, "gps_code": null, "local_code": null, "home_link": null, "wikipedia_link": null, "keywords": null }, "geometry": { "type": "Point", "coordinates": [ 33.8055, 38.314704, 0.0 ] } },
{ "type": "Feature", "properties": { "id": 44932, "ident": "TR-0015", "type": "small_airport", "name": "Boranköy Air Base", "latitude_deg": 38.4689457144, "longitude_deg": 38.3651590347, "elevation_ft": null, "continent": "AS", "iso_country": "TR", "iso_region": "TR-44", "municipality": "Battalgazi", "scheduled_service": false, "icao_code": null, "iata_code": null, "gps_code": null, "local_code": null, "home_link": null, "wikipedia_link": null, "keywords": null }, "geometry": { "type": "Point", "coordinates": [ 38.3651590347, 38.4689457144, 0.0 ] } },
{ "type": "Feature", "properties": { "id": 44780, "ident": "TR-0016", "type": "closed", "name": "Balıkesir Manyas Airfield", "latitude_deg": 40.115021, "longitude_deg": 27.93894, "elevation_ft": 56, "continent": "AS", "iso_country": "TR", "iso_region": "TR-10", "municipality": "Manyas", "scheduled_service": false, "icao_code": null, "iata_code": null, "gps_code": null, "local_code": null, "home_link": null, "wikipedia_link": null, "keywords": null }, "geometry": { "type": "Point", "coordinates": [ 27.93894, 40.115021, 56.0 ] } },
{ "type": "Feature", "properties": { "id": 44782, "ident": "TR-0018", "type": "small_airport", "name": "Bolu Air Base", "latitude_deg": 40.747970581054688, "longitude_deg": 31.650066375732422, "elevation_ft": null, "continent": "AS", "iso_country": "TR", "iso_region": "TR-14", "municipality": "Bolu", "scheduled_service": false, "icao_code": null, "iata_code": null, "gps_code": null, "local_code": null, "home_link": null, "wikipedia_link": null, "keywords": null }, "geometry": { "type": "Point", "coordinates": [ 31.650066375732422, 40.747970581054688, 0.0 ] } },
{ "type": "Feature", "properties": { "id": 44783, "ident": "TR-0019", "type": "closed", "name": "Demirhanlı Airfield", "latitude_deg": 41.717014, "longitude_deg": 26.739527, "elevation_ft": 371, "continent": "AS", "iso_country": "TR", "iso_region": "TR-22", "municipality": "Demirhanlı", "scheduled_service": false, "icao_code": null, "iata_code": null, "gps_code": null, "local_code": null, "home_link": null, "wikipedia_link": null, "keywords": "Demirhanlı Havaalanı, Edirne Airport" }, "geometry": { "type": "Point", "coordinates": [ 26.739527, 41.717014, 371.0 ] } },
{ "type": "Feature", "properties": { "id": 44784, "ident": "TR-0020", "type": "closed", "name": "Çanakkale Çan Airfield", "latitude_deg": 39.988998413085938, "longitude_deg": 27.036800384521484, "elevation_ft": null, "continent": "AS", "iso_country": "TR", "iso_region": "TR-17", "municipality": "Çan", "scheduled_service": false, "icao_code": null, "iata_code": null, "gps_code": null, "local_code": null, "home_link": null, "wikipedia_link": null, "keywords": null }, "geometry": { "type": "Point", "coordinates": [ 27.036800384521484, 39.988998413085938, 0.0 ] } },
{ "type": "Feature", "properties": { "id": 44785, "ident": "TR-0021", "type": "medium_airport", "name": "Çukurhisar Airport", "latitude_deg": 39.843898773193359, "longitude_deg": 30.968000411987305, "elevation_ft": null, "continent": "AS", "iso_country": "TR", "iso_region": "TR-26", "municipality": "Alpu", "scheduled_service": false, "icao_code": null, "iata_code": null, "gps_code": null, "local_code": null, "home_link": null, "wikipedia_link": null, "keywords": null }, "geometry": { "type": "Point", "coordinates": [ 30.968000411987305, 39.843898773193359, 0.0 ] } },
{ "type": "Feature", "properties": { "id": 44786, "ident": "TR-0022", "type": "closed", "name": "Eskişehir Kalkanlı Air Base", "latitude_deg": 39.634696960449219, "longitude_deg": 30.740367889404297, "elevation_ft": null, "continent": "AS", "iso_country": "TR", "iso_region": "TR-26", "municipality": "Eskişehir", "scheduled_service": false, "icao_code": null, "iata_code": null, "gps_code": null, "local_code": null, "home_link": null, "wikipedia_link": null, "keywords": null }, "geometry": { "type": "Point", "coordinates": [ 30.740367889404297, 39.634696960449219, 0.0 ] } },
{ "type": "Feature", "properties": { "id": 44787, "ident": "TR-0023", "type": "closed", "name": "Karabiga Airport", "latitude_deg": 40.380798, "longitude_deg": 27.3034, "elevation_ft": null, "continent": "AS", "iso_country": "TR", "iso_region": "TR-17", "municipality": "Karabiga", "scheduled_service": false, "icao_code": null, "iata_code": null, "gps_code": null, "local_code": null, "home_link": null, "wikipedia_link": null, "keywords": null }, "geometry": { "type": "Point", "coordinates": [ 27.3034, 40.380798, 0.0 ] } },
{ "type": "Feature", "properties": { "id": 44788, "ident": "TR-0024", "type": "closed", "name": "Gemlik Airfield", "latitude_deg": 40.398499, "longitude_deg": 29.0895, "elevation_ft": 24, "continent": "AS", "iso_country": "TR", "iso_region": "TR-16", "municipality": "Gemlik", "scheduled_service": false, "icao_code": null, "iata_code": null, "gps_code": null, "local_code": null, "home_link": null, "wikipedia_link": null, "keywords": null }, "geometry": { "type": "Point", "coordinates": [ 29.0895, 40.398499, 24.0 ] } },
{ "type": "Feature", "properties": { "id": 351646, "ident": "TR-0025", "type": "heliport", "name": "Bingöl 49th Motor Rifle Brigade Command Heliport", "latitude_deg": 38.87961, "longitude_deg": 40.51455, "elevation_ft": 3615, "continent": "AS", "iso_country": "TR", "iso_region": "TR-12", "municipality": "Bingöl", "scheduled_service": false, "icao_code": null, "iata_code": null, "gps_code": null, "local_code": null, "home_link": null, "wikipedia_link": null, "keywords": null }, "geometry": { "type": "Point", "coordinates": [ 40.51455, 38.87961, 3615.0 ] } },
{ "type": "Feature", "properties": { "id": 353969, "ident": "TR-0026", "type": "heliport", "name": "Delphin Heliport", "latitude_deg": 36.865983, "longitude_deg": 30.875364, "elevation_ft": 7, "continent": "AS", "iso_country": "TR", "iso_region": "TR-07", "municipality": "Antalya", "scheduled_service": false, "icao_code": null, "iata_code": null, "gps_code": null, "local_code": null, "home_link": null, "wikipedia_link": null, "keywords": "delphin, helipad, antalya" }, "geometry": { "type": "Point", "coordinates": [ 30.875364, 36.865983, 7.0 ] } },
{ "type": "Feature", "properties": { "id": 44791, "ident": "TR-0027", "type": "closed", "name": "Karacabey Hara Airfield", "latitude_deg": 40.156374, "longitude_deg": 28.348111, "elevation_ft": 39, "continent": "AS", "iso_country": "TR", "iso_region": "TR-16", "municipality": "Karacabey", "scheduled_service": false, "icao_code": null, "iata_code": null, "gps_code": null, "local_code": null, "home_link": null, "wikipedia_link": null, "keywords": null }, "geometry": { "type": "Point", "coordinates": [ 28.348111, 40.156374, 39.0 ] } },
{ "type": "Feature", "properties": { "id": 44792, "ident": "TR-0028", "type": "medium_airport", "name": "Keşan Air Base", "latitude_deg": 40.787068, "longitude_deg": 26.606655, "elevation_ft": null, "continent": "EU", "iso_country": "TR", "iso_region": "TR-22", "municipality": "Keşan", "scheduled_service": false, "icao_code": null, "iata_code": null, "gps_code": "LTFL", "local_code": null, "home_link": null, "wikipedia_link": null, "keywords": null }, "geometry": { "type": "Point", "coordinates": [ 26.606655, 40.787068, 0.0 ] } },
{ "type": "Feature", "properties": { "id": 44793, "ident": "TR-0029", "type": "small_airport", "name": "Niğde Airport", "latitude_deg": 37.846042, "longitude_deg": 34.473324, "elevation_ft": null, "continent": "AS", "iso_country": "TR", "iso_region": "TR-51", "municipality": "Bor", "scheduled_service": false, "icao_code": null, "iata_code": null, "gps_code": null, "local_code": null, "home_link": null, "wikipedia_link": null, "keywords": null }, "geometry": { "type": "Point", "coordinates": [ 34.473324, 37.846042, 0.0 ] } },
{ "type": "Feature", "properties": { "id": 44794, "ident": "TR-0030", "type": "closed", "name": "Pınarhisar Airport", "latitude_deg": 41.634998, "longitude_deg": 27.492399, "elevation_ft": 533, "continent": "AS", "iso_country": "TR", "iso_region": "TR-39", "municipality": "Pınarhisar", "scheduled_service": false, "icao_code": null, "iata_code": null, "gps_code": null, "local_code": null, "home_link": null, "wikipedia_link": null, "keywords": null }, "geometry": { "type": "Point", "coordinates": [ 27.492399, 41.634998, 533.0 ] } },
{ "type": "Feature", "properties": { "id": 44795, "ident": "TR-0031", "type": "closed", "name": "Polatlı Airport", "latitude_deg": 39.569801, "longitude_deg": 32.150799, "elevation_ft": 2766, "continent": "AS", "iso_country": "TR", "iso_region": "TR-06", "municipality": "Polatlı", "scheduled_service": false, "icao_code": null, "iata_code": null, "gps_code": null, "local_code": null, "home_link": null, "wikipedia_link": null, "keywords": null }, "geometry": { "type": "Point", "coordinates": [ 32.150799, 39.569801, 2766.0 ] } },
{ "type": "Feature", "properties": { "id": 44796, "ident": "TR-0032", "type": "small_airport", "name": "Salyazı Airport", "latitude_deg": 40.222900390625, "longitude_deg": 39.793098449707031, "elevation_ft": null, "continent": "AS", "iso_country": "TR", "iso_region": "TR-29", "municipality": "Köse", "scheduled_service": false, "icao_code": null, "iata_code": null, "gps_code": null, "local_code": null, "home_link": null, "wikipedia_link": null, "keywords": null }, "geometry": { "type": "Point", "coordinates": [ 39.793098449707031, 40.222900390625, 0.0 ] } },
{ "type": "Feature", "properties": { "id": 44797, "ident": "TR-0033", "type": "small_airport", "name": "Sarımsaklı Airfield", "latitude_deg": 39.273658752441406, "longitude_deg": 26.686948776245117, "elevation_ft": null, "continent": "AS", "iso_country": "TR", "iso_region": "TR-10", "municipality": "Ayvalık", "scheduled_service": false, "icao_code": null, "iata_code": null, "gps_code": null, "local_code": null, "home_link": null, "wikipedia_link": null, "keywords": null }, "geometry": { "type": "Point", "coordinates": [ 26.686948776245117, 39.273658752441406, 0.0 ] } },
{ "type": "Feature", "properties": { "id": 44798, "ident": "TR-0034", "type": "small_airport", "name": "THK İnönü Airfield", "latitude_deg": 39.820915222167969, "longitude_deg": 30.118740081787109, "elevation_ft": null, "continent": "AS", "iso_country": "TR", "iso_region": "TR-26", "municipality": "İnönü", "scheduled_service": false, "icao_code": null, "iata_code": null, "gps_code": null, "local_code": null, "home_link": null, "wikipedia_link": null, "keywords": null }, "geometry": { "type": "Point", "coordinates": [ 30.118740081787109, 39.820915222167969, 0.0 ] } },
{ "type": "Feature", "properties": { "id": 44799, "ident": "TR-0035", "type": "small_airport", "name": "Tatvan Airport", "latitude_deg": 38.541801452636719, "longitude_deg": 42.332401275634766, "elevation_ft": null, "continent": "AS", "iso_country": "TR", "iso_region": "TR-13", "municipality": "Tatvan", "scheduled_service": false, "icao_code": null, "iata_code": null, "gps_code": null, "local_code": null, "home_link": null, "wikipedia_link": null, "keywords": null }, "geometry": { "type": "Point", "coordinates": [ 42.332401275634766, 38.541801452636719, 0.0 ] } },
{ "type": "Feature", "properties": { "id": 44800, "ident": "TR-0036", "type": "closed", "name": "Ünye Airport", "latitude_deg": 41.141201, "longitude_deg": 37.209202, "elevation_ft": null, "continent": "AS", "iso_country": "TR", "iso_region": "TR-52", "municipality": "Ünye", "scheduled_service": false, "icao_code": null, "iata_code": null, "gps_code": null, "local_code": null, "home_link": null, "wikipedia_link": null, "keywords": "LTUN" }, "geometry": { "type": "Point", "coordinates": [ 37.209202, 41.141201, 0.0 ] } },
{ "type": "Feature", "properties": { "id": 44933, "ident": "TR-0037", "type": "small_airport", "name": "Muş West Airport", "latitude_deg": 38.786187731200002, "longitude_deg": 41.469697952300002, "elevation_ft": null, "continent": "AS", "iso_country": "TR", "iso_region": "TR-49", "municipality": "Muş", "scheduled_service": false, "icao_code": null, "iata_code": null, "gps_code": null, "local_code": null, "home_link": null, "wikipedia_link": null, "keywords": null }, "geometry": { "type": "Point", "coordinates": [ 41.469697952300002, 38.786187731200002, 0.0 ] } },
{ "type": "Feature", "properties": { "id": 44934, "ident": "TR-0038", "type": "small_airport", "name": "Yüksekova Highway Strip", "latitude_deg": 37.543947824299998, "longitude_deg": 44.338009357499999, "elevation_ft": null, "continent": "AS", "iso_country": "TR", "iso_region": "TR-30", "municipality": "Yüksekova", "scheduled_service": false, "icao_code": null, "iata_code": null, "gps_code": null, "local_code": null, "home_link": null, "wikipedia_link": null, "keywords": null }, "geometry": { "type": "Point", "coordinates": [ 44.338009357499999, 37.543947824299998, 0.0 ] } },
{ "type": "Feature", "properties": { "id": 46278, "ident": "TR-0039", "type": "small_airport", "name": "Kayseri Hava İkmal Airfield", "latitude_deg": 38.702994218400001, "longitude_deg": 35.504550933800004, "elevation_ft": 3511, "continent": "AS", "iso_country": "TR", "iso_region": "TR-38", "municipality": "Melikgazi", "scheduled_service": false, "icao_code": null, "iata_code": null, "gps_code": null, "local_code": null, "home_link": null, "wikipedia_link": null, "keywords": null }, "geometry": { "type": "Point", "coordinates": [ 35.504550933800004, 38.702994218400001, 3511.0 ] } },
{ "type": "Feature", "properties": { "id": 46279, "ident": "TR-0040", "type": "small_airport", "name": "Manavgat Airport", "latitude_deg": 36.735745875599996, "longitude_deg": 31.508649587599997, "elevation_ft": 7, "continent": "AS", "iso_country": "TR", "iso_region": "TR-07", "municipality": "Manavgat", "scheduled_service": false, "icao_code": null, "iata_code": null, "gps_code": null, "local_code": null, "home_link": null, "wikipedia_link": null, "keywords": null }, "geometry": { "type": "Point", "coordinates": [ 31.508649587599997, 36.735745875599996, 7.0 ] } },
{ "type": "Feature", "properties": { "id": 315916, "ident": "TR-0041", "type": "small_airport", "name": "Fly Pergamon Sport Airfield", "latitude_deg": 39.092842, "longitude_deg": 27.148651, "elevation_ft": 36, "continent": "AS", "iso_country": "TR", "iso_region": "TR-35", "municipality": "Bergama", "scheduled_service": false, "icao_code": null, "iata_code": null, "gps_code": null, "local_code": null, "home_link": "http://www.flypergamon.com", "wikipedia_link": null, "keywords": "fly, pergamon, bergama, sport, airfield, microlight, ultralight, gyrocopter" }, "geometry": { "type": "Point", "coordinates": [ 27.148651, 39.092842, 36.0 ] } },
{ "type": "Feature", "properties": { "id": 504979, "ident": "TR-0042", "type": "heliport", "name": "Osmancik Municipal Heliport", "latitude_deg": 40.99646, "longitude_deg": 34.77567, "elevation_ft": 1430, "continent": "AS", "iso_country": "TR", "iso_region": "TR-19", "municipality": "Osmancik", "scheduled_service": false, "icao_code": null, "iata_code": null, "gps_code": null, "local_code": null, "home_link": null, "wikipedia_link": null, "keywords": null }, "geometry": { "type": "Point", "coordinates": [ 34.77567, 40.99646, 1430.0 ] } },
{ "type": "Feature", "properties": { "id": 337484, "ident": "TR-0043", "type": "heliport", "name": "Titreyengöl Helipad", "latitude_deg": 36.755223, "longitude_deg": 31.446676, "elevation_ft": 6, "continent": "AS", "iso_country": "TR", "iso_region": "TR-07", "municipality": "Manavgat", "scheduled_service": false, "icao_code": null, "iata_code": null, "gps_code": null, "local_code": null, "home_link": null, "wikipedia_link": null, "keywords": "manavgat,titreyengöl" }, "geometry": { "type": "Point", "coordinates": [ 31.446676, 36.755223, 6.0 ] } },
{ "type": "Feature", "properties": { "id": 338979, "ident": "TR-0045", "type": "heliport", "name": "Ataköy Marina Helipad", "latitude_deg": 40.97118, "longitude_deg": 28.8695, "elevation_ft": null, "continent": "EU", "iso_country": "TR", "iso_region": "TR-34", "municipality": "Bakırköy, Istanbul", "scheduled_service": false, "icao_code": null, "iata_code": null, "gps_code": null, "local_code": null, "home_link": null, "wikipedia_link": null, "keywords": null }, "geometry": { "type": "Point", "coordinates": [ 28.8695, 40.97118, 0.0 ] } },
{ "type": "Feature", "properties": { "id": 338980, "ident": "TR-0046", "type": "heliport", "name": "Acıbadem International Hospital Helipad", "latitude_deg": 40.95844, "longitude_deg": 28.83587, "elevation_ft": null, "continent": "EU", "iso_country": "TR", "iso_region": "TR-34", "municipality": "Bakırköy, Istanbul", "scheduled_service": false, "icao_code": null, "iata_code": null, "gps_code": null, "local_code": null, "home_link": null, "wikipedia_link": null, "keywords": null }, "geometry": { "type": "Point", "coordinates": [ 28.83587, 40.95844, 0.0 ] } },
{ "type": "Feature", "properties": { "id": 338981, "ident": "TR-0047", "type": "heliport", "name": "Zeytinburnu Pier Helipad", "latitude_deg": 40.98072, "longitude_deg": 28.89584, "elevation_ft": null, "continent": "EU", "iso_country": "TR", "iso_region": "TR-34", "municipality": "Zeytinburnu, Istanbul", "scheduled_service": false, "icao_code": null, "iata_code": null, "gps_code": null, "local_code": null, "home_link": null, "wikipedia_link": null, "keywords": null }, "geometry": { "type": "Point", "coordinates": [ 28.89584, 40.98072, 0.0 ] } },
{ "type": "Feature", "properties": { "id": 338982, "ident": "TR-0048", "type": "heliport", "name": "Istanbul Training and Research Hospital Helipad", "latitude_deg": 41.003, "longitude_deg": 28.93821, "elevation_ft": null, "continent": "EU", "iso_country": "TR", "iso_region": "TR-34", "municipality": "Fatih, Istanbul", "scheduled_service": false, "icao_code": null, "iata_code": null, "gps_code": null, "local_code": null, "home_link": null, "wikipedia_link": null, "keywords": null }, "geometry": { "type": "Point", "coordinates": [ 28.93821, 41.003, 0.0 ] } },
{ "type": "Feature", "properties": { "id": 338983, "ident": "TR-0049", "type": "heliport", "name": "Samatya Sahil Helipad", "latitude_deg": 41.00203, "longitude_deg": 28.94543, "elevation_ft": null, "continent": "EU", "iso_country": "TR", "iso_region": "TR-34", "municipality": "Fatih, Istanbul", "scheduled_service": false, "icao_code": null, "iata_code": null, "gps_code": null, "local_code": null, "home_link": null, "wikipedia_link": null, "keywords": null }, "geometry": { "type": "Point", "coordinates": [ 28.94543, 41.00203, 0.0 ] } },
{ "type": "Feature", "properties": { "id": 338984, "ident": "TR-0050", "type": "heliport", "name": "Çırağan Palace Helipad", "latitude_deg": 41.04284, "longitude_deg": 29.01407, "elevation_ft": null, "continent": "EU", "iso_country": "TR", "iso_region": "TR-34", "municipality": "Beşiktaş, Istanbul", "scheduled_service": false, "icao_code": null, "iata_code": null, "gps_code": null, "local_code": null, "home_link": null, "wikipedia_link": null, "keywords": null }, "geometry": { "type": "Point", "coordinates": [ 29.01407, 41.04284, 0.0 ] } },
{ "type": "Feature", "properties": { "id": 338985, "ident": "TR-0051", "type": "heliport", "name": "Boğaziçi University Helipad", "latitude_deg": 41.08468, "longitude_deg": 29.04824, "elevation_ft": null, "continent": "EU", "iso_country": "TR", "iso_region": "TR-34", "municipality": "Beşiktaş, Istanbul", "scheduled_service": false, "icao_code": null, "iata_code": null, "gps_code": null, "local_code": null, "home_link": null, "wikipedia_link": null, "keywords": null }, "geometry": { "type": "Point", "coordinates": [ 29.04824, 41.08468, 0.0 ] } },
{ "type": "Feature", "properties": { "id": 338986, "ident": "TR-0052", "type": "heliport", "name": "Presidential Heliport", "latitude_deg": 41.130006, "longitude_deg": 29.059866, "elevation_ft": null, "continent": "EU", "iso_country": "TR", "iso_region": "TR-34", "municipality": "Sarıyer, Istanbul", "scheduled_service": false, "icao_code": null, "iata_code": null, "gps_code": null, "local_code": null, "home_link": null, "wikipedia_link": null, "keywords": null }, "geometry": { "type": "Point", "coordinates": [ 29.059866, 41.130006, 0.0 ] } },
{ "type": "Feature", "properties": { "id": 338987, "ident": "TR-0053", "type": "heliport", "name": "Sultan Abdulhamid Hospital Helipad", "latitude_deg": 41.00042, "longitude_deg": 29.02056, "elevation_ft": null, "continent": "AS", "iso_country": "TR", "iso_region": "TR-34", "municipality": "Üsküdar, Istanbul", "scheduled_service": false, "icao_code": null, "iata_code": null, "gps_code": null, "local_code": null, "home_link": null, "wikipedia_link": null, "keywords": null }, "geometry": { "type": "Point", "coordinates": [ 29.02056, 41.00042, 0.0 ] } },
{ "type": "Feature", "properties": { "id": 338988, "ident": "TR-0054", "type": "heliport", "name": "Haydarpaşa Numune Training and Research Hospital Helipad", "latitude_deg": 41.00535, "longitude_deg": 29.02336, "elevation_ft": null, "continent": "AS", "iso_country": "TR", "iso_region": "TR-34", "municipality": "Üsküdar, Istanbul", "scheduled_service": false, "icao_code": null, "iata_code": null, "gps_code": null, "local_code": null, "home_link": null, "wikipedia_link": null, "keywords": null }, "geometry": { "type": "Point", "coordinates": [ 29.02336, 41.00535, 0.0 ] } },
{ "type": "Feature", "properties": { "id": 338989, "ident": "TR-0055", "type": "heliport", "name": "Selimiye 1st Army Command Branch Heliport", "latitude_deg": 41.006532, "longitude_deg": 29.0142, "elevation_ft": null, "continent": "AS", "iso_country": "TR", "iso_region": "TR-34", "municipality": "Üsküdar, Istanbul", "scheduled_service": false, "icao_code": null, "iata_code": null, "gps_code": null, "local_code": null, "home_link": null, "wikipedia_link": null, "keywords": null }, "geometry": { "type": "Point", "coordinates": [ 29.0142, 41.006532, 0.0 ] } },
{ "type": "Feature", "properties": { "id": 338990, "ident": "TR-0056", "type": "heliport", "name": "Çengelköy Heliport", "latitude_deg": 41.05508, "longitude_deg": 29.05583, "elevation_ft": null, "continent": "AS", "iso_country": "TR", "iso_region": "TR-34", "municipality": "Üsküdar, Istanbul", "scheduled_service": false, "icao_code": null, "iata_code": null, "gps_code": null, "local_code": null, "home_link": null, "wikipedia_link": null, "keywords": null }, "geometry": { "type": "Point", "coordinates": [ 29.05583, 41.05508, 0.0 ] } },
{ "type": "Feature", "properties": { "id": 338991, "ident": "TR-0057", "type": "heliport", "name": "Pasamandira Heliport", "latitude_deg": 41.186167, "longitude_deg": 29.120253, "elevation_ft": 20, "continent": "AS", "iso_country": "TR", "iso_region": "TR-34", "municipality": "Beykoz, Istanbul", "scheduled_service": false, "icao_code": null, "iata_code": null, "gps_code": null, "local_code": null, "home_link": null, "wikipedia_link": null, "keywords": null }, "geometry": { "type": "Point", "coordinates": [ 29.120253, 41.186167, 20.0 ] } },
{ "type": "Feature", "properties": { "id": 338992, "ident": "TR-0058", "type": "heliport", "name": "Istanbul Park Heliport", "latitude_deg": 40.95486, "longitude_deg": 29.41437, "elevation_ft": null, "continent": "AS", "iso_country": "TR", "iso_region": "TR-34", "municipality": "Tuzla, Istanbul", "scheduled_service": false, "icao_code": null, "iata_code": null, "gps_code": null, "local_code": null, "home_link": null, "wikipedia_link": null, "keywords": null }, "geometry": { "type": "Point", "coordinates": [ 29.41437, 40.95486, 0.0 ] } },
{ "type": "Feature", "properties": { "id": 338993, "ident": "TR-0059", "type": "heliport", "name": "Derince Provincial Hospital Helipad", "latitude_deg": 40.76099, "longitude_deg": 29.81412, "elevation_ft": null, "continent": "AS", "iso_country": "TR", "iso_region": "TR-41", "municipality": "Derince", "scheduled_service": false, "icao_code": null, "iata_code": null, "gps_code": null, "local_code": null, "home_link": null, "wikipedia_link": null, "keywords": null }, "geometry": { "type": "Point", "coordinates": [ 29.81412, 40.76099, 0.0 ] } },
{ "type": "Feature", "properties": { "id": 338994, "ident": "TR-0060", "type": "heliport", "name": "Sakarya Heliport", "latitude_deg": 40.75879, "longitude_deg": 30.39025, "elevation_ft": null, "continent": "AS", "iso_country": "TR", "iso_region": "TR-54", "municipality": "Sakarya", "scheduled_service": false, "icao_code": null, "iata_code": null, "gps_code": null, "local_code": null, "home_link": null, "wikipedia_link": null, "keywords": null }, "geometry": { "type": "Point", "coordinates": [ 30.39025, 40.75879, 0.0 ] } },
{ "type": "Feature", "properties": { "id": 338995, "ident": "TR-0061", "type": "heliport", "name": "Sakarya University Heliport", "latitude_deg": 40.74318, "longitude_deg": 30.33131, "elevation_ft": null, "continent": "AS", "iso_country": "TR", "iso_region": "TR-54", "municipality": "Sakarya", "scheduled_service": false, "icao_code": null, "iata_code": null, "gps_code": null, "local_code": null, "home_link": null, "wikipedia_link": null, "keywords": null }, "geometry": { "type": "Point", "coordinates": [ 30.33131, 40.74318, 0.0 ] } },
{ "type": "Feature", "properties": { "id": 338996, "ident": "TR-0062", "type": "heliport", "name": "Anadolu Health Center Helipad", "latitude_deg": 40.81826, "longitude_deg": 29.35425, "elevation_ft": null, "continent": "AS", "iso_country": "TR", "iso_region": "TR-41", "municipality": "Gebze", "scheduled_service": false, "icao_code": null, "iata_code": null, "gps_code": null, "local_code": null, "home_link": null, "wikipedia_link": null, "keywords": null }, "geometry": { "type": "Point", "coordinates": [ 29.35425, 40.81826, 0.0 ] } },
{ "type": "Feature", "properties": { "id": 338997, "ident": "TR-0063", "type": "heliport", "name": "Sabancı University Helipad", "latitude_deg": 40.89357, "longitude_deg": 29.37775, "elevation_ft": null, "continent": "AS", "iso_country": "TR", "iso_region": "TR-34", "municipality": "Tuzla, Istanbul", "scheduled_service": false, "icao_code": null, "iata_code": null, "gps_code": null, "local_code": null, "home_link": null, "wikipedia_link": null, "keywords": null }, "geometry": { "type": "Point", "coordinates": [ 29.37775, 40.89357, 0.0 ] } },
{ "type": "Feature", "properties": { "id": 338998, "ident": "TR-0064", "type": "heliport", "name": "Emsey Hospital Helipad", "latitude_deg": 40.92411, "longitude_deg": 29.28894, "elevation_ft": null, "continent": "AS", "iso_country": "TR", "iso_region": "TR-34", "municipality": "Pendik, Istanbul", "scheduled_service": false, "icao_code": null, "iata_code": null, "gps_code": null, "local_code": null, "home_link": null, "wikipedia_link": null, "keywords": null }, "geometry": { "type": "Point", "coordinates": [ 29.28894, 40.92411, 0.0 ] } },
{ "type": "Feature", "properties": { "id": 338999, "ident": "TR-0065", "type": "closed", "name": "Kırıkkale High Specialization Hospital Helipad", "latitude_deg": 39.86236, "longitude_deg": 33.483787, "elevation_ft": null, "continent": "AS", "iso_country": "TR", "iso_region": "TR-71", "municipality": "Kırıkkale", "scheduled_service": false, "icao_code": null, "iata_code": null, "gps_code": null, "local_code": null, "home_link": null, "wikipedia_link": null, "keywords": null }, "geometry": { "type": "Point", "coordinates": [ 33.483787, 39.86236, 0.0 ] } },
{ "type": "Feature", "properties": { "id": 339002, "ident": "TR-0066", "type": "heliport", "name": "Kayseri Provincial Health Directorate Helipad", "latitude_deg": 38.698011, "longitude_deg": 35.536004, "elevation_ft": null, "continent": "AS", "iso_country": "TR", "iso_region": "TR-38", "municipality": "Melikgazi", "scheduled_service": false, "icao_code": null, "iata_code": null, "gps_code": null, "local_code": null, "home_link": null, "wikipedia_link": null, "keywords": null }, "geometry": { "type": "Point", "coordinates": [ 35.536004, 38.698011, 0.0 ] } },
{ "type": "Feature", "properties": { "id": 339004, "ident": "TR-0067", "type": "heliport", "name": "Kadirli Provincial Hospital Helipad", "latitude_deg": 37.34517, "longitude_deg": 36.09868, "elevation_ft": null, "continent": "AS", "iso_country": "TR", "iso_region": "TR-80", "municipality": "Kadirli", "scheduled_service": false, "icao_code": null, "iata_code": null, "gps_code": null, "local_code": null, "home_link": null, "wikipedia_link": null, "keywords": null }, "geometry": { "type": "Point", "coordinates": [ 36.09868, 37.34517, 0.0 ] } },
{ "type": "Feature", "properties": { "id": 339005, "ident": "TR-0068", "type": "heliport", "name": "Acibadem Adana Hospital Helipad", "latitude_deg": 36.99531, "longitude_deg": 35.31486, "elevation_ft": null, "continent": "AS", "iso_country": "TR", "iso_region": "TR-01", "municipality": "Seyhan", "scheduled_service": false, "icao_code": null, "iata_code": null, "gps_code": null, "local_code": null, "home_link": null, "wikipedia_link": null, "keywords": null }, "geometry": { "type": "Point", "coordinates": [ 35.31486, 36.99531, 0.0 ] } },
{ "type": "Feature", "properties": { "id": 339006, "ident": "TR-0069", "type": "heliport", "name": "Adana 112 Heliport", "latitude_deg": 37.00791, "longitude_deg": 35.34182, "elevation_ft": null, "continent": "AS", "iso_country": "TR", "iso_region": "TR-01", "municipality": "Yüreğir", "scheduled_service": false, "icao_code": null, "iata_code": null, "gps_code": null, "local_code": null, "home_link": null, "wikipedia_link": null, "keywords": null }, "geometry": { "type": "Point", "coordinates": [ 35.34182, 37.00791, 0.0 ] } },
{ "type": "Feature", "properties": { "id": 339007, "ident": "TR-0070", "type": "heliport", "name": "Adana Sağlık Heliport", "latitude_deg": 37.00712, "longitude_deg": 35.34112, "elevation_ft": null, "continent": "AS", "iso_country": "TR", "iso_region": "TR-01", "municipality": "Yüreğir", "scheduled_service": false, "icao_code": null, "iata_code": null, "gps_code": null, "local_code": null, "home_link": null, "wikipedia_link": null, "keywords": null }, "geometry": { "type": "Point", "coordinates": [ 35.34112, 37.00712, 0.0 ] } },
{ "type": "Feature", "properties": { "id": 339008, "ident": "TR-0071", "type": "heliport", "name": "Adana City Training and Research Hospital", "latitude_deg": 37.0299, "longitude_deg": 35.34716, "elevation_ft": null, "continent": "AS", "iso_country": "TR", "iso_region": "TR-01", "municipality": "Yüreğir", "scheduled_service": false, "icao_code": null, "iata_code": null, "gps_code": null, "local_code": null, "home_link": null, "wikipedia_link": null, "keywords": null }, "geometry": { "type": "Point", "coordinates": [ 35.34716, 37.0299, 0.0 ] } },
{ "type": "Feature", "properties": { "id": 339009, "ident": "TR-0072", "type": "heliport", "name": "Balcali Hospital Helipad", "latitude_deg": 37.05257, "longitude_deg": 35.36235, "elevation_ft": null, "continent": "AS", "iso_country": "TR", "iso_region": "TR-01", "municipality": "Sarıçam", "scheduled_service": false, "icao_code": null, "iata_code": null, "gps_code": null, "local_code": null, "home_link": null, "wikipedia_link": null, "keywords": null }, "geometry": { "type": "Point", "coordinates": [ 35.36235, 37.05257, 0.0 ] } },
{ "type": "Feature", "properties": { "id": 339010, "ident": "TR-0073", "type": "heliport", "name": "Osmaniye Provincial Hospital Helipad", "latitude_deg": 37.051149, "longitude_deg": 36.183218, "elevation_ft": null, "continent": "AS", "iso_country": "TR", "iso_region": "TR-80", "municipality": "Akyar", "scheduled_service": false, "icao_code": null, "iata_code": null, "gps_code": null, "local_code": null, "home_link": null, "wikipedia_link": null, "keywords": null }, "geometry": { "type": "Point", "coordinates": [ 36.183218, 37.051149, 0.0 ] } },
{ "type": "Feature", "properties": { "id": 339011, "ident": "TR-0074", "type": "heliport", "name": "İsdemir (İskenderun Iron and Steel) Heliport", "latitude_deg": 36.71344, "longitude_deg": 36.21417, "elevation_ft": null, "continent": "AS", "iso_country": "TR", "iso_region": "TR-31", "municipality": "İskenderun", "scheduled_service": false, "icao_code": null, "iata_code": null, "gps_code": null, "local_code": null, "home_link": null, "wikipedia_link": null, "keywords": null }, "geometry": { "type": "Point", "coordinates": [ 36.21417, 36.71344, 0.0 ] } },
{ "type": "Feature", "properties": { "id": 339014, "ident": "TR-0075", "type": "heliport", "name": "Arsuz Heliport", "latitude_deg": 36.41201, "longitude_deg": 35.88043, "elevation_ft": null, "continent": "AS", "iso_country": "TR", "iso_region": "TR-31", "municipality": "Arsuz", "scheduled_service": false, "icao_code": null, "iata_code": null, "gps_code": null, "local_code": null, "home_link": null, "wikipedia_link": null, "keywords": null }, "geometry": { "type": "Point", "coordinates": [ 35.88043, 36.41201, 0.0 ] } },
{ "type": "Feature", "properties": { "id": 339015, "ident": "TR-0076", "type": "heliport", "name": "İskenderun Heliport", "latitude_deg": 36.59179, "longitude_deg": 36.16022, "elevation_ft": null, "continent": "AS", "iso_country": "TR", "iso_region": "TR-31", "municipality": "İskenderun", "scheduled_service": false, "icao_code": null, "iata_code": null, "gps_code": null, "local_code": null, "home_link": null, "wikipedia_link": null, "keywords": null }, "geometry": { "type": "Point", "coordinates": [ 36.16022, 36.59179, 0.0 ] } },
{ "type": "Feature", "properties": { "id": 339016, "ident": "TR-0077", "type": "heliport", "name": "İskenderun Naval Heliport", "latitude_deg": 36.59217, "longitude_deg": 36.18057, "elevation_ft": null, "continent": "AS", "iso_country": "TR", "iso_region": "TR-31", "municipality": "İskenderun", "scheduled_service": false, "icao_code": null, "iata_code": null, "gps_code": null, "local_code": null, "home_link": null, "wikipedia_link": null, "keywords": null }, "geometry": { "type": "Point", "coordinates": [ 36.18057, 36.59217, 0.0 ] } },
{ "type": "Feature", "properties": { "id": 340312, "ident": "TR-0078", "type": "small_airport", "name": "Dörtyol Airfield", "latitude_deg": 36.8309, "longitude_deg": 36.2172, "elevation_ft": null, "continent": "AS", "iso_country": "TR", "iso_region": "TR-31", "municipality": "Dörtyol", "scheduled_service": false, "icao_code": null, "iata_code": null, "gps_code": null, "local_code": null, "home_link": null, "wikipedia_link": null, "keywords": null }, "geometry": { "type": "Point", "coordinates": [ 36.2172, 36.8309, 0.0 ] } },
{ "type": "Feature", "properties": { "id": 340313, "ident": "TR-0079", "type": "small_airport", "name": "Kumköy Blue Sky Airport", "latitude_deg": 36.80834, "longitude_deg": 31.369507, "elevation_ft": null, "continent": "AS", "iso_country": "TR", "iso_region": "TR-07", "municipality": "Manavgat", "scheduled_service": false, "icao_code": null, "iata_code": null, "gps_code": null, "local_code": null, "home_link": null, "wikipedia_link": null, "keywords": null }, "geometry": { "type": "Point", "coordinates": [ 31.369507, 36.80834, 0.0 ] } },
{ "type": "Feature", "properties": { "id": 340314, "ident": "TR-0080", "type": "small_airport", "name": "Samsun / Ondokuz Mayis Airport", "latitude_deg": 41.5129, "longitude_deg": 36.1203, "elevation_ft": 5, "continent": "AS", "iso_country": "TR", "iso_region": "TR-55", "municipality": "İstiklal", "scheduled_service": false, "icao_code": "LTON", "iata_code": null, "gps_code": "LTON", "local_code": null, "home_link": null, "wikipedia_link": null, "keywords": "Engiz Airport" }, "geometry": { "type": "Point", "coordinates": [ 36.1203, 41.5129, 5.0 ] } },
{ "type": "Feature", "properties": { "id": 341713, "ident": "TR-0081", "type": "heliport", "name": "Kanyon Eczacıbaşı Helipad", "latitude_deg": 41.078313, "longitude_deg": 29.011714, "elevation_ft": null, "continent": "EU", "iso_country": "TR", "iso_region": "TR-34", "municipality": "Şişli", "scheduled_service": false, "icao_code": null, "iata_code": null, "gps_code": null, "local_code": null, "home_link": null, "wikipedia_link": null, "keywords": null }, "geometry": { "type": "Point", "coordinates": [ 29.011714, 41.078313, 0.0 ] } },
{ "type": "Feature", "properties": { "id": 341714, "ident": "TR-0082", "type": "heliport", "name": "ÖzdilekPark River Plaza Helipad", "latitude_deg": 41.077335, "longitude_deg": 29.009588, "elevation_ft": null, "continent": "EU", "iso_country": "TR", "iso_region": "TR-34", "municipality": "Şişli", "scheduled_service": false, "icao_code": null, "iata_code": null, "gps_code": null, "local_code": null, "home_link": null, "wikipedia_link": null, "keywords": null }, "geometry": { "type": "Point", "coordinates": [ 29.009588, 41.077335, 0.0 ] } },
{ "type": "Feature", "properties": { "id": 341715, "ident": "TR-0083", "type": "heliport", "name": "ÖzdilekPark Wyndham Grand Istanbul Levent Helipad", "latitude_deg": 41.077345, "longitude_deg": 29.01233, "elevation_ft": null, "continent": "EU", "iso_country": "TR", "iso_region": "TR-34", "municipality": "Şişli", "scheduled_service": false, "icao_code": null, "iata_code": null, "gps_code": null, "local_code": null, "home_link": null, "wikipedia_link": null, "keywords": null }, "geometry": { "type": "Point", "coordinates": [ 29.01233, 41.077345, 0.0 ] } },
{ "type": "Feature", "properties": { "id": 341717, "ident": "TR-0084", "type": "heliport", "name": "15 July Camili Helipad", "latitude_deg": 40.853043, "longitude_deg": 30.319881, "elevation_ft": null, "continent": "AS", "iso_country": "TR", "iso_region": "TR-54", "municipality": "Adapazarı", "scheduled_service": false, "icao_code": null, "iata_code": null, "gps_code": null, "local_code": null, "home_link": null, "wikipedia_link": null, "keywords": null }, "geometry": { "type": "Point", "coordinates": [ 30.319881, 40.853043, 0.0 ] } },
{ "type": "Feature", "properties": { "id": 341718, "ident": "TR-0085", "type": "heliport", "name": "Serdivan Heliport", "latitude_deg": 40.785258, "longitude_deg": 30.366197, "elevation_ft": null, "continent": "AS", "iso_country": "TR", "iso_region": "TR-54", "municipality": "Serdivan", "scheduled_service": false, "icao_code": null, "iata_code": null, "gps_code": null, "local_code": null, "home_link": null, "wikipedia_link": null, "keywords": null }, "geometry": { "type": "Point", "coordinates": [ 30.366197, 40.785258, 0.0 ] } },
{ "type": "Feature", "properties": { "id": 341719, "ident": "TR-0086", "type": "heliport", "name": "Sakarya Yenikent Provincial Hospital Helipad", "latitude_deg": 40.848736, "longitude_deg": 30.34586, "elevation_ft": null, "continent": "AS", "iso_country": "TR", "iso_region": "TR-54", "municipality": "Adapazarı", "scheduled_service": false, "icao_code": null, "iata_code": null, "gps_code": null, "local_code": null, "home_link": null, "wikipedia_link": null, "keywords": null }, "geometry": { "type": "Point", "coordinates": [ 30.34586, 40.848736, 0.0 ] } },
{ "type": "Feature", "properties": { "id": 341764, "ident": "TR-0087", "type": "heliport", "name": "Kocatepe Heliport", "latitude_deg": 38.789281, "longitude_deg": 30.467759, "elevation_ft": null, "continent": "AS", "iso_country": "TR", "iso_region": "TR-03", "municipality": "Afyonkarahisar", "scheduled_service": false, "icao_code": null, "iata_code": null, "gps_code": null, "local_code": null, "home_link": null, "wikipedia_link": null, "keywords": null }, "geometry": { "type": "Point", "coordinates": [ 30.467759, 38.789281, 0.0 ] } },
{ "type": "Feature", "properties": { "id": 341765, "ident": "TR-0088", "type": "heliport", "name": "Afyonkarahisar Heliport", "latitude_deg": 38.760204, "longitude_deg": 30.551208, "elevation_ft": null, "continent": "AS", "iso_country": "TR", "iso_region": "TR-03", "municipality": "Afyonkarahisar", "scheduled_service": false, "icao_code": null, "iata_code": null, "gps_code": null, "local_code": null, "home_link": null, "wikipedia_link": null, "keywords": null }, "geometry": { "type": "Point", "coordinates": [ 30.551208, 38.760204, 0.0 ] } },
{ "type": "Feature", "properties": { "id": 341971, "ident": "TR-0089", "type": "heliport", "name": "Cikcilli Heliport", "latitude_deg": 36.556, "longitude_deg": 32.0334, "elevation_ft": 614, "continent": "AS", "iso_country": "TR", "iso_region": "TR-07", "municipality": "Alanya", "scheduled_service": false, "icao_code": null, "iata_code": null, "gps_code": null, "local_code": null, "home_link": null, "wikipedia_link": null, "keywords": null }, "geometry": { "type": "Point", "coordinates": [ 32.0334, 36.556, 614.0 ] } },
{ "type": "Feature", "properties": { "id": 346113, "ident": "TR-0090", "type": "heliport", "name": "Keşefli Heliport", "latitude_deg": 36.399894, "longitude_deg": 32.179245, "elevation_ft": 80, "continent": "AS", "iso_country": "TR", "iso_region": "TR-07", "municipality": "Keşefli", "scheduled_service": false, "icao_code": null, "iata_code": null, "gps_code": null, "local_code": null, "home_link": null, "wikipedia_link": null, "keywords": "Alanya, Kesefli, Keşaflı" }, "geometry": { "type": "Point", "coordinates": [ 32.179245, 36.399894, 80.0 ] } },
{ "type": "Feature", "properties": { "id": 346114, "ident": "TR-0091", "type": "heliport", "name": "NEBİLER UYEM HELIPORT", "latitude_deg": 36.946246, "longitude_deg": 30.599759, "elevation_ft": 863, "continent": "AS", "iso_country": "TR", "iso_region": "TR-07", "municipality": "Antalya", "scheduled_service": false, "icao_code": null, "iata_code": null, "gps_code": null, "local_code": null, "home_link": null, "wikipedia_link": null, "keywords": "uyem, orman, helipad, antalya, orman havacılık" }, "geometry": { "type": "Point", "coordinates": [ 30.599759, 36.946246, 863.0 ] } },
{ "type": "Feature", "properties": { "id": 346115, "ident": "TR-0092", "type": "small_airport", "name": "Kelaynak Aviation Club Airport", "latitude_deg": 36.93968, "longitude_deg": 35.563492, "elevation_ft": null, "continent": "AS", "iso_country": "TR", "iso_region": "TR-01", "municipality": null, "scheduled_service": false, "icao_code": null, "iata_code": null, "gps_code": null, "local_code": null, "home_link": null, "wikipedia_link": null, "keywords": "kelaynak" }, "geometry": { "type": "Point", "coordinates": [ 35.563492, 36.93968, 0.0 ] } },
{ "type": "Feature", "properties": { "id": 346117, "ident": "TR-0093", "type": "heliport", "name": "Karpuzkaldıran Military Helipad", "latitude_deg": 36.853054, "longitude_deg": 30.796124, "elevation_ft": null, "continent": "AS", "iso_country": "TR", "iso_region": "TR-07", "municipality": null, "scheduled_service": false, "icao_code": null, "iata_code": null, "gps_code": null, "local_code": null, "home_link": null, "wikipedia_link": null, "keywords": null }, "geometry": { "type": "Point", "coordinates": [ 30.796124, 36.853054, 0.0 ] } },
{ "type": "Feature", "properties": { "id": 346390, "ident": "TR-0094", "type": "heliport", "name": "Bozyazı Forest Depot Helipad", "latitude_deg": 36.093271, "longitude_deg": 32.934434, "elevation_ft": null, "continent": "AS", "iso_country": "TR", "iso_region": "TR-33", "municipality": "Mersin", "scheduled_service": false, "icao_code": null, "iata_code": null, "gps_code": null, "local_code": null, "home_link": null, "wikipedia_link": null, "keywords": "bozyazı, ogm, helikopter, forestry, fire" }, "geometry": { "type": "Point", "coordinates": [ 32.934434, 36.093271, 0.0 ] } },
{ "type": "Feature", "properties": { "id": 346391, "ident": "TR-0095", "type": "heliport", "name": "Anamur Air Special Camp Command Heliport", "latitude_deg": 36.066834, "longitude_deg": 32.862336, "elevation_ft": null, "continent": "AS", "iso_country": "TR", "iso_region": "TR-33", "municipality": "Mersin", "scheduled_service": false, "icao_code": null, "iata_code": null, "gps_code": null, "local_code": null, "home_link": null, "wikipedia_link": null, "keywords": null }, "geometry": { "type": "Point", "coordinates": [ 32.862336, 36.066834, 0.0 ] } },
{ "type": "Feature", "properties": { "id": 347187, "ident": "TR-0097", "type": "heliport", "name": "Özeker Hd KRK, No. 10 Border Post Helipad", "latitude_deg": 36.237698, "longitude_deg": 36.546378, "elevation_ft": null, "continent": "AS", "iso_country": "TR", "iso_region": "TR-31", "municipality": "Reyhanli", "scheduled_service": false, "icao_code": null, "iata_code": null, "gps_code": null, "local_code": null, "home_link": null, "wikipedia_link": null, "keywords": null }, "geometry": { "type": "Point", "coordinates": [ 36.546378, 36.237698, 0.0 ] } },
{ "type": "Feature", "properties": { "id": 347188, "ident": "TR-0098", "type": "heliport", "name": "Bükülmez Borderpost Helipad", "latitude_deg": 36.326022, "longitude_deg": 36.658212, "elevation_ft": null, "continent": "AS", "iso_country": "TR", "iso_region": "TR-31", "municipality": "Reyhanli", "scheduled_service": false, "icao_code": null, "iata_code": null, "gps_code": null, "local_code": null, "home_link": null, "wikipedia_link": null, "keywords": null }, "geometry": { "type": "Point", "coordinates": [ 36.658212, 36.326022, 0.0 ] } },
{ "type": "Feature", "properties": { "id": 347189, "ident": "TR-0099", "type": "closed", "name": "Border Post Helipad", "latitude_deg": 36.349089, "longitude_deg": 36.598577, "elevation_ft": null, "continent": "AS", "iso_country": "TR", "iso_region": "TR-31", "municipality": null, "scheduled_service": false, "icao_code": null, "iata_code": null, "gps_code": null, "local_code": null, "home_link": null, "wikipedia_link": null, "keywords": null }, "geometry": { "type": "Point", "coordinates": [ 36.598577, 36.349089, 0.0 ] } },
{ "type": "Feature", "properties": { "id": 347190, "ident": "TR-0100", "type": "heliport", "name": "Federal Border Guard No. 19 Helipad", "latitude_deg": 36.354363, "longitude_deg": 36.60863, "elevation_ft": null, "continent": "AS", "iso_country": "TR", "iso_region": "TR-31", "municipality": "Hatayhamamı", "scheduled_service": false, "icao_code": null, "iata_code": null, "gps_code": null, "local_code": null, "home_link": null, "wikipedia_link": null, "keywords": null }, "geometry": { "type": "Point", "coordinates": [ 36.60863, 36.354363, 0.0 ] } },
{ "type": "Feature", "properties": { "id": 347191, "ident": "TR-0101", "type": "closed", "name": "Borderpost Helipad", "latitude_deg": 36.464096, "longitude_deg": 36.542735, "elevation_ft": null, "continent": "AS", "iso_country": "TR", "iso_region": "TR-31", "municipality": null, "scheduled_service": false, "icao_code": null, "iata_code": null, "gps_code": null, "local_code": null, "home_link": null, "wikipedia_link": null, "keywords": null }, "geometry": { "type": "Point", "coordinates": [ 36.542735, 36.464096, 0.0 ] } },
{ "type": "Feature", "properties": { "id": 347192, "ident": "TR-0102", "type": "heliport", "name": "Federal Border Guard No. 15 Helipad", "latitude_deg": 36.468229, "longitude_deg": 36.547323, "elevation_ft": null, "continent": "AS", "iso_country": "TR", "iso_region": "TR-31", "municipality": "Sucuköy", "scheduled_service": false, "icao_code": null, "iata_code": null, "gps_code": null, "local_code": null, "home_link": null, "wikipedia_link": null, "keywords": null }, "geometry": { "type": "Point", "coordinates": [ 36.547323, 36.468229, 0.0 ] } },
{ "type": "Feature", "properties": { "id": 347193, "ident": "TR-0103", "type": "heliport", "name": "Federal Border Guard No. 14 Helipad", "latitude_deg": 36.496051, "longitude_deg": 36.533348, "elevation_ft": null, "continent": "AS", "iso_country": "TR", "iso_region": "TR-31", "municipality": "Sucuköy", "scheduled_service": false, "icao_code": null, "iata_code": null, "gps_code": null, "local_code": null, "home_link": null, "wikipedia_link": null, "keywords": null }, "geometry": { "type": "Point", "coordinates": [ 36.533348, 36.496051, 0.0 ] } },
{ "type": "Feature", "properties": { "id": 347194, "ident": "TR-0104", "type": "heliport", "name": "Incirli Border Post Helipad", "latitude_deg": 36.533118, "longitude_deg": 36.555966, "elevation_ft": null, "continent": "AS", "iso_country": "TR", "iso_region": "TR-31", "municipality": "Incirli", "scheduled_service": false, "icao_code": null, "iata_code": null, "gps_code": null, "local_code": null, "home_link": null, "wikipedia_link": null, "keywords": null }, "geometry": { "type": "Point", "coordinates": [ 36.555966, 36.533118, 0.0 ] } },
{ "type": "Feature", "properties": { "id": 347195, "ident": "TR-0105", "type": "heliport", "name": "Federal Border Guard No. 12 Helipad", "latitude_deg": 36.577022, "longitude_deg": 36.578932, "elevation_ft": null, "continent": "AS", "iso_country": "TR", "iso_region": "TR-31", "municipality": "Incirli", "scheduled_service": false, "icao_code": null, "iata_code": null, "gps_code": null, "local_code": null, "home_link": null, "wikipedia_link": null, "keywords": null }, "geometry": { "type": "Point", "coordinates": [ 36.578932, 36.577022, 0.0 ] } },
{ "type": "Feature", "properties": { "id": 347196, "ident": "TR-0106", "type": "heliport", "name": "Federal Border Guard No. 11 Helipad", "latitude_deg": 36.635561, "longitude_deg": 36.569454, "elevation_ft": null, "continent": "AS", "iso_country": "TR", "iso_region": "TR-31", "municipality": "Kalatepe", "scheduled_service": false, "icao_code": null, "iata_code": null, "gps_code": null, "local_code": null, "home_link": null, "wikipedia_link": null, "keywords": null }, "geometry": { "type": "Point", "coordinates": [ 36.569454, 36.635561, 0.0 ] } },
{ "type": "Feature", "properties": { "id": 347197, "ident": "TR-0107", "type": "heliport", "name": "Federal Border Guard No. 10 Helipad", "latitude_deg": 36.684507, "longitude_deg": 36.60678, "elevation_ft": null, "continent": "AS", "iso_country": "TR", "iso_region": "TR-31", "municipality": "Sugediği", "scheduled_service": false, "icao_code": null, "iata_code": null, "gps_code": null, "local_code": null, "home_link": null, "wikipedia_link": null, "keywords": null }, "geometry": { "type": "Point", "coordinates": [ 36.60678, 36.684507, 0.0 ] } },
{ "type": "Feature", "properties": { "id": 347198, "ident": "TR-0108", "type": "heliport", "name": "Federal Border Guard No. 8 Helipad", "latitude_deg": 36.743157, "longitude_deg": 36.604418, "elevation_ft": null, "continent": "AS", "iso_country": "TR", "iso_region": "TR-31", "municipality": "Sugediği", "scheduled_service": false, "icao_code": null, "iata_code": null, "gps_code": null, "local_code": null, "home_link": null, "wikipedia_link": null, "keywords": null }, "geometry": { "type": "Point", "coordinates": [ 36.604418, 36.743157, 0.0 ] } },
{ "type": "Feature", "properties": { "id": 347199, "ident": "TR-0109", "type": "heliport", "name": "Sugediği Border Post Helipad", "latitude_deg": 36.762655, "longitude_deg": 36.609166, "elevation_ft": null, "continent": "AS", "iso_country": "TR", "iso_region": "TR-31", "municipality": "Sugediği", "scheduled_service": false, "icao_code": null, "iata_code": null, "gps_code": null, "local_code": null, "home_link": null, "wikipedia_link": null, "keywords": null }, "geometry": { "type": "Point", "coordinates": [ 36.609166, 36.762655, 0.0 ] } },
{ "type": "Feature", "properties": { "id": 347200, "ident": "TR-0110", "type": "heliport", "name": "Federal Border Guard No. 4 Helipad", "latitude_deg": 36.791192, "longitude_deg": 36.640264, "elevation_ft": null, "continent": "AS", "iso_country": "TR", "iso_region": "TR-31", "municipality": "Sugediği", "scheduled_service": false, "icao_code": null, "iata_code": null, "gps_code": null, "local_code": null, "home_link": null, "wikipedia_link": null, "keywords": null }, "geometry": { "type": "Point", "coordinates": [ 36.640264, 36.791192, 0.0 ] } },
{ "type": "Feature", "properties": { "id": 347201, "ident": "TR-0111", "type": "heliport", "name": "Federal Border Guard No. 1 Helipad", "latitude_deg": 36.825974, "longitude_deg": 36.662691, "elevation_ft": null, "continent": "AS", "iso_country": "TR", "iso_region": "TR-31", "municipality": "Çınarbaşı", "scheduled_service": false, "icao_code": null, "iata_code": null, "gps_code": null, "local_code": null, "home_link": null, "wikipedia_link": null, "keywords": null }, "geometry": { "type": "Point", "coordinates": [ 36.662691, 36.825974, 0.0 ] } },
{ "type": "Feature", "properties": { "id": 347202, "ident": "TR-0112", "type": "heliport", "name": "Deliosman Border Post Helipad", "latitude_deg": 36.825341, "longitude_deg": 36.735336, "elevation_ft": null, "continent": "AS", "iso_country": "TR", "iso_region": "TR-79", "municipality": "Deliosman", "scheduled_service": false, "icao_code": null, "iata_code": null, "gps_code": null, "local_code": null, "home_link": null, "wikipedia_link": null, "keywords": null }, "geometry": { "type": "Point", "coordinates": [ 36.735336, 36.825341, 0.0 ] } },
{ "type": "Feature", "properties": { "id": 347204, "ident": "TR-0114", "type": "heliport", "name": "Aybastı \"Border Eagles\" Border Post Helipad", "latitude_deg": 36.761004, "longitude_deg": 37.000944, "elevation_ft": null, "continent": "AS", "iso_country": "TR", "iso_region": "TR-79", "municipality": "Aybastı", "scheduled_service": false, "icao_code": null, "iata_code": null, "gps_code": null, "local_code": null, "home_link": null, "wikipedia_link": null, "keywords": null }, "geometry": { "type": "Point", "coordinates": [ 37.000944, 36.761004, 0.0 ] } },
{ "type": "Feature", "properties": { "id": 347205, "ident": "TR-0115", "type": "heliport", "name": "Çalkaya Border Post Helipad", "latitude_deg": 36.793147, "longitude_deg": 36.834655, "elevation_ft": null, "continent": "AS", "iso_country": "TR", "iso_region": "TR-79", "municipality": "Çalkaya", "scheduled_service": false, "icao_code": null, "iata_code": null, "gps_code": null, "local_code": null, "home_link": null, "wikipedia_link": null, "keywords": null }, "geometry": { "type": "Point", "coordinates": [ 36.834655, 36.793147, 0.0 ] } },
{ "type": "Feature", "properties": { "id": 347206, "ident": "TR-0116", "type": "heliport", "name": "Öncüpınar Border Crossing Helipads", "latitude_deg": 36.64263, "longitude_deg": 37.087863, "elevation_ft": null, "continent": "AS", "iso_country": "TR", "iso_region": "TR-79", "municipality": "Öncüpınar", "scheduled_service": false, "icao_code": null, "iata_code": null, "gps_code": null, "local_code": null, "home_link": null, "wikipedia_link": null, "keywords": null }, "geometry": { "type": "Point", "coordinates": [ 37.087863, 36.64263, 0.0 ] } },
{ "type": "Feature", "properties": { "id": 347207, "ident": "TR-0117", "type": "heliport", "name": "Öncüpınar Border Post Helipad", "latitude_deg": 36.643055, "longitude_deg": 37.090787, "elevation_ft": null, "continent": "AS", "iso_country": "TR", "iso_region": "TR-79", "municipality": "Akçabağlar", "scheduled_service": false, "icao_code": null, "iata_code": null, "gps_code": null, "local_code": null, "home_link": null, "wikipedia_link": null, "keywords": null }, "geometry": { "type": "Point", "coordinates": [ 37.090787, 36.643055, 0.0 ] } },
{ "type": "Feature", "properties": { "id": 347208, "ident": "TR-0118", "type": "heliport", "name": "Inanli Border Post Helipad", "latitude_deg": 36.675765, "longitude_deg": 37.134519, "elevation_ft": null, "continent": "AS", "iso_country": "TR", "iso_region": "TR-79", "municipality": "Inanli", "scheduled_service": false, "icao_code": null, "iata_code": null, "gps_code": null, "local_code": null, "home_link": null, "wikipedia_link": null, "keywords": null }, "geometry": { "type": "Point", "coordinates": [ 37.134519, 36.675765, 0.0 ] } },
{ "type": "Feature", "properties": { "id": 347209, "ident": "TR-0119", "type": "heliport", "name": "Inanli Village Border Post Helipad", "latitude_deg": 36.665583, "longitude_deg": 37.166737, "elevation_ft": null, "continent": "AS", "iso_country": "TR", "iso_region": "TR-79", "municipality": "Inanli", "scheduled_service": false, "icao_code": null, "iata_code": null, "gps_code": null, "local_code": null, "home_link": null, "wikipedia_link": null, "keywords": null }, "geometry": { "type": "Point", "coordinates": [ 37.166737, 36.665583, 0.0 ] } },
{ "type": "Feature", "properties": { "id": 347211, "ident": "TR-0121", "type": "heliport", "name": "Dogan Border Post Helipad", "latitude_deg": 36.669873, "longitude_deg": 37.482378, "elevation_ft": null, "continent": "AS", "iso_country": "TR", "iso_region": "TR-79", "municipality": "Elbeyli", "scheduled_service": false, "icao_code": null, "iata_code": null, "gps_code": null, "local_code": null, "home_link": null, "wikipedia_link": null, "keywords": null }, "geometry": { "type": "Point", "coordinates": [ 37.482378, 36.669873, 0.0 ] } },
{ "type": "Feature", "properties": { "id": 347212, "ident": "TR-0122", "type": "heliport", "name": "Konak Border Post Helipad", "latitude_deg": 36.912036, "longitude_deg": 38.210454, "elevation_ft": null, "continent": "AS", "iso_country": "TR", "iso_region": "TR-63", "municipality": "Konak", "scheduled_service": false, "icao_code": null, "iata_code": null, "gps_code": null, "local_code": null, "home_link": null, "wikipedia_link": null, "keywords": null }, "geometry": { "type": "Point", "coordinates": [ 38.210454, 36.912036, 0.0 ] } },
{ "type": "Feature", "properties": { "id": 349411, "ident": "TR-0123", "type": "heliport", "name": "Tayfursökmen Borderpost Helipad", "latitude_deg": 36.230191, "longitude_deg": 36.398137, "elevation_ft": null, "continent": "AS", "iso_country": "TR", "iso_region": "TR-31", "municipality": "Tayfursökmen", "scheduled_service": false, "icao_code": null, "iata_code": null, "gps_code": null, "local_code": null, "home_link": null, "wikipedia_link": null, "keywords": null }, "geometry": { "type": "Point", "coordinates": [ 36.398137, 36.230191, 0.0 ] } },
{ "type": "Feature", "properties": { "id": 349412, "ident": "TR-0124", "type": "heliport", "name": "Bohsin Borderpost Helipad", "latitude_deg": 36.221112, "longitude_deg": 36.38913, "elevation_ft": null, "continent": "AS", "iso_country": "TR", "iso_region": "TR-31", "municipality": "Bohsin", "scheduled_service": false, "icao_code": null, "iata_code": null, "gps_code": null, "local_code": null, "home_link": null, "wikipedia_link": null, "keywords": null }, "geometry": { "type": "Point", "coordinates": [ 36.38913, 36.221112, 0.0 ] } },
{ "type": "Feature", "properties": { "id": 349435, "ident": "TR-0125", "type": "heliport", "name": "Tekirdağ İsmail Fehmi Cumalıoğlu City Hospital Heliport", "latitude_deg": 41.00903, "longitude_deg": 27.52396, "elevation_ft": 558, "continent": "EU", "iso_country": "TR", "iso_region": "TR-59", "municipality": "Tekirdağ", "scheduled_service": false, "icao_code": null, "iata_code": null, "gps_code": null, "local_code": null, "home_link": null, "wikipedia_link": null, "keywords": null }, "geometry": { "type": "Point", "coordinates": [ 27.52396, 41.00903, 558.0 ] } },
{ "type": "Feature", "properties": { "id": 349436, "ident": "TR-0126", "type": "heliport", "name": "Prof. Dr. Murat Dilmener Emergency Hospital Heliport", "latitude_deg": 40.96841, "longitude_deg": 28.80768, "elevation_ft": 98, "continent": "EU", "iso_country": "TR", "iso_region": "TR-34", "municipality": "Bakırköy, İstanbul", "scheduled_service": false, "icao_code": null, "iata_code": null, "gps_code": null, "local_code": null, "home_link": null, "wikipedia_link": null, "keywords": null }, "geometry": { "type": "Point", "coordinates": [ 28.80768, 40.96841, 98.0 ] } },
{ "type": "Feature", "properties": { "id": 349437, "ident": "TR-0127", "type": "heliport", "name": "Medipol Mega University Hospital Heliport", "latitude_deg": 41.05842, "longitude_deg": 28.84335, "elevation_ft": null, "continent": "EU", "iso_country": "TR", "iso_region": "TR-34", "municipality": "Bağcılar, İstanbul", "scheduled_service": false, "icao_code": null, "iata_code": null, "gps_code": null, "local_code": null, "home_link": null, "wikipedia_link": null, "keywords": null }, "geometry": { "type": "Point", "coordinates": [ 28.84335, 41.05842, 0.0 ] } },
{ "type": "Feature", "properties": { "id": 349438, "ident": "TR-0128", "type": "heliport", "name": "İSPARK Hasdal Heliport", "latitude_deg": 41.09257, "longitude_deg": 28.9228, "elevation_ft": null, "continent": "EU", "iso_country": "TR", "iso_region": "TR-34", "municipality": "Eyüpsultan, Istanbul", "scheduled_service": false, "icao_code": null, "iata_code": null, "gps_code": null, "local_code": null, "home_link": null, "wikipedia_link": null, "keywords": null }, "geometry": { "type": "Point", "coordinates": [ 28.9228, 41.09257, 0.0 ] } },
{ "type": "Feature", "properties": { "id": 349439, "ident": "TR-0129", "type": "heliport", "name": "Silivri State Hospital Helipad", "latitude_deg": 41.079146, "longitude_deg": 28.251484, "elevation_ft": 7, "continent": "EU", "iso_country": "TR", "iso_region": "TR-34", "municipality": "Silivri", "scheduled_service": false, "icao_code": null, "iata_code": null, "gps_code": null, "local_code": null, "home_link": null, "wikipedia_link": null, "keywords": null }, "geometry": { "type": "Point", "coordinates": [ 28.251484, 41.079146, 7.0 ] } },
{ "type": "Feature", "properties": { "id": 349680, "ident": "TR-0130", "type": "heliport", "name": "Ziyaret Garrison Helipad", "latitude_deg": 36.168702, "longitude_deg": 36.360353, "elevation_ft": null, "continent": "AS", "iso_country": "TR", "iso_region": "TR-31", "municipality": "Altınözü", "scheduled_service": false, "icao_code": null, "iata_code": null, "gps_code": null, "local_code": null, "home_link": null, "wikipedia_link": null, "keywords": null }, "geometry": { "type": "Point", "coordinates": [ 36.360353, 36.168702, 0.0 ] } },
{ "type": "Feature", "properties": { "id": 349681, "ident": "TR-0131", "type": "heliport", "name": "Ziyaret Border Post Heliport", "latitude_deg": 36.164833, "longitude_deg": 36.368056, "elevation_ft": null, "continent": "AS", "iso_country": "TR", "iso_region": "TR-31", "municipality": "Ziyaret, Altınözü", "scheduled_service": false, "icao_code": null, "iata_code": null, "gps_code": null, "local_code": null, "home_link": null, "wikipedia_link": null, "keywords": null }, "geometry": { "type": "Point", "coordinates": [ 36.368056, 36.164833, 0.0 ] } },
{ "type": "Feature", "properties": { "id": 349682, "ident": "TR-0132", "type": "heliport", "name": "Kıyıgören Garrison Helipad", "latitude_deg": 36.130135, "longitude_deg": 36.36799, "elevation_ft": null, "continent": "AS", "iso_country": "TR", "iso_region": "TR-31", "municipality": "Altınözü", "scheduled_service": false, "icao_code": null, "iata_code": null, "gps_code": null, "local_code": null, "home_link": null, "wikipedia_link": null, "keywords": null }, "geometry": { "type": "Point", "coordinates": [ 36.36799, 36.130135, 0.0 ] } },
{ "type": "Feature", "properties": { "id": 349683, "ident": "TR-0133", "type": "heliport", "name": "Hacıpaşa helipad", "latitude_deg": 36.069306, "longitude_deg": 36.376533, "elevation_ft": null, "continent": "AS", "iso_country": "TR", "iso_region": "TR-31", "municipality": "Altınözü", "scheduled_service": false, "icao_code": null, "iata_code": null, "gps_code": null, "local_code": null, "home_link": null, "wikipedia_link": null, "keywords": null }, "geometry": { "type": "Point", "coordinates": [ 36.376533, 36.069306, 0.0 ] } },
{ "type": "Feature", "properties": { "id": 349686, "ident": "TR-0135", "type": "heliport", "name": "Sarıbük Garrison Helipad", "latitude_deg": 36.00592, "longitude_deg": 36.315999, "elevation_ft": null, "continent": "AS", "iso_country": "TR", "iso_region": "TR-31", "municipality": "Altınözü", "scheduled_service": false, "icao_code": null, "iata_code": null, "gps_code": null, "local_code": null, "home_link": null, "wikipedia_link": null, "keywords": null }, "geometry": { "type": "Point", "coordinates": [ 36.315999, 36.00592, 0.0 ] } },
{ "type": "Feature", "properties": { "id": 349733, "ident": "TR-0137", "type": "heliport", "name": "Kılıçtutan Garrison Helipad", "latitude_deg": 35.962007, "longitude_deg": 36.222106, "elevation_ft": null, "continent": "AS", "iso_country": "TR", "iso_region": "TR-31", "municipality": "Kılıçtutan", "scheduled_service": false, "icao_code": null, "iata_code": null, "gps_code": null, "local_code": null, "home_link": null, "wikipedia_link": null, "keywords": null }, "geometry": { "type": "Point", "coordinates": [ 36.222106, 35.962007, 0.0 ] } },
{ "type": "Feature", "properties": { "id": 349737, "ident": "TR-0138", "type": "heliport", "name": "Üçırmak Garrison Helipad", "latitude_deg": 35.954202, "longitude_deg": 36.196835, "elevation_ft": null, "continent": "AS", "iso_country": "TR", "iso_region": "TR-31", "municipality": "Üçırmak Köyü", "scheduled_service": false, "icao_code": null, "iata_code": null, "gps_code": null, "local_code": null, "home_link": null, "wikipedia_link": null, "keywords": null }, "geometry": { "type": "Point", "coordinates": [ 36.196835, 35.954202, 0.0 ] } },
{ "type": "Feature", "properties": { "id": 349738, "ident": "TR-0139", "type": "heliport", "name": "Arslanyazı Garrison Helipad", "latitude_deg": 35.934991, "longitude_deg": 36.178987, "elevation_ft": null, "continent": "AS", "iso_country": "TR", "iso_region": "TR-31", "municipality": "Arslanyazı", "scheduled_service": false, "icao_code": null, "iata_code": null, "gps_code": null, "local_code": null, "home_link": null, "wikipedia_link": null, "keywords": null }, "geometry": { "type": "Point", "coordinates": [ 36.178987, 35.934991, 0.0 ] } },
{ "type": "Feature", "properties": { "id": 349739, "ident": "TR-0140", "type": "closed", "name": "Uluyol Border Post Helipad", "latitude_deg": 35.92054, "longitude_deg": 36.168173, "elevation_ft": null, "continent": "AS", "iso_country": "TR", "iso_region": "TR-31", "municipality": "Uluyol", "scheduled_service": false, "icao_code": null, "iata_code": null, "gps_code": null, "local_code": null, "home_link": null, "wikipedia_link": null, "keywords": null }, "geometry": { "type": "Point", "coordinates": [ 36.168173, 35.92054, 0.0 ] } },
{ "type": "Feature", "properties": { "id": 349740, "ident": "TR-0141", "type": "heliport", "name": "Güveççi Garrisson", "latitude_deg": 35.889869, "longitude_deg": 36.166097, "elevation_ft": null, "continent": "AS", "iso_country": "TR", "iso_region": "TR-31", "municipality": "Güveççi", "scheduled_service": false, "icao_code": null, "iata_code": null, "gps_code": null, "local_code": null, "home_link": null, "wikipedia_link": null, "keywords": null }, "geometry": { "type": "Point", "coordinates": [ 36.166097, 35.889869, 0.0 ] } },
{ "type": "Feature", "properties": { "id": 350851, "ident": "TR-0142", "type": "heliport", "name": "Pınarhisar Gendarmerie Heliport", "latitude_deg": 41.62548, "longitude_deg": 27.50743, "elevation_ft": 564, "continent": "EU", "iso_country": "TR", "iso_region": "TR-39", "municipality": "Pınarhisar", "scheduled_service": false, "icao_code": null, "iata_code": null, "gps_code": null, "local_code": null, "home_link": null, "wikipedia_link": null, "keywords": null }, "geometry": { "type": "Point", "coordinates": [ 27.50743, 41.62548, 564.0 ] } },
{ "type": "Feature", "properties": { "id": 350906, "ident": "TR-0143", "type": "heliport", "name": "Hizirbey Heliport", "latitude_deg": 41.00982, "longitude_deg": 39.71286, "elevation_ft": 36, "continent": "AS", "iso_country": "TR", "iso_region": "TR-61", "municipality": "Trabzon", "scheduled_service": false, "icao_code": null, "iata_code": null, "gps_code": null, "local_code": null, "home_link": null, "wikipedia_link": null, "keywords": null }, "geometry": { "type": "Point", "coordinates": [ 39.71286, 41.00982, 36.0 ] } },
{ "type": "Feature", "properties": { "id": 350907, "ident": "TR-0144", "type": "heliport", "name": "Sakli Heliport", "latitude_deg": 41.13264, "longitude_deg": 29.30144, "elevation_ft": 39, "continent": "AS", "iso_country": "TR", "iso_region": "TR-34", "municipality": "Beykoz, Istanbul", "scheduled_service": false, "icao_code": null, "iata_code": null, "gps_code": null, "local_code": null, "home_link": null, "wikipedia_link": null, "keywords": null }, "geometry": { "type": "Point", "coordinates": [ 29.30144, 41.13264, 39.0 ] } },
{ "type": "Feature", "properties": { "id": 350908, "ident": "TR-0145", "type": "heliport", "name": "Poyrazköy Heliport", "latitude_deg": 41.20829, "longitude_deg": 29.14207, "elevation_ft": 262, "continent": "AS", "iso_country": "TR", "iso_region": "TR-34", "municipality": "Beykoz, Istanbul", "scheduled_service": false, "icao_code": null, "iata_code": null, "gps_code": null, "local_code": null, "home_link": null, "wikipedia_link": null, "keywords": null }, "geometry": { "type": "Point", "coordinates": [ 29.14207, 41.20829, 262.0 ] } },
{ "type": "Feature", "properties": { "id": 350909, "ident": "TR-0146", "type": "heliport", "name": "Liv Hospital Heliport", "latitude_deg": 41.06037, "longitude_deg": 29.0284, "elevation_ft": 330, "continent": "EU", "iso_country": "TR", "iso_region": "TR-34", "municipality": "Beşiktaş, Istanbul", "scheduled_service": false, "icao_code": null, "iata_code": null, "gps_code": null, "local_code": null, "home_link": null, "wikipedia_link": null, "keywords": null }, "geometry": { "type": "Point", "coordinates": [ 29.0284, 41.06037, 330.0 ] } },
{ "type": "Feature", "properties": { "id": 350911, "ident": "TR-0147", "type": "heliport", "name": "TRT Heliport", "latitude_deg": 41.05694, "longitude_deg": 29.03181, "elevation_ft": 361, "continent": "EU", "iso_country": "TR", "iso_region": "TR-34", "municipality": "Beşiktaş, Istanbul", "scheduled_service": false, "icao_code": null, "iata_code": null, "gps_code": null, "local_code": null, "home_link": null, "wikipedia_link": null, "keywords": null }, "geometry": { "type": "Point", "coordinates": [ 29.03181, 41.05694, 361.0 ] } },
{ "type": "Feature", "properties": { "id": 350912, "ident": "TR-0148", "type": "heliport", "name": "Beykoz Rescue and Underwater Command Heliport", "latitude_deg": 41.13878, "longitude_deg": 29.07915, "elevation_ft": 3, "continent": "AS", "iso_country": "TR", "iso_region": "TR-34", "municipality": "Beykoz, Istanbul", "scheduled_service": false, "icao_code": null, "iata_code": null, "gps_code": null, "local_code": null, "home_link": null, "wikipedia_link": null, "keywords": null }, "geometry": { "type": "Point", "coordinates": [ 29.07915, 41.13878, 3.0 ] } },
{ "type": "Feature", "properties": { "id": 350913, "ident": "TR-0149", "type": "heliport", "name": "FMV Işık University Helipad", "latitude_deg": 41.16733, "longitude_deg": 29.56668, "elevation_ft": 33, "continent": "AS", "iso_country": "TR", "iso_region": "TR-34", "municipality": "Şile", "scheduled_service": false, "icao_code": null, "iata_code": null, "gps_code": null, "local_code": null, "home_link": null, "wikipedia_link": null, "keywords": null }, "geometry": { "type": "Point", "coordinates": [ 29.56668, 41.16733, 33.0 ] } },
{ "type": "Feature", "properties": { "id": 350914, "ident": "TR-0150", "type": "heliport", "name": "Kefken Coast Guard Heliport", "latitude_deg": 41.17676, "longitude_deg": 30.22468, "elevation_ft": 7, "continent": "AS", "iso_country": "TR", "iso_region": "TR-41", "municipality": "Kefken", "scheduled_service": false, "icao_code": null, "iata_code": null, "gps_code": null, "local_code": null, "home_link": null, "wikipedia_link": null, "keywords": null }, "geometry": { "type": "Point", "coordinates": [ 30.22468, 41.17676, 7.0 ] } },
{ "type": "Feature", "properties": { "id": 350915, "ident": "TR-0151", "type": "heliport", "name": "Black Sea Regional Command Heliport", "latitude_deg": 41.28909, "longitude_deg": 31.40395, "elevation_ft": 10, "continent": "AS", "iso_country": "TR", "iso_region": "TR-67", "municipality": "Ereğli", "scheduled_service": false, "icao_code": null, "iata_code": null, "gps_code": null, "local_code": null, "home_link": null, "wikipedia_link": null, "keywords": null }, "geometry": { "type": "Point", "coordinates": [ 31.40395, 41.28909, 10.0 ] } },
{ "type": "Feature", "properties": { "id": 350917, "ident": "TR-0152", "type": "heliport", "name": "Çatalağzı Thermal Power Plant Heliport", "latitude_deg": 41.51946, "longitude_deg": 31.89865, "elevation_ft": 20, "continent": "AS", "iso_country": "TR", "iso_region": "TR-67", "municipality": "Kilimli", "scheduled_service": false, "icao_code": null, "iata_code": null, "gps_code": null, "local_code": null, "home_link": null, "wikipedia_link": null, "keywords": null }, "geometry": { "type": "Point", "coordinates": [ 31.89865, 41.51946, 20.0 ] } },
{ "type": "Feature", "properties": { "id": 350918, "ident": "TR-0153", "type": "heliport", "name": "Bartin Naval Base Heliport", "latitude_deg": 41.68146, "longitude_deg": 32.2381, "elevation_ft": 10, "continent": "AS", "iso_country": "TR", "iso_region": "TR-74", "municipality": "Bartin", "scheduled_service": false, "icao_code": null, "iata_code": null, "gps_code": null, "local_code": null, "home_link": null, "wikipedia_link": null, "keywords": null }, "geometry": { "type": "Point", "coordinates": [ 32.2381, 41.68146, 10.0 ] } },
{ "type": "Feature", "properties": { "id": 350919, "ident": "TR-0154", "type": "heliport", "name": "Ilkadim Samsun Provincial Health Directorate Heliport", "latitude_deg": 41.27392, "longitude_deg": 36.29902, "elevation_ft": 531, "continent": "AS", "iso_country": "TR", "iso_region": "TR-55", "municipality": "Samsun", "scheduled_service": false, "icao_code": null, "iata_code": null, "gps_code": null, "local_code": null, "home_link": null, "wikipedia_link": null, "keywords": null }, "geometry": { "type": "Point", "coordinates": [ 36.29902, 41.27392, 531.0 ] } },
{ "type": "Feature", "properties": { "id": 350920, "ident": "TR-0155", "type": "heliport", "name": "Sahil Park Heliport", "latitude_deg": 41.28482, "longitude_deg": 36.34727, "elevation_ft": 16, "continent": "AS", "iso_country": "TR", "iso_region": "TR-55", "municipality": "Samsun", "scheduled_service": false, "icao_code": null, "iata_code": null, "gps_code": null, "local_code": null, "home_link": null, "wikipedia_link": null, "keywords": null }, "geometry": { "type": "Point", "coordinates": [ 36.34727, 41.28482, 16.0 ] } },
{ "type": "Feature", "properties": { "id": 353971, "ident": "TR-0156", "type": "heliport", "name": "Akdeniz Uni. Hospital Helipad", "latitude_deg": 36.89544, "longitude_deg": 30.660369, "elevation_ft": 13, "continent": "AS", "iso_country": "TR", "iso_region": "TR-07", "municipality": "Antalya", "scheduled_service": false, "icao_code": null, "iata_code": null, "gps_code": null, "local_code": null, "home_link": null, "wikipedia_link": null, "keywords": null }, "geometry": { "type": "Point", "coordinates": [ 30.660369, 36.89544, 13.0 ] } },
{ "type": "Feature", "properties": { "id": 353972, "ident": "TR-0157", "type": "heliport", "name": "Alara Helipad", "latitude_deg": 36.659185, "longitude_deg": 31.665097, "elevation_ft": 75, "continent": "AS", "iso_country": "TR", "iso_region": "TR-07", "municipality": "Antalya", "scheduled_service": false, "icao_code": null, "iata_code": null, "gps_code": null, "local_code": null, "home_link": null, "wikipedia_link": null, "keywords": null }, "geometry": { "type": "Point", "coordinates": [ 31.665097, 36.659185, 75.0 ] } },
{ "type": "Feature", "properties": { "id": 353975, "ident": "TR-0158", "type": "heliport", "name": "Düzlerçamı Forestry Heliport", "latitude_deg": 36.98472, "longitude_deg": 30.560253, "elevation_ft": 855, "continent": "AS", "iso_country": "TR", "iso_region": "TR-07", "municipality": "Antalya", "scheduled_service": false, "icao_code": null, "iata_code": null, "gps_code": null, "local_code": null, "home_link": null, "wikipedia_link": null, "keywords": null }, "geometry": { "type": "Point", "coordinates": [ 30.560253, 36.98472, 855.0 ] } },
{ "type": "Feature", "properties": { "id": 353977, "ident": "TR-0159", "type": "small_airport", "name": "Manavgat Model Ucak Pisti", "latitude_deg": 36.748762, "longitude_deg": 31.479854, "elevation_ft": null, "continent": "AS", "iso_country": "TR", "iso_region": "TR-07", "municipality": "Antalya", "scheduled_service": false, "icao_code": null, "iata_code": null, "gps_code": null, "local_code": null, "home_link": null, "wikipedia_link": null, "keywords": null }, "geometry": { "type": "Point", "coordinates": [ 31.479854, 36.748762, 0.0 ] } },
{ "type": "Feature", "properties": { "id": 353978, "ident": "TR-0160", "type": "heliport", "name": "Antalya Mermer Heliport", "latitude_deg": 37.08528, "longitude_deg": 30.60972, "elevation_ft": 1083, "continent": "AS", "iso_country": "TR", "iso_region": "TR-07", "municipality": "Antalya", "scheduled_service": false, "icao_code": null, "iata_code": null, "gps_code": null, "local_code": null, "home_link": null, "wikipedia_link": null, "keywords": null }, "geometry": { "type": "Point", "coordinates": [ 30.60972, 37.08528, 1083.0 ] } },
{ "type": "Feature", "properties": { "id": 355201, "ident": "TR-0161", "type": "heliport", "name": "Wyndham Grand İstanbul Levent Heliport", "latitude_deg": 41.077076, "longitude_deg": 29.012293, "elevation_ft": 443, "continent": "EU", "iso_country": "TR", "iso_region": "TR-34", "municipality": "İstanbul,Şişli", "scheduled_service": false, "icao_code": null, "iata_code": null, "gps_code": null, "local_code": null, "home_link": null, "wikipedia_link": null, "keywords": null }, "geometry": { "type": "Point", "coordinates": [ 29.012293, 41.077076, 443.0 ] } },
{ "type": "Feature", "properties": { "id": 355207, "ident": "TR-0162", "type": "heliport", "name": "Kıyı Emniyet Gemi Hizmetleri Merkezi Heliport", "latitude_deg": 40.228439, "longitude_deg": 26.425834, "elevation_ft": null, "continent": "AS", "iso_country": "TR", "iso_region": "TR-17", "municipality": "Çanakkale", "scheduled_service": false, "icao_code": null, "iata_code": null, "gps_code": null, "local_code": null, "home_link": null, "wikipedia_link": null, "keywords": null }, "geometry": { "type": "Point", "coordinates": [ 26.425834, 40.228439, 0.0 ] } },
{ "type": "Feature", "properties": { "id": 355208, "ident": "TR-0163", "type": "heliport", "name": "Güroymak Jandarma Helipad", "latitude_deg": 38.567081, "longitude_deg": 42.037394, "elevation_ft": null, "continent": "AS", "iso_country": "TR", "iso_region": "TR-13", "municipality": "Güroymak", "scheduled_service": false, "icao_code": null, "iata_code": null, "gps_code": null, "local_code": null, "home_link": null, "wikipedia_link": null, "keywords": null }, "geometry": { "type": "Point", "coordinates": [ 42.037394, 38.567081, 0.0 ] } },
{ "type": "Feature", "properties": { "id": 355209, "ident": "TR-0164", "type": "heliport", "name": "Yılair Havacılık ve Ticaret AŞ ve Helikopter Pisti", "latitude_deg": 40.41513, "longitude_deg": 29.108555, "elevation_ft": 115, "continent": "AS", "iso_country": "TR", "iso_region": "TR-16", "municipality": "Gemlik", "scheduled_service": false, "icao_code": null, "iata_code": null, "gps_code": null, "local_code": null, "home_link": null, "wikipedia_link": null, "keywords": null }, "geometry": { "type": "Point", "coordinates": [ 29.108555, 40.41513, 115.0 ] } },
{ "type": "Feature", "properties": { "id": 355210, "ident": "TR-0165", "type": "heliport", "name": "İsPark Kısıklı Heliport Alanı", "latitude_deg": 41.023192, "longitude_deg": 29.056683, "elevation_ft": null, "continent": "AS", "iso_country": "TR", "iso_region": "TR-34", "municipality": "Üsküdar", "scheduled_service": false, "icao_code": null, "iata_code": null, "gps_code": null, "local_code": null, "home_link": "https://ispark.istanbul/", "wikipedia_link": null, "keywords": null }, "geometry": { "type": "Point", "coordinates": [ 29.056683, 41.023192, 0.0 ] } },
{ "type": "Feature", "properties": { "id": 355211, "ident": "TR-0166", "type": "heliport", "name": "D-Marin Turgutreis Marina Heliport", "latitude_deg": 37.002792, "longitude_deg": 27.258346, "elevation_ft": 1, "continent": "AS", "iso_country": "TR", "iso_region": "TR-48", "municipality": "Bodrum", "scheduled_service": false, "icao_code": null, "iata_code": null, "gps_code": null, "local_code": null, "home_link": "https://www.d-marin.com/en/marinas/turgutreis/", "wikipedia_link": null, "keywords": null }, "geometry": { "type": "Point", "coordinates": [ 27.258346, 37.002792, 1.0 ] } },
{ "type": "Feature", "properties": { "id": 355212, "ident": "TR-0167", "type": "heliport", "name": "Kaan Aviation Heliport", "latitude_deg": 41.125585, "longitude_deg": 28.983592, "elevation_ft": 113, "continent": "EU", "iso_country": "TR", "iso_region": "TR-34", "municipality": "Sarıyer", "scheduled_service": false, "icao_code": null, "iata_code": null, "gps_code": null, "local_code": null, "home_link": "http://www.kaanair.com/", "wikipedia_link": null, "keywords": null }, "geometry": { "type": "Point", "coordinates": [ 28.983592, 41.125585, 113.0 ] } },
{ "type": "Feature", "properties": { "id": 355213, "ident": "TR-0168", "type": "heliport", "name": "Ataşehir Belediyesi Afet Kriz Merkezi Helikopter Pisti", "latitude_deg": 40.993379, "longitude_deg": 29.116689, "elevation_ft": 88, "continent": "AS", "iso_country": "TR", "iso_region": "TR-34", "municipality": "Ataşehir", "scheduled_service": false, "icao_code": null, "iata_code": null, "gps_code": null, "local_code": null, "home_link": null, "wikipedia_link": null, "keywords": null }, "geometry": { "type": "Point", "coordinates": [ 29.116689, 40.993379, 88.0 ] } },
{ "type": "Feature", "properties": { "id": 355214, "ident": "TR-0169", "type": "heliport", "name": "Point Hotel Barbaros Helipad", "latitude_deg": 41.064316, "longitude_deg": 29.010589, "elevation_ft": 120, "continent": "EU", "iso_country": "TR", "iso_region": "TR-34", "municipality": "Şişli", "scheduled_service": false, "icao_code": null, "iata_code": null, "gps_code": null, "local_code": null, "home_link": null, "wikipedia_link": null, "keywords": null }, "geometry": { "type": "Point", "coordinates": [ 29.010589, 41.064316, 120.0 ] } },
{ "type": "Feature", "properties": { "id": 355215, "ident": "TR-0170", "type": "heliport", "name": "AFAD Helipad", "latitude_deg": 39.906437, "longitude_deg": 32.758553, "elevation_ft": 856, "continent": "AS", "iso_country": "TR", "iso_region": "TR-06", "municipality": "Çankaya", "scheduled_service": false, "icao_code": null, "iata_code": null, "gps_code": null, "local_code": null, "home_link": null, "wikipedia_link": null, "keywords": null }, "geometry": { "type": "Point", "coordinates": [ 32.758553, 39.906437, 856.0 ] } },
{ "type": "Feature", "properties": { "id": 355216, "ident": "TR-0171", "type": "heliport", "name": "Emniyet Genel Müdürlüğü (General Directorate of Security) Helipad", "latitude_deg": 39.901178, "longitude_deg": 32.844827, "elevation_ft": 925, "continent": "AS", "iso_country": "TR", "iso_region": "TR-06", "municipality": "Çankaya", "scheduled_service": false, "icao_code": null, "iata_code": null, "gps_code": null, "local_code": null, "home_link": null, "wikipedia_link": null, "keywords": null }, "geometry": { "type": "Point", "coordinates": [ 32.844827, 39.901178, 925.0 ] } },
{ "type": "Feature", "properties": { "id": 355217, "ident": "TR-0172", "type": "heliport", "name": "Vizyon Heliport", "latitude_deg": 39.958307, "longitude_deg": 32.822816, "elevation_ft": 855, "continent": "AS", "iso_country": "TR", "iso_region": "TR-06", "municipality": "Yenimahalle", "scheduled_service": false, "icao_code": null, "iata_code": null, "gps_code": null, "local_code": null, "home_link": null, "wikipedia_link": null, "keywords": null }, "geometry": { "type": "Point", "coordinates": [ 32.822816, 39.958307, 855.0 ] } },
{ "type": "Feature", "properties": { "id": 355218, "ident": "TR-0173", "type": "heliport", "name": "Turkey Air Traffic Control Center Helipad", "latitude_deg": 40.138042, "longitude_deg": 32.99355, "elevation_ft": 947, "continent": "AS", "iso_country": "TR", "iso_region": "TR-06", "municipality": "Çubuk", "scheduled_service": false, "icao_code": null, "iata_code": null, "gps_code": null, "local_code": null, "home_link": null, "wikipedia_link": null, "keywords": null }, "geometry": { "type": "Point", "coordinates": [ 32.99355, 40.138042, 947.0 ] } },
{ "type": "Feature", "properties": { "id": 355219, "ident": "TR-0174", "type": "heliport", "name": "Ankara Şehir Hastanesi Helipad", "latitude_deg": 39.902222, "longitude_deg": 32.757206, "elevation_ft": 863, "continent": "AS", "iso_country": "TR", "iso_region": "TR-06", "municipality": "Çankaya", "scheduled_service": false, "icao_code": null, "iata_code": null, "gps_code": null, "local_code": null, "home_link": null, "wikipedia_link": null, "keywords": null }, "geometry": { "type": "Point", "coordinates": [ 32.757206, 39.902222, 863.0 ] } },
{ "type": "Feature", "properties": { "id": 355220, "ident": "TR-0175", "type": "heliport", "name": "Erzurum Bölge Eğitim Ve Araştırma Hastanesi Helikopter Pisti", "latitude_deg": 39.889903, "longitude_deg": 41.24, "elevation_ft": 1914, "continent": "AS", "iso_country": "TR", "iso_region": "TR-25", "municipality": "Yakutiye", "scheduled_service": false, "icao_code": null, "iata_code": null, "gps_code": null, "local_code": null, "home_link": null, "wikipedia_link": null, "keywords": null }, "geometry": { "type": "Point", "coordinates": [ 41.24, 39.889903, 1914.0 ] } },
{ "type": "Feature", "properties": { "id": 355221, "ident": "TR-0176", "type": "heliport", "name": "Sarp Heliport", "latitude_deg": 39.752732, "longitude_deg": 30.63845, "elevation_ft": 787, "continent": "AS", "iso_country": "TR", "iso_region": "TR-26", "municipality": "Odunpazarı", "scheduled_service": false, "icao_code": null, "iata_code": null, "gps_code": null, "local_code": null, "home_link": null, "wikipedia_link": null, "keywords": null }, "geometry": { "type": "Point", "coordinates": [ 30.63845, 39.752732, 787.0 ] } },
{ "type": "Feature", "properties": { "id": 355222, "ident": "TR-0177", "type": "heliport", "name": "Cumhuriyet Parkı Helipad", "latitude_deg": 39.753783, "longitude_deg": 30.492112, "elevation_ft": 805, "continent": "AS", "iso_country": "TR", "iso_region": "TR-26", "municipality": "Odunpazarı", "scheduled_service": false, "icao_code": null, "iata_code": null, "gps_code": null, "local_code": null, "home_link": null, "wikipedia_link": null, "keywords": null }, "geometry": { "type": "Point", "coordinates": [ 30.492112, 39.753783, 805.0 ] } },
{ "type": "Feature", "properties": { "id": 355223, "ident": "TR-0178", "type": "heliport", "name": "İsdemir İskenderun Demir Ve Çelik Anonim Şirketi Helipad", "latitude_deg": 36.713455, "longitude_deg": 36.214113, "elevation_ft": 66, "continent": "AS", "iso_country": "TR", "iso_region": "TR-31", "municipality": "İskenderun", "scheduled_service": false, "icao_code": null, "iata_code": null, "gps_code": null, "local_code": null, "home_link": null, "wikipedia_link": null, "keywords": null }, "geometry": { "type": "Point", "coordinates": [ 36.214113, 36.713455, 66.0 ] } },
{ "type": "Feature", "properties": { "id": 355224, "ident": "TR-0179", "type": "heliport", "name": "Lokman Hekim University Helipad", "latitude_deg": 39.956382, "longitude_deg": 32.583486, "elevation_ft": 800, "continent": "AS", "iso_country": "TR", "iso_region": "TR-06", "municipality": "Sincan", "scheduled_service": false, "icao_code": null, "iata_code": null, "gps_code": null, "local_code": null, "home_link": null, "wikipedia_link": null, "keywords": null }, "geometry": { "type": "Point", "coordinates": [ 32.583486, 39.956382, 800.0 ] } },
{ "type": "Feature", "properties": { "id": 355225, "ident": "TR-0180", "type": "heliport", "name": "Çanakkale Forest Fire Management Center Heliport", "latitude_deg": 40.0822, "longitude_deg": 26.375025, "elevation_ft": 45, "continent": "AS", "iso_country": "TR", "iso_region": "TR-17", "municipality": "Çınarlı", "scheduled_service": false, "icao_code": null, "iata_code": null, "gps_code": null, "local_code": null, "home_link": null, "wikipedia_link": null, "keywords": null }, "geometry": { "type": "Point", "coordinates": [ 26.375025, 40.0822, 45.0 ] } },
{ "type": "Feature", "properties": { "id": 355226, "ident": "TR-0181", "type": "heliport", "name": "Fethiye Forest Management Directorate Heliport", "latitude_deg": 36.665346, "longitude_deg": 29.162051, "elevation_ft": 66, "continent": "AS", "iso_country": "TR", "iso_region": "TR-48", "municipality": "Fethiye/Çamköy", "scheduled_service": false, "icao_code": null, "iata_code": null, "gps_code": null, "local_code": null, "home_link": null, "wikipedia_link": null, "keywords": null }, "geometry": { "type": "Point", "coordinates": [ 29.162051, 36.665346, 66.0 ] } },
{ "type": "Feature", "properties": { "id": 355227, "ident": "TR-0182", "type": "heliport", "name": "Denizli Regional Directorate of Forestry Helicopter Heliport", "latitude_deg": 37.734549, "longitude_deg": 29.090766, "elevation_ft": 550, "continent": "AS", "iso_country": "TR", "iso_region": "TR-20", "municipality": "Pamukkale", "scheduled_service": false, "icao_code": null, "iata_code": null, "gps_code": null, "local_code": null, "home_link": null, "wikipedia_link": null, "keywords": null }, "geometry": { "type": "Point", "coordinates": [ 29.090766, 37.734549, 550.0 ] } },
{ "type": "Feature", "properties": { "id": 355228, "ident": "TR-0183", "type": "heliport", "name": "LOSEV - LÖSANTE Children and Adults Hospital Helipad", "latitude_deg": 39.833125, "longitude_deg": 32.719136, "elevation_ft": 1159, "continent": "AS", "iso_country": "TR", "iso_region": "TR-06", "municipality": "Gölbaşı", "scheduled_service": false, "icao_code": null, "iata_code": null, "gps_code": null, "local_code": null, "home_link": null, "wikipedia_link": null, "keywords": null }, "geometry": { "type": "Point", "coordinates": [ 32.719136, 39.833125, 1159.0 ] } },
{ "type": "Feature", "properties": { "id": 355235, "ident": "TR-0184", "type": "heliport", "name": "KTÜ Farabi Hospital Helipad", "latitude_deg": 40.993341, "longitude_deg": 39.767285, "elevation_ft": 117, "continent": "AS", "iso_country": "TR", "iso_region": "TR-61", "municipality": "Ortahisar", "scheduled_service": false, "icao_code": null, "iata_code": null, "gps_code": null, "local_code": null, "home_link": null, "wikipedia_link": null, "keywords": null }, "geometry": { "type": "Point", "coordinates": [ 39.767285, 40.993341, 117.0 ] } },
{ "type": "Feature", "properties": { "id": 355236, "ident": "TR-0185", "type": "heliport", "name": "Turkish Coast Guard Samsun Air Base", "latitude_deg": 41.259586, "longitude_deg": 36.547321, "elevation_ft": 5, "continent": "AS", "iso_country": "TR", "iso_region": "TR-55", "municipality": "Çarşamba", "scheduled_service": false, "icao_code": null, "iata_code": null, "gps_code": null, "local_code": null, "home_link": null, "wikipedia_link": null, "keywords": null }, "geometry": { "type": "Point", "coordinates": [ 36.547321, 41.259586, 5.0 ] } },
{ "type": "Feature", "properties": { "id": 355240, "ident": "TR-0186", "type": "heliport", "name": "Marmaris State Hospital Heliport", "latitude_deg": 36.858493, "longitude_deg": 28.258161, "elevation_ft": 16, "continent": "AS", "iso_country": "TR", "iso_region": "TR-48", "municipality": "Marmaris", "scheduled_service": false, "icao_code": null, "iata_code": null, "gps_code": null, "local_code": null, "home_link": null, "wikipedia_link": null, "keywords": null }, "geometry": { "type": "Point", "coordinates": [ 28.258161, 36.858493, 16.0 ] } },
{ "type": "Feature", "properties": { "id": 355243, "ident": "TR-0187", "type": "heliport", "name": "Teos Marina Helipad", "latitude_deg": 38.193784, "longitude_deg": 26.78312, "elevation_ft": null, "continent": "AS", "iso_country": "TR", "iso_region": "TR-35", "municipality": "Seferihisar", "scheduled_service": false, "icao_code": null, "iata_code": null, "gps_code": null, "local_code": null, "home_link": "https://teosmarina.com/", "wikipedia_link": null, "keywords": null }, "geometry": { "type": "Point", "coordinates": [ 26.78312, 38.193784, 0.0 ] } },
{ "type": "Feature", "properties": { "id": 355244, "ident": "TR-0188", "type": "heliport", "name": "Uludağ Hospital Helipad", "latitude_deg": 40.222192, "longitude_deg": 28.867865, "elevation_ft": 88, "continent": "AS", "iso_country": "TR", "iso_region": "TR-16", "municipality": "Nilüfer", "scheduled_service": false, "icao_code": null, "iata_code": null, "gps_code": null, "local_code": null, "home_link": null, "wikipedia_link": null, "keywords": null }, "geometry": { "type": "Point", "coordinates": [ 28.867865, 40.222192, 88.0 ] } },
{ "type": "Feature", "properties": { "id": 355245, "ident": "TR-0189", "type": "heliport", "name": "Sönmez Airlines Inc. Helipad", "latitude_deg": 40.255134, "longitude_deg": 29.067867, "elevation_ft": 88, "continent": "AS", "iso_country": "TR", "iso_region": "TR-16", "municipality": "Osmangazi", "scheduled_service": false, "icao_code": null, "iata_code": null, "gps_code": null, "local_code": null, "home_link": "https://www.sonmezholding.com.tr/havacilik/", "wikipedia_link": null, "keywords": null }, "geometry": { "type": "Point", "coordinates": [ 29.067867, 40.255134, 88.0 ] } },
{ "type": "Feature", "properties": { "id": 355246, "ident": "TR-0190", "type": "heliport", "name": "Erguvan Bursa Provincial Health Directorate Heliport", "latitude_deg": 40.226116, "longitude_deg": 29.073486, "elevation_ft": 295, "continent": "AS", "iso_country": "TR", "iso_region": "TR-16", "municipality": "Erguvan", "scheduled_service": false, "icao_code": null, "iata_code": null, "gps_code": null, "local_code": null, "home_link": null, "wikipedia_link": null, "keywords": null }, "geometry": { "type": "Point", "coordinates": [ 29.073486, 40.226116, 295.0 ] } },
{ "type": "Feature", "properties": { "id": 355247, "ident": "TR-0191", "type": "heliport", "name": "Anafartalar Çanakkale Public Hospital Helipad", "latitude_deg": 40.159019, "longitude_deg": 26.419407, "elevation_ft": 170, "continent": "AS", "iso_country": "TR", "iso_region": "TR-17", "municipality": "Çanakkale", "scheduled_service": false, "icao_code": null, "iata_code": null, "gps_code": null, "local_code": null, "home_link": null, "wikipedia_link": null, "keywords": null }, "geometry": { "type": "Point", "coordinates": [ 26.419407, 40.159019, 170.0 ] } },
{ "type": "Feature", "properties": { "id": 355248, "ident": "TR-0192", "type": "heliport", "name": "ÖNÖC Central District Helipad", "latitude_deg": 40.19931, "longitude_deg": 29.05428, "elevation_ft": 426, "continent": "AS", "iso_country": "TR", "iso_region": "TR-16", "municipality": "Osmangazi", "scheduled_service": false, "icao_code": null, "iata_code": null, "gps_code": null, "local_code": null, "home_link": null, "wikipedia_link": null, "keywords": null }, "geometry": { "type": "Point", "coordinates": [ 29.05428, 40.19931, 426.0 ] } },
{ "type": "Feature", "properties": { "id": 355249, "ident": "TR-0193", "type": "heliport", "name": "Bursa City Hospital Helipad", "latitude_deg": 40.26975, "longitude_deg": 28.91379, "elevation_ft": 393, "continent": "AS", "iso_country": "TR", "iso_region": "TR-16", "municipality": "Nilüfer", "scheduled_service": false, "icao_code": null, "iata_code": null, "gps_code": null, "local_code": null, "home_link": null, "wikipedia_link": null, "keywords": null }, "geometry": { "type": "Point", "coordinates": [ 28.91379, 40.26975, 393.0 ] } },
{ "type": "Feature", "properties": { "id": 355250, "ident": "TR-0194", "type": "heliport", "name": "İzmir Air Ambulance Center Heliport", "latitude_deg": 38.397187, "longitude_deg": 27.102493, "elevation_ft": 393, "continent": "AS", "iso_country": "TR", "iso_region": "TR-35", "municipality": "Karabağlar", "scheduled_service": false, "icao_code": null, "iata_code": null, "gps_code": null, "local_code": null, "home_link": null, "wikipedia_link": null, "keywords": null }, "geometry": { "type": "Point", "coordinates": [ 27.102493, 38.397187, 393.0 ] } },
{ "type": "Feature", "properties": { "id": 355251, "ident": "TR-0195", "type": "heliport", "name": "Divan Taksim Palmira Turizm Ticaret Anonim Şirketi Helipad", "latitude_deg": 41.04118, "longitude_deg": 28.98712, "elevation_ft": 223, "continent": "EU", "iso_country": "TR", "iso_region": "TR-34", "municipality": "Şişli", "scheduled_service": false, "icao_code": null, "iata_code": null, "gps_code": null, "local_code": null, "home_link": null, "wikipedia_link": null, "keywords": null }, "geometry": { "type": "Point", "coordinates": [ 28.98712, 41.04118, 223.0 ] } },
{ "type": "Feature", "properties": { "id": 355252, "ident": "TR-0196", "type": "heliport", "name": "Turkish Aeronautical Association(THK) Sütlüce Helipad", "latitude_deg": 41.056658, "longitude_deg": 28.948733, "elevation_ft": 3, "continent": "EU", "iso_country": "TR", "iso_region": "TR-34", "municipality": "Beyoğlu", "scheduled_service": false, "icao_code": null, "iata_code": null, "gps_code": null, "local_code": null, "home_link": null, "wikipedia_link": null, "keywords": null }, "geometry": { "type": "Point", "coordinates": [ 28.948733, 41.056658, 3.0 ] } },
{ "type": "Feature", "properties": { "id": 355253, "ident": "TR-0197", "type": "heliport", "name": "İSKİ Büyükçekmece Biological Wastewater Treatment Plant Heliport", "latitude_deg": 41.04769, "longitude_deg": 28.5504, "elevation_ft": 42, "continent": "EU", "iso_country": "TR", "iso_region": "TR-34", "municipality": "Büyükçekmece", "scheduled_service": false, "icao_code": null, "iata_code": null, "gps_code": null, "local_code": null, "home_link": null, "wikipedia_link": null, "keywords": null }, "geometry": { "type": "Point", "coordinates": [ 28.5504, 41.04769, 42.0 ] } },
{ "type": "Feature", "properties": { "id": 355254, "ident": "TR-0198", "type": "heliport", "name": "ÇOSB Helipad", "latitude_deg": 41.315069, "longitude_deg": 27.97749, "elevation_ft": 639, "continent": "EU", "iso_country": "TR", "iso_region": "TR-34", "municipality": "Çerkezköy", "scheduled_service": false, "icao_code": null, "iata_code": null, "gps_code": null, "local_code": null, "home_link": null, "wikipedia_link": null, "keywords": null }, "geometry": { "type": "Point", "coordinates": [ 27.97749, 41.315069, 639.0 ] } },
{ "type": "Feature", "properties": { "id": 355255, "ident": "TR-0199", "type": "heliport", "name": "Doğuş Didim Marina İşl. Turizm Ticaret Anonim Şirketi Helipad", "latitude_deg": 37.3396, "longitude_deg": 27.259033, "elevation_ft": 29, "continent": "AS", "iso_country": "TR", "iso_region": "TR-09", "municipality": "Didim", "scheduled_service": false, "icao_code": null, "iata_code": null, "gps_code": null, "local_code": null, "home_link": null, "wikipedia_link": null, "keywords": null }, "geometry": { "type": "Point", "coordinates": [ 27.259033, 37.3396, 29.0 ] } },
{ "type": "Feature", "properties": { "id": 355256, "ident": "TR-0200", "type": "heliport", "name": "Kaplankaya Heliport", "latitude_deg": 37.315101, "longitude_deg": 27.400508, "elevation_ft": 6, "continent": "AS", "iso_country": "TR", "iso_region": "TR-48", "municipality": "Milas", "scheduled_service": false, "icao_code": null, "iata_code": null, "gps_code": null, "local_code": null, "home_link": null, "wikipedia_link": null, "keywords": null }, "geometry": { "type": "Point", "coordinates": [ 27.400508, 37.315101, 6.0 ] } },
{ "type": "Feature", "properties": { "id": 355257, "ident": "TR-0201", "type": "heliport", "name": "Turgut Özal Medical Center Helipad", "latitude_deg": 38.33887, "longitude_deg": 38.42868, "elevation_ft": 3047, "continent": "AS", "iso_country": "TR", "iso_region": "TR-44", "municipality": "Battalgazi", "scheduled_service": false, "icao_code": null, "iata_code": null, "gps_code": null, "local_code": null, "home_link": null, "wikipedia_link": null, "keywords": null }, "geometry": { "type": "Point", "coordinates": [ 38.42868, 38.33887, 3047.0 ] } },
{ "type": "Feature", "properties": { "id": 355258, "ident": "TR-0202", "type": "heliport", "name": "Merzifon Karamustafa Paşa Public Hospital Helipad", "latitude_deg": 40.866017, "longitude_deg": 35.437485, "elevation_ft": 2352, "continent": "AS", "iso_country": "TR", "iso_region": "TR-05", "municipality": "Merzifon", "scheduled_service": false, "icao_code": null, "iata_code": null, "gps_code": null, "local_code": null, "home_link": null, "wikipedia_link": null, "keywords": null }, "geometry": { "type": "Point", "coordinates": [ 35.437485, 40.866017, 2352.0 ] } },
{ "type": "Feature", "properties": { "id": 355281, "ident": "TR-0203", "type": "heliport", "name": "Düzce Atatürk State Hospital Helliport", "latitude_deg": 40.843369, "longitude_deg": 31.136438, "elevation_ft": null, "continent": "AS", "iso_country": "TR", "iso_region": "TR-54", "municipality": "Düzce", "scheduled_service": false, "icao_code": null, "iata_code": null, "gps_code": null, "local_code": null, "home_link": null, "wikipedia_link": null, "keywords": null }, "geometry": { "type": "Point", "coordinates": [ 31.136438, 40.843369, 0.0 ] } },
{ "type": "Feature", "properties": { "id": 355282, "ident": "TR-0204", "type": "heliport", "name": "Kahramankazan State Hospital Heliport", "latitude_deg": 40.194759, "longitude_deg": 32.678128, "elevation_ft": null, "continent": "AS", "iso_country": "TR", "iso_region": "TR-06", "municipality": "Kahramankazan", "scheduled_service": false, "icao_code": null, "iata_code": null, "gps_code": null, "local_code": null, "home_link": null, "wikipedia_link": null, "keywords": null }, "geometry": { "type": "Point", "coordinates": [ 32.678128, 40.194759, 0.0 ] } },
{ "type": "Feature", "properties": { "id": 355283, "ident": "TR-0205", "type": "heliport", "name": "Şereflikoçhisar State Hospital Heliport", "latitude_deg": 38.955671, "longitude_deg": 33.527948, "elevation_ft": null, "continent": "AS", "iso_country": "TR", "iso_region": "TR-06", "municipality": "Şereflikoçhisar", "scheduled_service": false, "icao_code": null, "iata_code": null, "gps_code": null, "local_code": null, "home_link": null, "wikipedia_link": null, "keywords": null }, "geometry": { "type": "Point", "coordinates": [ 33.527948, 38.955671, 0.0 ] } },
{ "type": "Feature", "properties": { "id": 355284, "ident": "TR-0206", "type": "heliport", "name": "Kirikkale University Medical Faculty Hospital Heliport", "latitude_deg": 39.869608, "longitude_deg": 33.451769, "elevation_ft": null, "continent": "AS", "iso_country": "TR", "iso_region": "TR-71", "municipality": "Yahşihan", "scheduled_service": false, "icao_code": null, "iata_code": null, "gps_code": null, "local_code": null, "home_link": null, "wikipedia_link": null, "keywords": null }, "geometry": { "type": "Point", "coordinates": [ 33.451769, 39.869608, 0.0 ] } },
{ "type": "Feature", "properties": { "id": 355286, "ident": "TR-0207", "type": "heliport", "name": "Yeni State Hospital Heliport", "latitude_deg": 36.243603, "longitude_deg": 36.560386, "elevation_ft": null, "continent": "AS", "iso_country": "TR", "iso_region": "TR-31", "municipality": "Reyhanli", "scheduled_service": false, "icao_code": null, "iata_code": null, "gps_code": null, "local_code": null, "home_link": null, "wikipedia_link": null, "keywords": null }, "geometry": { "type": "Point", "coordinates": [ 36.560386, 36.243603, 0.0 ] } },
{ "type": "Feature", "properties": { "id": 505657, "ident": "TR-0208", "type": "heliport", "name": "Aras Köprüsü Border Post Helipad", "latitude_deg": 39.652929, "longitude_deg": 44.794586, "elevation_ft": null, "continent": "AS", "iso_country": "TR", "iso_region": "TR-76", "municipality": "Gödekli", "scheduled_service": false, "icao_code": null, "iata_code": null, "gps_code": null, "local_code": null, "home_link": null, "wikipedia_link": null, "keywords": null }, "geometry": { "type": "Point", "coordinates": [ 44.794586, 39.652929, 0.0 ] } },
{ "type": "Feature", "properties": { "id": 355354, "ident": "TR-0209", "type": "heliport", "name": "Erdemir Heliport", "latitude_deg": 41.25104, "longitude_deg": 31.40929, "elevation_ft": 20, "continent": "AS", "iso_country": "TR", "iso_region": "TR-67", "municipality": "Ereğli", "scheduled_service": false, "icao_code": null, "iata_code": null, "gps_code": null, "local_code": null, "home_link": null, "wikipedia_link": null, "keywords": null }, "geometry": { "type": "Point", "coordinates": [ 31.40929, 41.25104, 20.0 ] } },
{ "type": "Feature", "properties": { "id": 355355, "ident": "TR-0210", "type": "heliport", "name": "Gazelle Resort Helipad", "latitude_deg": 40.682794, "longitude_deg": 31.631441, "elevation_ft": null, "continent": "AS", "iso_country": "TR", "iso_region": "TR-14", "municipality": "Merkez", "scheduled_service": false, "icao_code": null, "iata_code": null, "gps_code": null, "local_code": null, "home_link": null, "wikipedia_link": null, "keywords": null }, "geometry": { "type": "Point", "coordinates": [ 31.631441, 40.682794, 0.0 ] } },
{ "type": "Feature", "properties": { "id": 355357, "ident": "TR-0211", "type": "heliport", "name": "Bolu Dagi Helipad", "latitude_deg": 40.735812, "longitude_deg": 31.426059, "elevation_ft": null, "continent": "AS", "iso_country": "TR", "iso_region": "TR-14", "municipality": "Yeşilköy", "scheduled_service": false, "icao_code": null, "iata_code": null, "gps_code": null, "local_code": null, "home_link": null, "wikipedia_link": null, "keywords": null }, "geometry": { "type": "Point", "coordinates": [ 31.426059, 40.735812, 0.0 ] } },
{ "type": "Feature", "properties": { "id": 355359, "ident": "TR-0212", "type": "heliport", "name": "AIBU Helipad", "latitude_deg": 40.715924, "longitude_deg": 31.531502, "elevation_ft": null, "continent": "AS", "iso_country": "TR", "iso_region": "TR-14", "municipality": "Merkez", "scheduled_service": false, "icao_code": null, "iata_code": null, "gps_code": null, "local_code": null, "home_link": null, "wikipedia_link": null, "keywords": null }, "geometry": { "type": "Point", "coordinates": [ 31.531502, 40.715924, 0.0 ] } },
{ "type": "Feature", "properties": { "id": 355574, "ident": "TR-0213", "type": "closed", "name": "Kadriye Airstrip", "latitude_deg": 36.895324, "longitude_deg": 30.963507, "elevation_ft": null, "continent": "AS", "iso_country": "TR", "iso_region": "TR-07", "municipality": "Serik", "scheduled_service": false, "icao_code": null, "iata_code": null, "gps_code": null, "local_code": null, "home_link": "https://www.instagram.com/bluewaybelek/", "wikipedia_link": null, "keywords": null }, "geometry": { "type": "Point", "coordinates": [ 30.963507, 36.895324, 0.0 ] } },
{ "type": "Feature", "properties": { "id": 355914, "ident": "TR-0214", "type": "heliport", "name": "Rize Heliport", "latitude_deg": 41.03832, "longitude_deg": 40.520024, "elevation_ft": 3, "continent": "AS", "iso_country": "TR", "iso_region": "TR-53", "municipality": "Rize", "scheduled_service": false, "icao_code": null, "iata_code": null, "gps_code": null, "local_code": null, "home_link": null, "wikipedia_link": null, "keywords": null }, "geometry": { "type": "Point", "coordinates": [ 40.520024, 41.03832, 3.0 ] } },
{ "type": "Feature", "properties": { "id": 430017, "ident": "TR-0215", "type": "balloonport", "name": "Nevşehir Heliport", "latitude_deg": 38.66602, "longitude_deg": 34.81896, "elevation_ft": 3645, "continent": "AS", "iso_country": "TR", "iso_region": "TR-50", "municipality": "Nevşehir", "scheduled_service": false, "icao_code": null, "iata_code": null, "gps_code": null, "local_code": null, "home_link": null, "wikipedia_link": null, "keywords": null }, "geometry": { "type": "Point", "coordinates": [ 34.81896, 38.66602, 3645.0 ] } },
{ "type": "Feature", "properties": { "id": 505664, "ident": "TR-0216", "type": "heliport", "name": "Igdir-Dilucu HighWay Border Post Helipad", "latitude_deg": 39.66308, "longitude_deg": 44.793169, "elevation_ft": null, "continent": "AS", "iso_country": "TR", "iso_region": "TR-76", "municipality": "Gödekli", "scheduled_service": false, "icao_code": null, "iata_code": null, "gps_code": null, "local_code": null, "home_link": null, "wikipedia_link": null, "keywords": null }, "geometry": { "type": "Point", "coordinates": [ 44.793169, 39.66308, 0.0 ] } },
{ "type": "Feature", "properties": { "id": 505676, "ident": "TR-0217", "type": "heliport", "name": "Gödekli South Border Post Helipad", "latitude_deg": 39.744088, "longitude_deg": 44.656306, "elevation_ft": null, "continent": "AS", "iso_country": "TR", "iso_region": "TR-76", "municipality": "Gödekli", "scheduled_service": false, "icao_code": null, "iata_code": null, "gps_code": null, "local_code": null, "home_link": null, "wikipedia_link": null, "keywords": null }, "geometry": { "type": "Point", "coordinates": [ 44.656306, 39.744088, 0.0 ] } },
{ "type": "Feature", "properties": { "id": 505677, "ident": "TR-0218", "type": "heliport", "name": "Gödekli South East Border Post Helipad", "latitude_deg": 39.736188, "longitude_deg": 44.730343, "elevation_ft": null, "continent": "AS", "iso_country": "TR", "iso_region": "TR-76", "municipality": "Gödekli", "scheduled_service": false, "icao_code": null, "iata_code": null, "gps_code": null, "local_code": null, "home_link": null, "wikipedia_link": null, "keywords": null }, "geometry": { "type": "Point", "coordinates": [ 44.730343, 39.736188, 0.0 ] } },
{ "type": "Feature", "properties": { "id": 505686, "ident": "TR-0219", "type": "heliport", "name": "Gödekli Military Base 1 Helipad", "latitude_deg": 39.789639, "longitude_deg": 44.603132, "elevation_ft": null, "continent": "AS", "iso_country": "TR", "iso_region": "TR-76", "municipality": "Gödekli", "scheduled_service": false, "icao_code": null, "iata_code": null, "gps_code": null, "local_code": null, "home_link": null, "wikipedia_link": null, "keywords": null }, "geometry": { "type": "Point", "coordinates": [ 44.603132, 39.789639, 0.0 ] } },
{ "type": "Feature", "properties": { "id": 505687, "ident": "TR-0220", "type": "heliport", "name": "Gödekli Military Base 2 Helipad", "latitude_deg": 39.790657, "longitude_deg": 44.607757, "elevation_ft": null, "continent": "AS", "iso_country": "TR", "iso_region": "TR-76", "municipality": "Gödekli", "scheduled_service": false, "icao_code": null, "iata_code": null, "gps_code": null, "local_code": null, "home_link": null, "wikipedia_link": null, "keywords": null }, "geometry": { "type": "Point", "coordinates": [ 44.607757, 39.790657, 0.0 ] } },
{ "type": "Feature", "properties": { "id": 509964, "ident": "TR-0221", "type": "heliport", "name": "Kaan Heliport", "latitude_deg": 38.466648, "longitude_deg": 27.437008, "elevation_ft": null, "continent": "AS", "iso_country": "TR", "iso_region": "TR-35", "municipality": "Izmir", "scheduled_service": false, "icao_code": null, "iata_code": null, "gps_code": null, "local_code": null, "home_link": "http://www.kaanair.com/", "wikipedia_link": null, "keywords": "kaan heliport" }, "geometry": { "type": "Point", "coordinates": [ 27.437008, 38.466648, 0.0 ] } },
{ "type": "Feature", "properties": { "id": 510076, "ident": "TR-0222", "type": "heliport", "name": "Yenidoğan South Border Post Helipad", "latitude_deg": 39.677538, "longitude_deg": 44.474185, "elevation_ft": null, "continent": "AS", "iso_country": "TR", "iso_region": "TR-76", "municipality": "Yenidoğan", "scheduled_service": false, "icao_code": null, "iata_code": null, "gps_code": null, "local_code": null, "home_link": null, "wikipedia_link": null, "keywords": null }, "geometry": { "type": "Point", "coordinates": [ 44.474185, 39.677538, 0.0 ] } },
{ "type": "Feature", "properties": { "id": 510077, "ident": "TR-0223", "type": "heliport", "name": "4th Battalion (Frontier Guard) Heliport", "latitude_deg": 39.644556, "longitude_deg": 44.472939, "elevation_ft": null, "continent": "AS", "iso_country": "TR", "iso_region": "TR-04", "municipality": "Güngören", "scheduled_service": false, "icao_code": null, "iata_code": null, "gps_code": null, "local_code": null, "home_link": null, "wikipedia_link": null, "keywords": null }, "geometry": { "type": "Point", "coordinates": [ 44.472939, 39.644556, 0.0 ] } },
{ "type": "Feature", "properties": { "id": 516468, "ident": "TR-0224", "type": "small_airport", "name": "Assos Aviation Village Airport", "latitude_deg": 39.49862, "longitude_deg": 26.35856, "elevation_ft": 407, "continent": "AS", "iso_country": "TR", "iso_region": "TR-17", "municipality": "Ayvacık", "scheduled_service": false, "icao_code": null, "iata_code": null, "gps_code": null, "local_code": null, "home_link": null, "wikipedia_link": null, "keywords": "Assos Havacılık Köyü" }, "geometry": { "type": "Point", "coordinates": [ 26.35856, 39.49862, 407.0 ] } },
{ "type": "Feature", "properties": { "id": 517155, "ident": "TR-0225", "type": "heliport", "name": "Dicle University Kalp Hospital Heliport", "latitude_deg": 37.924953, "longitude_deg": 40.256214, "elevation_ft": 1967, "continent": "AS", "iso_country": "TR", "iso_region": "TR-21", "municipality": "Diyarbakir", "scheduled_service": false, "icao_code": null, "iata_code": null, "gps_code": null, "local_code": null, "home_link": null, "wikipedia_link": null, "keywords": null }, "geometry": { "type": "Point", "coordinates": [ 40.256214, 37.924953, 1967.0 ] } },
{ "type": "Feature", "properties": { "id": 517549, "ident": "TR-0226", "type": "heliport", "name": "Darıca Farabi State Hospital Heliport", "latitude_deg": 40.769994, "longitude_deg": 29.405651, "elevation_ft": 369, "continent": "AS", "iso_country": "TR", "iso_region": "TR-41", "municipality": "Darıca", "scheduled_service": false, "icao_code": null, "iata_code": null, "gps_code": null, "local_code": null, "home_link": "https://daricafarabieah.saglik.gov.tr/EN-390168/history.html", "wikipedia_link": null, "keywords": null }, "geometry": { "type": "Point", "coordinates": [ 29.405651, 40.769994, 369.0 ] } },
{ "type": "Feature", "properties": { "id": 517892, "ident": "TR-0227", "type": "heliport", "name": "Tarlabaşı Border Post Helipad", "latitude_deg": 39.755485, "longitude_deg": 44.545165, "elevation_ft": null, "continent": "AS", "iso_country": "TR", "iso_region": "TR-76", "municipality": "Gödekli", "scheduled_service": false, "icao_code": null, "iata_code": null, "gps_code": null, "local_code": null, "home_link": null, "wikipedia_link": null, "keywords": null }, "geometry": { "type": "Point", "coordinates": [ 44.545165, 39.755485, 0.0 ] } },
{ "type": "Feature", "properties": { "id": 517893, "ident": "TR-0228", "type": "heliport", "name": "Yenidoğan North Border Post Helipad", "latitude_deg": 39.722134, "longitude_deg": 44.502979, "elevation_ft": null, "continent": "AS", "iso_country": "TR", "iso_region": "TR-76", "municipality": "Yenidoğan", "scheduled_service": false, "icao_code": null, "iata_code": null, "gps_code": null, "local_code": null, "home_link": null, "wikipedia_link": null, "keywords": null }, "geometry": { "type": "Point", "coordinates": [ 44.502979, 39.722134, 0.0 ] } },
{ "type": "Feature", "properties": { "id": 517895, "ident": "TR-0229", "type": "heliport", "name": "Yenidoğan Transmitter Station Helipad", "latitude_deg": 39.765059, "longitude_deg": 44.387695, "elevation_ft": null, "continent": "AS", "iso_country": "TR", "iso_region": "TR-76", "municipality": "Yenidoğan", "scheduled_service": false, "icao_code": null, "iata_code": null, "gps_code": null, "local_code": null, "home_link": null, "wikipedia_link": null, "keywords": null }, "geometry": { "type": "Point", "coordinates": [ 44.387695, 39.765059, 0.0 ] } },
{ "type": "Feature", "properties": { "id": 517896, "ident": "TR-0230", "type": "heliport", "name": "Doğubayazıt Border Post Helipad", "latitude_deg": 39.521493, "longitude_deg": 44.415123, "elevation_ft": null, "continent": "AS", "iso_country": "TR", "iso_region": "TR-04", "municipality": "Doğubayazıt", "scheduled_service": false, "icao_code": null, "iata_code": null, "gps_code": null, "local_code": null, "home_link": null, "wikipedia_link": null, "keywords": null }, "geometry": { "type": "Point", "coordinates": [ 44.415123, 39.521493, 0.0 ] } },
{ "type": "Feature", "properties": { "id": 517898, "ident": "TR-0231", "type": "heliport", "name": "Güngören North Border Post Heliport", "latitude_deg": 39.603575, "longitude_deg": 44.459772, "elevation_ft": null, "continent": "AS", "iso_country": "TR", "iso_region": "TR-04", "municipality": "Güngören", "scheduled_service": false, "icao_code": null, "iata_code": null, "gps_code": null, "local_code": null, "home_link": null, "wikipedia_link": null, "keywords": null }, "geometry": { "type": "Point", "coordinates": [ 44.459772, 39.603575, 0.0 ] } },
{ "type": "Feature", "properties": { "id": 517956, "ident": "TR-0232", "type": "heliport", "name": "Güngören South Border Post Heliport", "latitude_deg": 39.558526, "longitude_deg": 44.411146, "elevation_ft": null, "continent": "AS", "iso_country": "TR", "iso_region": "TR-04", "municipality": "Güngören", "scheduled_service": false, "icao_code": null, "iata_code": null, "gps_code": null, "local_code": null, "home_link": null, "wikipedia_link": null, "keywords": null }, "geometry": { "type": "Point", "coordinates": [ 44.411146, 39.558526, 0.0 ] } },
{ "type": "Feature", "properties": { "id": 517957, "ident": "TR-0233", "type": "heliport", "name": "Kartal Yuvasi Heliport", "latitude_deg": 39.546016, "longitude_deg": 44.420818, "elevation_ft": null, "continent": "AS", "iso_country": "TR", "iso_region": "TR-04", "municipality": "Güngören", "scheduled_service": false, "icao_code": null, "iata_code": null, "gps_code": null, "local_code": null, "home_link": null, "wikipedia_link": null, "keywords": null }, "geometry": { "type": "Point", "coordinates": [ 44.420818, 39.546016, 0.0 ] } },
{ "type": "Feature", "properties": { "id": 517960, "ident": "TR-0234", "type": "heliport", "name": "Sarıçavuş North Border Post Helipad", "latitude_deg": 39.465163, "longitude_deg": 44.406955, "elevation_ft": null, "continent": "AS", "iso_country": "TR", "iso_region": "TR-04", "municipality": "Doğubayazıt", "scheduled_service": false, "icao_code": null, "iata_code": null, "gps_code": null, "local_code": null, "home_link": null, "wikipedia_link": null, "keywords": null }, "geometry": { "type": "Point", "coordinates": [ 44.406955, 39.465163, 0.0 ] } },
{ "type": "Feature", "properties": { "id": 517961, "ident": "TR-0235", "type": "heliport", "name": "Sarıçavuş Border Post Helipad", "latitude_deg": 39.4234, "longitude_deg": 44.405484, "elevation_ft": null, "continent": "AS", "iso_country": "TR", "iso_region": "TR-04", "municipality": "Doğubayazıt", "scheduled_service": false, "icao_code": null, "iata_code": null, "gps_code": null, "local_code": null, "home_link": null, "wikipedia_link": null, "keywords": null }, "geometry": { "type": "Point", "coordinates": [ 44.405484, 39.4234, 0.0 ] } },
{ "type": "Feature", "properties": { "id": 517962, "ident": "TR-0236", "type": "heliport", "name": "Gürbulak Border Post Helipad", "latitude_deg": 39.412175, "longitude_deg": 44.347834, "elevation_ft": null, "continent": "AS", "iso_country": "TR", "iso_region": "TR-04", "municipality": "Gürbulak", "scheduled_service": false, "icao_code": null, "iata_code": null, "gps_code": null, "local_code": null, "home_link": null, "wikipedia_link": null, "keywords": null }, "geometry": { "type": "Point", "coordinates": [ 44.347834, 39.412175, 0.0 ] } },
{ "type": "Feature", "properties": { "id": 517963, "ident": "TR-0237", "type": "heliport", "name": "Bölücek Border Post Helipad", "latitude_deg": 39.402729, "longitude_deg": 44.302781, "elevation_ft": null, "continent": "AS", "iso_country": "TR", "iso_region": "TR-04", "municipality": "Bölücek", "scheduled_service": false, "icao_code": null, "iata_code": null, "gps_code": null, "local_code": null, "home_link": null, "wikipedia_link": null, "keywords": null }, "geometry": { "type": "Point", "coordinates": [ 44.302781, 39.402729, 0.0 ] } },
{ "type": "Feature", "properties": { "id": 517984, "ident": "TR-0238", "type": "heliport", "name": "Yiğityatağı South Border Post Helipad", "latitude_deg": 39.394806, "longitude_deg": 44.276003, "elevation_ft": null, "continent": "AS", "iso_country": "TR", "iso_region": "TR-04", "municipality": "Yiğityatağı", "scheduled_service": false, "icao_code": null, "iata_code": null, "gps_code": null, "local_code": null, "home_link": null, "wikipedia_link": null, "keywords": null }, "geometry": { "type": "Point", "coordinates": [ 44.276003, 39.394806, 0.0 ] } },
{ "type": "Feature", "properties": { "id": 517985, "ident": "TR-0239", "type": "heliport", "name": "Yiğityatağı Border Post Helipad", "latitude_deg": 39.407758, "longitude_deg": 44.267467, "elevation_ft": null, "continent": "AS", "iso_country": "TR", "iso_region": "TR-04", "municipality": "Yiğityatağı", "scheduled_service": false, "icao_code": null, "iata_code": null, "gps_code": null, "local_code": null, "home_link": null, "wikipedia_link": null, "keywords": null }, "geometry": { "type": "Point", "coordinates": [ 44.267467, 39.407758, 0.0 ] } },
{ "type": "Feature", "properties": { "id": 517986, "ident": "TR-0240", "type": "heliport", "name": "Dağdelen Border Post Helipad", "latitude_deg": 39.417895, "longitude_deg": 44.212502, "elevation_ft": null, "continent": "AS", "iso_country": "TR", "iso_region": "TR-04", "municipality": "Dağdelen", "scheduled_service": false, "icao_code": null, "iata_code": null, "gps_code": null, "local_code": null, "home_link": null, "wikipedia_link": null, "keywords": null }, "geometry": { "type": "Point", "coordinates": [ 44.212502, 39.417895, 0.0 ] } },
{ "type": "Feature", "properties": { "id": 517988, "ident": "TR-0241", "type": "heliport", "name": "Başköy East Border Post Helipad", "latitude_deg": 39.404102, "longitude_deg": 44.155752, "elevation_ft": null, "continent": "AS", "iso_country": "TR", "iso_region": "TR-04", "municipality": "Başköy", "scheduled_service": false, "icao_code": null, "iata_code": null, "gps_code": null, "local_code": null, "home_link": null, "wikipedia_link": null, "keywords": null }, "geometry": { "type": "Point", "coordinates": [ 44.155752, 39.404102, 0.0 ] } },
{ "type": "Feature", "properties": { "id": 517990, "ident": "TR-0242", "type": "heliport", "name": "Başköy Border Post Helipad", "latitude_deg": 39.404758, "longitude_deg": 44.123276, "elevation_ft": null, "continent": "AS", "iso_country": "TR", "iso_region": "TR-04", "municipality": "Başköy", "scheduled_service": false, "icao_code": null, "iata_code": null, "gps_code": null, "local_code": null, "home_link": null, "wikipedia_link": null, "keywords": null }, "geometry": { "type": "Point", "coordinates": [ 44.123276, 39.404758, 0.0 ] } },
{ "type": "Feature", "properties": { "id": 517993, "ident": "TR-0243", "type": "heliport", "name": "Ortaköy Treasury Border Team Outpost Helipad", "latitude_deg": 39.411764, "longitude_deg": 44.090556, "elevation_ft": null, "continent": "AS", "iso_country": "TR", "iso_region": "TR-04", "municipality": "Ortaköy", "scheduled_service": false, "icao_code": null, "iata_code": null, "gps_code": null, "local_code": null, "home_link": null, "wikipedia_link": null, "keywords": null }, "geometry": { "type": "Point", "coordinates": [ 44.090556, 39.411764, 0.0 ] } },
{ "type": "Feature", "properties": { "id": 517994, "ident": "TR-0244", "type": "heliport", "name": "Çetenli Military Base Helipad", "latitude_deg": 39.441761, "longitude_deg": 44.018085, "elevation_ft": null, "continent": "AS", "iso_country": "TR", "iso_region": "TR-04", "municipality": "Çetenli", "scheduled_service": false, "icao_code": null, "iata_code": null, "gps_code": null, "local_code": null, "home_link": null, "wikipedia_link": null, "keywords": null }, "geometry": { "type": "Point", "coordinates": [ 44.018085, 39.441761, 0.0 ] } },
{ "type": "Feature", "properties": { "id": 518011, "ident": "TR-0245", "type": "heliport", "name": "Somkaya Border Post Helipad", "latitude_deg": 39.388524, "longitude_deg": 43.997991, "elevation_ft": null, "continent": "AS", "iso_country": "TR", "iso_region": "TR-04", "municipality": "Somkaya", "scheduled_service": false, "icao_code": null, "iata_code": null, "gps_code": null, "local_code": null, "home_link": null, "wikipedia_link": null, "keywords": null }, "geometry": { "type": "Point", "coordinates": [ 43.997991, 39.388524, 0.0 ] } },
{ "type": "Feature", "properties": { "id": 518012, "ident": "TR-0246", "type": "heliport", "name": "Somkaya South Border Post Helipad", "latitude_deg": 39.371833, "longitude_deg": 44.01464, "elevation_ft": null, "continent": "AS", "iso_country": "TR", "iso_region": "TR-04", "municipality": "Somkaya", "scheduled_service": false, "icao_code": null, "iata_code": null, "gps_code": null, "local_code": null, "home_link": null, "wikipedia_link": null, "keywords": null }, "geometry": { "type": "Point", "coordinates": [ 44.01464, 39.371833, 0.0 ] } },
{ "type": "Feature", "properties": { "id": 518014, "ident": "TR-0247", "type": "heliport", "name": "Soğuksu North Border Post Helipad", "latitude_deg": 39.354301, "longitude_deg": 44.02641, "elevation_ft": null, "continent": "AS", "iso_country": "TR", "iso_region": "TR-04", "municipality": "Soğuksu", "scheduled_service": false, "icao_code": null, "iata_code": null, "gps_code": null, "local_code": null, "home_link": null, "wikipedia_link": null, "keywords": null }, "geometry": { "type": "Point", "coordinates": [ 44.02641, 39.354301, 0.0 ] } },
{ "type": "Feature", "properties": { "id": 518016, "ident": "TR-0248", "type": "heliport", "name": "Gülizar Border Post Helipad", "latitude_deg": 39.337776, "longitude_deg": 44.044495, "elevation_ft": null, "continent": "AS", "iso_country": "TR", "iso_region": "TR-65", "municipality": "Soğuksu", "scheduled_service": false, "icao_code": null, "iata_code": null, "gps_code": null, "local_code": null, "home_link": null, "wikipedia_link": null, "keywords": null }, "geometry": { "type": "Point", "coordinates": [ 44.044495, 39.337776, 0.0 ] } },
{ "type": "Feature", "properties": { "id": 518017, "ident": "TR-0249", "type": "heliport", "name": "Uzunyol Border Post Helipad", "latitude_deg": 39.298698, "longitude_deg": 44.052604, "elevation_ft": null, "continent": "AS", "iso_country": "TR", "iso_region": "TR-65", "municipality": "Soğuksu", "scheduled_service": false, "icao_code": null, "iata_code": null, "gps_code": null, "local_code": null, "home_link": null, "wikipedia_link": null, "keywords": null }, "geometry": { "type": "Point", "coordinates": [ 44.052604, 39.298698, 0.0 ] } },
{ "type": "Feature", "properties": { "id": 518018, "ident": "TR-0250", "type": "heliport", "name": "Soğuksu Border Post Helipad", "latitude_deg": 39.262662, "longitude_deg": 44.052207, "elevation_ft": null, "continent": "AS", "iso_country": "TR", "iso_region": "TR-65", "municipality": "Soğuksu", "scheduled_service": false, "icao_code": null, "iata_code": null, "gps_code": null, "local_code": null, "home_link": null, "wikipedia_link": null, "keywords": null }, "geometry": { "type": "Point", "coordinates": [ 44.052207, 39.262662, 0.0 ] } },
{ "type": "Feature", "properties": { "id": 518019, "ident": "TR-0251", "type": "heliport", "name": "Hangediği Border Post Helipad", "latitude_deg": 39.213359, "longitude_deg": 44.086458, "elevation_ft": null, "continent": "AS", "iso_country": "TR", "iso_region": "TR-65", "municipality": "Hangediği", "scheduled_service": false, "icao_code": null, "iata_code": null, "gps_code": null, "local_code": null, "home_link": null, "wikipedia_link": null, "keywords": null }, "geometry": { "type": "Point", "coordinates": [ 44.086458, 39.213359, 0.0 ] } },
{ "type": "Feature", "properties": { "id": 518020, "ident": "TR-0252", "type": "heliport", "name": "Sarıçimen Border Post Helipad", "latitude_deg": 39.168394, "longitude_deg": 44.112975, "elevation_ft": null, "continent": "AS", "iso_country": "TR", "iso_region": "TR-65", "municipality": "Sarıçimen", "scheduled_service": false, "icao_code": null, "iata_code": null, "gps_code": null, "local_code": null, "home_link": null, "wikipedia_link": null, "keywords": null }, "geometry": { "type": "Point", "coordinates": [ 44.112975, 39.168394, 0.0 ] } },
{ "type": "Feature", "properties": { "id": 518021, "ident": "TR-0253", "type": "heliport", "name": "Yayuz Sel Border Post Helipad", "latitude_deg": 39.114394, "longitude_deg": 44.133352, "elevation_ft": null, "continent": "AS", "iso_country": "TR", "iso_region": "TR-65", "municipality": "Kaşım", "scheduled_service": false, "icao_code": null, "iata_code": null, "gps_code": null, "local_code": null, "home_link": null, "wikipedia_link": null, "keywords": null }, "geometry": { "type": "Point", "coordinates": [ 44.133352, 39.114394, 0.0 ] } },
{ "type": "Feature", "properties": { "id": 518022, "ident": "TR-0254", "type": "heliport", "name": "Osmanlı Border Post Helipad", "latitude_deg": 39.136533, "longitude_deg": 44.100131, "elevation_ft": null, "continent": "AS", "iso_country": "TR", "iso_region": "TR-65", "municipality": "Osmanlı", "scheduled_service": false, "icao_code": null, "iata_code": null, "gps_code": null, "local_code": null, "home_link": null, "wikipedia_link": null, "keywords": null }, "geometry": { "type": "Point", "coordinates": [ 44.100131, 39.136533, 0.0 ] } },
{ "type": "Feature", "properties": { "id": 518046, "ident": "TR-0255", "type": "heliport", "name": "Kaşım Border Post Helipad", "latitude_deg": 39.081618, "longitude_deg": 44.151245, "elevation_ft": null, "continent": "AS", "iso_country": "TR", "iso_region": "TR-65", "municipality": "Kaşım", "scheduled_service": false, "icao_code": null, "iata_code": null, "gps_code": null, "local_code": null, "home_link": null, "wikipedia_link": null, "keywords": null }, "geometry": { "type": "Point", "coordinates": [ 44.151245, 39.081618, 0.0 ] } },
{ "type": "Feature", "properties": { "id": 518048, "ident": "TR-0256", "type": "closed", "name": "Uzunpinar Border Police Station Helipad", "latitude_deg": 39.055696, "longitude_deg": 44.137005, "elevation_ft": null, "continent": "AS", "iso_country": "TR", "iso_region": "TR-65", "municipality": "Temrenli", "scheduled_service": false, "icao_code": null, "iata_code": null, "gps_code": null, "local_code": null, "home_link": null, "wikipedia_link": null, "keywords": null }, "geometry": { "type": "Point", "coordinates": [ 44.137005, 39.055696, 0.0 ] } },
{ "type": "Feature", "properties": { "id": 527152, "ident": "TR-0257", "type": "heliport", "name": "Oğulpınar Border Post Helipad", "latitude_deg": 36.259602, "longitude_deg": 36.682967, "elevation_ft": null, "continent": "AS", "iso_country": "TR", "iso_region": "TR-31", "municipality": "Oğulpınar", "scheduled_service": false, "icao_code": null, "iata_code": null, "gps_code": null, "local_code": null, "home_link": null, "wikipedia_link": null, "keywords": null }, "geometry": { "type": "Point", "coordinates": [ 36.682967, 36.259602, 0.0 ] } },
{ "type": "Feature", "properties": { "id": 527154, "ident": "TR-0258", "type": "heliport", "name": "Denizgören Border Post Helipad", "latitude_deg": 35.930238, "longitude_deg": 35.957627, "elevation_ft": null, "continent": "AS", "iso_country": "TR", "iso_region": "TR-31", "municipality": "Denizgören", "scheduled_service": false, "icao_code": null, "iata_code": null, "gps_code": null, "local_code": null, "home_link": null, "wikipedia_link": null, "keywords": null }, "geometry": { "type": "Point", "coordinates": [ 35.957627, 35.930238, 0.0 ] } },
{ "type": "Feature", "properties": { "id": 527155, "ident": "TR-0259", "type": "heliport", "name": "Gözlekçiler Border Post Helipad", "latitude_deg": 35.942718, "longitude_deg": 35.994349, "elevation_ft": null, "continent": "AS", "iso_country": "TR", "iso_region": "TR-31", "municipality": "Gözlekçiler", "scheduled_service": false, "icao_code": null, "iata_code": null, "gps_code": null, "local_code": null, "home_link": null, "wikipedia_link": null, "keywords": null }, "geometry": { "type": "Point", "coordinates": [ 35.994349, 35.942718, 0.0 ] } },
{ "type": "Feature", "properties": { "id": 527156, "ident": "TR-0260", "type": "heliport", "name": "Kel Dagi Helipad", "latitude_deg": 35.950062, "longitude_deg": 35.969099, "elevation_ft": null, "continent": "AS", "iso_country": "TR", "iso_region": "TR-31", "municipality": "Denizgören", "scheduled_service": false, "icao_code": null, "iata_code": null, "gps_code": null, "local_code": null, "home_link": null, "wikipedia_link": null, "keywords": null }, "geometry": { "type": "Point", "coordinates": [ 35.969099, 35.950062, 0.0 ] } },
{ "type": "Feature", "properties": { "id": 527157, "ident": "TR-0261", "type": "heliport", "name": "Çamaltı 2 Borderpost Helipad", "latitude_deg": 35.880403, "longitude_deg": 36.060548, "elevation_ft": null, "continent": "AS", "iso_country": "TR", "iso_region": "TR-31", "municipality": "Çamaltı", "scheduled_service": false, "icao_code": null, "iata_code": null, "gps_code": null, "local_code": null, "home_link": null, "wikipedia_link": null, "keywords": null }, "geometry": { "type": "Point", "coordinates": [ 36.060548, 35.880403, 0.0 ] } },
{ "type": "Feature", "properties": { "id": 527158, "ident": "TR-0262", "type": "heliport", "name": "Çamaltı 1 Borderpost Helipad", "latitude_deg": 35.886646, "longitude_deg": 36.065756, "elevation_ft": null, "continent": "AS", "iso_country": "TR", "iso_region": "TR-31", "municipality": "Çamaltı", "scheduled_service": false, "icao_code": null, "iata_code": null, "gps_code": null, "local_code": null, "home_link": null, "wikipedia_link": null, "keywords": null }, "geometry": { "type": "Point", "coordinates": [ 36.065756, 35.886646, 0.0 ] } },
{ "type": "Feature", "properties": { "id": 528126, "ident": "TR-0264", "type": "heliport", "name": "Uluyol Border Post Helipad", "latitude_deg": 35.918576, "longitude_deg": 36.166558, "elevation_ft": null, "continent": "AS", "iso_country": "TR", "iso_region": "TR-31", "municipality": "Uluyol", "scheduled_service": false, "icao_code": null, "iata_code": null, "gps_code": null, "local_code": null, "home_link": null, "wikipedia_link": null, "keywords": null }, "geometry": { "type": "Point", "coordinates": [ 36.166558, 35.918576, 0.0 ] } },
{ "type": "Feature", "properties": { "id": 528199, "ident": "TR-0265", "type": "heliport", "name": "Izmir Gendarmerie Command Heliport", "latitude_deg": 38.404158, "longitude_deg": 27.208571, "elevation_ft": null, "continent": "AS", "iso_country": "TR", "iso_region": "TR-35", "municipality": "Buca", "scheduled_service": false, "icao_code": null, "iata_code": null, "gps_code": null, "local_code": null, "home_link": null, "wikipedia_link": null, "keywords": null }, "geometry": { "type": "Point", "coordinates": [ 27.208571, 38.404158, 0.0 ] } },
{ "type": "Feature", "properties": { "id": 528202, "ident": "TR-0266", "type": "heliport", "name": "Seferihisar District Gendarmerie Command Helipad", "latitude_deg": 38.203942, "longitude_deg": 26.83637, "elevation_ft": null, "continent": "AS", "iso_country": "TR", "iso_region": "TR-35", "municipality": "Seferihisar", "scheduled_service": false, "icao_code": null, "iata_code": null, "gps_code": null, "local_code": null, "home_link": null, "wikipedia_link": null, "keywords": null }, "geometry": { "type": "Point", "coordinates": [ 26.83637, 38.203942, 0.0 ] } },
{ "type": "Feature", "properties": { "id": 528204, "ident": "TR-0267", "type": "heliport", "name": "Izmir Shipyard Command Heliport", "latitude_deg": 38.464185, "longitude_deg": 27.132996, "elevation_ft": null, "continent": "AS", "iso_country": "TR", "iso_region": "TR-35", "municipality": "Bayraklı", "scheduled_service": false, "icao_code": null, "iata_code": null, "gps_code": null, "local_code": null, "home_link": null, "wikipedia_link": null, "keywords": null }, "geometry": { "type": "Point", "coordinates": [ 27.132996, 38.464185, 0.0 ] } },
{ "type": "Feature", "properties": { "id": 528205, "ident": "TR-0268", "type": "heliport", "name": "Yenifoça 7th Gendarmerie Regiment Command Helipad", "latitude_deg": 38.677884, "longitude_deg": 26.754933, "elevation_ft": null, "continent": "AS", "iso_country": "TR", "iso_region": "TR-35", "municipality": "Yenifoça", "scheduled_service": false, "icao_code": null, "iata_code": null, "gps_code": null, "local_code": null, "home_link": null, "wikipedia_link": null, "keywords": null }, "geometry": { "type": "Point", "coordinates": [ 26.754933, 38.677884, 0.0 ] } },
{ "type": "Feature", "properties": { "id": 528579, "ident": "TR-0270", "type": "heliport", "name": "Kilis Jandarma Helipad", "latitude_deg": 36.729635, "longitude_deg": 37.096004, "elevation_ft": null, "continent": "AS", "iso_country": "TR", "iso_region": "TR-79", "municipality": "Kilis", "scheduled_service": false, "icao_code": null, "iata_code": null, "gps_code": null, "local_code": null, "home_link": null, "wikipedia_link": null, "keywords": null }, "geometry": { "type": "Point", "coordinates": [ 37.096004, 36.729635, 0.0 ] } },
{ "type": "Feature", "properties": { "id": 528580, "ident": "TR-0271", "type": "heliport", "name": "Beşiriye Border Post Helipad", "latitude_deg": 36.664824, "longitude_deg": 37.366687, "elevation_ft": null, "continent": "AS", "iso_country": "TR", "iso_region": "TR-79", "municipality": "Beşiriye", "scheduled_service": false, "icao_code": null, "iata_code": null, "gps_code": null, "local_code": null, "home_link": null, "wikipedia_link": null, "keywords": null }, "geometry": { "type": "Point", "coordinates": [ 37.366687, 36.664824, 0.0 ] } },
{ "type": "Feature", "properties": { "id": 534015, "ident": "TR-0272", "type": "heliport", "name": "İzmir City Hospital Heliport", "latitude_deg": 38.485378, "longitude_deg": 27.181771, "elevation_ft": null, "continent": "AS", "iso_country": "TR", "iso_region": "TR-35", "municipality": "Bayraklı", "scheduled_service": false, "icao_code": null, "iata_code": null, "gps_code": null, "local_code": null, "home_link": null, "wikipedia_link": null, "keywords": null }, "geometry": { "type": "Point", "coordinates": [ 27.181771, 38.485378, 0.0 ] } },
{ "type": "Feature", "properties": { "id": 534016, "ident": "TR-0273", "type": "heliport", "name": "Air Training Command Heliport", "latitude_deg": 38.40172, "longitude_deg": 27.07222, "elevation_ft": null, "continent": "AS", "iso_country": "TR", "iso_region": "TR-35", "municipality": "Konak", "scheduled_service": false, "icao_code": null, "iata_code": null, "gps_code": null, "local_code": null, "home_link": null, "wikipedia_link": null, "keywords": null }, "geometry": { "type": "Point", "coordinates": [ 27.07222, 38.40172, 0.0 ] } },
{ "type": "Feature", "properties": { "id": 534017, "ident": "TR-0274", "type": "heliport", "name": "NATO Land Allied Command Radio Station Helipad", "latitude_deg": 38.40407, "longitude_deg": 27.17518, "elevation_ft": null, "continent": "AS", "iso_country": "TR", "iso_region": "TR-35", "municipality": "Konak", "scheduled_service": false, "icao_code": null, "iata_code": null, "gps_code": null, "local_code": null, "home_link": null, "wikipedia_link": null, "keywords": null }, "geometry": { "type": "Point", "coordinates": [ 27.17518, 38.40407, 0.0 ] } },
{ "type": "Feature", "properties": { "id": 537089, "ident": "TR-0275", "type": "heliport", "name": "İmralı Island Heliport", "latitude_deg": 40.555917, "longitude_deg": 28.546112, "elevation_ft": 36, "continent": "AS", "iso_country": "TR", "iso_region": "TR-16", "municipality": "Karacabey", "scheduled_service": false, "icao_code": null, "iata_code": null, "gps_code": null, "local_code": null, "home_link": null, "wikipedia_link": null, "keywords": null }, "geometry": { "type": "Point", "coordinates": [ 28.546112, 40.555917, 36.0 ] } },
{ "type": "Feature", "properties": { "id": 537092, "ident": "TR-0276", "type": "heliport", "name": "Erdek Heliport", "latitude_deg": 40.3916, "longitude_deg": 27.80208, "elevation_ft": 136, "continent": "AS", "iso_country": "TR", "iso_region": "TR-10", "municipality": "Erdek", "scheduled_service": false, "icao_code": null, "iata_code": null, "gps_code": null, "local_code": null, "home_link": null, "wikipedia_link": null, "keywords": null }, "geometry": { "type": "Point", "coordinates": [ 27.80208, 40.3916, 136.0 ] } },
{ "type": "Feature", "properties": { "id": 537097, "ident": "TR-0277", "type": "heliport", "name": "Avşa Island Heliport", "latitude_deg": 40.53559, "longitude_deg": 27.5151, "elevation_ft": 90, "continent": "AS", "iso_country": "TR", "iso_region": "TR-10", "municipality": "Marmara", "scheduled_service": false, "icao_code": null, "iata_code": null, "gps_code": null, "local_code": null, "home_link": null, "wikipedia_link": null, "keywords": null }, "geometry": { "type": "Point", "coordinates": [ 27.5151, 40.53559, 90.0 ] } },
{ "type": "Feature", "properties": { "id": 537098, "ident": "TR-0278", "type": "heliport", "name": "Ekinlik Island Heliport", "latitude_deg": 40.55077, "longitude_deg": 27.48682, "elevation_ft": 52, "continent": "AS", "iso_country": "TR", "iso_region": "TR-10", "municipality": "Marmara", "scheduled_service": false, "icao_code": null, "iata_code": null, "gps_code": null, "local_code": null, "home_link": null, "wikipedia_link": null, "keywords": null }, "geometry": { "type": "Point", "coordinates": [ 27.48682, 40.55077, 52.0 ] } },
{ "type": "Feature", "properties": { "id": 537099, "ident": "TR-0279", "type": "heliport", "name": "Gelibolu Heliport", "latitude_deg": 40.42737, "longitude_deg": 26.6812, "elevation_ft": 66, "continent": "AS", "iso_country": "TR", "iso_region": "TR-17", "municipality": "Gelibolu", "scheduled_service": false, "icao_code": null, "iata_code": null, "gps_code": null, "local_code": null, "home_link": null, "wikipedia_link": null, "keywords": "Gallipoli" }, "geometry": { "type": "Point", "coordinates": [ 26.6812, 40.42737, 66.0 ] } },
{ "type": "Feature", "properties": { "id": 539741, "ident": "TR-0280", "type": "heliport", "name": "Karaköy Helipad", "latitude_deg": 39.028969, "longitude_deg": 27.917617, "elevation_ft": null, "continent": "AS", "iso_country": "TR", "iso_region": "TR-45", "municipality": "Akhisar", "scheduled_service": false, "icao_code": null, "iata_code": null, "gps_code": null, "local_code": null, "home_link": null, "wikipedia_link": null, "keywords": null }, "geometry": { "type": "Point", "coordinates": [ 27.917617, 39.028969, 0.0 ] } },
{ "type": "Feature", "properties": { "id": 545699, "ident": "TR-0281", "type": "closed", "name": "Karamürselbey Airfield", "latitude_deg": 40.701106, "longitude_deg": 29.529638, "elevation_ft": null, "continent": "AS", "iso_country": "TR", "iso_region": "TR-41", "municipality": null, "scheduled_service": false, "icao_code": null, "iata_code": null, "gps_code": null, "local_code": null, "home_link": null, "wikipedia_link": null, "keywords": null }, "geometry": { "type": "Point", "coordinates": [ 29.529638, 40.701106, 0.0 ] } },
{ "type": "Feature", "properties": { "id": 545700, "ident": "TR-0282", "type": "small_airport", "name": "Istanbul Aviation Pamukova Airfield", "latitude_deg": 40.487089, "longitude_deg": 30.169232, "elevation_ft": null, "continent": "AS", "iso_country": "TR", "iso_region": "TR-54", "municipality": null, "scheduled_service": false, "icao_code": null, "iata_code": null, "gps_code": null, "local_code": null, "home_link": "https://www.istanbulhavacilik.com.tr/", "wikipedia_link": null, "keywords": null }, "geometry": { "type": "Point", "coordinates": [ 30.169232, 40.487089, 0.0 ] } },
{ "type": "Feature", "properties": { "id": 545701, "ident": "TR-0283", "type": "small_airport", "name": "KTO Karatay University Airfield", "latitude_deg": 38.095469, "longitude_deg": 32.779033, "elevation_ft": 1005, "continent": "AS", "iso_country": "TR", "iso_region": "TR-42", "municipality": null, "scheduled_service": false, "icao_code": null, "iata_code": null, "gps_code": null, "local_code": null, "home_link": null, "wikipedia_link": null, "keywords": null }, "geometry": { "type": "Point", "coordinates": [ 32.779033, 38.095469, 1005.0 ] } },
{ "type": "Feature", "properties": { "id": 545703, "ident": "TR-0284", "type": "seaplane_base", "name": "Haliç Seaplane Base", "latitude_deg": 41.058313, "longitude_deg": 28.948058, "elevation_ft": null, "continent": "EU", "iso_country": "TR", "iso_region": "TR-34", "municipality": null, "scheduled_service": false, "icao_code": null, "iata_code": null, "gps_code": null, "local_code": null, "home_link": null, "wikipedia_link": null, "keywords": null }, "geometry": { "type": "Point", "coordinates": [ 28.948058, 41.058313, 0.0 ] } },
{ "type": "Feature", "properties": { "id": 545704, "ident": "TR-0285", "type": "heliport", "name": "Zorlu Center Helipad", "latitude_deg": 41.066611, "longitude_deg": 29.017986, "elevation_ft": null, "continent": "EU", "iso_country": "TR", "iso_region": "TR-34", "municipality": null, "scheduled_service": false, "icao_code": null, "iata_code": null, "gps_code": null, "local_code": null, "home_link": null, "wikipedia_link": null, "keywords": null }, "geometry": { "type": "Point", "coordinates": [ 29.017986, 41.066611, 0.0 ] } },
{ "type": "Feature", "properties": { "id": 545705, "ident": "TR-0286", "type": "heliport", "name": "Acıbadem Altunizade Hospital Helipad", "latitude_deg": 41.018622, "longitude_deg": 29.047339, "elevation_ft": null, "continent": "AS", "iso_country": "TR", "iso_region": "TR-34", "municipality": null, "scheduled_service": false, "icao_code": null, "iata_code": null, "gps_code": null, "local_code": null, "home_link": null, "wikipedia_link": null, "keywords": null }, "geometry": { "type": "Point", "coordinates": [ 29.047339, 41.018622, 0.0 ] } },
{ "type": "Feature", "properties": { "id": 545707, "ident": "TR-0287", "type": "heliport", "name": "Bereket Aviation Helipad", "latitude_deg": 37.79387, "longitude_deg": 28.982782, "elevation_ft": null, "continent": "AS", "iso_country": "TR", "iso_region": "TR-20", "municipality": null, "scheduled_service": false, "icao_code": null, "iata_code": null, "gps_code": null, "local_code": null, "home_link": null, "wikipedia_link": null, "keywords": null }, "geometry": { "type": "Point", "coordinates": [ 28.982782, 37.79387, 0.0 ] } },
{ "type": "Feature", "properties": { "id": 554393, "ident": "TR-0288", "type": "closed", "name": "Gokceada Old Airport", "latitude_deg": 40.208108, "longitude_deg": 25.890265, "elevation_ft": null, "continent": "AS", "iso_country": "TR", "iso_region": "TR-17", "municipality": null, "scheduled_service": false, "icao_code": null, "iata_code": null, "gps_code": null, "local_code": null, "home_link": null, "wikipedia_link": null, "keywords": "LT86" }, "geometry": { "type": "Point", "coordinates": [ 25.890265, 40.208108, 0.0 ] } },
{ "type": "Feature", "properties": { "id": 554398, "ident": "TR-0289", "type": "small_airport", "name": "Orhan Ünsal Air Park", "latitude_deg": 39.670069, "longitude_deg": 32.201065, "elevation_ft": 2920, "continent": "AS", "iso_country": "TR", "iso_region": "TR-06", "municipality": "Sinhan", "scheduled_service": false, "icao_code": null, "iata_code": null, "gps_code": null, "local_code": null, "home_link": null, "wikipedia_link": null, "keywords": "Orhan Ünsal Hava Parkı" }, "geometry": { "type": "Point", "coordinates": [ 32.201065, 39.670069, 2920.0 ] } },
{ "type": "Feature", "properties": { "id": 554511, "ident": "TR-0290", "type": "closed", "name": "Kocaeli Köseköy Airfield", "latitude_deg": 40.761217, "longitude_deg": 30.005944, "elevation_ft": null, "continent": "AS", "iso_country": "TR", "iso_region": "TR-41", "municipality": "Köseköy", "scheduled_service": false, "icao_code": null, "iata_code": null, "gps_code": null, "local_code": null, "home_link": null, "wikipedia_link": null, "keywords": null }, "geometry": { "type": "Point", "coordinates": [ 30.005944, 40.761217, 0.0 ] } },
{ "type": "Feature", "properties": { "id": 554567, "ident": "TR-0291", "type": "small_airport", "name": "MANHAT Sportif Havaalanı", "latitude_deg": 38.700849, "longitude_deg": 27.453658, "elevation_ft": null, "continent": "AS", "iso_country": "TR", "iso_region": "TR-45", "municipality": "Tekeliler", "scheduled_service": false, "icao_code": null, "iata_code": null, "gps_code": null, "local_code": null, "home_link": null, "wikipedia_link": null, "keywords": null }, "geometry": { "type": "Point", "coordinates": [ 27.453658, 38.700849, 0.0 ] } },
{ "type": "Feature", "properties": { "id": 555348, "ident": "TR-0292", "type": "small_airport", "name": "Yıldızlar Sportif Havaalanı", "latitude_deg": 38.331013, "longitude_deg": 27.245631, "elevation_ft": null, "continent": "AS", "iso_country": "TR", "iso_region": "TR-35", "municipality": "Buca", "scheduled_service": false, "icao_code": null, "iata_code": null, "gps_code": null, "local_code": null, "home_link": null, "wikipedia_link": null, "keywords": null }, "geometry": { "type": "Point", "coordinates": [ 27.245631, 38.331013, 0.0 ] } },
{ "type": "Feature", "properties": { "id": 561246, "ident": "TR-0293", "type": "closed", "name": "Tuzla Airstrip", "latitude_deg": 40.825996, "longitude_deg": 29.283028, "elevation_ft": null, "continent": "AS", "iso_country": "TR", "iso_region": "TR-34", "municipality": "Tuzla", "scheduled_service": false, "icao_code": null, "iata_code": null, "gps_code": null, "local_code": null, "home_link": null, "wikipedia_link": null, "keywords": null }, "geometry": { "type": "Point", "coordinates": [ 29.283028, 40.825996, 0.0 ] } },
{ "type": "Feature", "properties": { "id": 568880, "ident": "TR-0294", "type": "heliport", "name": "Muğla Education and Research Hospital Heliport", "latitude_deg": 37.16565, "longitude_deg": 28.36756, "elevation_ft": 2372, "continent": "AS", "iso_country": "TR", "iso_region": "TR-48", "municipality": "Muğla", "scheduled_service": false, "icao_code": null, "iata_code": null, "gps_code": null, "local_code": null, "home_link": null, "wikipedia_link": null, "keywords": null }, "geometry": { "type": "Point", "coordinates": [ 28.36756, 37.16565, 2372.0 ] } },
{ "type": "Feature", "properties": { "id": 570160, "ident": "TR-0295", "type": "small_airport", "name": "Sivrihisar Aviation Center", "latitude_deg": 39.30217, "longitude_deg": 31.49727, "elevation_ft": 2841, "continent": "AS", "iso_country": "TR", "iso_region": "TR-26", "municipality": "Sivrihisar", "scheduled_service": false, "icao_code": null, "iata_code": null, "gps_code": null, "local_code": null, "home_link": null, "wikipedia_link": null, "keywords": null }, "geometry": { "type": "Point", "coordinates": [ 31.49727, 39.30217, 2841.0 ] } },
{ "type": "Feature", "properties": { "id": 4517, "ident": "TR-0297", "type": "closed", "name": "İskenderun Airport", "latitude_deg": 36.574455261200001, "longitude_deg": 36.153419494600001, "elevation_ft": 25, "continent": "AS", "iso_country": "TR", "iso_region": "TR-31", "municipality": "İskenderun", "scheduled_service": false, "icao_code": null, "iata_code": null, "gps_code": null, "local_code": null, "home_link": null, "wikipedia_link": null, "keywords": "Antakya, Antioch, LTAK, ISK" }, "geometry": { "type": "Point", "coordinates": [ 36.153419494600001, 36.574455261200001, 25.0 ] } },
{ "type": "Feature", "properties": { "id": 4554, "ident": "TR-0298", "type": "closed", "name": "Şanlıurfa Airport", "latitude_deg": 37.094299, "longitude_deg": 38.847099, "elevation_ft": 1483, "continent": "AS", "iso_country": "TR", "iso_region": "TR-63", "municipality": "Şanlıurfa", "scheduled_service": false, "icao_code": null, "iata_code": null, "gps_code": null, "local_code": null, "home_link": null, "wikipedia_link": "https://en.wikipedia.org/wiki/%C5%9Eanl%C4%B1urfa_Airport", "keywords": "LTCH, SFQ" }, "geometry": { "type": "Point", "coordinates": [ 38.847099, 37.094299, 1483.0 ] } },
{ "type": "Feature", "properties": { "id": 29854, "ident": "TR-0299", "type": "closed", "name": "Ereğli Erdemir Airport", "latitude_deg": 41.251399993896001, "longitude_deg": 31.410800933838001, "elevation_ft": 10, "continent": "AS", "iso_country": "TR", "iso_region": "TR-67", "municipality": "Eregli", "scheduled_service": false, "icao_code": null, "iata_code": null, "gps_code": null, "local_code": null, "home_link": null, "wikipedia_link": null, "keywords": "LTAX, LTAX" }, "geometry": { "type": "Point", "coordinates": [ 31.410800933838001, 41.251399993896001, 10.0 ] } },
{ "type": "Feature", "properties": { "id": 32386, "ident": "TR-0300", "type": "closed", "name": "Samsun Samair Airport", "latitude_deg": 41.278645, "longitude_deg": 36.30518, "elevation_ft": 521, "continent": "AS", "iso_country": "TR", "iso_region": "TR-55", "municipality": "Samsun", "scheduled_service": false, "icao_code": null, "iata_code": null, "gps_code": null, "local_code": null, "home_link": null, "wikipedia_link": null, "keywords": "SSX, LTAQ" }, "geometry": { "type": "Point", "coordinates": [ 36.30518, 41.278645, 521.0 ] } },
{ "type": "Feature", "properties": { "id": 44777, "ident": "TR-0301", "type": "closed", "name": "Kayseri Airport", "latitude_deg": 38.406299591063998, "longitude_deg": 35.327800750732003, "elevation_ft": null, "continent": "AS", "iso_country": "TR", "iso_region": "TR-38", "municipality": "Develi", "scheduled_service": false, "icao_code": null, "iata_code": null, "gps_code": null, "local_code": null, "home_link": null, "wikipedia_link": null, "keywords": "LTAM, LTAM" }, "geometry": { "type": "Point", "coordinates": [ 35.327800750732003, 38.406299591063998, 0.0 ] } },
{ "type": "Feature", "properties": { "id": 44779, "ident": "TR-0302", "type": "closed", "name": "Alaşehir Airport", "latitude_deg": 38.369999, "longitude_deg": 28.5571, "elevation_ft": null, "continent": "AS", "iso_country": "TR", "iso_region": "TR-45", "municipality": "Alaşehir", "scheduled_service": false, "icao_code": null, "iata_code": null, "gps_code": null, "local_code": null, "home_link": null, "wikipedia_link": null, "keywords": "LTBC" }, "geometry": { "type": "Point", "coordinates": [ 28.5571, 38.369999, 0.0 ] } },
{ "type": "Feature", "properties": { "id": 598475, "ident": "TR-0303", "type": "heliport", "name": "Serik Bus Station Helipad", "latitude_deg": 36.913289, "longitude_deg": 31.083723, "elevation_ft": 90, "continent": "AS", "iso_country": "TR", "iso_region": "TR-07", "municipality": "Serik", "scheduled_service": false, "icao_code": "XXXX", "iata_code": "XXX", "gps_code": null, "local_code": null, "home_link": null, "wikipedia_link": null, "keywords": null }, "geometry": { "type": "Point", "coordinates": [ 31.083723, 36.913289, 90.0 ] } },
{ "type": "Feature", "properties": { "id": 598713, "ident": "TR-0304", "type": "closed", "name": "Yenisehir Airfield", "latitude_deg": 40.243117, "longitude_deg": 29.510874, "elevation_ft": null, "continent": "AS", "iso_country": "TR", "iso_region": "TR-16", "municipality": null, "scheduled_service": false, "icao_code": null, "iata_code": null, "gps_code": null, "local_code": null, "home_link": null, "wikipedia_link": null, "keywords": null }, "geometry": { "type": "Point", "coordinates": [ 29.510874, 40.243117, 0.0 ] } },
{ "type": "Feature", "properties": { "id": 599026, "ident": "TR-0305", "type": "heliport", "name": "Newant Olympos Health Resort Helipad", "latitude_deg": 36.369341, "longitude_deg": 30.423544, "elevation_ft": null, "continent": "AS", "iso_country": "TR", "iso_region": "TR-07", "municipality": "Kumluca", "scheduled_service": false, "icao_code": null, "iata_code": null, "gps_code": null, "local_code": null, "home_link": null, "wikipedia_link": null, "keywords": null }, "geometry": { "type": "Point", "coordinates": [ 30.423544, 36.369341, 0.0 ] } },
{ "type": "Feature", "properties": { "id": 599135, "ident": "TR-0306", "type": "heliport", "name": "'Unknown' Heliport", "latitude_deg": 40.054103, "longitude_deg": 26.206824, "elevation_ft": 24, "continent": "AS", "iso_country": "TR", "iso_region": "TR-17", "municipality": "Seddulbahir", "scheduled_service": false, "icao_code": null, "iata_code": null, "gps_code": null, "local_code": null, "home_link": null, "wikipedia_link": null, "keywords": "Sedd el Bahr" }, "geometry": { "type": "Point", "coordinates": [ 26.206824, 40.054103, 24.0 ] } },
{ "type": "Feature", "properties": { "id": 600174, "ident": "TR-0307", "type": "heliport", "name": "Murat Erdi Eker State Hospital Heliport", "latitude_deg": 39.84407, "longitude_deg": 32.727795, "elevation_ft": 3999, "continent": "AS", "iso_country": "TR", "iso_region": "TR-06", "municipality": "Beytepe", "scheduled_service": false, "icao_code": null, "iata_code": null, "gps_code": null, "local_code": null, "home_link": null, "wikipedia_link": null, "keywords": null }, "geometry": { "type": "Point", "coordinates": [ 32.727795, 39.84407, 3999.0 ] } },
{ "type": "Feature", "properties": { "id": 600484, "ident": "TR-0308", "type": "heliport", "name": "Riva Air Base", "latitude_deg": 41.22097, "longitude_deg": 29.202599, "elevation_ft": null, "continent": "AS", "iso_country": "TR", "iso_region": "TR-34", "municipality": "Riva", "scheduled_service": false, "icao_code": null, "iata_code": null, "gps_code": null, "local_code": null, "home_link": null, "wikipedia_link": null, "keywords": null }, "geometry": { "type": "Point", "coordinates": [ 29.202599, 41.22097, 0.0 ] } }
]
}
