tablo,fid,code_id,data_originator,name,lat_dd,lon_dd,mid
dp_icao,1,AAA20,ENAV,BAU,42.0,12.0,400005822783999
dp_icao,2,AAA20,ENAV,CIAO,42.5,12.0,400005822784005
dp_icao,29,ABASA,EUROCONTROL NMOC,ABASA,24.439172222222222,123.25232222222222,800000882965915
dp_icao,116904,ABASA,EUROCONTROL NMOC,ABASA,-4.947777777777778,107.2611111111111,17865515
dp_icao,39,ABBEY,EUROCONTROL NMOC,ABBEY,22.26972222222222,114.92386666666667,101000694849849
dp_icao,116907,ABBEY,EUROCONTROL NMOC,ABBEY,-34.403055555555554,151.09472222222223,101002097815420
dp_icao,31336,ABLAN,EUROCONTROL NMOC,ABLAN,47.31361111111111,-1.4236111111111112,17833661
dp_icao,116910,ABLAN,EUROCONTROL NMOC,ABLAN,-22.809444444444445,14.592777777777778,400003465415790
dp_other,704,ABM,CIVIL AVIATION AUTHORITY OF THE PHILIPPINES,ABM CALINOG,11.14143611111111,122.49965555555556,400005119805192
dp_other,705,ABM,CIVIL AVIATION AUTHORITY OF THE PHILIPPINES,ABM LAKAWON,11.002302777777778,123.2007888888889,400005119805199
dp_icao,348,ABUMI,EUROCONTROL NMOC,ABUMI,65.95083333333334,111.51722222222222,562766901
dp_icao,349,ABUMI,EUROCONTROL NMOC,ABUMI,32.74498055555556,131.59251111111112,400001877869459
dp_icao,386,ACORD,EUROCONTROL NMOC,ACORD,25.602747222222224,128.53069444444446,101002348436897
dp_icao,31493,ACORD,EUROCONTROL NMOC,ACORD,48.79080833333333,-122.53295833333333,259236744
dp_icao,392,ACTOR,EUROCONTROL NMOC,ACTOR,35.45944444444445,139.84035555555556,1662244432
dp_icao,31520,ACTOR,EUROCONTROL NMOC,ACTOR,39.75575833333333,-104.5231111111111,101000746136905
dp_icao,445,ADDUM,EUROCONTROL NMOC,ADDUM,34.891525,140.23908055555555,1662231282
dp_icao,31594,ADDUM,EUROCONTROL NMOC,ADDUM,45.53162777777778,-122.45875277777778,101000746214425
dp_icao,561,ADMIS,EUROCONTROL NMOC,ADMIS,51.99681666666667,0.17654444444444445,17833760
dp_icao,116969,ADMIS,EUROCONTROL NMOC,ADMIS,-13.381111111111112,32.32083333333334,400003478005283
dp_icao,729,AGADA,EUROCONTROL NMOC,AGADA,70.20583333333333,108.19361111111111,17825593
dp_icao,31915,AGADA,EUROCONTROL NMOC,AGADA,18.730802777777775,-64.34054722222221,17844918
dp_icao,948,AILEY,EUROCONTROL NMOC,AILEY,33.23441666666667,132.6018222222222,800000377413241
dp_icao,32254,AILEY,EUROCONTROL NMOC,AILEY,32.297180555555556,-82.66820277777778,17872471
dp_icao,967,AKAGI,EUROCONTROL NMOC,AKAGI,36.39120277777778,139.69896666666668,17853292
dp_icao,968,AKAGI,EUROCONTROL NMOC,AKAGI,36.56666666666667,96.59166666666667,352003316
dp_icao,985,AKASE,EUROCONTROL NMOC,AKASE,30.009527777777777,130.32147777777777,400000481978830
dp_icao,32354,AKASE,EUROCONTROL NMOC,AKASE,32.05866111111111,-105.77406111111111,101003112445202
dp_icao,992,AKAYU,EUROCONTROL NMOC,AKAYU,38.068738888888895,139.76139166666667,400003010717427
dp_icao,32359,AKAYU,EUROCONTROL NMOC,AKAYU,43.980075,-73.40704722222223,259697225
dp_icao,1095,AKOMA,EUROCONTROL NMOC,AKOMA,34.69138888888889,114.75277777777778,17825698
dp_icao,1096,AKOMA,EUROCONTROL NMOC,AKOMA,1.7561111111111112,103.91194444444444,17865635
dp_icao,1168,ALAKA,EUROCONTROL NMOC,ALAKA,55.98722222222222,130.76944444444445,101002057137004
dp_icao,1169,ALAKA,EUROCONTROL NMOC,ALAKA,26.05683611111111,120.11486388888888,400003440562470
dp_icao,32587,ALCOT,EUROCONTROL NMOC,ALCOT,11.911416666666668,-69.26036111111111,17858465
dp_icao,32588,ALCOT,EUROCONTROL NMOC,ALCOT,34.174144444444444,-79.85254722222221,101000774535608
dp_icao,1202,ALDEL,EUROCONTROL NMOC,ALDEL,30.13888888888889,107.19083333333333,300000559649683
dp_icao,117153,ALDEL,EUROCONTROL NMOC,ALDEL,-25.47861111111111,118.1588888888889,800001463753401
dp_icao,1204,ALDEN,EUROCONTROL NMOC,ALDEN,34.861422222222224,140.25146944444444,400003343953017
dp_icao,32595,ALDEN,EUROCONTROL NMOC,ALDEN,43.09865833333333,-73.59981666666665,259678136
dp_other,1035,ALI,CIVIL AVIATION AUTHORITY OF THE PHILIPPINES,ALIMODIAN,10.787777777777778,122.43083333333334,400005119800080
dp_other,1036,ALI,CIVIL AVIATION AUTHORITY OF THE PHILIPPINES,ALIGUAY,8.745555555555555,123.22222222222223,400005555803383
dp_icao,32759,ALLEE,EUROCONTROL NMOC,ALLEE,33.80647222222222,-88.62385833333333,101000746159319
dp_icao,117164,ALLEE,EUROCONTROL NMOC,ALLEE,-13.030555555555557,131.49277777777777,248350610
dp_icao,1294,ALLEY,EUROCONTROL NMOC,ALLEY,21.086430555555555,113.78597222222223,1119440638
dp_icao,32762,ALLEY,EUROCONTROL NMOC,ALLEY,41.69898055555555,-71.39759166666667,259679262
dp_icao,1315,ALMUS,EUROCONTROL NMOC,ALMUS,40.774166666666666,36.66555555555556,92156996
dp_icao,32822,ALMUS,EUROCONTROL NMOC,ALMUS,18.476388888888888,-77.57444444444444,17844960
dp_icao,1398,ALTON,EUROCONTROL NMOC,ALTON,35.96194444444445,128.53722222222223,400005322487508
dp_icao,32980,ALTON,EUROCONTROL NMOC,ALTON,47.03191388888889,-114.428375,17872690
dp_icao,1443,AMARU,EUROCONTROL NMOC,AMARU,38.83304722222223,139.9023388888889,400000331221485
dp_icao,33099,AMARU,EUROCONTROL NMOC,AMARU,17.226388888888888,-89.58138888888888,105857995
dp_icao,1461,AMBOD,EUROCONTROL NMOC,AMBOD,13.565833333333334,48.2575,210189572
dp_icao,117185,AMBOD,EUROCONTROL NMOC,AMBOD,-17.378333333333334,55.5,17815273
dp_icao,1481,AMEDO,EUROCONTROL NMOC,AMEDO,64.79277777777777,49.33111111111111,400003668829436
dp_icao,33149,AMEDO,EUROCONTROL NMOC,AMEDO,55.38602777777778,-132.24000833333332,259671482
dp_icao,1516,AMIDA,EUROCONTROL NMOC,AMIDA,35.871541666666666,138.31780555555557,626108700
dp_icao,33191,AMIDA,EUROCONTROL NMOC,AMIDA,18.629444444444445,-87.30166666666666,17845014
dp_icao,1529,AMITY,EUROCONTROL NMOC,AMITY,35.97173611111111,140.25737222222222,800001262067864
dp_icao,117189,AMITY,EUROCONTROL NMOC,AMITY,-27.428333333333335,153.50722222222223,18560131
dp_other,1254,AMU,CIVIL AVIATION AUTHORITY OF THE PHILIPPINES,AMULUNG EAST,17.81222222222222,121.7286111111111,400005445698965
dp_other,1255,AMU,CIVIL AVIATION AUTHORITY OF THE PHILIPPINES,AMULUNG WEST,17.801111111111112,121.67083333333333,400005445698971
dp_icao,33330,AMULA,EUROCONTROL NMOC,AMULA,21.639166666666664,-103.67666666666668,17845029
dp_icao,33331,AMULA,EUROCONTROL NMOC,AMULA,12.830277777777777,-60.691111111111105,76782855
dp_icao,33419,ANDEE,EUROCONTROL NMOC,ANDEE,37.55336944444444,-120.72848888888889,101000746136158
dp_icao,117209,ANDEE,EUROCONTROL NMOC,ANDEE,-16.18277777777778,143.23555555555555,90322132
dp_icao,1726,ANEMO,EUROCONTROL NMOC,ANEMO,37.975972222222225,140.99731944444443,1293837136
dp_icao,33463,ANEMO,EUROCONTROL NMOC,ANEMO,26.450833333333332,-80.41166666666668,1449783419
dp_icao,33486,ANGEL,EUROCONTROL NMOC,ANGEL,14.334166666666667,-86.9375,17845053
dp_icao,33487,ANGEL,EUROCONTROL NMOC,ANGEL,1.4166666666666667,-79.16388888888889,17858576
dp_icao,1749,ANGUS,EUROCONTROL NMOC,ANGUS,25.684166666666666,123.0,452825711
dp_icao,33508,ANGUS,EUROCONTROL NMOC,ANGUS,39.30845,-94.94009444444445,101000746169988
dp_icao,33559,ANKOR,EUROCONTROL NMOC,ANKOR,31.859444444444446,-81.2038,17872831
dp_icao,117238,ANKOR,EUROCONTROL NMOC,ANKOR,-10.0,50.57833333333333,17815357
dp_icao,1796,ANNNA,EUROCONTROL NMOC,ANNNA,25.571805555555557,122.02216666666666,17853436
dp_icao,33591,ANNNA,EUROCONTROL NMOC,ANNNA,35.68688333333333,-97.38182499999999,101000746215776
dp_icao,1814,ANPAN,EUROCONTROL NMOC,ANPAN,33.41876111111111,133.84681111111112,1090518886
dp_icao,1815,ANPAN,EUROCONTROL NMOC,ANPAN,8.854330555555554,97.62234722222222,400002169634400
dp_adhp,415,ANTON,CIVIL AVIATION AUTHORITY OF THE PHILIPPINES,ANTON,14.586666666666668,121.44500000000001,400003386230325
dp_icao,1852,ANTON,CIVIL AVIATION AUTHORITY OF THE PHILIPPINES,ANTON,14.586944444444445,121.44500000000001,400005079751168
dp_adhp,7728,ANTON,EUROCONTROL NMOC,ANTON,-1.3660861111111111,36.86369444444445,400002430708122
dp_icao,33666,ANTON,EUROCONTROL NMOC,ANTON,38.45141944444445,-97.49783333333333,17872876
dp_icao,1859,ANVIX,EUROCONTROL NMOC,ANVIX,24.781944444444445,55.937777777777775,19181206
dp_icao,117306,ANVIX,EUROCONTROL NMOC,ANVIX,-1.7439472222222223,53.56009722222222,17815420
dp_icao,1861,ANZAC,EUROCONTROL NMOC,ANZAC,34.84133888888889,139.69630833333335,400004193670929
dp_icao,117314,ANZAC,EUROCONTROL NMOC,ANZAC,-22.74638888888889,135.8238888888889,17865782
dp_other,1272,AP1,BUNDESWEHR,NORTHSEA AP 1,54.72847989,7.30080075,400003246195646
dp_other,1278,AP1,BUNDESWEHR,LILLY AP 1,53.66285233,8.75355633,400004827297906
dp_other,1281,AP1,BUNDESWEHR,SANDRA AP1,52.87232636,8.36300542,400005714772585
dp_other,1266,AP1,EUROCONTROL NMOC,ANGIE AP 1,48.52484225,8.36322175,400003246195574
dp_other,1267,AP1,EUROCONTROL NMOC,GRETCHEN AP 1,48.06653089,10.36609917,400003246195586
dp_other,1268,AP1,EUROCONTROL NMOC,GRETCHEN LOW AP 1,48.32762642,10.62340022,400003246195598
dp_other,1269,AP1,EUROCONTROL NMOC,JOJO AP 1,51.6641305,6.60637283,400003246195610
dp_other,1270,AP1,EUROCONTROL NMOC,KIM LONG AP 1,54.10296997,9.73021519,400003246195622
dp_other,1271,AP1,EUROCONTROL NMOC,KIM SHORT AP 1,54.10434472,9.73192956,400003246195634
dp_other,1273,AP1,EUROCONTROL NMOC,SAXON AP 1,50.98314678,12.78908761,400003246195673
dp_other,1274,AP1,EUROCONTROL NMOC,VIRGIN AP 1,49.32317881,7.88890808,400003246195700
dp_other,1275,AP1,EUROCONTROL NMOC,JANIN AP 1,54.08703847,12.90063533,400003246195712
dp_other,1276,AP1,EUROCONTROL NMOC,TINA AP 1,53.81403789,13.54148833,400003246195724
dp_other,1277,AP1,EUROCONTROL NMOC,MERLE AP 1,53.95489511,12.02660764,400003246195736
dp_other,1279,AP1,EUROCONTROL NMOC,NELE AP 1,54.32344422,13.57053742,400005111861420
dp_other,1280,AP1,EUROCONTROL NMOC,LUCA AP1,49.64411969,7.94404164,400005509370433
dp_other,1287,AP2,BUNDESWEHR,NORTHSEA AP 2,54.21472547,6.73054947,400003246195652
dp_other,1294,AP2,BUNDESWEHR,LILLY AP 2,53.69424542,7.82721039,400004827297891
dp_other,1297,AP2,BUNDESWEHR,SANDRA AP2,52.63215756,7.4849645,400005714772567
dp_other,1282,AP2,EUROCONTROL NMOC,GRETCHEN AP 2,48.62284536,10.20748219,400003246195592
dp_other,1283,AP2,EUROCONTROL NMOC,GRETCHEN LOW AP 2,48.15073378,9.75531839,400003246195604
dp_other,1284,AP2,EUROCONTROL NMOC,JOJO AP 2,51.13580214,6.44522214,400003246195616
dp_other,1285,AP2,EUROCONTROL NMOC,KIM LONG AP 2,52.70692656,7.61606136,400003246195628
dp_other,1286,AP2,EUROCONTROL NMOC,KIM SHORT AP 2,53.56350739,8.57220783,400003246195640
dp_other,1288,AP2,EUROCONTROL NMOC,ANGIE AP 2,48.13507431,7.77834019,400003246195679
dp_other,1289,AP2,EUROCONTROL NMOC,SAXON AP 2,50.73831894,12.19579914,400003246195685
dp_other,1290,AP2,EUROCONTROL NMOC,VIRGIN AP 2,49.77513222,7.00702383,400003246195706
dp_other,1291,AP2,EUROCONTROL NMOC,JANIN AP 2,53.37806192,12.03993906,400003246195718
dp_other,1292,AP2,EUROCONTROL NMOC,TINA AP 2,53.31841339,12.89562039,400003246195730
dp_other,1293,AP2,EUROCONTROL NMOC,MERLE AP 2,53.61452303,11.50052125,400003246195742
dp_other,1295,AP2,EUROCONTROL NMOC,NELE AP 2,54.59992211,13.0694405,400005111861426
dp_other,1296,AP2,EUROCONTROL NMOC,LUCA AP2,49.18086808,7.98078547,400005509370439
dp_icao,117388,APMAV,EUROCONTROL NMOC,APMAV,-20.383333333333333,34.94166666666666,400002224811735
dp_icao,117389,APMAV,EUROCONTROL NMOC,APMAV,-2.245913888888889,37.32914166666667,400002705535632
dp_icao,1917,APMUX,EUROCONTROL NMOC,APMUX,12.559444444444445,40.52361111111111,400003117326701
dp_icao,117400,APMUX,EUROCONTROL NMOC,APMUX,-24.576552777777778,29.523469444444444,400001126784976
dp_icao,1918,APNEX,EUROCONTROL NMOC,APNEX,1.995538888888889,40.985930555555555,400001834120098
dp_icao,117405,APNEX,EUROCONTROL NMOC,APNEX,-21.309722222222224,27.89472222222222,400000552236011
dp_other,1300,APO,CIVIL AVIATION AUTHORITY OF THE PHILIPPINES,APO GOLF COURSE,7.053055555555555,125.52944444444444,400004398487401
dp_other,1301,APO,CIVIL AVIATION AUTHORITY OF THE PHILIPPINES,APO ISLAND,9.082777777777778,123.27027777777778,400005267231541
dp_icao,1926,APOLO,EUROCONTROL NMOC,APOLO,35.32203333333334,139.9374388888889,1662244456
dp_icao,33919,APOLO,EUROCONTROL NMOC,APOLO,28.8326,-80.42090277777778,17872912
dp_icao,33933,APPLE,EUROCONTROL NMOC,APPLE,54.5,-2.513952777777778,17834198
dp_icao,33934,APPLE,EUROCONTROL NMOC,APPLE,40.55613611111111,-74.06225277777777,17872918
dp_icao,1938,APRIL,EUROCONTROL NMOC,APRIL,11.001861111111111,99.71852777777778,17853472
dp_icao,33948,APRIL,EUROCONTROL NMOC,APRIL,29.07525,-95.23382777777778,101000746215248
dp_icao,2016,ARAKA,EUROCONTROL NMOC,ARAKA,35.64689722222222,139.84496666666666,400003343953027
dp_icao,117434,ARAKA,EUROCONTROL NMOC,ARAKA,-7.765,29.113333333333333,400002883644953
dp_adhp,5202,ARC01,NAV CANADA,ARC01,45.22382913888889,-75.75958661111112,400002007608576
dp_adhp,5203,ARC01,NAV CANADA,ARC01,53.426330388888886,-113.54411372222222,400002137336742
dp_adhp,5204,ARC01,NAV CANADA,ARC01,49.93867886111111,-97.37370983333332,400002353433833
dp_adhp,5205,ARC01,NAV CANADA,ARC01,47.57839994444445,-52.843238166666666,400002420966585
dp_adhp,5206,ARC01,NAV CANADA,ARC01,49.949571166666665,-100.07153538888889,400002525699060
dp_adhp,5207,ARC01,NAV CANADA,ARC01,50.34517152777778,-104.62609641666666,400002528715356
dp_adhp,5208,ARC01,NAV CANADA,ARC01,52.08201538888889,-106.72299811111111,400002571880239
dp_adhp,5209,ARC01,NAV CANADA,ARC01,49.28435019444444,-57.366180194444446,400002701041122
dp_adhp,5210,ARC01,NAV CANADA,ARC01,46.75258083333333,-71.46285933333334,400002772834264
dp_adhp,5211,ARC01,NAV CANADA,ARC01,48.35966311111111,-89.19033016666667,400002908408497
dp_adhp,5212,ARC01,NAV CANADA,ARC01,43.059418638888886,-81.25649713888889,400002951690796
dp_adhp,5213,ARC01,NAV CANADA,ARC01,43.52802861111111,-80.31809224999999,400002969588739
dp_adhp,5214,ARC01,NAV CANADA,ARC01,50.77893816666666,-120.64485711111112,400003173684985
dp_adhp,5215,ARC01,NAV CANADA,ARC01,43.59705408333333,-79.42979094444445,400003238035265
dp_adhp,5216,ARC01,NAV CANADA,ARC01,53.963913805555556,-122.77477866666666,400003420787526
dp_adhp,5217,ARC01,NAV CANADA,ARC01,54.304447999999994,-128.44744805555555,400003420787604
dp_adhp,5218,ARC01,NAV CANADA,ARC01,46.10565913888889,-64.84077991666666,400003599068920
dp_adhp,5219,ARC01,NAV CANADA,ARC01,45.278194972222224,-65.98417525,400003619253702
dp_adhp,5220,ARC01,NAV CANADA,ARC01,45.88321261111111,-66.64656988888889,400003629997398
dp_adhp,5221,ARC01,NAV CANADA,ARC01,46.14286602777778,-60.16256047222222,400003688904576
dp_adhp,5222,ARC01,NAV CANADA,ARC01,46.22360138888889,-63.07925577777778,400003688905076
dp_adhp,5223,ARC01,NAV CANADA,ARC01,62.46284058333334,-114.62235249999999,400003812946420
dp_adhp,5224,ARC01,NAV CANADA,ARC01,55.14256941666667,-119.02287633333333,400003820022794
dp_adhp,5225,ARC01,NAV CANADA,ARC01,56.15324483333333,-120.7860623888889,400003879477118
dp_adhp,5226,ARC01,NAV CANADA,ARC01,60.80673763888888,-135.0333498888889,400004200962298
dp_adhp,5227,ARC01,NAV CANADA,ARC01,56.69470147222222,-111.36552677777777,400004294289972
dp_adhp,5228,ARC01,NAV CANADA,ARC01,49.60312072222222,-119.78876272222222,400004495554869
dp_adhp,5229,ARC01,NAV CANADA,ARC01,43.63674675,-79.8015971111111,400004537607397
dp_adhp,5230,ARC01,NAV CANADA,ARC01,46.28701516666666,-79.51950663888888,400005445698841
dp_adhp,5231,ARC01,NAV CANADA,ARC01,46.47103997222222,-84.65065255555557,400005466534527
dp_adhp,5232,ARC01,NAV CANADA,ARC01,46.53706361111111,-80.80164027777778,400005481031112
dp_adhp,5233,ARC01,NAV CANADA,ARC01,48.62476872222222,-81.26428775,400005514348339
dp_adhp,5234,ARC01,NAV CANADA,ARC01,43.24032725,-80.02435883333334,400005679443532
dp_adhp,5235,ARC01,NAV CANADA,ARC01,49.26389361111111,-123.29449202777778,500000293438000
dp_adhp,5236,ARC02,NAV CANADA,ARC02,45.33652861111111,-75.79072072222222,400002007608579
dp_adhp,5237,ARC02,NAV CANADA,ARC02,53.37838747222222,-113.42964527777778,400002137336739
dp_adhp,5238,ARC02,NAV CANADA,ARC02,49.993912944444446,-97.27714011111111,400002353433836
dp_adhp,5239,ARC02,NAV CANADA,ARC02,47.66146883333333,-52.852130611111114,400002420966588
dp_adhp,5240,ARC02,NAV CANADA,ARC02,49.94866944444444,-99.83517141666667,400002525699063
dp_adhp,5241,ARC02,NAV CANADA,ARC02,50.47073347222222,-104.54801061111111,400002528715347
dp_adhp,5242,ARC02,NAV CANADA,ARC02,52.20127491666667,-106.55461652777778,400002571879218
dp_adhp,5243,ARC02,NAV CANADA,ARC02,49.224087583333336,-57.27840647222222,400002701041125
dp_adhp,5244,ARC02,NAV CANADA,ARC02,46.81894508333334,-71.25016405555556,400002772834267
dp_adhp,5245,ARC02,NAV CANADA,ARC02,48.30718708333333,-89.41322347222223,400002908408485
dp_adhp,5246,ARC02,NAV CANADA,ARC02,43.11460175,-81.17126569444444,400002951690799
dp_adhp,5247,ARC02,NAV CANADA,ARC02,43.45236777777778,-80.27007663888888,400002969588736
dp_adhp,5248,ARC02,NAV CANADA,ARC02,50.77983386111111,-120.64707050000001,400003173684988
dp_adhp,5249,ARC02,NAV CANADA,ARC02,43.59638141666667,-79.44742716666667,400003238035268
dp_adhp,5250,ARC02,NAV CANADA,ARC02,53.980309194444445,-122.60773813888888,400003420787529
dp_adhp,5251,ARC02,NAV CANADA,ARC02,54.19981508333333,-128.35049313888888,400003420787607
dp_adhp,5252,ARC02,NAV CANADA,ARC02,46.02697644444444,-64.71709530555556,400003599068923
dp_adhp,5253,ARC02,NAV CANADA,ARC02,45.27985761111111,-65.98401683333333,400003619253795
dp_adhp,5254,ARC02,NAV CANADA,ARC02,45.805010499999995,-66.60546363888888,400003629997395
dp_adhp,5255,ARC02,NAV CANADA,ARC02,46.083187888888894,-60.078980694444446,400003688904579
dp_adhp,5256,ARC02,NAV CANADA,ARC02,46.23647119444445,-63.19785361111111,400003688905073
dp_adhp,5257,ARC02,NAV CANADA,ARC02,62.536619333333334,-114.54381344444444,400003812946441
dp_adhp,5258,ARC02,NAV CANADA,ARC02,55.26872869444444,-118.93972402777779,400003820020765
dp_adhp,5259,ARC02,NAV CANADA,ARC02,56.26361911111111,-120.89292344444445,400003879477147
dp_adhp,5260,ARC02,NAV CANADA,ARC02,56.61154316666667,-111.36521983333333,400004294289975
dp_adhp,5261,ARC02,NAV CANADA,ARC02,49.56303447222222,-119.73262591666666,400004495554872
dp_adhp,5262,ARC02,NAV CANADA,ARC02,43.79674272222222,-79.56932619444444,400004537607406
dp_adhp,5263,ARC02,NAV CANADA,ARC02,46.35997325,-79.28945547222222,400005445698850
dp_adhp,5264,ARC02,NAV CANADA,ARC02,46.677085416666664,-80.68651036111112,400005481031121
dp_adhp,5265,ARC02,NAV CANADA,ARC02,48.52826869444444,-81.48831183333334,400005514348333
dp_adhp,5266,ARC02,NAV CANADA,ARC02,43.16067683333333,-80.05792988888889,400005679443529
dp_adhp,5267,ARC02,NAV CANADA,ARC02,49.268624305555555,-123.28286327777778,500000293438003
dp_adhp,5268,ARC03,NAV CANADA,ARC03,50.118583666666666,-119.48282269444445,400001916927371
dp_adhp,5269,ARC03,NAV CANADA,ARC03,45.31745083333334,-75.81570172222222,400002007608676
dp_adhp,5270,ARC03,NAV CANADA,ARC03,44.96718475,-63.56268291666667,400002041094995
dp_adhp,5271,ARC03,NAV CANADA,ARC03,53.232016111111115,-113.59957424999999,400002137336745
dp_adhp,5272,ARC03,NAV CANADA,ARC03,49.80594463888889,-97.19180819444445,400002347591995
dp_adhp,5273,ARC03,NAV CANADA,ARC03,47.67051872222222,-52.663397027777776,400002421427958
dp_adhp,5274,ARC03,NAV CANADA,ARC03,50.400825,-104.52929452777778,400002528715353
dp_adhp,5275,ARC03,NAV CANADA,ARC03,49.126807666666664,-57.415534666666666,400002701041128
dp_adhp,5276,ARC03,NAV CANADA,ARC03,46.868652250000004,-71.35288858333332,400002772834270
dp_adhp,5277,ARC03,NAV CANADA,ARC03,48.446601888888885,-89.19600033333333,400002908408500
dp_adhp,5278,ARC03,NAV CANADA,ARC03,43.01182108333333,-81.04775074999999,400002951690743
dp_adhp,5279,ARC03,NAV CANADA,ARC03,50.77995663888889,-120.66833908333334,400003173684991
dp_adhp,5280,ARC03,NAV CANADA,ARC03,53.79791022222222,-122.55681972222222,400003420787505
dp_adhp,5281,ARC03,NAV CANADA,ARC03,54.54497522222222,-128.75698177777778,400003420787610
dp_adhp,5282,ARC03,NAV CANADA,ARC03,46.14615386111111,-64.77172266666666,400003599068958
dp_adhp,5283,ARC03,NAV CANADA,ARC03,45.23533366666667,-65.8830101111111,400003619253977
dp_adhp,5284,ARC03,NAV CANADA,ARC03,45.939160916666665,-66.55674994444445,400003629997358
dp_adhp,5285,ARC03,NAV CANADA,ARC03,46.225421250000004,-60.12485186111111,400003688904532
dp_adhp,5286,ARC03,NAV CANADA,ARC03,46.24333552777778,-63.18843722222222,400003688905044
dp_adhp,5287,ARC03,NAV CANADA,ARC03,62.54248638888889,-114.36434936111111,400003812946444
dp_adhp,5288,ARC03,NAV CANADA,ARC03,55.20966702777778,-119.04222363888888,400003820020762
dp_adhp,5289,ARC03,NAV CANADA,ARC03,56.32247991666667,-120.78727663888888,400003879477150
dp_adhp,5290,ARC03,NAV CANADA,ARC03,56.61154097222222,-111.08462202777777,400004294289994
dp_adhp,5291,ARC03,NAV CANADA,ARC03,49.74697202777778,-119.57573738888888,400004495554878
dp_adhp,5292,ARC03,NAV CANADA,ARC03,46.60859930555556,-80.92750333333333,400005481031124
dp_adhp,5293,ARC03,NAV CANADA,ARC03,48.49481602777778,-81.26544627777778,400005514348350
dp_adhp,5294,ARC03,NAV CANADA,ARC03,43.11116402777778,-79.83952483333333,400005679443520
dp_adhp,5295,ARC04,NAV CANADA,ARC04,50.06938897222223,-119.2995943611111,400001916927368
dp_adhp,5296,ARC04,NAV CANADA,ARC04,45.39342663888889,-75.72612222222223,400002007608507
dp_adhp,5297,ARC04,NAV CANADA,ARC04,44.78598147222222,-63.534296194444444,400002041094963
dp_adhp,5298,ARC04,NAV CANADA,ARC04,53.28046280555555,-113.71543605555556,400002137336748
dp_adhp,5299,ARC04,NAV CANADA,ARC04,49.861028555555556,-97.09529611111111,400002347591998
dp_adhp,5300,ARC04,NAV CANADA,ARC04,47.58743427777778,-52.654829638888884,400002421427955
dp_adhp,5301,ARC04,NAV CANADA,ARC04,50.520615416666665,-104.69815680555556,400002528715350
dp_adhp,5302,ARC04,NAV CANADA,ARC04,52.115476916666665,-106.58204338888889,400002571879221
dp_adhp,5303,ARC04,NAV CANADA,ARC04,49.198990888888886,-57.52088175,400002701041131
dp_adhp,5304,ARC04,NAV CANADA,ARC04,46.805626805555555,-71.26019555555555,400002772834273
dp_adhp,5305,ARC04,NAV CANADA,ARC04,48.38566352777778,-89.4550198888889,400002908408482
dp_adhp,5306,ARC04,NAV CANADA,ARC04,42.96113869444445,-81.12614024999999,400002951690740
dp_adhp,5307,ARC04,NAV CANADA,ARC04,50.70073338888889,-120.77925133333333,400003173684994
dp_adhp,5308,ARC04,NAV CANADA,ARC04,54.37898936111111,-128.26929844444444,400003420787562
dp_adhp,5309,ARC04,NAV CANADA,ARC04,46.05710308333333,-64.76599216666666,400003599068961
dp_adhp,5310,ARC04,NAV CANADA,ARC04,45.32351905555556,-65.99938972222222,400003619251658
dp_adhp,5311,ARC04,NAV CANADA,ARC04,45.85990513888889,-66.46557591666667,400003629997315
dp_adhp,5312,ARC04,NAV CANADA,ARC04,46.32506733333334,-63.21168336111111,400003688905041
dp_adhp,5313,ARC04,NAV CANADA,ARC04,62.39869291666667,-114.33749347222222,400003812946471
dp_adhp,5314,ARC04,NAV CANADA,ARC04,55.143000916666665,-118.71847627777778,400003820022822
dp_adhp,5315,ARC04,NAV CANADA,ARC04,56.26568827777778,-120.58363741666666,400003879477087
dp_adhp,5316,ARC04,NAV CANADA,ARC04,49.727894194444445,-119.6236301111111,400004495554875
dp_adhp,5317,ARC04,NAV CANADA,ARC04,46.56587752777777,-80.70129772222222,400005481031133
dp_adhp,5318,ARC05,NAV CANADA,ARC05,51.208757250000005,-113.91799694444445,400001912524681
dp_adhp,5319,ARC05,NAV CANADA,ARC05,49.83815561111111,-119.5628025,400001917086727
dp_adhp,5320,ARC05,NAV CANADA,ARC05,45.39987063888889,-75.7299903611111,400002007608504
dp_adhp,5321,ARC05,NAV CANADA,ARC05,44.89895186111111,-63.630014055555556,400002041094992
dp_adhp,5322,ARC05,NAV CANADA,ARC05,53.33947263888889,-113.75161816666666,400002137336767
dp_adhp,5323,ARC05,NAV CANADA,ARC05,49.99718766666667,-97.28934397222223,400002360216361
dp_adhp,5324,ARC05,NAV CANADA,ARC05,47.642112777777776,-52.85435619444445,400002411516838
dp_adhp,5325,ARC05,NAV CANADA,ARC05,52.15053866666666,-106.83896008333333,400002574263472
dp_adhp,5326,ARC05,NAV CANADA,ARC05,46.736727111111115,-71.29218974999999,400002772834249
dp_adhp,5327,ARC05,NAV CANADA,ARC05,50.71020386111111,-120.16478083333334,400003173684941
dp_adhp,5328,ARC05,NAV CANADA,ARC05,54.58123897222222,-128.25565922222222,400003420787571
dp_adhp,5329,ARC05,NAV CANADA,ARC05,46.193579166666666,-64.66011244444445,400003599068990
dp_adhp,5330,ARC05,NAV CANADA,ARC05,45.41075152777778,-65.92536033333334,400003619252018
dp_adhp,5331,ARC05,NAV CANADA,ARC05,45.895026333333334,-66.44291080555556,400003629997318
dp_adhp,5332,ARC05,NAV CANADA,ARC06,46.23454791666667,-60.026940583333335,400003688904609
dp_adhp,5333,ARC05,NAV CANADA,ARC05,46.35454877777778,-63.17131883333333,400003688905138
dp_adhp,5334,ARC05,NAV CANADA,ARC05,62.382897138888886,-114.51990944444444,400003812946460
dp_adhp,5335,ARC05,NAV CANADA,ARC05,55.094464111111115,-118.83964672222221,400003820022834
dp_adhp,5336,ARC05,NAV CANADA,ARC05,56.153901777777776,-120.69595013888889,400003879477098
dp_adhp,5337,ARC06,NAV CANADA,ARC06,51.207854222222224,-113.91731747222222,400001912524684
dp_adhp,5338,ARC06,NAV CANADA,ARC06,49.88992294444444,-119.4366723888889,400001917086724
dp_adhp,5339,ARC06,NAV CANADA,ARC06,45.309184305555554,-75.77966983333333,400002007608582
dp_adhp,5340,ARC06,NAV CANADA,ARC06,44.80914905555555,-63.450162694444444,400002041095013
dp_adhp,5341,ARC06,NAV CANADA,ARC06,53.41848363888889,-113.68360230555555,400002137336764
dp_adhp,5342,ARC06,NAV CANADA,ARC06,50.00569772222222,-97.15089530555557,400002360216358
dp_adhp,5343,ARC06,NAV CANADA,ARC06,47.69673608333333,-52.76127811111111,400002411516841
dp_adhp,5344,ARC06,NAV CANADA,ARC06,46.83576855555556,-71.27252769444445,400002772834255
dp_adhp,5345,ARC06,NAV CANADA,ARC06,50.618382555555556,-120.19936591666666,400003173684944
dp_adhp,5346,ARC06,NAV CANADA,ARC06,54.5180345,-128.52205280555557,400003420787574
dp_adhp,5347,ARC06,NAV CANADA,ARC06,46.137252277777776,-64.57177377777778,400003599068993
dp_adhp,5348,ARC06,NAV CANADA,ARC06,45.39803744444444,-65.88224066666666,400003619252784
dp_adhp,5349,ARC06,NAV CANADA,ARC06,45.87553575,-66.63379266666668,400003629997361
dp_adhp,5350,ARC06,NAV CANADA,ARC06,46.17477155555555,-59.94337044444444,400003688904588
dp_adhp,5351,ARC06,NAV CANADA,ARC06,46.34165158333334,-63.05247219444444,400003688905135
dp_adhp,5352,ARC07,NAV CANADA,ARC07,51.210278833333334,-114.09345413888889,400001912524687
dp_adhp,5353,ARC07,NAV CANADA,ARC07,45.42284722222222,-75.60081663888889,400002007608606
dp_adhp,5354,ARC07,NAV CANADA,ARC07,44.87727686111111,-63.38272386111111,400002041095016
dp_adhp,5355,ARC07,NAV CANADA,ARC07,53.25461888888889,-113.40984163888889,400002137336770
dp_adhp,5356,ARC07,NAV CANADA,ARC07,49.835933805555555,-97.32063669444445,400002353433839
dp_adhp,5357,ARC07,NAV CANADA,ARC07,47.54381405555555,-52.72816016666667,400002409887800
dp_adhp,5358,ARC07,NAV CANADA,ARC07,46.75815519444444,-71.51185080555555,400002772834252
dp_adhp,5359,ARC07,NAV CANADA,ARC07,46.15164611111111,-64.59072791666667,400003599069024
dp_adhp,5360,ARC07,NAV CANADA,ARC07,45.35508658333333,-65.78093927777778,400003619252997
dp_adhp,5361,ARC07,NAV CANADA,ARC07,45.92691877777778,-66.47572411111112,400003629997380
dp_adhp,5362,ARC07,NAV CANADA,ARC07,46.09104930555556,-60.07412436111112,400003688904591
dp_adhp,5363,ARC07,NAV CANADA,ARC07,46.34801825,-63.042828138888886,400003688905100
dp_adhp,5364,ARC07,NAV CANADA,ARC07,48.970616194444446,-122.51646819444444,400004963026481
dp_adhp,5365,ARC07,NAV CANADA,ARC07,49.85600827777778,-119.43706,400005192390023
dp_adhp,5366,ARC08,NAV CANADA,ARC08,51.20794608333333,-114.06360430555556,400001912524690
dp_adhp,5367,ARC08,NAV CANADA,ARC08,45.3175545,-75.55141644444444,400002007608615
dp_adhp,5368,ARC08,NAV CANADA,ARC08,44.83381011111111,-63.63015027777778,400002041094966
dp_adhp,5369,ARC08,NAV CANADA,ARC08,53.19489455555555,-113.50953605555556,400002137336773
dp_adhp,5370,ARC08,NAV CANADA,ARC08,49.80714222222222,-97.19717519444445,400002353433842
dp_adhp,5371,ARC08,NAV CANADA,ARC01,47.59833594444445,-52.635125333333335,400002409887803
dp_adhp,5372,ARC08,NAV CANADA,ARC08,46.70462366666667,-71.43294386111111,400002772834258
dp_adhp,5373,ARC08,NAV CANADA,ARC08,46.06841297222223,-64.58564341666666,400003599069027
dp_adhp,5374,ARC08,NAV CANADA,ARC08,45.33142091666667,-65.78832088888889,400003619253130
dp_adhp,5375,ARC08,NAV CANADA,ARC08,46.266252638888886,-63.01982344444444,400003688905103
dp_adhp,5376,ARC09,NAV CANADA,ARC09,51.20938713888889,-114.09412791666666,400001912524517
dp_adhp,5377,ARC09,NAV CANADA,ARC09,45.41457333333333,-75.63902944444445,400002007608609
dp_adhp,5378,ARC09,NAV CANADA,ARC09,44.92414761111111,-63.39772491666667,400002041094981
dp_adhp,5379,ARC09,NAV CANADA,ARC09,45.25999438888889,-65.84910502777777,400003619253226
dp_adhp,5380,ARC10,NAV CANADA,ARC10,51.209331694444444,-113.94836644444445,400001912524520
dp_adhp,5381,ARC10,NAV CANADA,ARC10,45.317555000000006,-75.55141572222222,400002007608612
dp_adhp,5382,ARC10,NAV CANADA,ARC10,44.97209047222223,-63.493696972222224,400002041094978
dp_adhp,5383,ARC10,NAV CANADA,ARC10,49.79946941666667,-124.9239508888889,400003425008919
dp_adhp,5384,ARC11,NAV CANADA,ARC11,51.117972888888886,-113.86849119444443,400001912524693
dp_adhp,5385,ARC11,NAV CANADA,ARC11,49.11279366666667,-122.15616772222222,400005216216584
dp_adhp,5386,ARC12,NAV CANADA,ARC12,51.11865944444445,-113.86923894444443,400001912524502
dp_adhp,5387,ARC12,NAV CANADA,ARC12,49.67856416666667,-124.72901147222223,400003425008955
dp_adhp,5388,ARC12,NAV CANADA,ARC12,49.11326511111111,-122.06568172222222,400005216216587
dp_adhp,5401,ARC31,NAV CANADA,ARC07,51.21037302777778,-114.09355447222222,400002715739052
dp_adhp,5402,ARC31,NAV CANADA,ARC31,43.39400472222222,-80.44303652777778,400005275070167
dp_adhp,5403,ARC32,NAV CANADA,ARC32,51.02242286111111,-114.09288233333334,400002715739075
dp_adhp,5404,ARC32,NAV CANADA,ARC32,43.469593583333335,-80.49122155555555,400005275070170
dp_icao,34100,AREMA,EUROCONTROL NMOC,AREMA,7.243436111111111,-9.382238888888889,101001991845435
dp_icao,34101,AREMA,EUROCONTROL NMOC,AREMA,16.09173611111111,-0.12931944444444443,400002664309400
dp_icao,2080,ARENA,EUROCONTROL NMOC,ARENA,35.50712222222222,139.6163138888889,800001453485070
dp_icao,34103,ARENA,EUROCONTROL NMOC,ARENA,10.363861111111111,-84.56897222222221,1327064616
dp_icao,2115,ARIEL,EUROCONTROL NMOC,ARIEL,34.66051111111111,136.7404861111111,400002726362967
dp_icao,34146,ARIEL,EUROCONTROL NMOC,ARIEL,41.45475277777778,-75.36154166666667,259686234
dp_icao,2160,ARLEN,EUROCONTROL NMOC,ARLEN,66.78222222222222,59.07944444444445,17825917
dp_icao,2161,ARLEN,EUROCONTROL NMOC,ARLEN,22.835555555555555,120.36583333333333,63033091
dp_icao,2172,ARLON,EUROCONTROL NMOC,ARLON,46.41382222222222,15.02976388888889,17834276
dp_icao,2173,ARLON,EUROCONTROL NMOC,ARLON,35.257022222222226,139.983275,1662244460
dp_icao,34271,ARRAN,EUROCONTROL NMOC,ARRAN,34.218775,-117.16895833333334,17873055
dp_icao,117462,ARRAN,EUROCONTROL NMOC,ARRAN,-35.837500000000006,147.63944444444445,17865851
dp_icao,34288,ARROW,EUROCONTROL NMOC,ARROW,22.355044444444445,-155.20856388888888,17853499
dp_icao,117464,ARROW,EUROCONTROL NMOC,ARROW,-35.0,173.83333333333334,81176638
dp_icao,2285,ARTIC,EUROCONTROL NMOC,ARTIC,34.715558333333334,138.80456944444447,1662244463
dp_icao,34313,ARTIC,EUROCONTROL NMOC,ARTIC,69.02053333333333,-148.44103333333334,17821487
dp_icao,2327,ASARI,EUROCONTROL NMOC,ASARI,30.804166666666667,75.15861111111111,17847874
dp_icao,2328,ASARI,EUROCONTROL NMOC,ASARI,33.89416111111111,131.21453333333332,207636457
dp_icao,2491,ASOLE,EUROCONTROL NMOC,ASOLE,9.940555555555555,40.2325,17815633
dp_icao,117480,ASOLE,EUROCONTROL NMOC,ASOLE,-3.6097833333333336,38.02696111111111,400002705535696
dp_icao,2503,ASPEN,EUROCONTROL NMOC,ASPEN,35.58083333333334,140.50780555555556,101002046871400
dp_icao,34526,ASPEN,EUROCONTROL NMOC,ASPEN,42.81598611111111,-70.91149722222222,17873127
dp_icao,2540,ASTAK,EUROCONTROL NMOC,ASTAK,30.00616388888889,131.09129166666668,300000461582647
dp_icao,2541,ASTAK,EUROCONTROL NMOC,ASTAK,58.12166666666667,48.89805555555556,400003668829574
dp_icao,2562,ASTON,EUROCONTROL NMOC,ASTON,48.31544483,17.422887,400001496667101
dp_icao,2563,ASTON,EUROCONTROL NMOC,ASTON,35.72905277777778,140.42184166666667,400003150495968
dp_icao,2564,ASTOR,EUROCONTROL NMOC,ASTOR,44.83055556,8.09666667,18356007
dp_icao,34546,ASTOR,EUROCONTROL NMOC,ASTOR,29.798694444444447,-81.30169722222222,17873136
dp_icao,2740,ATOLL,EUROCONTROL NMOC,ATOLL,32.75,19.915,228618966
dp_icao,117537,ATOLL,EUROCONTROL NMOC,ATOLL,-17.445,180.0,17865908
dp_icao,2815,ATUMI,EUROCONTROL NMOC,ATUMI,38.63706666666667,139.405975,1662231309
dp_icao,34730,ATUMI,EUROCONTROL NMOC,ATUMI,23.326666666666668,-110.08833333333332,400001691803051
dp_icao,34829,AVANT,EUROCONTROL NMOC,AVANT,50.82,-0.9383472222222222,17834471
dp_icao,34830,AVANT,EUROCONTROL NMOC,AVANT,36.58461388888889,-95.99509722222223,101000746213098
dp_icao,34875,AVENA,EUROCONTROL NMOC,AVENA,32.269444444444446,-116.455,736526167
dp_icao,117616,AVENA,EUROCONTROL NMOC,AVENA,-1.088611111111111,37.14333333333333,800001632719172
dp_icao,2873,AVION,EUROCONTROL NMOC,AVION,35.41034444444444,139.85152777777776,101003045698195
dp_icao,34918,AVION,EUROCONTROL NMOC,AVION,24.86456111111111,-79.82891666666666,17873283
dp_icao,2929,AWALI,EUROCONTROL NMOC,AWALI,26.08638072222222,50.52014669444444,400000146216073
dp_icao,35136,AWALI,EUROCONTROL NMOC,AWALI,37.62869444444444,-120.55271111111111,17873307
dp_icao,2958,AYAGU,EUROCONTROL NMOC,AYAGU,24.917,125.12029444444444,400000247813262
dp_icao,35410,AYAGU,EUROCONTROL NMOC,AYAGU,66.35483333333333,-153.26988611111113,101002451255631
dp_icao,2982,AZURE,EUROCONTROL NMOC,AZURE,35.472633333333334,139.83102222222223,101003045698223
dp_icao,35617,AZURE,EUROCONTROL NMOC,AZURE,42.68259166666667,-123.18055000000001,17873415
dp_other,1417,B,AUSTRO CONTROL GMBH,B (LOAN),47.86722222,16.25388889,400002467751948
dp_other,1418,B,AUSTRO CONTROL GMBH,B (LOAV),47.95944444,16.27055556,400002467751955
dp_icao,2990,BABAN,CIVIL AVIATION AUTHORITY OF THE PHILIPPINES,BABAN,15.513388888888889,120.47441666666667,1149896335
dp_other,1423,BABAN,CIVIL AVIATION AUTHORITY OF THE PHILIPPINES,BABAN LAGOON,9.899166666666666,125.96166666666667,400004074616606
dp_other,1425,BAC,CIVIL AVIATION AUTHORITY OF THE PHILIPPINES,BACONG SEAWALL,9.245277777777776,123.29722222222222,400005267231545
dp_other,1426,BAC,CIVIL AVIATION AUTHORITY OF THE PHILIPPINES,BACLAYON PORT,9.620833333333334,123.91277777777778,400005759665135
dp_icao,3174,BAKER,EUROCONTROL NMOC,BAKER,25.643333333333334,121.88,17853610
dp_icao,3175,BAKER,EUROCONTROL NMOC,BAKER,21.21722222222222,114.65194444444445,107259144
dp_other,1431,BAL,CIVIL AVIATION AUTHORITY OF THE PHILIPPINES,BALASAN,11.471944444444444,123.08805555555556,400004506676040
dp_other,1432,BAL,CIVIL AVIATION AUTHORITY OF THE PHILIPPINES,BALARING,10.82,122.95055555555555,400005119805312
dp_other,1433,BAL,CIVIL AVIATION AUTHORITY OF THE PHILIPPINES,BALETE,11.555555555555557,122.37916666666666,400005232338436
dp_other,1434,BAL,CIVIL AVIATION AUTHORITY OF THE PHILIPPINES,BALIANGAO,8.668888888888889,123.59888888888888,400005555803386
dp_icao,3217,BALAN,EUROCONTROL NMOC,BALAN,46.51611111111111,1.0333333333333334,17834591
dp_icao,3218,BALAN,EUROCONTROL NMOC,BALAN,35.60490277777778,139.9910583333333,1442930902
dp_icao,3221,BALAS,EUROCONTROL NMOC,BALAS,24.312880555555555,124.17918333333334,800001453485074
dp_icao,35887,BALAS,EUROCONTROL NMOC,BALAS,42.37186944444444,-83.22157222222222,259680681
dp_icao,3298,BAMBO,EUROCONTROL NMOC,BAMBO,34.31326388888888,132.88383055555556,17853634
dp_icao,35941,BAMBO,EUROCONTROL NMOC,BAMBO,21.41654722222222,-157.5100111111111,17853631
dp_icao,3299,BAMBU,EUROCONTROL NMOC,BAMBU,60.31986022,2.45895964,18357644
dp_icao,35942,BAMBU,EUROCONTROL NMOC,BAMBU,33.64940277777778,-84.2055888888889,800001781914542
dp_icao,3403,BANSU,EUROCONTROL NMOC,BANSU,43.066325,141.642425,400001905059255
dp_icao,3404,BANSU,EUROCONTROL NMOC,BANSU,14.286111111111111,108.15972222222223,400001999680735
dp_icao,3405,BANTA,EUROCONTROL NMOC,BANTA,65.94916666666667,83.20222222222222,17826259
dp_icao,3406,BANTA,EUROCONTROL NMOC,BANTA,28.35241388888889,130.11358888888887,400003915432068
dp_icao,3462,BARAT,EUROCONTROL NMOC,BARAT,43.004333333333335,5.041305555555556,18353862
dp_icao,3463,BARAT,EUROCONTROL NMOC,BARAT,16.733333333333334,44.34166666666667,400003473611005
dp_icao,3465,BARBA,EUROCONTROL NMOC,BARBA,32.88140833333333,131.3336527777778,400001877869471
dp_icao,36047,BARBA,EUROCONTROL NMOC,BARBA,31.101136111111114,-97.18894722222223,17873613
dp_icao,3468,BARBY,EUROCONTROL NMOC,BARBY,45.10833358,7.69888878,18356197
dp_icao,36054,BARBY,EUROCONTROL NMOC,BARBY,20.860986111111114,-155.97984444444444,17853661
dp_icao,3486,BARKU,EUROCONTROL NMOC,BARKU,16.85333333333333,38.29666666666667,17815831
dp_icao,36080,BARKU,EUROCONTROL NMOC,BARKU,60.60489166666667,-9.410102777777778,94729156
dp_icao,3496,BARON,EUROCONTROL NMOC,BARON,35.76417222222222,141.01999166666667,400003150496000
dp_icao,36097,BARON,EUROCONTROL NMOC,BARON,34.53151111111111,-83.77093888888889,101000701660737
dp_icao,36115,BARTN,EUROCONTROL NMOC,BARTN,53.47060277777778,-2.428086111111111,17834747
dp_icao,36116,BARTN,EUROCONTROL NMOC,BARTN,37.54843611111111,-122.08388055555555,101000746282483
dp_icao,117745,BARTN,EUROCONTROL NMOC,BARTN,-35.05972222222222,149.065,449962645
dp_other,1441,BAS,CIVIL AVIATION AUTHORITY OF THE PHILIPPINES,BASILAN,6.737777777777778,122.06083333333333,400004385592677
dp_other,1442,BAS,CIVIL AVIATION AUTHORITY OF THE PHILIPPINES,BASIAO,11.5475,122.6363888888889,400004506676043
dp_icao,3535,BASEM,EUROCONTROL NMOC,BASEM,36.843611111111116,127.95277777777778,76994972
dp_icao,3536,BASEM,EUROCONTROL NMOC,BASEM,33.56,37.651666666666664,93479416
dp_icao,3544,BASIN,EUROCONTROL NMOC,BASIN,38.121,138.94203333333334,17853670
dp_icao,36154,BASIN,EUROCONTROL NMOC,BASIN,32.79116944444444,-97.05137777777777,101000746157458
dp_icao,3548,BASKO,EUROCONTROL NMOC,BASKO,46.2,46.84861111111111,17826322
dp_icao,36160,BASKO,EUROCONTROL NMOC,BASKO,18.83833333333333,-93.3425,17845182
dp_icao,3563,BASSA,EUROCONTROL NMOC,BASSA,35.352444444444444,139.76172777777776,400003343953034
dp_icao,117753,BASSA,EUROCONTROL NMOC,BASSA,-22.414166666666667,166.30555555555557,17866019
dp_icao,3573,BATAK,EUROCONTROL NMOC,BATAK,51.57111111,4.78885556,17834789
dp_icao,3574,BATAK,EUROCONTROL NMOC,BATAK,33.56785555555556,133.90592777777778,1090519047
dp_icao,36426,BEACH,EUROCONTROL NMOC,BEACH,20.683058333333335,-156.5367222222222,101000746265297
dp_icao,117772,BEACH,EUROCONTROL NMOC,BEACH,-17.688333333333333,175.655,17866043
dp_icao,36427,BEADS,EUROCONTROL NMOC,BEADS,40.73458611111111,-72.54283611111111,17873790
dp_icao,117773,BEADS,EUROCONTROL NMOC,BEADS,-31.60388888888889,153.9933333333333,17866046
dp_icao,3681,BEAST,EUROCONTROL NMOC,BEAST,35.605650000000004,140.142925,101003045698230
dp_icao,36453,BEAST,EUROCONTROL NMOC,BEAST,45.60401944444445,-122.8477361111111,17873814
dp_icao,3717,BECKY,EUROCONTROL NMOC,BECKY,33.91916944444444,134.50850833333334,17853706
dp_icao,36503,BECKY,EUROCONTROL NMOC,BECKY,44.55319722222222,-88.59719444444444,17873905
dp_icao,3743,BEDOK,EUROCONTROL NMOC,BEDOK,0.1872222222222222,73.01166666666667,400001496864365
dp_icao,117787,BEDOK,EUROCONTROL NMOC,BEDOK,-17.240833333333335,177.91722222222222,400003420748315
dp_icao,3746,BEDON,EUROCONTROL NMOC,BEDON,26.0,63.683611111111105,400001245028938
dp_icao,117788,BEDON,EUROCONTROL NMOC,BEDON,-22.133333333333333,165.9402777777778,17866058
dp_icao,3815,BEKEN,EUROCONTROL NMOC,BEKEN,38.00586944444444,142.06165555555557,1662231201
dp_icao,36664,BEKEN,EUROCONTROL NMOC,BEKEN,32.407961111111106,-94.01794444444444,17873989
dp_icao,3855,BELDI,EUROCONTROL NMOC,BELDI,5.185555555555556,42.35722222222223,17815849
dp_icao,3856,BELDI,EUROCONTROL NMOC,BELDI,49.955555555555556,2.5844444444444448,17834925
dp_icao,3910,BEMOT,EUROCONTROL NMOC,BEMOT,46.06666666666667,34.63333333333333,327798808
dp_icao,3911,BEMOT,EUROCONTROL NMOC,BEMOT,62.274166666666666,31.995833333333334,400003668965145
dp_icao,3928,BENDO,EUROCONTROL NMOC,BENDO,7.613333333333333,38.00833333333333,17815855
dp_icao,117830,BENDO,EUROCONTROL NMOC,BENDO,-35.24333333333333,139.5102777777778,400001932660499
dp_icao,3933,BENES,EUROCONTROL NMOC,BENES,34.83454166666667,134.15540833333333,400001139168887
dp_icao,36776,BENES,EUROCONTROL NMOC,BENES,16.22611111111111,-89.30666666666666,17845200
dp_icao,3935,BENGA,EUROCONTROL NMOC,BENGA,57.95416666666667,151.7436111111111,101003498433070
dp_icao,117831,BENGA,EUROCONTROL NMOC,BENGA,-12.608055555555556,13.405277777777778,400002849426827
dp_icao,3947,BENNY,EUROCONTROL NMOC,BENNY,39.02896666666667,139.6922027777778,17853730
dp_icao,36807,BENNY,EUROCONTROL NMOC,BENNY,43.734225,-84.11162222222222,17874055
dp_icao,3991,BERBO,EUROCONTROL NMOC,BERBO,33.952847222222225,131.14338055555555,400004862852504
dp_icao,3992,BERBO,EUROCONTROL NMOC,BERBO,27.023055555555555,86.98666666666666,400004906708643
dp_icao,4006,BERIL,EUROCONTROL NMOC,BERIL,56.363055555555555,23.42638888888889,17827607
dp_icao,117847,BERIL,EUROCONTROL NMOC,BERIL,-10.0,45.99333333333333,17815864
dp_icao,36911,BERNI,EUROCONTROL NMOC,BERNI,45.120936111111114,-123.20766666666667,101000746148406
dp_icao,117848,BERNI,EUROCONTROL NMOC,BERNI,-28.83833333333333,153.46527777777777,17866109
dp_icao,4024,BERTI,EUROCONTROL NMOC,BERTI,24.95611111111111,7.184722222222223,17815867
dp_icao,36927,BERTI,EUROCONTROL NMOC,BERTI,36.05190833333333,-76.67023055555556,17874112
dp_icao,117852,BERTI,EUROCONTROL NMOC,BERTI,-27.781666666666666,153.18666666666667,18560201
dp_icao,4070,BESTO,EUROCONTROL NMOC,BESTO,51.73,17.39888889,17826510
dp_icao,4071,BESTO,EUROCONTROL NMOC,BESTO,26.13825,122.25852777777777,83878908
dp_icao,4086,BETEL,EUROCONTROL NMOC,BETEL,35.992108333333334,140.89538888888887,400003150496031
dp_icao,36990,BETEL,EUROCONTROL NMOC,BETEL,40.716275,-85.12715833333333,101000746288417
dp_icao,4109,BETTY,EUROCONTROL NMOC,BETTY,24.205594444444444,125.30106666666667,17853745
dp_icao,4110,BETTY,EUROCONTROL NMOC,BETTY,21.48633888888889,114.55886666666666,101003286838615
dp_other,1519,BIB,CIVIL AVIATION AUTHORITY OF THE PHILIPPINES,BIBILIK,7.7411111111111115,123.47055555555556,400004399719779
dp_other,1520,BIB,CIVIL AVIATION AUTHORITY OF THE PHILIPPINES,BIBIANA,6.166944444444445,125.22055555555556,400005266479254
dp_icao,4244,BIKIP,EUROCONTROL NMOC,BIKIP,5.303333333333333,1.1916666666666667,400002664309415
dp_icao,117910,BIKIP,EUROCONTROL NMOC,BIKIP,-3.329925,23.072152777777777,334099532
dp_icao,4278,BILLY,EUROCONTROL NMOC,BILLY,33.611136111111115,137.61982777777777,1662244495
dp_icao,37442,BILLY,EUROCONTROL NMOC,BILLY,60.01960277777778,-8.568961111111111,17835126
dp_icao,37468,BIMBO,EUROCONTROL NMOC,BIMBO,31.421444444444447,-16.032888888888888,17815918
dp_icao,37469,BIMBO,EUROCONTROL NMOC,BIMBO,16.62666666666667,-61.96027777777778,17845260
dp_adhp,1019,BIMOL,EUROCONTROL NMOC,BIMOL,20.392102777777776,1.1398194444444445,400002664309424
dp_adhp,5421,BIMOL,EUROCONTROL NMOC,BIMOL,9.570391666666666,-7.754797222222222,400002664309427
dp_other,1525,BIN,CIVIL AVIATION AUTHORITY OF THE PHILIPPINES,BINAHIAN PORT,13.702499999999999,122.85527777777777,400003012036305
dp_other,1526,BIN,CIVIL AVIATION AUTHORITY OF THE PHILIPPINES,BINAYAN,7.909166666666667,123.44250000000001,400004399719782
dp_other,1527,BIN,CIVIL AVIATION AUTHORITY OF THE PHILIPPINES,BINAKAYAN,14.454166666666666,120.91694444444445,400005074882464
dp_icao,4320,BINGO,EUROCONTROL NMOC,BINGO,34.40714444444444,133.17796666666666,17853778
dp_icao,37509,BINGO,EUROCONTROL NMOC,BINGO,38.84853888888889,-91.20761111111112,101000701651817
dp_icao,4356,BIPOP,EUROCONTROL NMOC,BIPOP,23.349444444444444,111.14861111111112,17826599
dp_icao,4357,BIPOP,EUROCONTROL NMOC,BIPOP,1.5227777777777778,104.17166666666667,308232143
dp_icao,4372,BIRIM,EUROCONTROL NMOC,BIRIM,31.861666666666668,34.968333333333334,97846238
dp_icao,4373,BIRIM,EUROCONTROL NMOC,BIRIM,3.325569444444444,112.8953888888889,400002404100105
dp_icao,4410,BISON,EUROCONTROL NMOC,BISON,20.433333333333334,105.64166666666668,400002364924267
dp_icao,37625,BISON,EUROCONTROL NMOC,BISON,28.04000277777778,-97.14279722222223,101000746288971
dp_icao,4450,BIVAT,EUROCONTROL NMOC,BIVAT,36.663888888888884,111.95277777777778,400003228955164
dp_icao,117965,BIVAT,EUROCONTROL NMOC,BIVAT,-27.541944444444447,151.91194444444446,400001637656290
dp_icao,4475,BIZEN,EUROCONTROL NMOC,BIZEN,34.70990277777778,134.21508888888889,17853835
dp_icao,37723,BIZEN,EUROCONTROL NMOC,BIZEN,39.869816666666665,-105.01735833333333,101000746220004
dp_icao,4480,BLISS,EUROCONTROL NMOC,BLISS,26.047022222222225,127.63973333333334,400003424685765
dp_icao,37839,BLISS,EUROCONTROL NMOC,BLISS,40.327400000000004,-81.97271944444445,17874481
dp_icao,4484,BLUES,EUROCONTROL NMOC,BLUES,34.866394444444445,131.9064138888889,17853838
dp_icao,37909,BLUES,EUROCONTROL NMOC,BLUES,38.79586388888889,-77.90752222222223,17874502
dp_other,1611,BN500,EUROCONTROL NMOC,BN500 IF,53.59541436,12.97944258,400002677037502
dp_other,1612,BN500,EUROCONTROL NMOC,BN500,65.53515389,12.18217722,400003782590691
dp_other,1613,BN501,EUROCONTROL NMOC,BN501,53.51181011,12.98294794,400002677037505
dp_other,1614,BN501,EUROCONTROL NMOC,BN501,65.47655639,12.09174889,400003782590694
dp_icao,4557,BOGUM,EUROCONTROL NMOC,BOGUM,20.110000000000003,38.05,17815969
dp_icao,4558,BOGUM,EUROCONTROL NMOC,BOGUM,22.36472777777778,121.6907138888889,400003397616080
dp_icao,4567,BOKAT,EUROCONTROL NMOC,BOKAT,22.03777777777778,113.0,400002122402736
dp_icao,118002,BOKAT,EUROCONTROL NMOC,BOKAT,-28.275277777777777,117.545,400005698437465
dp_icao,4586,BOKSO,EUROCONTROL NMOC,BOKSO,51.79669567,10.65875628,17835252
dp_icao,4587,BOKSO,EUROCONTROL NMOC,BOKSO,42.80520555555555,142.46518055555555,400001133211924
dp_icao,4650,BONDO,EUROCONTROL NMOC,BONDO,35.605355555555555,140.07846666666666,1662244502
dp_icao,38327,BONDO,EUROCONTROL NMOC,BONDO,33.194341666666666,-117.02729166666667,17874634
dp_icao,4655,BONGO,EUROCONTROL NMOC,BONGO,37.4125,140.9572222222222,1662231513
dp_icao,38336,BONGO,EUROCONTROL NMOC,BONGO,40.12530833333334,-109.35627222222222,17874646
dp_icao,38344,BONIL,EUROCONTROL NMOC,BONIL,41.34286388888889,-98.94814166666667,17874652
dp_icao,38346,BONIL,EUROCONTROL NMOC,BONIL,8.7675,-79.69888888888889,400003069242970
dp_icao,4672,BONUS,EUROCONTROL NMOC,BONUS,35.60554722222222,140.119325,1662244505
dp_icao,38377,BONUS,EUROCONTROL NMOC,BONUS,20.385302777777778,-155.57320277777777,17853886
dp_icao,4677,BOOST,EUROCONTROL NMOC,BOOST,26.11476388888889,127.63655277777778,400003424685768
dp_icao,38415,BOOST,EUROCONTROL NMOC,BOOST,31.989055555555556,-102.32780277777778,800000628485553
dp_icao,4717,BORKI,EUROCONTROL NMOC,BORKI,10.710441666666666,17.130125,17818530
dp_icao,4718,BORKI,EUROCONTROL NMOC,BORKI,58.030277777777776,92.24944444444445,400001775230515
dp_icao,4725,BOROS,EUROCONTROL NMOC,BOROS,28.549613888888892,129.89808333333332,400003915432071
dp_icao,38498,BOROS,EUROCONTROL NMOC,BOROS,41.15679166666666,-72.16415555555557,17874718
dp_icao,4749,BOTAN,EUROCONTROL NMOC,BOTAN,33.465650000000004,133.18496666666667,17853904
dp_icao,4750,BOTAN,EUROCONTROL NMOC,BOTAN,36.269444444444446,67.5111111111111,101000678011758
dp_icao,4768,BOURI,EUROCONTROL NMOC,BOURI,37.98916666666667,5.0,17816047
dp_icao,4769,BOURI,EUROCONTROL NMOC,BOURI,31.69,18.71638888888889,17816050
dp_icao,4788,BOXER,EUROCONTROL NMOC,BOXER,35.87027777777778,140.331,101002046871433
dp_icao,38711,BOXER,EUROCONTROL NMOC,BOXER,42.71666666666667,-126.18,17874820
dp_icao,4805,BRAIN,EUROCONTROL NMOC,BRAIN,51.81108611111111,0.6516666666666667,17835324
dp_icao,38808,BRAIN,EUROCONTROL NMOC,BRAIN,43.65006666666667,-96.43682777777778,17874880
dp_icao,38818,BRAND,EUROCONTROL NMOC,BRAND,40.03507777777778,-74.73597222222223,17874898
dp_icao,118076,BRAND,EUROCONTROL NMOC,BRAND,-18.0175,122.09388888888888,800000955830920
dp_icao,4815,BRENT,EUROCONTROL NMOC,BRENT,25.01833333333333,123.18277777777779,1660980692
dp_icao,38901,BRENT,EUROCONTROL NMOC,BRENT,30.561019444444444,-87.21151388888889,101000746274093
dp_icao,4823,BRONZ,EUROCONTROL NMOC,BRONZ,37.26972222222222,30.349444444444444,82779329
dp_icao,39041,BRONZ,EUROCONTROL NMOC,BRONZ,42.33400833333334,-85.65883055555557,17875042
dp_icao,4824,BROOK,EUROCONTROL NMOC,BROOK,36.03726666666667,140.17753333333332,101002596037934
dp_icao,39044,BROOK,EUROCONTROL NMOC,BROOK,36.17437222222222,-81.01333055555556,17875048
dp_icao,4827,BRUCE,EUROCONTROL NMOC,BRUCE,36.20012222222223,139.94886944444445,400003150496087
dp_icao,39104,BRUCE,EUROCONTROL NMOC,BRUCE,56.236402777777776,-5.841136111111111,17835369
dp_icao,4830,BRUTE,EUROCONTROL NMOC,BRUTE,34.3436,134.33530555555558,321549143
dp_icao,39134,BRUTE,EUROCONTROL NMOC,BRUTE,42.40752777777777,-122.72253333333333,17875093
dp_icao,4846,BUBLE,EUROCONTROL NMOC,BUBLE,38.059355555555555,140.99895277777776,1293837219
dp_icao,39227,BUBLE,EUROCONTROL NMOC,BUBLE,40.18702777777777,-87.85537777777778,17875114
dp_other,1854,BUE,CIVIL AVIATION AUTHORITY OF THE PHILIPPINES,BUENAVISTA,10.699722222222222,122.65055555555556,400005119800102
dp_other,1855,BUE,CIVIL AVIATION AUTHORITY OF THE PHILIPPINES,BUENAVISTA,8.9825,125.40055555555556,400005120062661
dp_icao,39418,BULLA,EUROCONTROL NMOC,BULLA,32.95015277777778,-82.44985,101000746161059
dp_icao,118108,BULLA,EUROCONTROL NMOC,BULLA,-37.07777777777778,146.34722222222223,302489177
dp_icao,4972,BUMER,EUROCONTROL NMOC,BUMER,54.342222222222226,97.94833333333334,18562297
dp_icao,4973,BUMER,EUROCONTROL NMOC,BUMER,34.75631111111111,134.99647499999998,400001877869477
dp_icao,39480,BUNKA,EUROCONTROL NMOC,BUNKA,39.08258888888889,-87.15182777777778,17875234
dp_icao,39481,BUNKA,EUROCONTROL NMOC,BUNKA,7.051324999999999,-5.233797222222222,97821783
dp_icao,4998,BUNNY,EUROCONTROL NMOC,BUNNY,34.69584722222222,136.95678888888887,400002726362975
dp_icao,39492,BUNNY,EUROCONTROL NMOC,BUNNY,42.735055555555554,-116.26021666666666,101000746261044
dp_icao,118121,BUNNY,EUROCONTROL NMOC,BUNNY,-27.546944444444446,127.20361111111112,300000071938935
dp_icao,39553,BURLI,EUROCONTROL NMOC,BURLI,40.483830555555556,-86.40269444444445,101000746168796
dp_icao,118130,BURLI,EUROCONTROL NMOC,BURLI,-28.1925,153.60055555555556,355577314
dp_icao,39558,BURNI,EUROCONTROL NMOC,BURNI,53.727155555555555,-2.5177388888888887,17835453
dp_icao,39559,BURNI,EUROCONTROL NMOC,BURNI,40.656844444444445,-77.80391388888889,17875294
dp_icao,39569,BURPA,EUROCONTROL NMOC,BURPA,3.2097222222222226,-77.43805555555556,76767713
dp_icao,118136,BURPA,EUROCONTROL NMOC,BURPA,-27.073055555555555,152.95916666666665,17866415
dp_icao,5053,BUSCH,EUROCONTROL NMOC,BUSCH,50.84033333,10.43216667,19299260
dp_icao,39598,BUSCH,EUROCONTROL NMOC,BUSCH,27.648947222222223,-81.62235555555554,101000701653415
dp_icao,5082,BUTRA,EUROCONTROL NMOC,BUTRA,39.35333333333333,67.47333333333333,17826848
dp_icao,5083,BUTRA,EUROCONTROL NMOC,BUTRA,15.418333333333333,105.5961111111111,17853955
dp_icao,5112,BYWAY,EUROCONTROL NMOC,BYWAY,26.02605833333333,121.99516944444444,755085081
dp_icao,39807,BYWAY,EUROCONTROL NMOC,BYWAY,37.699749999999995,-98.91728611111111,17875469
dp_other,1912,C,DFS DEUTSCHE FLUGSICHERUNG GMBH,EDDC CHARLIE,51.11666667,13.565,400002193418096
dp_other,1913,C,DFS DEUTSCHE FLUGSICHERUNG GMBH,EDVE CHARLIE,52.30666667,10.73,400002193418531
dp_other,1918,CAB,CIVIL AVIATION AUTHORITY OF THE PHILIPPINES,CABAGAN,17.401944444444442,121.80888888888889,400004504543813
dp_other,1919,CAB,CIVIL AVIATION AUTHORITY OF THE PHILIPPINES,CABADBARAN,9.114444444444445,125.52472222222222,400005120062664
dp_icao,5117,CACHI,EUROCONTROL NMOC,CACHI,47.06666666666667,4.1066666666666665,17835489
dp_icao,39932,CACHI,EUROCONTROL NMOC,CACHI,9.821138888888889,-83.75722222222223,17845338
dp_other,1921,CAL,CIVIL AVIATION AUTHORITY OF THE PHILIPPINES,CALABANGA,13.708333333333332,123.21472222222222,400003012036308
dp_other,1922,CAL,CIVIL AVIATION AUTHORITY OF THE PHILIPPINES,CALINAN,7.191111111111112,125.45416666666667,400004398487410
dp_other,1923,CAL,CIVIL AVIATION AUTHORITY OF THE PHILIPPINES,CALATONG,12.181111111111111,122.06166666666667,400004627810980
dp_icao,5123,CALDO,EUROCONTROL NMOC,CALDO,45.90916667,8.86416667,18356286
dp_icao,40193,CALDO,EUROCONTROL NMOC,CALDO,42.78647222222222,-85.49786388888889,259678890
dp_other,1924,CAM,CIVIL AVIATION AUTHORITY OF THE PHILIPPINES,CAMSUR WATERSPORTS COMPLEX,13.589166666666667,123.24916666666667,400003012036311
dp_other,1925,CAM,CIVIL AVIATION AUTHORITY OF THE PHILIPPINES,CAMELLA HOMES,7.142777777777778,125.63972222222223,400004398487416
dp_icao,5125,CAMAS,EUROCONTROL NMOC,CAMAS,32.72253611111111,128.26247777777778,101000729171725
dp_icao,40278,CAMAS,EUROCONTROL NMOC,CAMAS,43.01345833333333,-123.6221861111111,17875586
dp_icao,40283,CAMBO,EUROCONTROL NMOC,CAMBO,55.507422222222225,-169.17385833333333,17821898
dp_icao,40284,CAMBO,EUROCONTROL NMOC,CAMBO,49.291666666666664,-5.859722222222222,17835501
dp_icao,5129,CAMEO,EUROCONTROL NMOC,CAMEO,24.688333333333333,121.065,420335648
dp_icao,40292,CAMEO,EUROCONTROL NMOC,CAMEO,29.66267222222222,-93.53332222222222,17875592
dp_icao,5132,CANDY,EUROCONTROL NMOC,CANDY,33.874947222222225,134.9282722222222,17853991
dp_icao,5133,CANDY,EUROCONTROL NMOC,CANDY,24.455,120.3,400002836794675
dp_icao,5137,CANON,EUROCONTROL NMOC,CANON,34.23009722222223,139.62182222222222,94597982
dp_icao,40413,CANON,EUROCONTROL NMOC,CANON,22.8015,-162.6168888888889,17854012
dp_icao,5138,CANTO,EUROCONTROL NMOC,CANTO,21.650730555555555,113.70696944444445,1119441088
dp_icao,40426,CANTO,EUROCONTROL NMOC,CANTO,35.36285,-99.072475,17875664
dp_icao,5142,CARCO,EUROCONTROL NMOC,CARCO,32.71714722222222,129.0465722222222,101003494846210
dp_icao,40544,CARCO,EUROCONTROL NMOC,CARCO,29.467091666666665,-95.47469722222222,101000746218609
dp_icao,5146,CAROL,EUROCONTROL NMOC,CAROL,25.69388888888889,121.48194444444445,204826217
dp_icao,5147,CAROL,EUROCONTROL NMOC,CAROL,34.59858888888889,133.26704722222223,400001877869480
dp_icao,40603,CAROL,EUROCONTROL NMOC,CAROL,38.83921388888889,-88.97117222222222,17875775
dp_icao,40664,CASEL,EUROCONTROL NMOC,CASEL,60.33112777777778,-145.29840277777777,17821940
dp_icao,40665,CASEL,EUROCONTROL NMOC,CASEL,53.83114722222223,-4.182430555555555,17835519
dp_icao,5155,CASIO,EUROCONTROL NMOC,CASIO,35.839263888888894,140.59890555555558,400003150496100
dp_icao,40677,CASIO,EUROCONTROL NMOC,CASIO,40.92034444444444,-82.43071666666667,259671542
dp_icao,5166,CEDAR,EUROCONTROL NMOC,CEDAR,30.312658333333335,130.79631666666666,17854042
dp_icao,5167,CEDAR,EUROCONTROL NMOC,CEDAR,34.287,36.001194444444444,100838225
dp_icao,41086,CEDAR,EUROCONTROL NMOC,CEDAR,33.533474999999996,-82.61435833333333,400001343265308
dp_icao,5171,CELBI,EUROCONTROL NMOC,CELBI,23.34508888888889,120.19074166666667,400003116673243
dp_icao,41275,CELBI,EUROCONTROL NMOC,CELBI,39.64154166666667,-104.6627888888889,1661812769
dp_icao,5173,CELES,EUROCONTROL NMOC,CELES,31.669583333333335,130.92237777777777,623858143
dp_icao,41283,CELES,EUROCONTROL NMOC,CELES,37.232058333333335,-87.5927,101000774534898
dp_adhp,5528,CF16,NAV CANADA,IXC342010,49.782891666666664,-115.78592777777777,259242143
dp_adhp,5529,CF16,NAV CANADA,ILW339015,50.21019166666667,-119.41063611111112,400002683845894
dp_icao,5198,CHAKO,EUROCONTROL NMOC,CHAKO,22.172361111111112,113.93786111111112,400003734936213
dp_icao,43506,CHAKO,EUROCONTROL NMOC,CHAKO,41.16325,-103.04938055555556,101000746214683
dp_icao,5200,CHALI,EUROCONTROL NMOC,CHALI,21.295833333333334,113.61138888888888,63334705
dp_icao,5201,CHALI,EUROCONTROL NMOC,CHALI,24.729999999999997,120.50833333333334,400002836794672
dp_icao,43516,CHAMB,EUROCONTROL NMOC,CHAMB,33.97272777777778,-84.2572611111111,800000915902661
dp_icao,118181,CHAMB,EUROCONTROL NMOC,CHAMB,-4.188344444444445,143.10891666666666,17939837
dp_icao,5207,CHEEZ,EUROCONTROL NMOC,CHEEZ,33.431936111111106,133.918625,1090519078
dp_icao,43593,CHEEZ,EUROCONTROL NMOC,CHEEZ,43.75825277777778,-122.93876111111112,17876117
dp_icao,5218,CHILY,EUROCONTROL NMOC,CHILY,36.200830555555555,135.2225388888889,93391867
dp_icao,43673,CHILY,EUROCONTROL NMOC,CHILY,34.713502777777784,-112.76174166666667,17876159
dp_icao,5221,CHIPS,EUROCONTROL NMOC,CHIPS,36.21325,140.24358055555555,400003150496149
dp_icao,43688,CHIPS,EUROCONTROL NMOC,CHIPS,70.47724166666667,-155.64643333333333,17822033
dp_icao,43745,CHOOK,EUROCONTROL NMOC,CHOOK,33.93461666666666,-87.45594722222222,17876201
dp_icao,118187,CHOOK,EUROCONTROL NMOC,CHOOK,-28.283333333333335,153.6938888888889,223386556
dp_icao,5247,CISCO,EUROCONTROL NMOC,CISCO,35.41938333333333,139.890325,1662244549
dp_icao,44323,CISCO,EUROCONTROL NMOC,CISCO,41.83218888888889,-70.38087222222221,101000746261317
dp_icao,44330,CISHO,EUROCONTROL NMOC,CISHO,59.126869444444445,-158.42576666666665,259679901
dp_icao,44331,CISHO,EUROCONTROL NMOC,CISHO,41.993725,-86.18151944444445,1661136047
dp_icao,44556,CLARA,EUROCONTROL NMOC,CLARA,9.975444444444445,-83.72391666666667,17845395
dp_icao,44557,CLARA,EUROCONTROL NMOC,CLARA,30.306394444444447,-91.09145277777777,101000746258824
dp_icao,5253,CLARK,EUROCONTROL NMOC,CLARK,36.11723055555556,139.80013055555557,400003150496158
dp_icao,44562,CLARK,EUROCONTROL NMOC,CLARK,35.10783333333333,-89.86630277777778,17876302
dp_icao,5255,CLIFF,EUROCONTROL NMOC,CLIFF,26.553483333333332,127.74811666666666,400003424685771
dp_icao,118192,CLIFF,EUROCONTROL NMOC,CLIFF,-29.700833333333332,152.07472222222222,400005771522494
dp_icao,5257,CLOAK,EUROCONTROL NMOC,CLOAK,35.263327777777775,140.03560555555555,1662244555
dp_icao,44649,CLOAK,EUROCONTROL NMOC,CLOAK,41.042827777777774,-95.35149444444444,101000746212127
dp_icao,5259,CLONE,EUROCONTROL NMOC,CLONE,34.732725,140.14888888888888,400003150496163
dp_icao,44656,CLONE,EUROCONTROL NMOC,CLONE,40.944894444444444,-96.76114722222222,101000746195222
dp_icao,44707,CLYDE,EUROCONTROL NMOC,CLYDE,55.96345277777778,-4.792086111111111,17835588
dp_icao,44708,CLYDE,EUROCONTROL NMOC,CLYDE,33.17059166666667,-96.09882222222221,101000746174107
dp_icao,44856,COCOS,EUROCONTROL NMOC,COCOS,5.829722222222222,-86.21833333333333,17845413
dp_icao,44857,COCOS,EUROCONTROL NMOC,COCOS,31.228530555555555,-93.26475277777777,17876485
dp_icao,45101,COLLY,EUROCONTROL NMOC,COLLY,41.57843611111112,-76.46694166666667,259680549
dp_icao,118202,COLLY,EUROCONTROL NMOC,COLLY,-27.489444444444445,147.60611111111112,18561126
dp_icao,5271,COLOR,EUROCONTROL NMOC,COLOR,36.0212,140.2055,400001533396257
dp_icao,45118,COLOR,EUROCONTROL NMOC,COLOR,10.752805555555556,-83.58319444444444,300000137743921
dp_icao,5272,COMBI,EUROCONTROL NMOC,COMBI,33.914116666666665,139.49390277777778,94598069
dp_icao,5273,COMBI,EUROCONTROL NMOC,COMBI,21.49363888888889,113.46230555555556,400000230038601
dp_icao,5276,CON,CIVIL AVIATION AUTHORITY OF THE PHILIPPINES,CONSING,10.813333333333334,123.10694444444444,400005378334524
dp_other,2126,CON,CIVIL AVIATION AUTHORITY OF THE PHILIPPINES,CONSOLACION,10.367222222222223,123.94972222222222,400005258388961
dp_icao,5277,CONAR,EUROCONTROL NMOC,CONAR,39.36472222222223,127.21277777777777,400001916229058
dp_icao,45214,CONAR,EUROCONTROL NMOC,CONAR,21.231666666666666,-85.78805555555556,800001208337829
dp_icao,5278,CONCH,EUROCONTROL NMOC,CONCH,32.99138888888889,13.026111111111112,17816179
dp_icao,45222,CONCH,EUROCONTROL NMOC,CONCH,20.23678888888889,-67.86581388888888,17845422
dp_icao,5281,CONGA,EUROCONTROL NMOC,CONGA,21.73402777777778,116.78497222222222,17854141
dp_icao,45243,CONGA,EUROCONTROL NMOC,CONGA,33.88098333333333,-117.93327500000001,101000746261093
dp_icao,5285,COPEN,EUROCONTROL NMOC,COPEN,35.551027777777776,140.82754722222222,400003150496197
dp_icao,45349,COPEN,EUROCONTROL NMOC,COPEN,35.49951111111111,-89.3895388888889,800000377383721
dp_icao,45383,COPPA,EUROCONTROL NMOC,COPPA,33.17251666666667,-112.651775,101000746139736
dp_icao,118215,COPPA,EUROCONTROL NMOC,COPPA,-35.781666666666666,147.58166666666665,17866609
dp_icao,5288,COPRA,EUROCONTROL NMOC,COPRA,25.72557222222222,121.94335000000001,689978030
dp_icao,45389,COPRA,EUROCONTROL NMOC,COPRA,25.793586111111114,-80.4708,101000746139237
dp_icao,45414,CORAL,EUROCONTROL NMOC,CORAL,16.715833333333332,-84.62805555555555,17845431
dp_icao,118216,CORAL,EUROCONTROL NMOC,CORAL,-26.547777777777778,153.31944444444443,17866615
dp_icao,5293,CORGI,EUROCONTROL NMOC,CORGI,35.64160277777778,140.86080555555554,400003150496208
dp_icao,45446,CORGI,EUROCONTROL NMOC,CORGI,24.861800000000002,-81.71375,17876737
dp_icao,5299,COSMO,EUROCONTROL NMOC,COSMO,35.57678055555556,140.51071944444445,17854165
dp_icao,45557,COSMO,EUROCONTROL NMOC,COSMO,31.73611111111111,-77.35472222222222,101000746132752
dp_icao,5303,COTON,EUROCONTROL NMOC,COTON,21.156713888888888,113.18362222222223,1119441091
dp_icao,45622,COTON,EUROCONTROL NMOC,COTON,42.31991666666667,-89.31222777777778,17876791
dp_icao,118218,COTON,EUROCONTROL NMOC,COTON,-27.61888888888889,153.21666666666667,223386608
dp_icao,5309,CRANE,EUROCONTROL NMOC,CRANE,42.82134444444445,144.146275,17854171
dp_icao,45856,CRANE,EUROCONTROL NMOC,CRANE,31.711608333333334,-102.23921388888888,17876869
dp_icao,5311,CREAM,EUROCONTROL NMOC,CREAM,35.295375,140.10344999999998,1662244562
dp_icao,45885,CREAM,EUROCONTROL NMOC,CREAM,41.14884722222222,-72.52175555555556,17876899
dp_icao,45912,CREWE,EUROCONTROL NMOC,CREWE,52.81856944444445,-2.307472222222222,17835642
dp_icao,45913,CREWE,EUROCONTROL NMOC,CREWE,37.02301388888889,-78.21767222222222,17877014
dp_icao,5318,CUBIT,EUROCONTROL NMOC,CUBIT,27.085505555555553,122.83231388888889,800000544453203
dp_icao,46130,CUBIT,EUROCONTROL NMOC,CUBIT,47.18886111111111,-122.76186666666666,101000746297109
dp_other,2151,CUL,CIVIL AVIATION AUTHORITY OF THE PHILIPPINES,CULASI,11.608333333333333,122.70555555555556,400004506676047
dp_other,2152,CUL,CIVIL AVIATION AUTHORITY OF THE PHILIPPINES,CULASI,11.075555555555555,122.98833333333333,400005119805324
dp_icao,5329,CUPIE,EUROCONTROL NMOC,CUPIE,35.445788888888885,133.12435000000002,400003759580914
dp_icao,46530,CUPIE,EUROCONTROL NMOC,CUPIE,41.5274,-85.56624166666667,400001999360583
dp_icao,5335,CURVY,EUROCONTROL NMOC,CURVY,35.41632222222222,139.86891666666668,101003045698294
dp_icao,46639,CURVY,EUROCONTROL NMOC,CURVY,39.62533611111111,-76.0161138888889,17877239
dp_icao,5338,CUTEL,EUROCONTROL NMOC,CUTEL,55.885802777777776,2.3743555555555558,17835663
dp_icao,46715,CUTEL,EUROCONTROL NMOC,CUTEL,44.90763888888889,-124.02369444444444,17877254
dp_icao,5353,DABRA,EUROCONTROL NMOC,DABRA,26.064552777777777,120.10088055555555,400003440562473
dp_icao,46976,DABRA,EUROCONTROL NMOC,DABRA,4.323611111111111,-52.82361111111111,17859524
dp_icao,5355,DABUR,EUROCONTROL NMOC,DABUR,51.78527777777778,142.59972222222223,17826887
dp_icao,118243,DABUR,EUROCONTROL NMOC,DABUR,-26.333333333333332,5.0,22073161
dp_icao,5379,DAGDA,EUROCONTROL NMOC,DAGDA,33.81615,142.34769444444444,101003337460589
dp_icao,118262,DAGDA,EUROCONTROL NMOC,DAGDA,-8.820333333333334,160.83666666666667,400003113983072
dp_icao,5389,DAGRI,EUROCONTROL NMOC,DAGRI,31.433958333333333,131.1106,228737926
dp_icao,5390,DAGRI,EUROCONTROL NMOC,DAGRI,5.633577777777777,102.64228611111112,400002404101245
dp_icao,5395,DAHRA,EUROCONTROL NMOC,DAHRA,36.36527777777778,1.5,17816194
dp_icao,5396,DAHRA,EUROCONTROL NMOC,DAHRA,29.467499999999998,17.93166666666667,400004683933701
dp_icao,47126,DALEY,EUROCONTROL NMOC,DALEY,42.905027777777775,-89.7884,17877329
dp_icao,118275,DALEY,EUROCONTROL NMOC,DALEY,-35.56166666666666,149.17805555555555,400000278314073
dp_adhp,7892,DALON,EUROCONTROL NMOC,DALON,-4.739572222222222,55.615050000000004,400001667928164
dp_icao,47138,DALON,EUROCONTROL NMOC,DALON,39.06878888888889,-122.26638611111112,17877332
dp_icao,5479,DANDY,EUROCONTROL NMOC,DANDY,37.17375555555555,139.51163333333332,623858056
dp_icao,47186,DANDY,EUROCONTROL NMOC,DANDY,40.780030555555555,-74.16818888888889,259688380
dp_icao,5483,DANGO,EUROCONTROL NMOC,DANGO,34.547675,133.61511388888889,400001139168905
dp_icao,47196,DANGO,EUROCONTROL NMOC,DANGO,22.0975,-102.66166666666668,496226242
dp_other,2174,DAO,CIVIL AVIATION AUTHORITY OF THE PHILIPPINES,DAODAO,7.793333333333333,123.43527777777778,400004399719785
dp_other,2175,DAO,CIVIL AVIATION AUTHORITY OF THE PHILIPPINES,DAO,11.392222222222221,122.68694444444445,400004506676061
dp_icao,5537,DARKE,EUROCONTROL NMOC,DARKE,27.744722222222222,85.10499999999999,17848552
dp_icao,47310,DARKE,EUROCONTROL NMOC,DARKE,17.92482222222222,-71.94881388888889,400003531372728
dp_icao,5538,DARKS,EUROCONTROL NMOC,DARKS,35.57078611111111,139.98415,1662244577
dp_icao,47313,DARKS,EUROCONTROL NMOC,DARKS,38.636738888888885,-84.61915833333333,17877401
dp_icao,5572,DASON,EUROCONTROL NMOC,DASON,21.05646388888889,112.87788611111111,1119441094
dp_icao,47385,DASON,EUROCONTROL NMOC,DASON,23.5,-109.48027777777779,400001780643067
dp_icao,47472,DAVEY,EUROCONTROL NMOC,DAVEY,36.310566666666666,-97.98905833333333,101002451257245
dp_icao,118314,DAVEY,EUROCONTROL NMOC,DAVEY,-20.409166666666664,145.7497222222222,17866735
dp_adhp,7894,DAVID,EUROCONTROL NMOC,DAVID,-4.920308333333334,55.625883333333334,400001667928170
dp_icao,5613,DAVID,EUROCONTROL NMOC,DAVID,40.78661378,8.38382928,18356348
dp_icao,47476,DAVID,EUROCONTROL NMOC,DAVID,43.909841666666665,-72.34819722222221,17877446
dp_adhp,1560,DB403,EUROCONTROL NMOC,DB403,25.331555555555557,55.08411111111111,400002464587399
dp_other,2204,DB403,EUROCONTROL NMOC,DB403,52.80587406,13.65417808,400003593497686
dp_adhp,1567,DB413,EUROCONTROL NMOC,DB413,25.434444444444445,55.04355555555556,800000463260684
dp_other,2205,DB413,EUROCONTROL NMOC,DB413,52.71904244,13.72380072,400003593497689
dp_adhp,1572,DB423,EUROCONTROL NMOC,DB423,25.231111111111108,55.55122222222222,800000463260708
dp_other,2206,DB423,EUROCONTROL NMOC,DB423,52.63474375,13.79109775,400003593497692
dp_adhp,1581,DB461,EUROCONTROL NMOC,DB461,25.222555555555555,55.00922222222222,400002464587466
dp_other,2221,DB461,EUROCONTROL NMOC,DB461,52.333337,13.79516206,400003593497743
dp_adhp,1582,DB463,EUROCONTROL NMOC,DB463,25.18075,54.97533333333334,400002464587472
dp_other,2223,DB463,EUROCONTROL NMOC,DB463,52.38080069,13.99847919,400003593497749
dp_adhp,1583,DB464,EUROCONTROL NMOC,DB464,25.355027777777778,55.76186111111111,400002464587475
dp_other,2224,DB464,EUROCONTROL NMOC,DB464,52.40440161,14.10030014,400003593497752
dp_adhp,1584,DB465,EUROCONTROL NMOC,DB465,25.167250000000003,55.23177777777778,400002464587478
dp_other,2225,DB465,EUROCONTROL NMOC,DB465,52.42791506,14.20222906,400003593497755
dp_adhp,1585,DB466,EUROCONTROL NMOC,DB466,25.236666666666668,55.108111111111114,400002464587481
dp_other,2226,DB466,EUROCONTROL NMOC,DB466,52.45134086,14.30426569,400003593497758
dp_adhp,1586,DB467,EUROCONTROL NMOC,DB467,25.202222222222222,55.09166666666667,400002464587484
dp_other,2227,DB467,EUROCONTROL NMOC,DB467,52.47467892,14.40640981,400003593497761
dp_adhp,1612,DB531,EUROCONTROL NMOC,DB531,25.360833333333336,55.12316666666667,400002464587556
dp_other,2235,DB531,EUROCONTROL NMOC,DB531 (K220-),52.38011942,13.00738494,400003593497785
dp_adhp,1613,DB532,EUROCONTROL NMOC,DB532,25.18575,55.42658333333333,400002464587559
dp_other,2236,DB532,EUROCONTROL NMOC,DB532,52.33104572,13.01798231,400003593497788
dp_adhp,1614,DB533,EUROCONTROL NMOC,DB533,25.242361111111112,55.26877777777778,400002651302313
dp_other,2237,DB533,EUROCONTROL NMOC,DB533,52.32392272,12.93040267,400003593497791
dp_adhp,1615,DB534,EUROCONTROL NMOC,DB534,25.187694444444446,55.33577777777778,400002651302317
dp_other,2238,DB534,EUROCONTROL NMOC,DB534,52.29932228,12.82939936,400003593497794
dp_adhp,1622,DB572,EUROCONTROL NMOC,DB572,25.073083333333333,55.41588888888889,400002464587574
dp_other,2256,DB572,EUROCONTROL NMOC,DB572 (K220-),52.11963458,13.34786656,400003593497854
dp_adhp,1624,DB582,EUROCONTROL NMOC,DB582,25.29988888888889,55.23975,400003484320181
dp_other,2257,DB582,EUROCONTROL NMOC,DB582,52.06156925,13.472893,400003593497857
dp_icao,5643,DEANE,EUROCONTROL NMOC,DEANE,35.57148333333333,140.13207500000001,101003045698335
dp_icao,47669,DEANE,EUROCONTROL NMOC,DEANE,39.587158333333335,-104.64469444444445,101000746282369
dp_icao,5644,DEBAR,EUROCONTROL NMOC,DEBAR,57.050555555555555,92.53305555555555,18562436
dp_icao,47681,DEBAR,EUROCONTROL NMOC,DEBAR,40.254463888888885,-84.97976944444444,17877524
dp_icao,47692,DEBEE,EUROCONTROL NMOC,DEBEE,64.09310277777777,-147.25584444444445,259678587
dp_icao,118322,DEBEE,EUROCONTROL NMOC,DEBEE,-28.092777777777776,152.34722222222223,17866744
dp_icao,5694,DEFOE,EUROCONTROL NMOC,DEFOE,25.779166666666665,120.56527777777778,17854305
dp_icao,47865,DEFOE,EUROCONTROL NMOC,DEFOE,41.04369722222222,-81.04581666666667,17877614
dp_icao,5748,DEKUM,EUROCONTROL NMOC,DEKUM,4.628333333333334,29.66,17816263
dp_icao,47953,DEKUM,EUROCONTROL NMOC,DEKUM,21.952222222222222,-154.5975,101002235579750
dp_icao,5753,DELAM,EUROCONTROL NMOC,DELAM,14.666944444444443,29.112222222222222,17816266
dp_icao,5754,DELAM,EUROCONTROL NMOC,DELAM,54.933611111111105,155.23527777777775,350434230
dp_icao,5765,DELFI,EUROCONTROL NMOC,DELFI,34.7636,136.72749166666668,1541920983
dp_icao,47976,DELFI,EUROCONTROL NMOC,DELFI,33.89031388888889,-86.90865000000001,17877656
dp_other,2352,DELTA,DFS DEUTSCHE FLUGSICHERUNG GMBH,EDDG DELTA,52.18,7.54,400002193418135
dp_other,2353,DELTA,DFS DEUTSCHE FLUGSICHERUNG GMBH,EDDH DELTA,53.56,10.16,400002193418159
dp_icao,5779,DELTA,EUROCONTROL NMOC,DELTA,27.870561111111112,130.51445,17854308
dp_icao,5780,DELTA,EUROCONTROL NMOC,DELTA,35.20777777777778,35.821111111111115,400000651639849
dp_icao,5781,DELTA,EUROCONTROL NMOC,DELTA,21.516666666666666,113.5,400003734936220
dp_icao,5799,DEMET,EUROCONTROL NMOC,DEMET,53.84472222,19.19138888,400002162246129
dp_icao,5800,DEMET,EUROCONTROL NMOC,DEMET,31.98531388888889,131.04796666666667,400003695259734
dp_icao,48073,DENBY,EUROCONTROL NMOC,DENBY,53.52014722222222,-1.9612194444444444,17835783
dp_icao,48074,DENBY,EUROCONTROL NMOC,DENBY,37.21940277777778,-76.17332222222223,17877698
dp_icao,5847,DENNY,EUROCONTROL NMOC,DENNY,35.808,140.09899166666668,1662244586
dp_icao,48101,DENNY,EUROCONTROL NMOC,DENNY,37.866708333333335,-79.73715277777778,17877710
dp_icao,5851,DENSA,EUROCONTROL NMOC,DENSA,26.532777777777778,54.48888888888889,1448955797
dp_icao,5852,DENSA,EUROCONTROL NMOC,DENSA,24.60735277777778,124.29907777777778,800001453485088
dp_icao,5889,DERBY,EUROCONTROL NMOC,DERBY,38.00353888888889,140.4634361111111,1293837438
dp_icao,48178,DERBY,EUROCONTROL NMOC,DERBY,40.996747222222226,-81.43625555555556,259676957
dp_icao,48213,DERRY,EUROCONTROL NMOC,DERRY,33.91328333333333,-96.14399166666668,101000746150135
dp_icao,118339,DERRY,EUROCONTROL NMOC,DERRY,-33.72138888888889,148.0425,300000071938990
dp_other,2436,DF550,EUROCONTROL NMOC,DF550,56.07988889,15.36461111,400002823558083
dp_other,2437,DF550,EUROCONTROL NMOC,FAP RWY07C/GLS 3.2,49.97051827,8.2766035,400004100008389
dp_icao,48537,DIKBA,EUROCONTROL NMOC,DIKBA,9.788333333333334,-17.624716666666668,400002664311536
dp_icao,118350,DIKBA,EUROCONTROL NMOC,DIKBA,-3.606666666666667,28.638333333333332,400002883645007
dp_icao,6174,DILMA,EUROCONTROL NMOC,DILMA,3.5447805555555556,11.522219444444445,400002664311548
dp_icao,118352,DILMA,EUROCONTROL NMOC,DILMA,-5.931666666666667,27.89,400005034262394
dp_icao,6236,DINGO,EUROCONTROL NMOC,DINGO,27.426594444444447,128.80890000000002,400001709014075
dp_icao,48625,DINGO,EUROCONTROL NMOC,DINGO,32.49565,-111.54436666666666,17877863
dp_icao,118356,DIPLO,EUROCONTROL NMOC,DIPLO,-40.0,145.68333333333334,17866856
dp_icao,118357,DIPLO,EUROCONTROL NMOC,DIPLO,-4.1346944444444444,15.392388888888888,97824491
dp_icao,48674,DIPSO,EUROCONTROL NMOC,DIPSO,53.05350555555555,-1.3440583333333334,98323056
dp_icao,118360,DIPSO,EUROCONTROL NMOC,DIPSO,-33.906388888888884,152.07194444444445,17866859
dp_icao,6306,DIRAX,EUROCONTROL NMOC,DIRAX,11.001861111111111,100.54675,17854356
dp_icao,48681,DIRAX,EUROCONTROL NMOC,DIRAX,44.552138888888884,-0.4543888888888889,18354237
dp_icao,6406,DITTO,EUROCONTROL NMOC,DITTO,22.686180555555556,121.43399722222223,400002836794684
dp_icao,48743,DITTO,EUROCONTROL NMOC,DITTO,34.456611111111116,-77.51012222222222,17877907
dp_icao,6512,DOGAR,EUROCONTROL NMOC,DOGAR,39.16277777777778,116.78527777777778,360000307
dp_icao,118382,DOGAR,EUROCONTROL NMOC,DOGAR,-2.0,87.85,17848609
dp_icao,6578,DOLLY,EUROCONTROL NMOC,DOLLY,34.74393055555556,136.83395000000002,400002726362978
dp_icao,49158,DOLLY,EUROCONTROL NMOC,DOLLY,37.40064722222222,-84.6063611111111,17878009
dp_icao,6692,DORIS,EUROCONTROL NMOC,DORIS,26.075141666666667,126.69814166666667,76879830
dp_icao,49313,DORIS,EUROCONTROL NMOC,DORIS,42.97857777777778,-73.064325,17878078
dp_icao,6713,DOSEL,EUROCONTROL NMOC,DOSEL,48.43854444,12.48087778,17844666
dp_icao,118429,DOSEL,EUROCONTROL NMOC,DOSEL,-37.165,145.39527777777778,17866946
dp_icao,6789,DOYLE,EUROCONTROL NMOC,DOYLE,35.57143055555556,140.11958611111112,1662244592
dp_icao,49483,DOYLE,EUROCONTROL NMOC,DOYLE,33.74198611111111,-118.73036111111111,17878150
dp_icao,6792,DOZEN,EUROCONTROL NMOC,DOZEN,36.03493888888889,133.24178888888886,218861763
dp_icao,49492,DOZEN,EUROCONTROL NMOC,DOZEN,34.57031944444445,-93.73094444444445,101000746141655
dp_icao,49522,DRADO,EUROCONTROL NMOC,DRADO,18.468277777777775,-66.41239166666668,101000746241741
dp_icao,118473,DRADO,EUROCONTROL NMOC,DRADO,-12.664444444444445,130.86694444444444,355578516
dp_icao,49532,DRAIN,EUROCONTROL NMOC,DRAIN,43.65763333333333,-123.301175,17878177
dp_icao,118474,DRAIN,EUROCONTROL NMOC,DRAIN,-27.165277777777778,153.08444444444444,223387446
dp_icao,6796,DRAKE,EUROCONTROL NMOC,DRAKE,25.615561111111113,122.07794722222222,689977472
dp_icao,49535,DRAKE,EUROCONTROL NMOC,DRAKE,38.606680555555556,-104.41421666666668,17878180
dp_icao,49536,DRAKE,EUROCONTROL NMOC,DRAKE,8.680166666666667,-84.00030555555556,300000168552924
dp_icao,6800,DREAM,EUROCONTROL NMOC,DREAM,35.648125,141.00663333333333,400003150496244
dp_icao,49565,DREAM,EUROCONTROL NMOC,DREAM,37.172380555555556,-114.99217222222222,101000746142345
dp_other,3293,DU610,EUROCONTROL NMOC,DU610,69.08228167,18.32411972,400002494505365
dp_other,3294,DU610,EUROCONTROL NMOC,,42.662388888888884,17.334777777777777,400003269461491
dp_other,3295,DU611,EUROCONTROL NMOC,DU611,69.10221306,18.15982444,400002494505368
dp_other,3296,DU611,EUROCONTROL NMOC,,42.196305555555554,18.025805555555554,400003269461494
dp_icao,6805,DUBAG,EUROCONTROL NMOC,DUBAG,34.86277777777778,113.72944444444444,360000325
dp_icao,118480,DUBAG,EUROCONTROL NMOC,DUBAG,-15.546666666666667,85.0,17867006
dp_icao,6817,DUBIN,EUROCONTROL NMOC,DUBIN,55.812777777777775,26.978055555555553,17827292
dp_icao,49776,DUBIN,EUROCONTROL NMOC,DUBIN,42.91198611111111,-71.99316944444445,17878300
dp_icao,6855,DUFFY,EUROCONTROL NMOC,DUFFY,26.140686111111112,126.5134361111111,17854455
dp_icao,49885,DUFFY,EUROCONTROL NMOC,DUFFY,54.51483888888889,-5.860777777777778,17836241
dp_icao,49886,DUFFY,EUROCONTROL NMOC,DUFFY,40.79111111111111,-73.52260833333334,259691350
dp_icao,6866,DUGON,EUROCONTROL NMOC,DUGON,8.023547222222223,102.096825,103175402
dp_icao,6867,DUGON,EUROCONTROL NMOC,DUGON,34.576794444444445,136.79056111111112,1541920987
dp_other,3330,DUM,CIVIL AVIATION AUTHORITY OF THE PHILIPPINES,DUMAGUIT PORT,11.595555555555556,122.48166666666667,400004506676069
dp_other,3331,DUM,CIVIL AVIATION AUTHORITY OF THE PHILIPPINES,DUMALAG,11.304444444444446,122.62027777777777,400004506676072
dp_other,3332,DUM,CIVIL AVIATION AUTHORITY OF THE PHILIPPINES,DUMARAO,11.262222222222222,122.6875,400004506676075
dp_other,3333,DUM,CIVIL AVIATION AUTHORITY OF THE PHILIPPINES,DUMANGAS,10.820555555555556,122.71277777777777,400005119800107
dp_other,3334,DUM,CIVIL AVIATION AUTHORITY OF THE PHILIPPINES,DUMANPALIT ISLAND,12.382222222222223,120.11694444444444,400005266479232
dp_icao,118574,DUMPA,EUROCONTROL NMOC,DUMPA,-13.448055555555555,134.51361111111112,17867054
dp_icao,118575,DUMPA,EUROCONTROL NMOC,DUMPA,-4.172647222222222,35.48404166666667,400001834622383
dp_icao,50050,DUNES,EUROCONTROL NMOC,DUNES,36.00813888888889,-115.21268888888889,101000746275372
dp_icao,118589,DUNES,EUROCONTROL NMOC,DUNES,-34.026666666666664,151.17499999999998,17867072
dp_icao,50075,DUNNE,EUROCONTROL NMOC,DUNNE,36.56142222222222,-81.31743888888889,101000746215016
dp_icao,118592,DUNNE,EUROCONTROL NMOC,DUNNE,-37.91638888888889,146.12083333333334,17867081
dp_adhp,1766,DW400,EUROCONTROL NMOC,DW400,24.997194444444446,54.80155555555555,400002309429420
dp_other,3463,DW400,EUROCONTROL NMOC,DW400,52.97158067,9.16398492,101002030223510
dp_adhp,1767,DW404,EUROCONTROL NMOC,DW404,24.918972222222223,54.94372222222222,400002309429426
dp_other,3467,DW404,EUROCONTROL NMOC,DW404,53.12081772,8.40345983,101002030223522
dp_adhp,1769,DW412,EUROCONTROL NMOC,DW412,25.06877777777778,54.84891666666667,400002309429658
dp_other,3471,DW412,EUROCONTROL NMOC,DW412,52.95165331,8.30517483,101002030223534
dp_other,3492,DX1,EUROCONTROL NMOC,DX1 25 DME MUN RWY26 KIRDI/5.3 NM TO MEBEK,48.22327721,12.43459565,400002077336291
dp_other,3493,DX1,EUROCONTROL NMOC,DX1 6.0 DME HDO RWY04 HDO,50.99767081,14.25537144,400002077336294
dp_other,3496,DX4,EUROCONTROL NMOC,DX4 6.6 NM TO GIVMI,48.59247447,11.39475,400002077336312
dp_other,3497,DX4,EUROCONTROL NMOC,DX4 40.0 DME HDO RWY04 OSKAN,51.42977464,13.67155531,400002077336315
dp_other,3501,E,AUSTRO CONTROL GMBH,E (LOAN),47.83444444,16.36055556,400002467752263
dp_other,3502,E,AUSTRO CONTROL GMBH,E (LOAV),47.9425,16.3025,400002467752302
dp_other,3503,E,AUSTRO CONTROL GMBH,ECHO (LOWZ),47.28333333,12.875,400002848344182
dp_other,3504,E,AUSTRO CONTROL GMBH,ECHO (LOLW),48.16833333,14.0775,400002990029903
dp_other,3505,E,AUSTRO CONTROL GMBH,ECHO (LOGG),47.12333333,16.38166667,400004901764710
dp_other,3506,E,AUSTRO CONTROL GMBH,E (LOIR),47.44333333,10.76166667,400004901772443
dp_other,3507,E,AUSTRO CONTROL GMBH,E (LOGO),47.51833333,14.08166667,400004901772473
dp_other,3508,E,AUSTRO CONTROL GMBH,ECHO (LOKL),46.75,12.95,400004901887139
dp_other,3509,E,AUSTRO CONTROL GMBH,O (LOLG),48.10333333,15.00833333,400004936500057
dp_other,3511,E,AUSTRO CONTROL GMBH,E,47.525,9.68611111,400005564007496
dp_other,3512,E1,AUSTRO CONTROL GMBH,E1 (LOWK),46.70444444,14.72722222,400002467752144
dp_other,3514,E1,AUSTRO CONTROL GMBH,E1 (LOAU),48.435,16.23333333,400004901764719
dp_other,3515,E1,AUSTRO CONTROL GMBH,ECHO 1 (LOGK),47.50666667,15.42,400004901772437
dp_other,3516,E2,AUSTRO CONTROL GMBH,E2 (LOWK),46.72861111,14.52638889,400002467752211
dp_other,3518,E2,AUSTRO CONTROL GMBH,E2 (LOAU),48.415,16.22333333,400004901764707
dp_other,3519,E2,AUSTRO CONTROL GMBH,ECHO 2 (LOGK),47.49166667,15.43166667,400004901772476
dp_icao,50977,EBONY,EUROCONTROL NMOC,EBONY,44.90241111111111,-67.15656944444444,17878623
dp_icao,118633,EBONY,EUROCONTROL NMOC,EBONY,-36.1825,147.07055555555556,17867093
dp_adhp,6138,EBRAX,EUROCONTROL NMOC,EBRAX,14.513288888888889,-17.12064722222222,400002664311595
dp_icao,6995,EBRAX,EUROCONTROL NMOC,EBRAX,19.433955555555556,14.771022222222223,400000124656807
dp_other,3555,ECHO,DFS DEUTSCHE FLUGSICHERUNG GMBH,EDAH ECHO,53.76,14.23,400002193418054
dp_other,3556,ECHO,DFS DEUTSCHE FLUGSICHERUNG GMBH,EDDC ECHO,51.15833333,13.97166667,400002193418099
dp_other,3557,ECHO,DFS DEUTSCHE FLUGSICHERUNG GMBH,EDDG ECHO,52.10833333,7.855,400002193418138
dp_other,3558,ECHO,DFS DEUTSCHE FLUGSICHERUNG GMBH,EDDK ECHO 1,50.84333333,7.335,400002193418183
dp_other,3559,ECHO,DFS DEUTSCHE FLUGSICHERUNG GMBH,EDDL ECHO,51.19166667,6.94166667,400002193418198
dp_other,3560,ECHO,DFS DEUTSCHE FLUGSICHERUNG GMBH,EDDR ECHO 1,49.31333333,7.25833333,400002193418237
dp_other,3561,ECHO,DFS DEUTSCHE FLUGSICHERUNG GMBH,EDDR ECHO 2,49.27782306,7.17344503,400002193418240
dp_other,3562,ECHO,DFS DEUTSCHE FLUGSICHERUNG GMBH,EDDS ECHO,48.76333333,9.19833333,400002193418252
dp_other,3563,ECHO,DFS DEUTSCHE FLUGSICHERUNG GMBH,EDDV ECHO 1,52.38,10.03555556,400002193418276
dp_other,3564,ECHO,DFS DEUTSCHE FLUGSICHERUNG GMBH,EDDV ECHO 2,52.42678056,9.76546389,400002193418279
dp_other,3565,ECHO,DFS DEUTSCHE FLUGSICHERUNG GMBH,EDFH ECHO,49.96,7.40833333,400002193418309
dp_other,3566,ECHO,DFS DEUTSCHE FLUGSICHERUNG GMBH,EDFM ECHO,49.53833333,8.62166667,400002193418324
dp_other,3567,ECHO,DFS DEUTSCHE FLUGSICHERUNG GMBH,EDLW ECHO,51.47666667,7.71166667,400002193418396
dp_other,3568,ECHO,DFS DEUTSCHE FLUGSICHERUNG GMBH,EDMO ECHO 1,48.02166667,11.42333333,400002193418435
dp_other,3569,ECHO,DFS DEUTSCHE FLUGSICHERUNG GMBH,EDMO ECHO 2,48.05546731,11.33323947,400002193418438
dp_other,3570,ECHO,DFS DEUTSCHE FLUGSICHERUNG GMBH,EDPR ECHO,48.69333333,10.8,400002193418468
dp_other,3571,ECHO,DFS DEUTSCHE FLUGSICHERUNG GMBH,EDQM ECHO,50.375,11.94,400002193418474
dp_other,3572,ECHO,DFS DEUTSCHE FLUGSICHERUNG GMBH,EDSB ECHO,48.74833333,8.16666667,400002193418489
dp_other,3573,ECHO,DFS DEUTSCHE FLUGSICHERUNG GMBH,EDTL ECHO,48.335,7.91666667,400002193418504
dp_other,3574,ECHO,DFS DEUTSCHE FLUGSICHERUNG GMBH,EDVE ECHO 1,52.26833333,10.65666667,400002193418534
dp_other,3575,ECHO,DFS DEUTSCHE FLUGSICHERUNG GMBH,EDVE ECHO 2,52.30833333,10.63,400002193418537
dp_other,3576,ECHO,DFS DEUTSCHE FLUGSICHERUNG GMBH,EDVK ECHO 1,51.5,9.545,400002193418558
dp_other,3577,ECHO,DFS DEUTSCHE FLUGSICHERUNG GMBH,EDVK ECHO 2,51.43972222,9.42583333,400002193418570
dp_other,3578,ECHO,DFS DEUTSCHE FLUGSICHERUNG GMBH,EDWN ECHO,52.5,7.27833333,400002193418582
dp_other,3579,ECHO,DFS DEUTSCHE FLUGSICHERUNG GMBH,EDXW ECHO 1,54.88833333,8.63,400002193418588
dp_other,3580,ECHO,DFS DEUTSCHE FLUGSICHERUNG GMBH,EDXW ECHO 2,54.884525,8.51543889,400002193418591
dp_other,3581,ECHO,DFS DEUTSCHE FLUGSICHERUNG GMBH,EDLP ECHO,51.69893908,8.6181835,400002421572727
dp_other,3582,ECHO,DFS DEUTSCHE FLUGSICHERUNG GMBH,EDDK ECHO 2,50.86055556,7.21222222,400003845426385
dp_adhp,1808,ECHO,SKEYES,EBST VFR REP POINT ECHO,50.805,5.330555555555556,400002238787083
dp_adhp,1809,ECHO,SKEYES,EBLG VFR REP POINT ECHO,50.680277777777775,5.6594444444444445,800001467618462
dp_icao,51108,ECKHO,EUROCONTROL NMOC,ECKHO,36.486975,-97.85777777777777,101000746193022
dp_icao,118638,ECKHO,EUROCONTROL NMOC,ECKHO,-39.657777777777774,150.51777777777778,18562115
dp_icao,51912,ELDER,EUROCONTROL NMOC,ELDER,50.66336111111111,-1.3372027777777777,17836322
dp_icao,51913,ELDER,EUROCONTROL NMOC,ELDER,27.991230555555557,-78.62695,17878830
dp_icao,7776,EMELA,EUROCONTROL NMOC,EMELA,10.213663888888888,101.1247611111111,103175207
dp_icao,52341,EMELA,EUROCONTROL NMOC,EMELA,29.27360277777778,-98.76605833333333,101000746161646
dp_icao,7798,EMIKO,EUROCONTROL NMOC,EMIKO,27.479538888888886,128.75255833333333,400001409938941
dp_icao,7799,EMIKO,EUROCONTROL NMOC,EMIKO,25.390777777777778,55.413805555555555,400001559115138
dp_icao,7807,EMITT,EUROCONTROL NMOC,EMITT,35.17242777777778,136.98336666666665,400001968646979
dp_icao,52402,EMITT,EUROCONTROL NMOC,EMITT,46.42891944444444,-92.238425,101000746166184
dp_icao,52484,EMONA,EUROCONTROL NMOC,EMONA,18.666666666666668,-81.4038888888889,17845706
dp_icao,118845,EMONA,EUROCONTROL NMOC,EMONA,-5.265,124.21666666666667,17867164
dp_adhp,1873,EN114,EUROCONTROL NMOC,EN114,0.527038888888889,32.92208888888889,400002868746022
dp_other,4315,EN114,EUROCONTROL NMOC,KY912/90,57.65183781,4.00403322,101002632806521
dp_adhp,7931,EN115,EUROCONTROL NMOC,EN115,-0.4362777777777778,33.09289444444445,400002868746025
dp_other,4316,EN115,EUROCONTROL NMOC,KY912/120,57.21450403,3.55297567,101002632806524
dp_adhp,7932,EN116,EUROCONTROL NMOC,EN116,-0.17943888888888887,32.74911111111111,400002868746028
dp_other,4317,EN116,EUROCONTROL NMOC,KY913/60,58.13776161,4.35600931,101002632806527
dp_adhp,1874,EN133,EUROCONTROL NMOC,EN133,0.6371361111111111,33.034527777777775,400002868746040
dp_other,4324,EN133,EUROCONTROL NMOC,KY938/60,60.98868778,3.72128078,101002632806578
dp_adhp,1875,EN134,EUROCONTROL NMOC,EN134,0.8388027777777778,32.47867222222222,400002868746043
dp_other,4325,EN134,EUROCONTROL NMOC,KY991/30,61.49184958,3.99270358,101002632806581
dp_adhp,7937,EN140,EUROCONTROL NMOC,EN140,-0.5552333333333334,33.145319444444446,400002868746049
dp_other,4327,EN140,EUROCONTROL NMOC,KY955/30,65.44544517,11.01667367,101002632806599
dp_adhp,7940,EN143,EUROCONTROL NMOC,EN143,-0.4080777777777778,32.13091111111111,400002868746058
dp_other,4328,EN143,EUROCONTROL NMOC,KY956/30,65.62682425,11.08410633,101002632806608
dp_adhp,1876,EN146,EUROCONTROL NMOC,EN146,0.16803055555555554,32.26937222222222,400002868746067
dp_other,4329,EN146,EUROCONTROL NMOC,LIFJELL,59.5,8.91666667,101003377895707
dp_adhp,1877,EN147,EUROCONTROL NMOC,EN147,0.5205555555555557,31.752488888888887,400002868746070
dp_other,4330,EN147,EUROCONTROL NMOC,MEHEIA,59.625,9.49472222,101003377895710
dp_adhp,1878,EN310,EUROCONTROL NMOC,EN310,0.5787222222222222,32.974872222222224,400002868746073
dp_other,4432,EN310,EUROCONTROL NMOC,KJAERSTAD,62.60706569,6.21659722,400001599892208
dp_adhp,1879,EN311,EUROCONTROL NMOC,EN311,0.1825361111111111,32.84958888888889,400002868746076
dp_other,4433,EN311,EUROCONTROL NMOC,RUNDE,62.416267,5.58161781,400001599892211
dp_adhp,7943,EN312,EUROCONTROL NMOC,EN312,-0.06743611111111111,33.074275,400002868746079
dp_other,4434,EN312,EUROCONTROL NMOC,RORVIK,62.56983181,6.08367386,400001599892214
dp_adhp,7944,EN314,EUROCONTROL NMOC,EN314,-0.7257416666666667,32.52743611111111,400002868746082
dp_other,4436,EN314,EUROCONTROL NMOC,FOKSEROED,59.18694444,10.19444444,400001619933821
dp_adhp,1880,EN315,EUROCONTROL NMOC,EN315,0.6204722222222222,32.254666666666665,400002868746085
dp_other,4437,EN315,EUROCONTROL NMOC,RAVNOEYA,59.18833333,10.34055556,400001619933824
dp_adhp,7945,EN317,EUROCONTROL NMOC,EN317,-0.4261361111111111,31.929266666666667,400002868746088
dp_other,4439,EN317,EUROCONTROL NMOC,HONSTAD,63.395,10.66805556,400001641026381
dp_adhp,1882,EN332,EUROCONTROL NMOC,EN332,0.6977194444444444,32.991325,400002868746094
dp_other,4449,EN332,EUROCONTROL NMOC,SOPAT,69.95305556,23.84722222,400001937359085
dp_adhp,1883,EN333,EUROCONTROL NMOC,EN333,0.6119944444444444,32.42155555555555,400002868746097
dp_other,4450,EN333,EUROCONTROL NMOC,BOKN EAST,59.2575,5.44916667,400002006740999
dp_adhp,1884,EN334,EUROCONTROL NMOC,EN334,0.919325,32.40959722222222,400002868746100
dp_other,4451,EN334,EUROCONTROL NMOC,BOKN WEST,59.16666667,5.38333333,400002006741002
dp_adhp,1885,EN335,EUROCONTROL NMOC,EN335,0.4642805555555556,32.15246111111111,400002868746103
dp_other,4452,EN335,EUROCONTROL NMOC,FLATHOLMEN,58.925,5.55,400002006741005
dp_adhp,1886,EN336,EUROCONTROL NMOC,EN336,0.5837527777777778,31.782880555555554,400002868746106
dp_other,4453,EN336,EUROCONTROL NMOC,KVITSOY,59.06333333,5.4,400002006741008
dp_adhp,1887,EN341,EUROCONTROL NMOC,EN341,0.009797222222222223,32.57701666666667,400002868746109
dp_other,4458,EN341,EUROCONTROL NMOC,RYVARDEN,59.52722222,5.22527778,400002006741023
dp_adhp,7946,EN342,EUROCONTROL NMOC,EN342,-0.19254166666666667,33.228122222222225,400002868746112
dp_other,4459,EN342,EUROCONTROL NMOC,ROKSUND,59.33277778,5.36166667,400002006741026
dp_adhp,7947,EN343,EUROCONTROL NMOC,EN343,-0.05788055555555556,32.58641388888889,400002868746115
dp_other,4460,EN343,EUROCONTROL NMOC,SKJOLD,59.42861111,5.62194444,400002006741029
dp_adhp,7948,EN344,EUROCONTROL NMOC,EN344,-0.29855,32.908541666666665,400002868746118
dp_other,4461,EN344,EUROCONTROL NMOC,SVEIO,59.55305556,5.40111111,400002006741032
dp_adhp,7949,EN345,EUROCONTROL NMOC,EN345,-0.10735555555555557,32.59328055555556,400002868746121
dp_other,4462,EN345,EUROCONTROL NMOC,UTSIRA,59.30666667,4.88805556,400002006741035
dp_adhp,7950,EN346,EUROCONTROL NMOC,EN346,-0.5367055555555555,33.00904722222222,400002868746124
dp_other,4463,EN346,EUROCONTROL NMOC,VEA,59.29666667,5.19833333,400002006741038
dp_adhp,7951,EN351,EUROCONTROL NMOC,EN351,-0.5593805555555555,32.50389444444444,400002868746127
dp_other,4468,EN351,EUROCONTROL NMOC,DIMNA,62.31777778,5.81916667,400002071042118
dp_adhp,7952,EN352,EUROCONTROL NMOC,EN352,-0.3020583333333333,32.041075,400002868746131
dp_other,4469,EN352,EUROCONTROL NMOC,RJANES,62.24805556,5.96861111,400002071042121
dp_other,4551,END08,MOLDAVIAN AIR TRAFFIC SERVICE PROVIDER (MOLDATSA),END IAP ILS CAT I/II RWY 08 LUKK,46.93083333333333,29.084027777777777,300000382359997
dp_other,4552,END08,MOLDAVIAN AIR TRAFFIC SERVICE PROVIDER (MOLDATSA),END IAP VOR RWY 08 LUKK,46.92422222222222,29.048361111111113,300000395577521
dp_other,4553,END08,MOLDAVIAN AIR TRAFFIC SERVICE PROVIDER (MOLDATSA),END IAP LOC RWY 08 LUKK,46.93011111111111,29.05611111111111,300000395577554
dp_other,4554,END26,MOLDAVIAN AIR TRAFFIC SERVICE PROVIDER (MOLDATSA),END IAP VOR/DME RWY 26 LUKK,46.921305555555556,28.80666666666667,300000382279597
dp_other,4555,END26,MOLDAVIAN AIR TRAFFIC SERVICE PROVIDER (MOLDATSA),END IAP ILS CAT I RWY 26 LUKK,46.92447222222222,28.77213888888889,300000382358261
dp_other,4556,END26,MOLDAVIAN AIR TRAFFIC SERVICE PROVIDER (MOLDATSA),END IAP LOC RWY 26 LUKK,46.92516666666666,28.803916666666666,300000395577631
dp_icao,7999,ENORA,EUROCONTROL NMOC,ENORA,0.9730555555555556,40.0125,400002430707995
dp_icao,118923,ENORA,EUROCONTROL NMOC,ENORA,-17.166666666666668,33.53666666666666,234658082
dp_icao,52801,EPANA,EUROCONTROL NMOC,EPANA,7.799722222222222,-62.775277777777774,17860057
dp_icao,118966,EPANA,EUROCONTROL NMOC,EPANA,-3.2966666666666664,28.936666666666667,76826324
dp_icao,8081,EPDAG,EUROCONTROL NMOC,EPDAG,43.29361111111111,86.20222222222222,1660598096
dp_other,4607,EPDAG,EUROCONTROL NMOC,GOLF,54.44,16.37333333,400001442164598
dp_icao,8082,EPDAL,EUROCONTROL NMOC,EPDAL,20.851944444444445,80.92555555555556,400004839231363
dp_other,4610,EPDAL,EUROCONTROL NMOC,LIMA,54.30666667,16.19666667,400001223947134
dp_icao,53147,ERINA,EUROCONTROL NMOC,ERINA,4.966666666666667,-54.71666666666667,400001362163971
dp_icao,119041,ERINA,EUROCONTROL NMOC,ERINA,-30.94611111111111,134.75,217750357
dp_icao,8482,ESPAN,EUROCONTROL NMOC,ESPAN,34.18726944444444,136.58578055555557,93406516
dp_icao,53371,ESPAN,EUROCONTROL NMOC,ESPAN,36.119819444444445,-106.35703888888888,17879133
dp_icao,119164,ETLEK,EUROCONTROL NMOC,ETLEK,-4.268416666666667,32.222625,400001834622368
dp_icao,119165,ETLEK,EUROCONTROL NMOC,ETLEK,-33.21086666666667,18.224474999999998,400002472205383
dp_icao,119268,EXIGO,EUROCONTROL NMOC,EXIGO,-12.95611111111111,21.75888888888889,213701326
dp_icao,119269,EXIGO,EUROCONTROL NMOC,EXIGO,-19.046666666666667,22.96833333333333,400000552235748
dp_icao,8851,EXTRA,EUROCONTROL NMOC,EXTRA,22.400277777777777,118.21527777777779,99855549
dp_icao,53995,EXTRA,EUROCONTROL NMOC,EXTRA,36.32751666666667,-119.21856666666667,17879312
dp_other,5311,F,AUSTRO CONTROL GMBH,FOXTROT (LOWI),47.28944444,11.87361111,400002467752346
dp_other,5312,F,AUSTRO CONTROL GMBH,F (LOAN),47.83111111,16.24138889,400002467752349
dp_other,5313,F,AUSTRO CONTROL GMBH,F (LOAB),48.9,15.30833333,400004901764692
dp_other,5308,F,DFS DEUTSCHE FLUGSICHERUNG GMBH,EDDM FOXTROT 1,48.46,11.81166667,400002193418207
dp_other,5309,F,DFS DEUTSCHE FLUGSICHERUNG GMBH,EDDM FOXTROT 2,48.39333333,11.82166667,400002193418210
dp_other,5310,F,DFS DEUTSCHE FLUGSICHERUNG GMBH,EDDN FOXTROT,49.405,11.19833333,400002193418219
dp_other,5329,FAF08,MOLDAVIAN AIR TRAFFIC SERVICE PROVIDER (MOLDATSA),FAF IAP LOC RWY 08 LUKK,46.92372222222222,28.749361111111114,300000168125540
dp_other,5330,FAF08,MOLDAVIAN AIR TRAFFIC SERVICE PROVIDER (MOLDATSA),FAF IAP VOR/DME RWY 08 LUKK,46.92777777777778,28.749472222222224,300000168125606
dp_adhp,1937,FAF09,BULATSA-BULGARIAN AIR TRAFFIC SERVICES AUTHORITY,LBWN FAF LOC RWY 09,43.24363888888889,27.692916666666665,400000219730159
dp_adhp,1938,FAF09,BULATSA-BULGARIAN AIR TRAFFIC SERVICES AUTHORITY,LBWN FAF VOR RWY 09,43.244527777777776,27.693083333333334,400002005128008
dp_adhp,1939,FAF09,BULATSA-BULGARIAN AIR TRAFFIC SERVICES AUTHORITY,LBGO FAF VOR RWY 09,43.16436111111111,25.58533333333333,400002059955420
dp_adhp,1941,FAF12,BULATSA-BULGARIAN AIR TRAFFIC SERVICES AUTHORITY,FAF RWY 12 FOR LBPD IAP NDB RWY 12,42.15902777777777,24.689305555555556,800000910870504
dp_other,5331,FAF12,BULATSA-BULGARIAN AIR TRAFFIC SERVICES AUTHORITY,FAF RWY 12 FOR LBPD IAP VOR RWY 12,42.15994444444444,24.69025,800000910852039
dp_other,5333,FAF26,MOLDAVIAN AIR TRAFFIC SERVICE PROVIDER (MOLDATSA),FAF IAP VOR/DME RWY 26 LUKK,46.936055555555555,29.118277777777777,300000382267148
dp_other,5334,FAF26,MOLDAVIAN AIR TRAFFIC SERVICE PROVIDER (MOLDATSA),FAF IAP LOC RWY 26 LUKK,46.931416666666664,29.118583333333333,300000395577679
dp_adhp,1943,FAF27,BULATSA-BULGARIAN AIR TRAFFIC SERVICES AUTHORITY,LBSF FAF  ILS/LOC/VOR RWY 27,42.688027777777776,23.567666666666668,101003366631004
dp_adhp,1944,FAF27,BULATSA-BULGARIAN AIR TRAFFIC SERVICES AUTHORITY,LBWN FAF VOR RWY27,43.222500000000004,27.937472222222222,400000219730208
dp_adhp,1945,FAF27,BULATSA-BULGARIAN AIR TRAFFIC SERVICES AUTHORITY,LBGO FAF VOR RWY 27,43.137388888888886,25.821694444444443,400002059955423
dp_icao,8907,FARES,EUROCONTROL NMOC,FARES,32.16361111111111,10.947777777777778,17817007
dp_icao,8908,FARES,EUROCONTROL NMOC,FARES,14.9,42.016666666666666,400003596427332
dp_icao,54654,FARES,EUROCONTROL NMOC,FARES,40.02310277777778,-74.9503888888889,259692373
dp_icao,8910,FAROS,EUROCONTROL NMOC,FAROS,35.50555555555555,0.30722222222222223,17817004
dp_icao,54698,FAROS,EUROCONTROL NMOC,FAROS,11.123333333333333,-66.50416666666666,17860210
dp_icao,8941,FENDI,EUROCONTROL NMOC,FENDI,34.94423611111111,136.78474722222222,400001968646996
dp_icao,55330,FENDI,EUROCONTROL NMOC,FENDI,33.186838888888886,-94.97688055555555,101000746170370
dp_icao,8943,FENIX,EUROCONTROL NMOC,FENIX,32.141783333333336,131.59148055555556,17854673
dp_icao,55345,FENIX,EUROCONTROL NMOC,FENIX,32.45150277777778,-85.04154444444444,800001781914837
dp_icao,55372,FENUR,EUROCONTROL NMOC,FENUR,58.117336111111115,-135.22275833333333,259685863
dp_icao,55373,FENUR,EUROCONTROL NMOC,FENUR,33.97311666666667,-90.94300833333334,800000377383937
dp_icao,8951,FEVER,EUROCONTROL NMOC,FEVER,26.262422222222224,127.62960833333332,400003424684533
dp_icao,55590,FEVER,EUROCONTROL NMOC,FEVER,32.34026111111111,-97.66227500000001,17879585
dp_adhp,6145,FF01,NAV CANADA,FO027005,54.605534222222225,-101.74878736111111,259240127
dp_adhp,6146,FF01,NAV CANADA,4T001005,55.776211277777776,-92.08081280555555,500000024209449
dp_adhp,6148,FF03,NAV CANADA,YAS200005,59.94267141666666,-69.99544330555555,500000148155754
dp_adhp,6149,FF03,NAV CANADA,GW228005,55.214813,-77.83066311111111,500000194223265
dp_adhp,6151,FF05,NAV CANADA,YVV241005,44.692362249999995,-81.19577616666668,500000049707292
dp_adhp,6152,FF05,NAV CANADA,FF05,56.31841713888889,-94.83546675,500000280140478
dp_adhp,6153,FF06,NAV CANADA,YMO230005,51.224888416666666,-80.68699580555555,259231895
dp_adhp,6154,FF06,NAV CANADA,HI072005,70.7364195,-118.02908186111111,259238077
dp_adhp,6155,FF07,NAV CANADA,YIK262082,62.375774166666666,-78.08227025,400002775680918
dp_adhp,6156,FF07,NAV CANADA,Q1061005,58.67404441666667,-98.64915172222223,500000009292825
dp_adhp,6157,FF070,NAV CANADA,YXP250005,66.11539225,-65.89871475000001,259243107
dp_adhp,6158,FF070,NAV CANADA,YIO250005,72.66456783333334,-78.21249963888889,261010113
dp_adhp,6160,FF08,NAV CANADA,YSY084005,71.98324233333334,-125.58122097222221,259239443
dp_adhp,6161,FF08,NAV CANADA,UZX269003,44.904516944444445,-65.17245805555557,500000035702105
dp_adhp,6164,FF09,NAV CANADA,YPL111005,51.466482500000005,-90.34952949999999,500000240966900
dp_adhp,6165,FF09,NAV CANADA,ZFA264004,62.22914169444444,-133.52441930555557,500000286971489
dp_adhp,6166,FF10,NAV CANADA,YTS005274,48.563300416666664,-81.49481941666667,400005279827271
dp_adhp,6167,FF10,NAV CANADA,YZF108005,62.51066111111111,-114.58566888888889,500000121936341
dp_adhp,6168,FF11,NAV CANADA,YZU305005,54.207307166666666,-115.89275380555556,500000185840485
dp_adhp,6169,FF11,NAV CANADA,YPO093005,54.98124777777778,-85.58598644444444,500000197066923
dp_adhp,6170,FF12,NAV CANADA,UQQ296004,49.75568333333333,-124.95482222222222,259239861
dp_adhp,6171,FF12,NAV CANADA,YSM309005,60.08813691666667,-112.06478713888889,500000118564495
dp_adhp,6173,FF13,NAV CANADA,YGL317005,53.66830227777778,-77.83632311111111,259232487
dp_adhp,6174,FF13,NAV CANADA,YJQ286004,52.22525277777778,-128.20010833333333,259242404
dp_adhp,6175,FF13,NAV CANADA,YRT301005,62.85667319444445,-92.27321372222222,500000146800027
dp_adhp,6176,FF13,NAV CANADA,YCB308005,69.16862547222223,-105.3564316111111,500000203658787
dp_adhp,6180,FF16,NAV CANADA,ILW337009,50.10735833333334,-119.39657500000001,400002683845891
dp_adhp,6181,FF16,NAV CANADA,YZF155005,62.54633861111111,-114.46480936111111,500000122185665
dp_adhp,7997,FF18,AIRWAYS CORPORATION OF NEW ZEALAND LTD,FF18,-37.77067919444444,175.36698105555556,645841916
dp_adhp,7998,FF18,AIRWAYS CORPORATION OF NEW ZEALAND LTD,FF18,-38.01041388888889,176.3757388888889,645842180
dp_adhp,6184,FF19,NAV CANADA,YPX201005,60.141335194444444,-77.29161988888889,259244038
dp_adhp,6185,FF19,NAV CANADA,FO161005,54.75609402777778,-101.70065519444445,259246075
dp_other,5363,FF19I,EUROCONTROL NMOC,FAF RWY 19,56.04436111111111,21.122555555555557,400003988459767
dp_other,5364,FF19I,EUROCONTROL NMOC,FAF RWY 19,54.742472222222226,25.361055555555556,400004757125967
dp_adhp,6187,FF20,NAV CANADA,YPC012006,69.44865,-124.01087222222222,259237885
dp_adhp,6188,FF20,NAV CANADA,YCY030005,70.55701266666667,-68.40237466666667,500000117179555
dp_adhp,6190,FF21,NAV CANADA,YTS005022,48.65352141666666,-81.34391752777778,400005279825759
dp_adhp,6191,FF21,NAV CANADA,YAS042005,60.10425702777778,-69.95068116666667,500000148155750
dp_adhp,6192,FF21,NAV CANADA,GW010005,55.367461194444445,-77.76400116666667,500000194223279
dp_adhp,6194,FF22,NAV CANADA,YOD024006,54.46747222222223,-110.15048333333334,363696451
dp_adhp,6195,FF22,NAV CANADA,YOC231005,67.60042483333332,-139.64105575,400002299881729
dp_adhp,6196,FF220,NAV CANADA,QD220005,54.03629233333333,-100.97925227777777,259239497
dp_adhp,6197,FF220,NAV CANADA,YKQ040005,51.56206658333333,-78.68703936111112,500000286908267
dp_adhp,6198,FF23,NAV CANADA,YRQ067005,46.42111886111111,-72.57041869444444,259244506
dp_adhp,6199,FF23,NAV CANADA,4G057005,54.69129394444444,-97.51494788888888,500000020533648
dp_adhp,6200,FF23,NAV CANADA,YVV226005,44.81223161111111,-81.03618355555555,500000157210747
dp_adhp,6201,FF23,NAV CANADA,FF23,56.427194416666666,-94.63248852777777,500000280142398
dp_adhp,6202,FF24,NAV CANADA,YMO062005,51.34595152777778,-80.50691830555556,259244974
dp_adhp,6203,FF24,NAV CANADA,4L063005,42.36053402777778,-81.98625713888889,500000163810756
dp_adhp,6207,FF26,NAV CANADA,YLL084005,53.30189855555555,-109.94421119444445,259232139
dp_adhp,6208,FF26,NAV CANADA,UYR084001,53.32727388888889,-60.3919,426157037
dp_adhp,6209,FF26,NAV CANADA,YRL076005,51.09161977777778,-93.63378966666667,500000066851803
dp_adhp,6210,FF26,NAV CANADA,YPA072005,53.22794005555556,-105.52874249999999,500000117287263
dp_adhp,6218,FF29,NAV CANADA,ZSJ129005,53.017172583333334,-93.23546363888889,500000020541481
dp_adhp,6219,FF29,NAV CANADA,YPO301005,54.96153980555556,-85.30746055555555,500000197066942
dp_adhp,6220,FF30,NAV CANADA,YIV115005,53.82083877777778,-94.52432755555556,500000185842677
dp_adhp,6221,FF30,NAV CANADA,YUX134005,68.72057861111111,-81.07500125,500000297173669
dp_adhp,6226,FF32,NAV CANADA,YMO144005,51.23674002777778,-80.50715597222222,259236654
dp_adhp,6227,FF32,NAV CANADA,YNA118005,50.17194325,-61.652526305555554,259244713
dp_adhp,6228,FF32,NAV CANADA,YTL299005,53.781910027777776,-89.78456702777778,448359645
dp_adhp,6229,FF33,NAV CANADA,UYR144001,53.31065694444444,-60.393363888888885,426215331
dp_adhp,6230,FF33,NAV CANADA,YEK161005,61.02047008333333,-94.01310722222222,500000220366959
dp_adhp,2038,FIDLA,EUROCONTROL NMOC,FIDLA,22.235008333333333,114.06246944444445,400003734936226
dp_icao,119307,FIDLA,EUROCONTROL NMOC,FIDLA,-18.039544444444445,19.455180555555554,400001802090958
dp_icao,55933,FIKUL,EUROCONTROL NMOC,FIKUL,34.985752777777776,-78.76666666666667,101000746242730
dp_icao,119308,FIKUL,EUROCONTROL NMOC,FIKUL,-28.395,153.65333333333334,223387717
dp_icao,8975,FINCH,EUROCONTROL NMOC,FINCH,38.10916666666667,140.60611388888887,17854688
dp_icao,56056,FINCH,EUROCONTROL NMOC,FINCH,38.149775,-85.20237222222222,17879639
dp_icao,8976,FINGA,EUROCONTROL NMOC,FINGA,37.12596111111111,138.55529444444446,101002951634955
dp_icao,56067,FINGA,EUROCONTROL NMOC,FINGA,42.85203333333334,-71.97762222222222,101002053774146
dp_icao,8983,FIRAN,EUROCONTROL NMOC,FIRAN,31.478888888888886,6.54,86335896
dp_icao,56157,FIRAN,EUROCONTROL NMOC,FIRAN,39.14317777777778,-77.12363611111111,259694665
dp_icao,8989,FISHA,EUROCONTROL NMOC,FISHA,22.282677777777778,115.33655833333333,101000694849853
dp_icao,119314,FISHA,EUROCONTROL NMOC,FISHA,-33.91,151.37666666666667,18562215
dp_icao,9003,FLORY,EUROCONTROL NMOC,FLORY,46.90867611,6.58501472,17836724
dp_icao,56523,FLORY,EUROCONTROL NMOC,FLORY,38.68152222222222,-97.64506666666668,101000746288836
dp_icao,9008,FOGEL,EUROCONTROL NMOC,FOGEL,36.10729722222222,131.9620361111111,400001945380714
dp_icao,56728,FOGEL,EUROCONTROL NMOC,FOGEL,36.60658611111111,-107.98965277777778,101000746296112
dp_other,5469,FP19I,EUROCONTROL NMOC,"FAP (ILS OR LOC, RNP) RWY 19",54.74,25.359333333333336,400001442236385
dp_other,5470,FP19I,EUROCONTROL NMOC,FAP (ILS OR LOC) RWY 19,56.043,21.122,400003815272056
dp_other,5472,FPABC,EUROCONTROL NMOC,,57.00775,23.9851944,400004693383507
dp_other,5473,FPABC,EUROCONTROL NMOC,,56.8338611,23.9563889,400004693383512
dp_icao,9050,FRAIZ,EUROCONTROL NMOC,FRAIZ,33.963569444444445,129.6186388888889,400002362182673
dp_icao,57212,FRAIZ,EUROCONTROL NMOC,FRAIZ,33.46470555555556,-104.32252222222222,17880046
dp_other,13612,FRE,SERVICE DE LINFORMATION AERONAUTIQUE,FREGATE,17.93861111111111,-62.836666666666666,400004825538454
dp_other,13613,FRE,SERVICE DE LINFORMATION AERONAUTIQUE,FR-E,16.246111111111112,-61.31583333333333,400004825538469
dp_icao,57268,FREDO,EUROCONTROL NMOC,FREDO,41.90567222222222,-70.58223333333333,17880079
dp_icao,119327,FREDO,EUROCONTROL NMOC,FREDO,-33.04722222222222,151.84611111111113,355578772
dp_adhp,8040,FREDY,EUROCONTROL NMOC,FREDY,-4.575,55.46361111111111,400001667928176
dp_icao,9052,FREDY,EUROCONTROL NMOC,FREDY,30.900463888888886,131.26207222222223,101002672831898
dp_icao,57269,FREDY,EUROCONTROL NMOC,FREDY,24.995,-77.41250000000001,101002372281897
dp_icao,9053,FREED,EUROCONTROL NMOC,FREED,25.477808333333332,126.54242777777777,400001905059258
dp_icao,57270,FREED,EUROCONTROL NMOC,FREED,43.71928888888889,-93.49427222222222,17880082
dp_other,5493,G,AUSTRO CONTROL GMBH,GOLF (LOWI),47.26305556,11.29472222,400002467752355
dp_other,5494,G,AUSTRO CONTROL GMBH,G (LOAN),47.7975,16.26194444,400002467752358
dp_other,5495,G,AUSTRO CONTROL GMBH,G (LOAV),47.98444444,16.31944444,400002467752361
dp_icao,9104,GABBY,EUROCONTROL NMOC,GABBY,23.135277777777777,120.06166666666667,400002836794696
dp_icao,57579,GABBY,EUROCONTROL NMOC,GABBY,42.473775,-114.10647222222222,17880210
dp_icao,9106,GABEL,EUROCONTROL NMOC,GABEL,29.82385,7.971247222222222,400001825197886
dp_icao,57590,GABEL,EUROCONTROL NMOC,GABEL,38.04885833333333,-79.11020555555555,259696721
dp_icao,57842,GALON,EUROCONTROL NMOC,GALON,30.864183333333333,-86.5019138888889,17880255
dp_icao,119361,GALON,EUROCONTROL NMOC,GALON,-30.634722222222223,154.53333333333333,1602128799
dp_icao,9190,GAMAR,EUROCONTROL NMOC,GAMAR,15.011666666666667,24.14527777777778,66754750
dp_icao,9191,GAMAR,EUROCONTROL NMOC,GAMAR,36.188716666666664,140.08305,1293837512
dp_icao,9192,GAMBA,EUROCONTROL NMOC,GAMBA,21.318922222222223,112.926725,1119441104
dp_icao,9193,GAMBA,EUROCONTROL NMOC,GAMBA,34.714936111111115,135.66869722222222,101002469020918
dp_icao,57863,GAMBA,EUROCONTROL NMOC,GAMBA,18.951666666666664,-26.061666666666667,17817082
dp_icao,9203,GAMMA,EUROCONTROL NMOC,GAMMA,22.531808333333334,121.19580555555557,400002836794699
dp_icao,9204,GAMMA,EUROCONTROL NMOC,GAMMA,35.98229722222222,140.87628055555555,400003150496368
dp_icao,57880,GAMMA,EUROCONTROL NMOC,GAMMA,43.74814722222222,-124.13800555555557,17880270
dp_icao,9226,GANSU,EUROCONTROL NMOC,GANSU,39.42012222222222,141.20627777777776,400004053672814
dp_icao,57927,GANSU,EUROCONTROL NMOC,GANSU,38.0,-9.81754872,17836847
dp_adhp,2563,GARBA,EUROCONTROL NMOC,GARBA,0.5768222222222222,38.46212222222223,400004781701453
dp_icao,9247,GARBA,EUROCONTROL NMOC,GARBA,31.366666666666667,5.198055555555555,400001204798957
dp_icao,9260,GARKI,EUROCONTROL NMOC,GARKI,51.38440556,14.11611667,17836874
dp_icao,57970,GARKI,EUROCONTROL NMOC,GARKI,8.647216666666667,-16.394166666666667,1661788102
dp_icao,58003,GARZA,EUROCONTROL NMOC,GARZA,33.14599722222222,-97.02864166666667,101000746170597
dp_icao,58004,GARZA,EUROCONTROL NMOC,GARZA,9.914330555555557,-85.99413611111112,400004496349534
dp_icao,9274,GASAN,EUROCONTROL NMOC,GASAN,39.731944444444444,125.44472222222223,91060299
dp_icao,9275,GASAN,EUROCONTROL NMOC,GASAN,38.119994444444444,140.15826666666666,400000331221522
dp_icao,9276,GASAN,EUROCONTROL NMOC,GASAN,35.961111111111116,128.5361111111111,400005322487689
dp_icao,9296,GASSI,EUROCONTROL NMOC,GASSI,27.049166666666668,50.374722222222225,87759067
dp_icao,58025,GASSI,EUROCONTROL NMOC,GASSI,40.57166388888889,-119.06833888888889,17880357
dp_adhp,6234,GATAM,EUROCONTROL NMOC,GATAM,12.427027777777777,-8.114749999999999,400002664311699
dp_icao,119373,GATAM,EUROCONTROL NMOC,GATAM,-0.8158333333333334,7.558888888888888,18559763
dp_icao,58042,GATER,EUROCONTROL NMOC,GATER,34.19127777777778,-99.4626138888889,101000746155644
dp_icao,119374,GATER,EUROCONTROL NMOC,GATER,-28.448611111111113,155.68444444444444,18561899
dp_icao,9386,GELMA,EUROCONTROL NMOC,GELMA,57.03972222,14.20361111,17836940
dp_icao,9387,GELMA,EUROCONTROL NMOC,GELMA,26.34384722222222,127.40867222222222,400003424684542
dp_icao,9400,GEMIN,EUROCONTROL NMOC,GEMIN,35.960725000000004,140.41409444444446,101002596039899
dp_icao,58338,GEMIN,EUROCONTROL NMOC,GEMIN,44.13776388888889,-69.58897777777777,259693449
dp_icao,9404,GEMKU,EUROCONTROL NMOC,GEMKU,61.65083333,23.43083333,400001418016989
dp_icao,119388,GEMKU,EUROCONTROL NMOC,GEMKU,-0.041666666666666664,19.11,400005034262405
dp_other,5583,GEN,CIVIL AVIATION AUTHORITY OF THE PHILIPPINES,GENERAL AVIATION RAMP,7.129444444444444,125.6525,400004398487428
dp_other,5584,GEN,CIVIL AVIATION AUTHORITY OF THE PHILIPPINES,GENSANVILLE,6.108333333333333,125.20416666666667,400005266479275
dp_icao,58392,GEORG,EUROCONTROL NMOC,GEORGETOWN,38.929899999999996,-77.12421666666665,259681723
dp_icao,119398,GEORG,EUROCONTROL NMOC,GEORG,-35.06111111111111,149.50333333333333,449964711
dp_icao,9477,GEROS,EUROCONTROL NMOC,GEROS,56.330555555555556,77.53416666666666,1662561018
dp_icao,119414,GEROS,EUROCONTROL NMOC,GEROS,-35.018055555555556,154.9986111111111,18561907
dp_icao,9566,GIBAR,EUROCONTROL NMOC,GIBAR,39.48485277777778,140.29924166666666,400002310990659
dp_icao,58558,GIBAR,EUROCONTROL NMOC,GIBAR,32.09337222222222,-102.31236388888888,101000746292190
dp_icao,9567,GIBAX,EUROCONTROL NMOC,GIBAX,5.673888888888889,43.65611111111111,249247561
dp_icao,9568,GIBAX,EUROCONTROL NMOC,GIBAX,16.34638888888889,48.86027777777778,400003453104769
dp_icao,58580,GIBSO,EUROCONTROL NMOC,GIBSO,50.749744444444445,-2.5187027777777775,17837009
dp_icao,58581,GIBSO,EUROCONTROL NMOC,GIBSO,36.76491111111111,-104.36651388888889,101000746299509
dp_adhp,8086,GILLY,EUROCONTROL NMOC,GILLY,-4.9303083333333335,55.76206111111111,400001667928240
dp_icao,58698,GILLY,EUROCONTROL NMOC,GILLY,32.06616944444444,-83.70883611111111,17880597
dp_icao,119460,GILUM,EUROCONTROL NMOC,GILUM,-11.61,139.01333333333332,17867422
dp_icao,119461,GILUM,EUROCONTROL NMOC,GILUM,-17.426111111111112,178.27722222222224,400003428648834
dp_icao,9781,GINGA,EUROCONTROL NMOC,GINGA,43.627425,143.9530361111111,19181876
dp_icao,58741,GINGA,EUROCONTROL NMOC,GINGA,56.925041666666665,-9.5,19123468
dp_icao,119466,GITOP,EUROCONTROL NMOC,GITOP,-4.0,59.01669166666667,17817274
dp_icao,119467,GITOP,EUROCONTROL NMOC,GITOP,-35.42805555555555,137.56166666666667,800001999426813
dp_icao,10002,GLARE,EUROCONTROL NMOC,GLARE,36.013286111111114,140.3270388888889,400001850936767
dp_icao,58903,GLARE,EUROCONTROL NMOC,GLARE,35.263888888888886,-74.88305555555554,259680768
dp_icao,10010,GLOOM,EUROCONTROL NMOC,GLOOM,21.559722222222224,120.61527777777778,400002355182608
dp_icao,58991,GLOOM,EUROCONTROL NMOC,GLOOM,39.990494444444444,-82.89623611111112,17880705
dp_icao,10012,GLOVR,EUROCONTROL NMOC,GLOVR,33.23135555555556,130.03926388888888,400002060403684
dp_icao,59000,GLOVR,EUROCONTROL NMOC,GLOVR,35.50677777777778,-80.24756388888889,17880717
dp_icao,10095,GODUX,EUROCONTROL NMOC,GODUX,3.0125,101.7867,400002404253214
dp_icao,119495,GODUX,EUROCONTROL NMOC,GODUX,-31.62366666666667,115.1383888888889,400004804552430
dp_other,5993,GOL,CIVIL AVIATION AUTHORITY OF THE PHILIPPINES,GOLDEN HAVEN,6.954444444444444,122.1275,400004385593095
dp_other,5994,GOL,CIVIL AVIATION AUTHORITY OF THE PHILIPPINES,GOLDEN HILLS,16.4475,120.51444444444445,400005445750372
dp_icao,10192,GOLLA,EUROCONTROL NMOC,GOLLA,36.68722222222222,9.968333333333334,97151076
dp_icao,59261,GOLLA,EUROCONTROL NMOC,GOLLA,34.62667777777778,-77.78988333333334,17880864
dp_icao,10202,GOLOM,EUROCONTROL NMOC,GOLOM,72.72083333333333,74.84972222222221,17827709
dp_icao,119507,GOLOM,EUROCONTROL NMOC,GOLOM,-32.74277777777778,152.1225,355579054
dp_icao,10206,GOLOS,EUROCONTROL NMOC,GOLOS,52.281666666666666,105.33916666666666,17827712
dp_icao,59272,GOLOS,EUROCONTROL NMOC,GOLOS,64.28821666666667,-163.58700000000002,17822850
dp_icao,10236,GOMES,EUROCONTROL NMOC,GOMES,13.401694444444445,101.58491666666666,17854838
dp_icao,10237,GOMES,EUROCONTROL NMOC,GOMES,27.271166666666666,128.69878055555557,400001709014093
dp_icao,10249,GOMRI,EUROCONTROL NMOC,GOMRI,35.64972222222222,0.22222222222222224,98391587
dp_icao,10250,GOMRI,EUROCONTROL NMOC,GOMRI,13.304444444444446,44.54,217018887
dp_icao,10269,GONBE,EUROCONTROL NMOC,GONBE,33.63118333333333,132.19688333333335,1613848623
dp_icao,59302,GONBE,EUROCONTROL NMOC,GONBE,40.64630277777778,-96.76306944444444,101000746139092
dp_icao,10335,GORET,EUROCONTROL NMOC,GORET,47.952222222222225,4.0313888888888885,75191955
dp_icao,59425,GORET,EUROCONTROL NMOC,GORET,16.564722222222223,-62.17194444444444,17845849
dp_icao,10338,GORIN,EUROCONTROL NMOC,GORIN,62.305277777777775,150.78555555555556,101002057137249
dp_icao,10339,GORIN,EUROCONTROL NMOC,GORIN,24.534786111111114,129.89574444444443,800001244324841
dp_icao,10357,GORPI,EUROCONTROL NMOC,GORPI,54.916666666666664,15.655000000000001,87717027
dp_icao,10358,GORPI,EUROCONTROL NMOC,GORPI,33.66861111111111,121.40611111111112,101000713846545
dp_icao,10377,GOSIM,EUROCONTROL NMOC,GOSIM,39.04555555555555,130.71694444444444,400002812571757
dp_icao,59480,GOSIM,EUROCONTROL NMOC,GOSIM,23.66583333333333,-109.01194444444444,400002790053997
dp_icao,10380,GOSKI,EUROCONTROL NMOC,GOSKI,33.76083333333333,62.49138888888889,300000158289607
dp_icao,10381,GOSKI,EUROCONTROL NMOC,GOSKI,32.41355,130.27684444444446,400002112250905
dp_icao,10460,GRACE,EUROCONTROL NMOC,GRACE,25.10598611111111,122.28968888888889,17854871
dp_icao,59729,GRACE,EUROCONTROL NMOC,GRACE,40.85685,-79.80058888888888,17881116
dp_icao,10465,GRATE,EUROCONTROL NMOC,GRATE,22.044080555555556,121.47338888888889,400002836794702
dp_icao,59779,GRATE,EUROCONTROL NMOC,GRATE,43.99531666666667,-88.75690555555556,101000746176771
dp_icao,59783,GRAVI,EUROCONTROL NMOC,GRAVI,55.20370833333334,-131.72587222222222,17822880
dp_icao,59784,GRAVI,EUROCONTROL NMOC,GRAVI,38.145922222222225,-84.38467777777778,1661812463
dp_icao,59814,GREAS,EUROCONTROL NMOC,GREAS,42.941066666666664,-88.54512777777778,17881167
dp_other,6026,GREAS,EUROCONTROL NMOC,EAST,58.4375,14.04388889,400005526754953
dp_icao,59860,GRICE,EUROCONTROL NMOC,GRICE,56.196666666666665,-3.6854972222222226,17837357
dp_icao,59861,GRICE,EUROCONTROL NMOC,GRICE,29.810922222222224,-91.14760277777778,17881209
dp_icao,10472,GRIPP,EUROCONTROL NMOC,GRIPP,35.37594722222222,137.10535555555555,400002593743760
dp_icao,59893,GRIPP,EUROCONTROL NMOC,GRIPP,38.811658333333334,-106.45479722222223,17881236
dp_icao,10595,GUMBO,EUROCONTROL NMOC,GUMBO,22.765,123.25166666666667,101002408409672
dp_icao,60213,GUMBO,EUROCONTROL NMOC,GUMBO,41.70644166666667,-93.79468333333332,17881329
dp_icao,10611,GUMSA,EUROCONTROL NMOC,GUMSA,64.69416666666667,42.79888888888889,101003501900025
dp_icao,10612,GUMSA,EUROCONTROL NMOC,GUMSA,39.56888888888889,127.43222222222222,400001916229065
dp_icao,10637,GUNTA,EUROCONTROL NMOC,GUNTA,56.37138888888889,23.755555555555556,17827893
dp_icao,119621,GUNTA,EUROCONTROL NMOC,GUNTA,-33.20333333333333,151.47194444444446,17867578
dp_icao,10665,GURAS,EUROCONTROL NMOC,GURAS,14.001388888888888,80.83166666666666,76700485
dp_icao,10666,GURAS,EUROCONTROL NMOC,GURAS,27.41,85.22944444444444,300000552924464
dp_icao,60300,GUSSI,EUROCONTROL NMOC,GUSSI,57.213036111111116,-4.124127777777777,17837426
dp_icao,60301,GUSSI,EUROCONTROL NMOC,GUSSI,36.783297222222224,-97.34971944444445,101000746297962
dp_other,6070,H,AUSTRO CONTROL GMBH,H (LOAN),47.86472222,16.32805556,400002467752399
dp_other,6071,H,AUSTRO CONTROL GMBH,HOTEL (LOWI),47.33,11.12416667,400003834573588
dp_other,6072,H,AUSTRO CONTROL GMBH,H (LOIR),47.49,10.59333333,400004901772479
dp_icao,10747,HABIK,EUROCONTROL NMOC,HABIK,34.546330555555556,135.6539361111111,101000831265597
dp_icao,60481,HABIK,EUROCONTROL NMOC,HABIK,30.151313888888886,-81.27571944444445,400000810610513
dp_icao,10749,HABSI,EUROCONTROL NMOC,HABSI,34.385286111111114,139.39575555555555,400001564947200
dp_icao,60505,HABSI,EUROCONTROL NMOC,HABSI,35.75931666666666,-89.94395555555556,101000746193552
dp_icao,10751,HACHA,EUROCONTROL NMOC,HACHA,28.15661944444444,129.01429444444443,17854943
dp_icao,60523,HACHA,EUROCONTROL NMOC,HACHA,30.116333333333333,-89.1663138888889,101000746298542
dp_icao,10756,HAGAR,EUROCONTROL NMOC,HAGAR,36.58111111111111,140.03975833333334,1293837550
dp_icao,60608,HAGAR,EUROCONTROL NMOC,HAGAR,41.4607,-80.25449722222223,17881440
dp_icao,10758,HAGNO,EUROCONTROL NMOC,HAGNO,37.988166666666665,141.4119611111111,400003988051391
dp_icao,60647,HAGNO,EUROCONTROL NMOC,HAGNO,36.56826944444445,-86.44612777777778,101000746159312
dp_icao,10768,HALKI,EUROCONTROL NMOC,HALKI,37.32309722222222,137.04022777777777,800001084663038
dp_icao,60787,HALKI,EUROCONTROL NMOC,HALKI,45.974922222222226,-86.473325,400000219781808
dp_adhp,2652,HAMED,EUROCONTROL NMOC,HAMED,14.93,43.06666666666667,17849059
dp_icao,10776,HAMED,EUROCONTROL NMOC,HAMED,26.859166666666667,41.285,400002757400245
dp_icao,10778,HAMID,EUROCONTROL NMOC,HAMID,14.066666666666666,25.673055555555557,400002632707128
dp_icao,60857,HAMID,EUROCONTROL NMOC,HAMID,46.616927777777775,-114.06194444444444,101000746193410
dp_icao,10781,HAMOR,EUROCONTROL NMOC,HAMOR,32.15,18.4,228618925
dp_icao,60881,HAMOR,EUROCONTROL NMOC,HAMOR,39.85574722222222,-75.78799722222222,17881604
dp_icao,10791,HANKY,EUROCONTROL NMOC,HANKY,26.080613888888887,120.0749,400003440562479
dp_icao,60955,HANKY,EUROCONTROL NMOC,HANKY,51.112772222222226,-1.1308333333333334,17837438
dp_icao,60956,HANKY,EUROCONTROL NMOC,HANKY,42.96208611111111,-83.36664722222221,17881655
dp_icao,10795,HAPPY,EUROCONTROL NMOC,HAPPY,26.013055555555557,120.18277777777779,17854997
dp_icao,10796,HAPPY,EUROCONTROL NMOC,HAPPY,42.71613611111111,143.12921111111112,400002060403690
dp_icao,10804,HARKY,EUROCONTROL NMOC,HARKY,34.48951666666667,135.2965861111111,400004126747672
dp_icao,61106,HARKY,EUROCONTROL NMOC,HARKY,24.940472222222223,-81.9804,1448994081
dp_icao,10806,HARPS,EUROCONTROL NMOC,HARPS,35.466030555555555,140.67089444444443,400001245028760
dp_icao,61137,HARPS,EUROCONTROL NMOC,HARPS,31.691544444444446,-81.254375,17881724
dp_icao,10810,HASAN,EUROCONTROL NMOC,HASAN,13.024722222222223,26.970277777777778,400002632669176
dp_icao,10811,HASAN,EUROCONTROL NMOC,HASAN,22.171833333333336,113.8891388888889,400003734936236
dp_icao,61206,HASLE,EUROCONTROL NMOC,HASLE,41.359500000000004,-81.93016111111112,259691341
dp_other,6109,HASLE,EUROCONTROL NMOC,HASLE,55.19389,14.71,400002395706478
dp_icao,10814,HASSA,EUROCONTROL NMOC,HASSA,26.39281111111111,127.92110000000001,400000616778818
dp_icao,61225,HASSA,EUROCONTROL NMOC,HASSA,34.20180833333334,-117.84849444444444,17881772
dp_icao,10819,HATCH,EUROCONTROL NMOC,HATCH,34.34524722222223,135.04667777777777,400004126747679
dp_icao,61246,HATCH,EUROCONTROL NMOC,HATCH,29.97047222222222,-91.49755555555555,17881781
dp_icao,10824,HATIS,EUROCONTROL NMOC,HATIS,34.02736111111111,134.72446944444445,101003583819854
dp_icao,61256,HATIS,EUROCONTROL NMOC,HATIS,31.965452777777777,-83.80899166666666,101000746240928
dp_icao,61331,HAVIS,EUROCONTROL NMOC,HAVIS,39.89058055555555,-87.67987222222223,400001999360769
dp_icao,119689,HAVIS,EUROCONTROL NMOC,HAVIS,-22.57368888888889,17.13061111111111,400002324200410
dp_icao,10838,HAZEL,EUROCONTROL NMOC,HAZEL,22.024024999999998,113.68239722222222,761612615
dp_icao,10839,HAZEL,EUROCONTROL NMOC,HAZEL,34.23511666666667,129.38941666666665,400001491422191
dp_icao,61460,HAZEL,EUROCONTROL NMOC,HAZEL,51.00528611111111,-0.984461111111111,17837465
dp_other,6161,HC001,EUROCONTROL NMOC,NOVEMBER 1,52.64722217,10.0080555,400001706534867
dp_other,6162,HC001,EUROCONTROL NMOC,BELETUEN,4.733333333333333,45.18333333333333,400002570107195
dp_adhp,8121,HENRY,EUROCONTROL NMOC,HENRY,-4.496986111111111,55.79796944444444,400001667928243
dp_icao,61959,HENRY,EUROCONTROL NMOC,HENRY,80.25,-65.91667,17837483
dp_icao,10863,HERON,EUROCONTROL NMOC,HERON,37.53219444444444,140.59877500000002,17855048
dp_icao,62108,HERON,EUROCONTROL NMOC,HERON,55.343136111111114,-5.0,17837492
dp_icao,62120,HERSH,EUROCONTROL NMOC,HERSH,39.51277777777778,-109.98530555555556,101002053773892
dp_icao,119703,HERSH,EUROCONTROL NMOC,HERSH,-26.437583333333333,15.3272,400003424604003
dp_other,6230,HF401,EUROCONTROL NMOC,HF401,70.74185058,23.94842414,400000392767229
dp_other,6231,HF401,EUROCONTROL NMOC,HF401,50.95078639,9.51288333,400003665414391
dp_other,6232,HF402,EUROCONTROL NMOC,HF402,70.74101961,23.94466244,400000392767235
dp_other,6233,HF402,EUROCONTROL NMOC,HF402,51.01343769,9.57867972,400003665414394
dp_icao,10874,HIBIS,EUROCONTROL NMOC,HIBIS,34.248561111111115,134.12500555555556,101000831265601
dp_icao,62426,HIBIS,EUROCONTROL NMOC,HIBIS,33.37303611111111,-98.14424166666667,1449007513
dp_icao,10879,HIGMA,EUROCONTROL NMOC,HIGMA,45.36517777777778,141.65809166666668,400001742921634
dp_icao,62570,HIGMA,EUROCONTROL NMOC,HIGMA,39.265544444444444,-85.59747777777777,101001069327324
dp_icao,62786,HINDS,EUROCONTROL NMOC,HINDS,39.87388888888889,-75.34641111111111,259689269
dp_icao,119710,HINDS,EUROCONTROL NMOC,HINDS,-30.795,116.53777777777778,300000071939109
dp_icao,10899,HIPPO,EUROCONTROL NMOC,HIPPO,26.143333333333334,120.23444444444445,17855078
dp_icao,119713,HIPPO,EUROCONTROL NMOC,HIPPO,-35.46527777777778,149.38527777777776,300000071939112
dp_icao,10917,HOBBS,EUROCONTROL NMOC,HOBBS,35.44831388888888,139.76146944444446,400003343953067
dp_icao,63234,HOBBS,EUROCONTROL NMOC,HOBBS,61.43173888888889,-150.02791944444445,17823036
dp_icao,10921,HOCKY,EUROCONTROL NMOC,HOCKY,20.597041666666666,114.57457777777778,101003565661354
dp_icao,63306,HOCKY,EUROCONTROL NMOC,HOCKY,36.048833333333334,-114.87120277777777,101000746162547
dp_icao,10946,HOOPA,EUROCONTROL NMOC,HOOPA,26.079819444444443,120.07614722222222,400003440562482
dp_icao,63740,HOOPA,EUROCONTROL NMOC,HOOPA,21.116666666666667,-162.83333333333334,17855111
dp_icao,10953,HORRO,EUROCONTROL NMOC,HORRO,41.66513888888889,8.574305555555556,17837516
dp_icao,63876,HORRO,EUROCONTROL NMOC,HORRO,38.68415833333333,-95.24763888888889,17882417
dp_icao,10955,HOSAN,EUROCONTROL NMOC,HOSAN,36.000277777777775,128.05722222222224,400005322487735
dp_icao,63898,HOSAN,EUROCONTROL NMOC,HOSAN,64.88913333333333,-147.72643055555557,985454990
dp_other,6458,HOTEL,DFS DEUTSCHE FLUGSICHERUNG GMBH,EDDM HOTEL 1,48.25,11.80666667,400002193418213
dp_other,6459,HOTEL,DFS DEUTSCHE FLUGSICHERUNG GMBH,EDDM HOTEL 2,48.32,11.79833333,400002193418216
dp_other,6460,HOTEL,DFS DEUTSCHE FLUGSICHERUNG GMBH,EDOY HOTEL,52.55,13.675,400002193418462
dp_other,6461,HOTEL,DFS DEUTSCHE FLUGSICHERUNG GMBH,EDXW HOTEL,54.74166667,8.255,400002193418594
dp_other,6462,HOTEL,DFS DEUTSCHE FLUGSICHERUNG GMBH,EDLP HOTEL,51.595,8.76166667,400004559084802
dp_icao,10959,HOTEL,EUROCONTROL NMOC,HOTEL,23.68363888888889,119.5021111111111,17855129
dp_icao,10960,HOTEL,EUROCONTROL NMOC,HOTEL,13.001722222222222,100.33008333333333,17855132
dp_icao,10961,HOTEL,EUROCONTROL NMOC,HOTEL,22.383333333333333,114.90833333333335,400003734936242
dp_other,16109,HS1,AIRWAYS CORPORATION OF NEW ZEALAND LTD,HOT SPOT 1,-37.00533055555555,174.8060888888889,400005371475606
dp_other,16110,HS1,AIRWAYS CORPORATION OF NEW ZEALAND LTD,HOT SPOT 1,-43.485686111111114,172.5299388888889,400005371475609
dp_other,16111,HS1,AIRWAYS CORPORATION OF NEW ZEALAND LTD,HOT SPOT 1,-41.32682777777778,174.80693333333335,400005371475618
dp_other,16112,HS1,AIRWAYS CORPORATION OF NEW ZEALAND LTD,HOT SPOT 1,-37.672691666666665,176.20405277777778,400005371475621
dp_other,16113,HS1,AIRWAYS CORPORATION OF NEW ZEALAND LTD,HOT SPOT 1,-37.861266666666666,175.33294722222223,400005371475627
dp_other,16114,HS1,AIRWAYS CORPORATION OF NEW ZEALAND LTD,HOT SPOT 1,-40.32236944444445,175.6153138888889,400005476532475
dp_other,16115,HS2,AIRWAYS CORPORATION OF NEW ZEALAND LTD,HOT SPOT 2,-43.49018888888889,172.53409166666665,400005371475612
dp_other,16116,HS2,AIRWAYS CORPORATION OF NEW ZEALAND LTD,HOT SPOT 2,-37.67236944444444,176.19761666666668,400005371475624
dp_other,16117,HS2,AIRWAYS CORPORATION OF NEW ZEALAND LTD,HOT SPOT 2,-37.86386388888889,175.33201666666668,400005371475630
dp_other,16118,HS3,AIRWAYS CORPORATION OF NEW ZEALAND LTD,HOT SPOT 3,-43.49058888888889,172.53894166666666,400005371475615
dp_other,16119,HS3,AIRWAYS CORPORATION OF NEW ZEALAND LTD,HOT SPOT 3,-37.86681111111111,175.33093888888888,400005371475633
dp_icao,64293,HUBSU,EUROCONTROL NMOC,HUBSU,59.20119444444445,-158.35327222222222,259685752
dp_icao,64294,HUBSU,EUROCONTROL NMOC,HUBSU,43.88978888888889,-123.17786944444445,1661811789
dp_other,13721,HUH03,NAV CANADA,HUH344003,48.999833333333335,-122.57287777777778,259235425
dp_other,13722,HUH03,NAV CANADA,HUH344003,48.99516666666667,-122.57382222222222,259238637
dp_icao,64597,HUNAM,EUROCONTROL NMOC,HUNAM,46.86808888888889,-122.41322500000001,400001375738682
dp_icao,119737,HUNAM,EUROCONTROL NMOC,HUNAM,-22.61156666666667,17.056922222222223,400002324200419
dp_icao,10987,HYDRA,EUROCONTROL NMOC,HYDRA,35.15538055555555,140.88125555555555,400003150496496
dp_icao,65001,HYDRA,EUROCONTROL NMOC,HYDRA,40.246925,-75.6317,259685839
dp_icao,10990,HYPER,EUROCONTROL NMOC,HYPER,22.718363888888888,121.31268333333333,400002836794681
dp_icao,65027,HYPER,EUROCONTROL NMOC,HYPER,39.68393333333333,-77.22509444444445,17882774
dp_coord,174,I18RV,EUROCONTROL NMOC,RV ILS 18 FAP 4000,57.1322778,24.0058333,400004693383477
dp_coord,175,I18RV,EUROCONTROL NMOC,RV ILS 18 FAP 2000,57.0331111,23.9893056,400004693383537
dp_coord,176,I18RV,EUROCONTROL NMOC,RV ILS 18 FAP 1500,57.0078056,23.9851111,400004693383549
dp_coord,177,I36RV,EUROCONTROL NMOC,RV ILS 36 FAP 2000,56.8086111,23.9522778,400004693383520
dp_coord,178,I36RV,EUROCONTROL NMOC,RV ILS 36 FAP 4000,56.7094167,23.9360556,400004693383528
dp_coord,179,I36RV,EUROCONTROL NMOC,RV ILS 36 FAP 1500,56.8339167,23.9564444,400004693383531
dp_other,6565,IF08,MOLDAVIAN AIR TRAFFIC SERVICE PROVIDER (MOLDATSA),IF IAP ILS CAT I/II RWY 08 LUKK,46.92097222222222,28.620305555555557,300000168125497
dp_other,6566,IF08,MOLDAVIAN AIR TRAFFIC SERVICE PROVIDER (MOLDATSA),IF IAP LOC RWY 08 LUKK,46.92077777777777,28.620305555555557,300000168125533
dp_other,6567,IF08,MOLDAVIAN AIR TRAFFIC SERVICE PROVIDER (MOLDATSA),IF IAP VOR/DME RWY 08 LUKK,46.929138888888886,28.612416666666668,300000168125599
dp_adhp,2698,IF09,BULATSA-BULGARIAN AIR TRAFFIC SERVICES AUTHORITY,LBWN IF ILS/LOC/VOR RWY 09,43.25786111111111,27.568944444444444,400000219730156
dp_adhp,2699,IF09,BULATSA-BULGARIAN AIR TRAFFIC SERVICES AUTHORITY,LBGO IF VOR RWY 09,43.17433333333333,25.47225,400002059955414
dp_other,6571,IF26,MOLDAVIAN AIR TRAFFIC SERVICE PROVIDER (MOLDATSA),IF IAP VOR/DME RWY 26 LUKK,46.94158333333333,29.23963888888889,300000382264778
dp_other,6572,IF26,MOLDAVIAN AIR TRAFFIC SERVICE PROVIDER (MOLDATSA),IF IAP ILS CAT I RWY 26 LUKK,46.93358333333333,29.239944444444447,300000382348730
dp_other,6573,IF26,MOLDAVIAN AIR TRAFFIC SERVICE PROVIDER (MOLDATSA),IF IAP LOC RWY 26 LUKK,46.93358333333333,29.240194444444445,300000395577676
dp_adhp,2703,IF27,BULATSA-BULGARIAN AIR TRAFFIC SERVICES AUTHORITY,LBSF IF ILS/LOC/VOR RWY 27,42.67997222222222,23.70563888888889,101003366633444
dp_adhp,2704,IF27,BULATSA-BULGARIAN AIR TRAFFIC SERVICES AUTHORITY,LBWN IF VOR RWY 27,43.214000000000006,28.055472222222225,400000219730205
dp_adhp,2705,IF27,BULATSA-BULGARIAN AIR TRAFFIC SERVICES AUTHORITY,LBGO IF VOR RWY 27,43.12130555555556,25.933416666666666,400002060274393
dp_icao,11480,IHEYA,EUROCONTROL NMOC,IHEYA,27.01117222222222,127.90272777777778,400001725378568
dp_icao,65728,IHEYA,EUROCONTROL NMOC,IHEYA,43.51773333333333,-71.60115555555555,259686028
dp_icao,120064,IMKAM,EUROCONTROL NMOC,IMKAM,-22.236666666666668,35.325,400001170024378
dp_icao,120065,IMKAM,EUROCONTROL NMOC,IMKAM,-31.23888888888889,15.008611111111112,400001978437606
dp_icao,11634,IMOLA,EUROCONTROL NMOC,IMOLA,35.073875,139.4974861111111,400003150496536
dp_icao,66631,IMOLA,EUROCONTROL NMOC,IMOLA,11.209722222222222,-85.79638888888888,17845936
dp_icao,11738,INDIA,EUROCONTROL NMOC,INDIA,24.101175,118.85749722222222,17855237
dp_icao,11739,INDIA,EUROCONTROL NMOC,INDIA,25.745,50.69444444444444,400003010654268
dp_icao,66762,INDIA,EUROCONTROL NMOC,INDIA,28.434497222222223,-80.76534722222222,17882966
dp_adhp,2725,INDUS,EUROCONTROL NMOC,INDUS,22.044722222222223,113.60027777777778,400003734936245
dp_icao,11760,INDUS,EUROCONTROL NMOC,INDUS,61.975833333333334,73.33833333333332,400001256735827
dp_other,13731,INL02,NAV CANADA,INL009002,48.599269444444445,-93.39165277777778,259233862
dp_other,13732,INL02,NAV CANADA,INL329002,48.60038055555556,-93.43118055555556,259240710
dp_other,13733,INL03,NAV CANADA,INL349003,48.60602777777778,-93.40930555555556,259235623
dp_other,13734,INL03,NAV CANADA,INL294003,48.59574722222222,-93.47885000000001,259244257
dp_icao,11859,INOBE,EUROCONTROL NMOC,INOBE,27.931016666666668,128.75330277777778,300000245407726
dp_icao,66874,INOBE,EUROCONTROL NMOC,INOBE,48.08182777777778,-116.7630638888889,259681443
dp_adhp,2729,IONIC,EUROCONTROL NMOC,IONIC,22.267916666666665,114.08720277777778,400003734936251
dp_icao,12003,IONIC,EUROCONTROL NMOC,IONIC,22.035833333333336,121.00777777777778,1213271445
dp_icao,12077,IPNAK,EUROCONTROL NMOC,IPNAK,1.62,104.09194444444444,308232275
dp_icao,12078,IPNAK,EUROCONTROL NMOC,IPNAK,6.015,101.9678,400002408834019
dp_icao,12270,IRUKA,EUROCONTROL NMOC,IRUKA,32.46013333333334,130.45416666666665,400001224153897
dp_icao,67333,IRUKA,EUROCONTROL NMOC,IRUKA,8.716388888888888,-80.04472222222222,17845963
dp_other,6618,ISA,CIVIL AVIATION AUTHORITY OF THE PHILIPPINES,ISABELA,6.705277777777778,121.97083333333333,400004385593151
dp_other,6619,ISA,CIVIL AVIATION AUTHORITY OF THE PHILIPPINES,ISABELA,10.230802777777777,122.95305,400005119805332
dp_icao,67352,ISAAC,EUROCONTROL NMOC,ISAAC,25.952222222222222,-78.79777777777778,17883139
dp_icao,120217,ISAAC,EUROCONTROL NMOC,ISAAC,-22.87002222222222,17.123208333333334,400002395814653
dp_icao,12315,ISIYA,EUROCONTROL NMOC,ISIYA,43.02013888888889,141.64706388888888,800001084663041
dp_icao,67410,ISIYA,EUROCONTROL NMOC,ISIYA,35.64169444444445,-85.14123055555557,101000746142234
dp_icao,12533,IVORY,EUROCONTROL NMOC,IVORY,41.14694594,8.48305606,17837654
dp_icao,67801,IVORY,EUROCONTROL NMOC,IVORY,30.532655555555554,-86.92070833333334,101000746145745
dp_icao,12616,JACKO,EUROCONTROL NMOC,JACKO,51.73573611111111,1.4266666666666667,17837675
dp_icao,68209,JACKO,EUROCONTROL NMOC,JACKO,44.823600000000006,-93.06117222222223,101000746146668
dp_icao,12633,JAMPA,EUROCONTROL NMOC,JAMPA,18.77736111111111,102.88972222222223,258419401
dp_icao,68541,JAMPA,EUROCONTROL NMOC,JAMPA,58.37020833333333,-134.68596666666667,259680648
dp_icao,68585,JANES,EUROCONTROL NMOC,JANES,31.765875,-88.43502222222223,17883343
dp_icao,68586,JANES,EUROCONTROL NMOC,JANES,10.1485,-84.19800000000001,1327066236
dp_icao,12636,JANGO,EUROCONTROL NMOC,JANGO,33.80936944444444,134.24299722222221,800000377447333
dp_icao,68593,JANGO,EUROCONTROL NMOC,JANGO,27.976658333333333,-81.74433888888889,101000774535488
dp_icao,12637,JANUS,EUROCONTROL NMOC,JANUS,31.754625,131.08057222222223,623858097
dp_icao,68643,JANUS,EUROCONTROL NMOC,JANUS,26.094113888888888,-79.63351111111112,17883367
dp_icao,68843,JATEX,EUROCONTROL NMOC,JATEX,44.02780833333333,-88.68445833333334,17883412
dp_icao,68844,JATEX,EUROCONTROL NMOC,JATEX,25.534444444444446,-76.91555555555556,101002372288897
dp_icao,69363,JELLI,EUROCONTROL NMOC,JELLI,29.992708333333333,-95.68334166666666,101000746162671
dp_icao,120386,JELLI,EUROCONTROL NMOC,JELLI,-33.89388888888889,151.37861111111113,224632115
dp_icao,12689,JOINT,EUROCONTROL NMOC,JOINT,26.342469444444443,127.62583333333333,400003424684557
dp_icao,70915,JOINT,EUROCONTROL NMOC,JOINT,33.86709444444445,-79.32318055555555,17883735
dp_icao,12690,JOKER,EUROCONTROL NMOC,JOKER,31.116286111111112,131.45921944444444,17855333
dp_icao,70939,JOKER,EUROCONTROL NMOC,JOKER,33.83813055555556,-81.90627777777779,17883738
dp_icao,120400,JOKER,EUROCONTROL NMOC,JOKER,-31.416666666666668,151.86333333333332,17868034
dp_icao,71003,JOLLY,EUROCONTROL NMOC,JOLLY,31.867458333333335,-95.65803055555556,101000746273964
dp_icao,120403,JOLLY,EUROCONTROL NMOC,JOLLY,-23.0,110.0,90999368
dp_icao,12695,JOMMY,EUROCONTROL NMOC,JOMMY,42.816113888888886,142.1221027777778,321541309
dp_icao,71059,JOMMY,EUROCONTROL NMOC,JOMMY,31.5322,-109.63746666666667,101000746240838
dp_icao,71229,JORDY,EUROCONTROL NMOC,JORDY,42.086536111111116,-93.52578333333334,17883777
dp_icao,120405,JORDY,EUROCONTROL NMOC,JORDY,-32.3925,154.68666666666667,17868043
dp_icao,71450,JOWEE,EUROCONTROL NMOC,JOWEE,38.659444444444446,-104.53999999999999,101002053775533
dp_icao,120409,JOWEE,EUROCONTROL NMOC,JOWEE,-22.244847222222223,17.440994444444446,400003424604009
dp_adhp,8229,JUDDY,EUROCONTROL NMOC,JUDDY,-4.7787194444444445,55.62117222222222,400001667928256
dp_icao,71606,JUDDY,EUROCONTROL NMOC,JUDDY,30.524180555555553,-96.14663333333334,17883837
dp_icao,71786,JULES,EUROCONTROL NMOC,JULES,55.31007222222222,-131.42863055555554,259687350
dp_icao,120411,JULES,EUROCONTROL NMOC,JULES,-15.158611111111112,130.77583333333334,17868058
dp_other,6692,K,AUSTRO CONTROL GMBH,K (LOAV),47.98833333,16.22333333,400002467752411
dp_other,6693,K,AUSTRO CONTROL GMBH,KILO (LOWL),48.31583333,14.15194444,400002467752414
dp_other,6694,K,AUSTRO CONTROL GMBH,K (LOIH),47.34527778,9.60138889,400004371781482
dp_other,6695,K,AUSTRO CONTROL GMBH,KILO (LOWI),47.21111111,11.0,400004767440269
dp_other,6717,KA27W,EUROCONTROL NMOC,KA27W,56.2965306,8.9684806,400001538398614
dp_other,13781,KA27W,EUROCONTROL NMOC,KA27W,34.5,-104.0,101000701652714
dp_icao,12760,KACHU,EUROCONTROL NMOC,KACHU,24.95726111111111,125.34109722222222,400003045648920
dp_icao,72322,KACHU,EUROCONTROL NMOC,KACHU,44.31199722222222,-89.85988611111111,800001975436329
dp_icao,12776,KADON,EUROCONTROL NMOC,KADON,28.21013888888889,129.82304166666665,400003915432083
dp_icao,120446,KADON,EUROCONTROL NMOC,KADON,-42.9325,147.64583333333331,400003409062026
dp_icao,12777,KADRA,EUROCONTROL NMOC,KADRA,34.96611111111111,10.704722222222221,17817798
dp_icao,12778,KADRA,EUROCONTROL NMOC,KADRA,32.36666666666667,13.616666666666667,400005078914204
dp_icao,12801,KAGRA,EUROCONTROL NMOC,KAGRA,43.67297222222222,142.33036666666666,17855393
dp_icao,12802,KAGRA,EUROCONTROL NMOC,KAGRA,26.456666666666667,107.04055555555556,400001589412121
dp_icao,12813,KAIFU,EUROCONTROL NMOC,KAIFU,33.60278888888889,134.54201111111112,17855396
dp_icao,120465,KAIFU,EUROCONTROL NMOC,KAIFU,-8.22803888888889,146.64295833333333,17939753
dp_icao,72450,KALLI,EUROCONTROL NMOC,KALLI,60.474783333333335,-151.32142222222222,259672746
dp_icao,72451,KALLI,EUROCONTROL NMOC,KALLI,37.465138888888895,-77.64745833333335,400001197568099
dp_icao,12869,KAMAT,EUROCONTROL NMOC,KAMAT,35.564875,139.6969138888889,626108754
dp_icao,72467,KAMAT,EUROCONTROL NMOC,KAMAT,40.349897222222225,-106.74781666666667,101000746165568
dp_icao,12904,KANAL,EUROCONTROL NMOC,KANAL,62.150555555555556,73.61527777777778,17828211
dp_icao,72493,KANAL,EUROCONTROL NMOC,KANAL,17.307222222222222,-96.10194444444444,17846032
dp_icao,12919,KANNA,EUROCONTROL NMOC,KANNA,35.50313055555556,134.68943055555556,400001068928261
dp_icao,72520,KANNA,EUROCONTROL NMOC,KANNA,26.000355555555554,-97.00024166666667,17883975
dp_icao,12922,KANON,EUROCONTROL NMOC,KANON,49.533055555555556,40.465,17828220
dp_icao,72525,KANON,EUROCONTROL NMOC,KANON,38.39590277777778,-105.99182222222223,17883984
dp_icao,12926,KANRO,EUROCONTROL NMOC,KANRO,45.18592222222222,140.91664166666666,400004053672858
dp_icao,120524,KANRO,EUROCONTROL NMOC,KANRO,-42.895833333333336,147.62,400003409062029
dp_icao,12955,KAPPA,EUROCONTROL NMOC,KAPPA,36.705088888888895,132.8603138888889,400001877869516
dp_icao,72574,KAPPA,EUROCONTROL NMOC,KAPPA,40.62963888888889,-88.92057222222223,17883990
dp_icao,12971,KARAT,EUROCONTROL NMOC,KARAT,42.68138888888889,39.27027777777778,17828235
dp_icao,120542,KARAT,EUROCONTROL NMOC,KARAT,-17.471944444444443,55.56638888888889,17817846
dp_icao,13038,KATAK,EUROCONTROL NMOC,KATAK,22.803055555555556,55.952222222222225,400002615397278
dp_icao,120567,KATAK,EUROCONTROL NMOC,KATAK,-17.743333333333336,33.00666666666667,17817858
dp_icao,72729,KATHY,EUROCONTROL NMOC,KATHY,50.52044166666666,-1.3333972222222221,17837777
dp_icao,72730,KATHY,EUROCONTROL NMOC,KATHY,27.268977777777778,-98.64429166666667,1661137342
dp_icao,72871,KAYAK,EUROCONTROL NMOC,KAYAK,64.225,-39.99556,17837789
dp_icao,72872,KAYAK,EUROCONTROL NMOC,KAYAK,19.91221111111111,-156.03898055555555,17855516
dp_icao,72956,KEBAB,EUROCONTROL NMOC,KEBAB,60.485575000000004,-147.45280277777778,17823329
dp_icao,120579,KEBAB,EUROCONTROL NMOC,KEBAB,-33.2725,154.49277777777777,17868309
dp_icao,13114,KEDON,EUROCONTROL NMOC,KEDON,14.26225,42.60927777777778,19179870
dp_icao,13115,KEDON,EUROCONTROL NMOC,KEDON,20.084166666666665,55.98361111111111,400003214337299
dp_icao,13156,KEKOP,EUROCONTROL NMOC,KEKOP,64.385,176.52833333333334,400001329481894
dp_icao,13157,KEKOP,EUROCONTROL NMOC,KEKOP,2.1331416666666665,9.827694444444445,400002664311756
dp_icao,73290,KELLY,EUROCONTROL NMOC,KELLY,53.905408333333334,-4.3640333333333325,17837822
dp_icao,73291,KELLY,EUROCONTROL NMOC,KELLY,39.41367777777778,-86.67137222222223,17884137
dp_icao,120591,KELLY,EUROCONTROL NMOC,KELLY,-35.69694444444444,148.85416666666666,224632963
dp_icao,73315,KELSO,EUROCONTROL NMOC,KELSO,12.217222222222222,-58.72166666666667,17846101
dp_icao,73316,KELSO,EUROCONTROL NMOC,KELSO,35.13402222222222,-86.54172222222222,101000746214360
dp_icao,13196,KEMER,EUROCONTROL NMOC,KEMER,37.600833333333334,34.725833333333334,92080989
dp_icao,120596,KEMER,EUROCONTROL NMOC,KEMER,-4.881516666666667,14.171602777777776,400001678908896
dp_icao,13215,KENDA,EUROCONTROL NMOC,KENDA,39.42047222222222,141.2021861111111,400004053672878
dp_icao,73395,KENDA,EUROCONTROL NMOC,KENDA,39.35296944444445,-70.49944722222223,17884164
dp_icao,13230,KENOK,EUROCONTROL NMOC,KENOK,49.857225,14.7594444,18355062
dp_icao,73432,KENOK,EUROCONTROL NMOC,KENOK,18.134999999999998,-71.9,17846110
dp_icao,73551,KERRI,EUROCONTROL NMOC,KERRI,41.84374722222223,-74.73748055555555,17884227
dp_icao,120606,KERRI,EUROCONTROL NMOC,KERRI,-28.153055555555554,153.62166666666667,17868333
dp_adhp,8238,KETEV,EUROCONTROL NMOC,KETEV,-0.5273333333333334,8.829694444444444,400005537483063
dp_icao,13318,KETEV,EUROCONTROL NMOC,KETEV,8.773333333333333,0.5,400005537483070
dp_icao,13389,KIKOL,EUROCONTROL NMOC,KIKOL,34.841033333333336,137.5431361111111,93392001
dp_icao,73880,KIKOL,EUROCONTROL NMOC,KIKOL,14.725555555555555,-81.60111111111111,95003911
dp_other,6842,KILO,DFS DEUTSCHE FLUGSICHERUNG GMBH,EDFM KILO,49.55615556,8.55744056,400002193418327
dp_other,6843,KILO,DFS DEUTSCHE FLUGSICHERUNG GMBH,EDLN KILO 2,51.32833333,6.46833333,400002193418369
dp_other,6844,KILO,DFS DEUTSCHE FLUGSICHERUNG GMBH,EDLN KILO 1,51.36666667,6.45333333,400002193418375
dp_other,6845,KILO,DFS DEUTSCHE FLUGSICHERUNG GMBH,EDDK KILO 2,50.90027778,6.99083333,400003845426388
dp_other,6846,KILO,DFS DEUTSCHE FLUGSICHERUNG GMBH,EDDK KILO 1,50.99722222,6.89111111,400003845426391
dp_other,6847,KILO,DFS DEUTSCHE FLUGSICHERUNG GMBH,EDLP KILO,51.585,8.35,400004559084805
dp_icao,13414,KIMET,EUROCONTROL NMOC,KIMET,16.824444444444445,99.74138888888889,400005609979950
dp_icao,13415,KIMET,EUROCONTROL NMOC,KIMET,1.1305888888888889,35.52834166666666,800001467599698
dp_adhp,8254,KM27G,EUROCONTROL NMOC,KM27G,-17.70122222222222,24.38938333333333,400003424604021
dp_other,14236,KM27G,EUROCONTROL NMOC,KM27G,34.5,-94.0,101000701656970
dp_icao,13572,KOGAR,EUROCONTROL NMOC,KOGAR,36.120127777777775,139.69120833333335,17855639
dp_icao,74549,KOGAR,EUROCONTROL NMOC,KOGAR,10.954527777777777,-3.9562222222222223,400002664311790
dp_icao,13684,KONET,EUROCONTROL NMOC,KONET,14.5,38.9,17818107
dp_icao,74661,KONET,EUROCONTROL NMOC,KONET,5.666944444444445,-3.8568333333333333,400002664311802
dp_icao,13686,KONGO,EUROCONTROL NMOC,KONGO,32.759372222222225,128.89067777777777,400001725651163
dp_icao,74666,KONGO,EUROCONTROL NMOC,KONGO,37.505405555555555,-82.13682222222224,17884533
dp_other,16159,KONGO,EUROCONTROL NMOC,KONGOLO,-5.4,27.0,400001678909267
dp_icao,13771,KOSHI,EUROCONTROL NMOC,KOSHI,31.28850277777778,129.96471388888887,17855708
dp_icao,74783,KOSHI,EUROCONTROL NMOC,KOSHI,43.655452777777775,-71.14210000000001,101000746241106
dp_icao,13778,KOSKA,EUROCONTROL NMOC,KOSKA,59.18277777777777,20.676111111111112,17838230
dp_icao,13779,KOSKA,EUROCONTROL NMOC,KOSKA,35.255825,139.58752222222222,400002378355181
dp_icao,13855,KRINA,EUROCONTROL NMOC,KRINA,48.36666666666667,34.46666666666667,17828649
dp_icao,74940,KRINA,EUROCONTROL NMOC,KRINA,35.46736666666667,-113.19322222222223,400001910043608
dp_icao,14008,KUMIK,EUROCONTROL NMOC,KUMIK,50.83658611,8.073325,83390187
dp_icao,14009,KUMIK,EUROCONTROL NMOC,KUMIK,35.833313888888895,134.08619444444446,400001877869525
dp_icao,14106,KURIS,EUROCONTROL NMOC,KURIS,43.155227777777775,141.70600555555555,17855753
dp_icao,75277,KURIS,EUROCONTROL NMOC,KURIS,47.599722222222226,-1.5174999999999998,17838335
dp_icao,75294,KURTS,EUROCONTROL NMOC,KURTS,55.986475,-171.73470555555554,259684605
dp_icao,75295,KURTS,EUROCONTROL NMOC,KURTS,30.16638888888889,-64.49527777777777,985455357
dp_icao,14216,KYANN,EUROCONTROL NMOC,KYANN,26.00826111111111,127.65465277777778,400003424684569
dp_icao,75431,KYANN,EUROCONTROL NMOC,KYANN,30.258758333333333,-95.23272777777778,101000746169493
dp_other,7161,L,AUSTRO CONTROL GMBH,L (LOAN),47.85805556,16.35083333,400002467752437
dp_other,7162,L,AUSTRO CONTROL GMBH,L (LOAV),47.935,16.21083333,400002467752440
dp_coord,180,L18RV,EUROCONTROL NMOC,RV LOC 18 FAF 2000,57.0348889,23.9896111,400004693383504
dp_coord,181,L18RV,EUROCONTROL NMOC,RV LOC 18 FAF 1500,57.0088889,23.9853056,400004693383546
dp_coord,182,L36RV,EUROCONTROL NMOC,RV LOC 36 FAF 2000,56.8068611,23.952,400004693383495
dp_coord,183,L36RV,EUROCONTROL NMOC,RV LOC 36 FAF 1500,56.8328611,23.9562778,400004693383498
dp_other,7179,LAB,CIVIL AVIATION AUTHORITY OF THE PHILIPPINES,LABUAN,7.085277777777778,121.9025,400004385593210
dp_other,7180,LAB,CIVIL AVIATION AUTHORITY OF THE PHILIPPINES,LABANGAN RIVER,7.900833333333334,123.46277777777777,400004399719794
dp_icao,14229,LABAN,EUROCONTROL NMOC,LABAN,58.16938889,13.29430556,17838365
dp_icao,14230,LABAN,EUROCONTROL NMOC,LABAN,35.821422222222225,139.68493333333333,400003343953080
dp_icao,14239,LABEL,EUROCONTROL NMOC,LABEL,34.587805555555555,136.18124999999998,94645635
dp_icao,75488,LABEL,EUROCONTROL NMOC,LABEL,43.78440833333333,-70.76440277777778,17884798
dp_icao,14283,LADEN,EUROCONTROL NMOC,LADEN,18.895,38.085,17818206
dp_icao,14284,LADEN,EUROCONTROL NMOC,LADEN,55.64388888888889,110.25694444444444,101002795074737
dp_icao,75617,LAKEY,EUROCONTROL NMOC,LAKEY,54.23888888888889,-2.9812166666666666,17838422
dp_icao,75618,LAKEY,EUROCONTROL NMOC,LAKEY,33.549191666666665,-111.65144166666667,17884861
dp_other,7186,LAM,CIVIL AVIATION AUTHORITY OF THE PHILIPPINES,LAMITAN,6.660277777777778,122.14361111111111,400004385593219
dp_other,7187,LAM,CIVIL AVIATION AUTHORITY OF THE PHILIPPINES,LAMBUNAO,11.055277777777778,122.47472222222223,400005119800126
dp_icao,14464,LAMMA,EUROCONTROL NMOC,LAMMA,22.282113888888887,114.08626388888888,400001124822484
dp_icao,75669,LAMMA,EUROCONTROL NMOC,LAMMA,55.858333333333334,-2.7676083333333334,17838458
dp_icao,75670,LAMMA,EUROCONTROL NMOC,LAMMA,29.014419444444446,-81.08971388888888,17884885
dp_icao,14495,LANDA,EUROCONTROL NMOC,LANDA,21.613122222222223,113.04520555555555,101002589023904
dp_icao,75706,LANDA,EUROCONTROL NMOC,LANDA,17.921666666666667,-86.89166666666668,17846188
dp_icao,14501,LANER,EUROCONTROL NMOC,LANER,54.550555555555555,103.59333333333333,101002795074749
dp_icao,75714,LANER,EUROCONTROL NMOC,LANER,34.48406666666667,-87.36296666666667,17884909
dp_icao,14502,LANET,EUROCONTROL NMOC,LANET,42.70277777777778,3.107111111111111,18354769
dp_icao,120770,LANET,EUROCONTROL NMOC,LANET,-0.30474444444444443,36.15534722222222,400002073862776
dp_icao,75717,LANGA,EUROCONTROL NMOC,LANGA,32.92615833333333,-84.94972222222222,17884915
dp_icao,120771,LANGA,EUROCONTROL NMOC,LANGA,-22.809444444444445,14.543888888888889,400003465415793
dp_icao,14554,LAPNA,EUROCONTROL NMOC,LAPNA,46.53549722222222,15.520430555555556,249325927
dp_icao,14555,LAPNA,EUROCONTROL NMOC,LAPNA,24.304986111111113,124.21246666666667,400003495458061
dp_icao,14585,LARCH,EUROCONTROL NMOC,LARCH,41.50318055555555,141.79853055555554,17855816
dp_icao,75781,LARCH,EUROCONTROL NMOC,LARCH,41.43333055555555,-84.61955833333333,101000746277205
dp_icao,14604,LARKS,EUROCONTROL NMOC,LARKS,36.036075,140.2392222222222,101002596044903
dp_icao,75802,LARKS,EUROCONTROL NMOC,LARKS,39.257397222222224,-105.3051611111111,17884969
dp_icao,14676,LASSO,EUROCONTROL NMOC,LASSO,22.677722222222222,118.37816666666666,420335690
dp_icao,75865,LASSO,EUROCONTROL NMOC,LASSO,39.549052777777774,-94.08085833333332,17885008
dp_icao,14727,LATRA,EUROCONTROL NMOC,LATRA,48.083333333333336,2.5166666666666666,94751103
dp_icao,14728,LATRA,EUROCONTROL NMOC,LATRA,43.48111111111111,39.92638888888889,400004987916023
dp_icao,14741,LAURA,EUROCONTROL NMOC,LAURA,34.623955555555554,137.37079444444444,1541933017
dp_icao,75917,LAURA,EUROCONTROL NMOC,LAURA,32.901925,-96.92217500000001,101000746277031
dp_icao,75950,LAWNN,EUROCONTROL NMOC,LAWNN,25.797261111111112,-80.38390833333334,101000746133528
dp_icao,120829,LAWNN,EUROCONTROL NMOC,LAWNN,-27.290000000000003,152.97333333333333,308067899
dp_icao,14788,LAYER,EUROCONTROL NMOC,LAYER,35.65705555555555,139.47486666666666,400003150497321
dp_icao,75971,LAYER,EUROCONTROL NMOC,LAYER,32.82604444444445,-96.70751944444444,400001442154867
dp_icao,14847,LEDIM,EUROCONTROL NMOC,LEDIM,30.316666666666666,94.11666666666666,400002411075552
dp_icao,120856,LEDIM,EUROCONTROL NMOC,LEDIM,-8.58361111111111,159.50027777777777,400003113983039
dp_icao,15033,LEONA,EUROCONTROL NMOC,LEONA,32.59278888888889,132.07674166666666,400001792327342
dp_icao,76404,LEONA,EUROCONTROL NMOC,LEONA,39.760619444444444,-95.33818333333333,101000746296890
dp_icao,15041,LEPNA,EUROCONTROL NMOC,LEPNA,1.1133333333333335,103.89416666666668,308232327
dp_icao,15042,LEPNA,EUROCONTROL NMOC,LEPNA,6.182808333333334,116.15057222222222,400002404097039
dp_icao,15059,LERMA,EUROCONTROL NMOC,LERMA,43.16594444444444,7.072972222222222,17838757
dp_icao,76504,LERMA,EUROCONTROL NMOC,LERMA,20.189444444444444,-90.99722222222222,17846224
dp_icao,15077,LESMO,EUROCONTROL NMOC,LESMO,50.79720833,10.20921667,762009867
dp_icao,15078,LESMO,EUROCONTROL NMOC,LESMO,35.686186111111105,139.97483055555557,400003343953093
dp_other,7316,LIL,CIVIL AVIATION AUTHORITY OF THE PHILIPPINES,LILOAN,10.400555555555556,124.0,400005258388989
dp_other,7317,LIL,CIVIL AVIATION AUTHORITY OF THE PHILIPPINES,LILOAN PORT,9.416944444444443,123.30749999999999,400005267231572
dp_icao,15218,LILEE,EUROCONTROL NMOC,LILEE,45.24166869,12.91833306,17838823
dp_icao,120961,LILEE,EUROCONTROL NMOC,LILEE,-27.615555555555556,153.11166666666665,308067904
dp_icao,15222,LILLY,EUROCONTROL NMOC,LILLY,27.609730555555558,128.8415916666667,400003915432089
dp_icao,77052,LILLY,EUROCONTROL NMOC,LILLY,32.13549722222222,-83.99579166666666,17885491
dp_other,7319,LIMA,DFS DEUTSCHE FLUGSICHERUNG GMBH,EDDF LIMA,49.98345556,8.60178333,400002193418123
dp_other,7320,LIMA,DFS DEUTSCHE FLUGSICHERUNG GMBH,EDDS LIMA,48.61166667,9.14333333,400002193418255
dp_other,7321,LIMA,DFS DEUTSCHE FLUGSICHERUNG GMBH,EDDV LIMA,52.36,9.88666667,400002193418282
dp_other,7322,LIMA,DFS DEUTSCHE FLUGSICHERUNG GMBH,EDHL LIMA,53.685,10.63333333,400002193418336
dp_other,7323,LIMA,DFS DEUTSCHE FLUGSICHERUNG GMBH,EDMA LIMA,48.49,10.87666667,400002193418408
dp_other,7324,LIMA,DFS DEUTSCHE FLUGSICHERUNG GMBH,EDXW LIMA,55.01666667,8.45,400002193418597
dp_icao,77065,LIMBO,EUROCONTROL NMOC,LIMBO,14.205277777777777,-61.61833333333333,17846287
dp_icao,77066,LIMBO,EUROCONTROL NMOC,LIMBO,33.75956388888889,-118.45020277777778,17885497
dp_icao,15244,LIMON,EUROCONTROL NMOC,LIMON,37.071111111111115,3.8994444444444443,18556752
dp_icao,77082,LIMON,EUROCONTROL NMOC,LIMON,33.492222222222225,-77.69611111111111,101000746161855
dp_icao,77198,LISBO,EUROCONTROL NMOC,LISBO,54.525,-6.090027777777777,17838907
dp_icao,77199,LISBO,EUROCONTROL NMOC,LISBO,41.90561388888889,-91.36063055555555,17885563
dp_icao,15328,LITAM,EUROCONTROL NMOC,LITAM,8.993611111111111,106.70166666666667,92647888
dp_icao,77235,LITAM,EUROCONTROL NMOC,LITAM,11.276722222222222,-4.175333333333334,97825197
dp_icao,15400,LOGAN,EUROCONTROL NMOC,LOGAN,51.74758888888889,1.6118277777777779,17838946
dp_icao,77618,LOGAN,EUROCONTROL NMOC,LOGAN,12.138333333333334,-60.14277777777778,17846311
dp_icao,77619,LOGAN,EUROCONTROL NMOC,LOGAN,40.666938888888886,-86.12827499999999,101000746161920
dp_icao,15423,LOKDI,EUROCONTROL NMOC,LOKDI,41.495,18.339444444444442,17838967
dp_icao,15424,LOKDI,EUROCONTROL NMOC,LOKDI,64.17527777777778,81.23555555555555,400002283184265
dp_icao,77764,LOMON,EUROCONTROL NMOC,LOMON,56.06265833333333,-4.5799611111111105,17838985
dp_icao,77765,LOMON,EUROCONTROL NMOC,LOMON,40.30806666666666,-77.48340277777778,17885851
dp_icao,15539,LORRY,EUROCONTROL NMOC,LORRY,35.77846666666667,139.63518055555554,400003343953105
dp_icao,77910,LORRY,EUROCONTROL NMOC,LORRY,34.97516388888889,-79.11081388888888,17885905
dp_icao,15567,LOTAD,EUROCONTROL NMOC,LOTAD,28.81972222222222,37.165,17849703
dp_icao,15568,LOTAD,EUROCONTROL NMOC,LOTAD,26.133558333333333,120.45560833333333,400003440562485
dp_icao,15585,LOTTO,EUROCONTROL NMOC,LOTTO,25.10078888888889,122.34446666666666,689986630
dp_icao,77943,LOTTO,EUROCONTROL NMOC,LOTTO,40.300327777777774,-89.74041944444444,17885923
dp_icao,15600,LOVER,EUROCONTROL NMOC,LOVER,42.88325277777778,141.67059999999998,17855903
dp_icao,77967,LOVER,EUROCONTROL NMOC,LOVER,33.43983055555555,-104.95813055555556,101000746137048
dp_icao,15665,LUCAS,EUROCONTROL NMOC,LUCAS,24.480833333333333,120.95138888888889,420335645
dp_icao,78094,LUCAS,EUROCONTROL NMOC,LUCAS,13.295,-67.87777777777777,17846326
dp_icao,15666,LUCCA,EUROCONTROL NMOC,LUCCA,35.692449999999994,140.66982777777775,400003150497375
dp_icao,78095,LUCCA,EUROCONTROL NMOC,LUCCA,40.79881944444444,-79.3144361111111,17886000
dp_icao,78200,LUKEY,EUROCONTROL NMOC,LUKEY,40.73052777777778,-88.51673055555555,101000748971380
dp_icao,121038,LUKEY,EUROCONTROL NMOC,LUKEY,-27.58361111111111,151.6602777777778,17868770
dp_icao,15837,LUNAR,EUROCONTROL NMOC,LUNAR,40.69051311,15.41728831,17839147
dp_icao,15838,LUNAR,EUROCONTROL NMOC,LUNAR,35.99743055555555,140.48055,400001245028765
dp_icao,78257,LUNDI,EUROCONTROL NMOC,LUNDI,63.64527777777778,-20.82138888888889,17839150
dp_icao,78258,LUNDI,EUROCONTROL NMOC,LUNDI,42.69112222222222,-111.8692361111111,17886069
dp_icao,78362,LUVLY,EUROCONTROL NMOC,LUVLY,25.662391666666664,-80.13879722222222,17886099
dp_icao,121080,LUVLY,EUROCONTROL NMOC,LUVLY,-28.145833333333332,153.49416666666664,420344686
dp_icao,16070,LYCEE,EUROCONTROL NMOC,LYCEE,35.74836666666667,139.6826111111111,400003343953108
dp_icao,78424,LYCEE,EUROCONTROL NMOC,LYCEE,41.41244722222222,-78.3833638888889,259675213
dp_adhp,3751,MA06R,DHMI TURKIYE,MA06R,40.55566666666667,43.096586111111115,400003584028405
dp_adhp,3752,MA06R,DHMI TURKIYE,MA06R,40.88484722222222,29.302591666666668,400004848201900
dp_adhp,6404,MA07,NAV CANADA,YQU065005,55.18464338888889,-118.89957197222223,400003820022837
dp_adhp,6405,MA07,NAV CANADA,YMJ286001,50.316811111111114,-105.53138333333334,400005329641960
dp_adhp,6406,MA07,NAV CANADA,UAU241000,48.370775,-89.33514,500000046216344
dp_adhp,6407,MA08,NAV CANADA,UZX089001,44.97818055555556,-64.94205277777777,400005543916076
dp_adhp,6408,MA08,NAV CANADA,UZX260001,44.97735277777778,-64.94413611111112,400005543916155
dp_adhp,6409,MA08,NAV CANADA,YPA265001,53.217360944444444,-105.68449905555556,500000117287290
dp_adhp,6410,MA08,NAV CANADA,ITZ265001,43.62705016666667,-79.40317544444444,500000201427900
dp_adhp,6413,MA095,NAV CANADA,YFS095002,61.76277136111111,-121.24838733333334,259243068
dp_adhp,6414,MA095,NAV CANADA,UQQ09515,49.62651666666667,-124.5333,400003890219989
dp_adhp,6415,MA10,NAV CANADA,YYG268000,46.29513386111111,-63.12961608333333,500000123117156
dp_adhp,6416,MA10,NAV CANADA,MA10,51.392153638888885,-56.09242966666667,500000293747393
dp_adhp,3756,MA11,DHMI TURKIYE,MA11,39.96165833333334,32.65694444444444,400001057004303
dp_adhp,3757,MA11,DHMI TURKIYE,MA11,37.562777777777775,44.20734166666667,400002091929377
dp_adhp,6417,MA11,NAV CANADA,XBG297001,48.33256666666667,-71.0251611111111,317877091
dp_adhp,6418,MA11,NAV CANADA,YMJ0991,50.337611111111116,-105.59285,400005329641969
dp_adhp,6419,MA11,NAV CANADA,YUL317006,45.66792286111111,-74.09129813888889,500000289812527
dp_adhp,6421,MA12,NAV CANADA,MA12,49.83572663888889,-92.75736313888889,400003951525593
dp_adhp,6422,MA12,NAV CANADA,UZX288001,44.98362222222222,-64.9432,400005543916250
dp_adhp,6423,MA12,NAV CANADA,UQQ311001,49.722885000000005,-124.90260694444444,500000035879883
dp_adhp,6424,MA12,NAV CANADA,YUX294004,68.78126897222222,-81.25765636111112,500000297173615
dp_adhp,6426,MA13,NAV CANADA,YVP334001,58.10126077777778,-68.43831333333334,500000115136940
dp_adhp,6427,MA13,NAV CANADA,MA13,53.97612683333333,-101.10293730555556,500000159783385
dp_adhp,6433,MA16,NAV CANADA,XC344002,49.638298666666664,-115.78264455555555,259243906
dp_adhp,6434,MA16,NAV CANADA,MA16,49.08932222222222,-123.86932777777777,1005348378
dp_adhp,6435,MA16,NAV CANADA,MA16,50.12291897222222,-91.9046211388889,400002310725791
dp_adhp,6436,MA16,NAV CANADA,ILW339002,49.966079722222226,-119.37914166666665,400002683845900
dp_adhp,3761,MA18,DHMI TURKIYE,MA18,41.349386111111116,33.80115833333333,400002309630938
dp_adhp,3762,MA18,DHMI TURKIYE,MA18,41.31330277777778,28.755733333333332,400003536078730
dp_other,7947,MA19I,EUROCONTROL NMOC,MAPT19 ILS,55.99313888888889,21.10188888888889,400000359824694
dp_other,7948,MA19I,EUROCONTROL NMOC,MAPT ILS OR LOC RWY 19,54.65544444444444,25.300555555555555,400001442236398
dp_adhp,6446,MA24,NAV CANADA,YTR243006,44.128172222222226,-77.50776944444445,259234324
dp_adhp,6447,MA24,NAV CANADA,YQL257004,49.63215458333333,-112.77991388888888,259236230
dp_adhp,6448,MA24,NAV CANADA,YEV074002,68.30578147222222,-133.46075199999999,500000133331760
dp_adhp,6450,MA25,NAV CANADA,GH208001,66.24280419444445,-128.63805058333332,500000041073024
dp_adhp,6451,MA25,NAV CANADA,UAU080001,48.37773055555556,-89.30463611111111,500000046216644
dp_adhp,6452,MA25,NAV CANADA,YVP080004,58.09902080555556,-68.41884152777779,500000115197308
dp_adhp,6453,MA26,NAV CANADA,IGV083001,50.29140063888889,-63.58215444444445,259241681
dp_adhp,6454,MA26,NAV CANADA,YPA072000,53.21684197222223,-105.6612803888889,200000007835993
dp_adhp,6455,MA26,NAV CANADA,UZX026001,44.99120833333333,-64.90456111111112,400005543916136
dp_icao,78506,MA26,NAV CANADA,UZX255001,44.99216388888889,-64.89980555555556,400005543916196
dp_adhp,6457,MA28,NAV CANADA,YYG106001,46.29807122222222,-63.10181597222223,500000123117096
dp_adhp,6458,MA28,NAV CANADA,MA28,51.39401836111111,-56.07456744444445,500000294375615
dp_adhp,6460,MA30,NAV CANADA,UZX129001,44.97708888888889,-64.89795277777779,400005543916304
dp_adhp,6461,MA30,NAV CANADA,UQQ112002,49.69501694444444,-124.86344805555555,500000035879962
dp_adhp,6462,MA31,NAV CANADA,YZP129000,53.24956102777778,-131.8043583888889,400002146059387
dp_adhp,6463,MA31,NAV CANADA,UAB292006,52.44752305555555,-125.29977222222222,500000040122701
dp_adhp,6464,MA31,NAV CANADA,VLN137017,50.425128055555554,-104.64416000000001,500000046205345
dp_adhp,6465,MA31,NAV CANADA,MA31,62.8060635,-92.09949461111111,500000146791557
dp_adhp,6466,MA31,NAV CANADA,MA31,53.96465913888889,-101.08270430555555,500000159783305
dp_adhp,6467,MA31L,NAV CANADA,UOD137001,54.39214166666667,-110.27948055555555,500000035738995
dp_adhp,6468,MA31L,NAV CANADA,YPG139000,49.89433397222222,-98.26108916666666,500000125460614
dp_adhp,6470,MA32,NAV CANADA,E2328002,52.83406388888889,-104.06264999999999,259238056
dp_adhp,6471,MA32,NAV CANADA,YFS107002,61.74988966666667,-121.23403983333334,259241996
dp_adhp,6472,MA32,NAV CANADA,MA32,60.83233797222223,-115.78201294444445,400005175867702
dp_adhp,6475,MA34,NAV CANADA,MA34,50.10748052777778,-91.89680119444445,400002310725795
dp_adhp,6476,MA34,NAV CANADA,YBK154002,64.29337219444444,-96.07347758333333,400004901716702
dp_adhp,6478,MA36,NAV CANADA,XBG163001,48.315799999999996,-70.98123333333334,500000070233200
dp_adhp,6479,MA36,NAV CANADA,YWG182002,49.895210666666664,-97.24370722222223,500000197317478
dp_other,7955,MAA,CIVIL AVIATION AUTHORITY OF THE PHILIPPINES,MAAYON,11.375,122.8275,400004506676286
dp_other,7956,MAA,CIVIL AVIATION AUTHORITY OF THE PHILIPPINES,MAASIN,10.891666666666666,122.435,400005119800133
dp_other,7957,MAA,CIVIL AVIATION AUTHORITY OF THE PHILIPPINES,MAASIM,5.861944444444444,124.99694444444445,400005266479285
dp_other,7960,MAB,CIVIL AVIATION AUTHORITY OF THE PHILIPPINES,MABAAY ISLAND,11.578333333333333,122.63055555555555,400004506676290
dp_other,7961,MAB,CIVIL AVIATION AUTHORITY OF THE PHILIPPINES,MABINI,10.2875,124.07333333333332,400005258388996
dp_icao,16106,MACKY,EUROCONTROL NMOC,MACKY,34.435919444444444,132.7499361111111,18361366
dp_icao,78642,MACKY,EUROCONTROL NMOC,MACKY,38.342908333333334,-87.46315833333334,17886270
dp_icao,16124,MADOG,EUROCONTROL NMOC,MADOG,32.125191666666666,132.3962388888889,17855936
dp_icao,16125,MADOG,EUROCONTROL NMOC,MADOG,16.202777777777776,73.90416666666667,400000526011404
dp_icao,16130,MADRA,EUROCONTROL NMOC,MADRA,43.22933333333334,5.329972222222222,17839321
dp_icao,16131,MADRA,EUROCONTROL NMOC,MADRA,38.790955555555556,139.64097777777778,400000331221548
dp_other,7966,MAG,CIVIL AVIATION AUTHORITY OF THE PHILIPPINES,MAGSAYSAY,7.987777777777778,123.48833333333333,400004399719797
dp_other,7967,MAG,CIVIL AVIATION AUTHORITY OF THE PHILIPPINES,MAGALLANES,14.540277777777778,121.01694444444445,400005074882496
dp_other,7968,MAG,CIVIL AVIATION AUTHORITY OF THE PHILIPPINES,MAGALLANES,9.027777777777779,125.51388888888889,400005120062673
dp_other,7969,MAG,CIVIL AVIATION AUTHORITY OF THE PHILIPPINES,MAGSAYSAY,9.01361111111111,125.17555555555556,400005120062679
dp_other,7970,MAG,CIVIL AVIATION AUTHORITY OF THE PHILIPPINES,MAGUINDA,8.816111111111113,125.58,400005120062682
dp_other,7971,MAG,CIVIL AVIATION AUTHORITY OF THE PHILIPPINES,MAGALONA PORT,10.921944444444444,123.00777777777778,400005378334537
dp_icao,16152,MAGIL,EUROCONTROL NMOC,MAGIL,31.669569444444445,130.61458333333331,400001580409974
dp_icao,16153,MAGIL,EUROCONTROL NMOC,MAGIL,25.966666666666665,93.38333333333334,400001748066371
dp_icao,16161,MAGNA,EUROCONTROL NMOC,MAGNA,37.40002777777778,138.65466111111112,17938511
dp_icao,16162,MAGNA,EUROCONTROL NMOC,MAGNA,32.358333333333334,14.0,228618990
dp_icao,16171,MAGRY,EUROCONTROL NMOC,MAGRY,36.31098333333333,140.47103333333334,400004194047931
dp_icao,78873,MAGRY,EUROCONTROL NMOC,MAGRY,40.454033333333335,-99.32866388888888,101000746137684
dp_icao,16176,MAHDI,EUROCONTROL NMOC,MAHDI,34.38194444444444,5.0,17818443
dp_icao,16177,MAHDI,EUROCONTROL NMOC,MAHDI,20.433333333333334,37.655,17818446
dp_icao,16178,MAHEN,EUROCONTROL NMOC,MAHEN,28.96333333333333,80.14805555555556,1087519037
dp_icao,78913,MAHEN,EUROCONTROL NMOC,MAHEN,37.41517777777778,-87.06330555555556,17886342
dp_icao,16179,MAHER,EUROCONTROL NMOC,MAHER,0.7616361111111111,128.2935611111111,68349469
dp_icao,78914,MAHER,EUROCONTROL NMOC,MAHER,37.77722222222222,-92.07527777777777,101000701661979
dp_icao,78970,MAIDS,EUROCONTROL NMOC,MAIDS,40.76451388888889,-72.94791666666667,259679670
dp_icao,121125,MAIDS,EUROCONTROL NMOC,MAIDS,-28.141944444444444,153.5602777777778,420344689
dp_icao,78987,MAIZE,EUROCONTROL NMOC,MAIZE,38.47452777777778,-86.01594166666666,17886354
dp_icao,78988,MAIZE,EUROCONTROL NMOC,MAIZE,11.34,-83.91833333333334,800000643294714
dp_icao,79038,MAJOR,EUROCONTROL NMOC,MAJOR,33.156280555555554,-96.06398333333333,400001343265253
dp_icao,121129,MAJOR,EUROCONTROL NMOC,MAJOR,-35.220555555555556,148.93305555555554,224640927
dp_other,7975,MAL,CIVIL AVIATION AUTHORITY OF THE PHILIPPINES,MALAMAWI,6.7380555555555555,121.96305555555556,400004385593232
dp_other,7976,MAL,CIVIL AVIATION AUTHORITY OF THE PHILIPPINES,MALABON,14.65638888888889,120.95055555555555,400005074882499
dp_other,7977,MAL,CIVIL AVIATION AUTHORITY OF THE PHILIPPINES,MALAWIG POINT,12.191944444444445,120.22527777777778,400005266479238
dp_other,7978,MAL,CIVIL AVIATION AUTHORITY OF THE PHILIPPINES,MALOLOS FLYOVER,14.8525,120.81611111111111,400005555808166
dp_icao,16248,MALKI,EUROCONTROL NMOC,MALKI,28.34619722222222,129.6695472222222,400001846191723
dp_icao,16249,MALKI,EUROCONTROL NMOC,MALKI,14.519686111111112,101.19796944444445,400002116964031
dp_icao,79115,MALLA,EUROCONTROL NMOC,MALLA,40.36058055555556,-87.20711944444444,101000746220840
dp_other,7979,MALLA,EUROCONTROL NMOC,MALOULA,33.852,36.525666666666666,17849790
dp_adhp,8355,MALON,EUROCONTROL NMOC,MALON,-4.424863888888889,55.46318611111111,400001667928268
dp_icao,79127,MALON,EUROCONTROL NMOC,MALON,30.986102777777777,-85.2471,17886390
dp_icao,16274,MAMAT,EUROCONTROL NMOC,MAMAT,71.07222222222222,70.15777777777778,1660487807
dp_icao,16275,MAMAT,EUROCONTROL NMOC,MAMAT,43.45831666666667,141.38248333333334,400003812326028
dp_other,7982,MAN,CIVIL AVIATION AUTHORITY OF THE PHILIPPINES,MANICAHAN,7.019444444444445,122.20111111111112,400004385593374
dp_other,7983,MAN,CIVIL AVIATION AUTHORITY OF THE PHILIPPINES,MANGGAHAN FLOODWAY,14.559722222222224,121.11138888888888,400005074882502
dp_other,7984,MAN,CIVIL AVIATION AUTHORITY OF THE PHILIPPINES,MANGLET ISLAND,11.980277777777777,119.98138888888889,400005266479241
dp_other,7985,MAN,CIVIL AVIATION AUTHORITY OF THE PHILIPPINES,MANUKAN,8.516111111111112,123.09416666666667,400005555803401
dp_icao,16313,MANDA,EUROCONTROL NMOC,MANDA,12.591944444444445,42.788888888888884,17818458
dp_icao,79187,MANDA,EUROCONTROL NMOC,MANDA,39.64872777777778,-82.70791111111112,101000746148164
dp_icao,121159,MANDA,EUROCONTROL NMOC,MANDA,-35.293055555555554,148.585,101000831167374
dp_icao,16322,MANGO,EUROCONTROL NMOC,MANGO,51.69274444444444,0.7904388888888889,17839453
dp_icao,16323,MANGO,EUROCONTROL NMOC,MANGO,21.613611111111112,114.51472222222222,107259209
dp_icao,79204,MANIG,EUROCONTROL NMOC,MANIG,49.78528055555555,-3.2593666666666667,204818196
dp_icao,121164,MANIG,EUROCONTROL NMOC,MANIG,-30.854444444444447,117.16555555555556,300000076125958
dp_icao,16329,MANLI,EUROCONTROL NMOC,MANLI,49.583333333333336,117.45,17829511
dp_icao,121165,MANLI,EUROCONTROL NMOC,MANLI,-27.46333333333333,153.19861111111112,308067914
dp_icao,79236,MANTA,EUROCONTROL NMOC,MANTA,39.90194722222222,-73.54211944444444,17886447
dp_icao,79237,MANTA,EUROCONTROL NMOC,MANTA,21.30527777777778,-101.34861111111111,94297593
dp_other,7989,MAP08,MOLDAVIAN AIR TRAFFIC SERVICE PROVIDER (MOLDATSA),MAPT IAP ILS CAT I/II RWY 08 LUKK,46.92719444444444,28.90311111111111,300000168125522
dp_other,7990,MAP08,MOLDAVIAN AIR TRAFFIC SERVICE PROVIDER (MOLDATSA),MAPT IAP LOC RWY 08 LUKK,46.92675,28.88986111111111,300000168125554
dp_other,7991,MAP08,MOLDAVIAN AIR TRAFFIC SERVICE PROVIDER (MOLDATSA),MAPT IAP VOR/DME RWY 08 LUKK,46.92627777777778,28.883055555555558,300000168125618
dp_adhp,3789,MAP09,BULATSA-BULGARIAN AIR TRAFFIC SERVICES AUTHORITY,MAPT LBSF VOR RWY09,42.69936111111111,23.368583333333333,101003366630395
dp_adhp,3790,MAP09,BULATSA-BULGARIAN AIR TRAFFIC SERVICES AUTHORITY,LBWN MAPT VOR RWY 09,43.23433333333333,27.786944444444448,400000219730192
dp_adhp,3791,MAP09,BULATSA-BULGARIAN AIR TRAFFIC SERVICES AUTHORITY,MAPT LBSF LOC RWY09,42.69922222222222,23.371055555555557,400002003605364
dp_other,7992,MAP26,MOLDAVIAN AIR TRAFFIC SERVICE PROVIDER (MOLDATSA),MAPT IAP VOR/DME RWY 26 LUKK,46.92955555555555,28.978749999999998,300000382279516
dp_other,7993,MAP26,MOLDAVIAN AIR TRAFFIC SERVICE PROVIDER (MOLDATSA),MAPT IAP ILS CAT I RWY 26 LUKK,46.9285,28.966416666666667,300000382357541
dp_other,7994,MAP26,MOLDAVIAN AIR TRAFFIC SERVICE PROVIDER (MOLDATSA),MAPT IAP LOC RWY 26 LUKK,46.92875,28.978805555555553,300000395577685
dp_adhp,3794,MAP27,BULATSA-BULGARIAN AIR TRAFFIC SERVICES AUTHORITY,MAPT ILS/LOC/VOR RWY 27,42.69438888888889,23.452638888888888,101003366630999
dp_adhp,3795,MAP27,BULATSA-BULGARIAN AIR TRAFFIC SERVICES AUTHORITY,LBWN MAPT VOR RWY 27,43.229416666666665,27.83986111111111,400000219730224
dp_icao,16357,MAPLE,EUROCONTROL NMOC,MAPLE,35.70560833333334,137.52964444444447,93392037
dp_icao,16358,MAPLE,EUROCONTROL NMOC,MAPLE,21.374116666666666,113.09522777777778,1119441113
dp_icao,79290,MAPLE,EUROCONTROL NMOC,MAPLE,41.461908333333334,-72.54197222222221,259695770
dp_icao,16379,MARBU,EUROCONTROL NMOC,MARBU,3.047308333333333,112.8559611111111,400002408833526
dp_icao,121173,MARBU,EUROCONTROL NMOC,MARBU,-6.541944444444444,139.33138888888888,400002248352985
dp_icao,16381,MARCO,EUROCONTROL NMOC,MARCO,10.330555555555556,37.61972222222222,87922449
dp_icao,16382,MARCO,EUROCONTROL NMOC,MARCO,34.07945555555556,132.14726944444445,400001877869537
dp_icao,16388,MAREP,EUROCONTROL NMOC,MAREP,39.86724311,15.60389894,17839492
dp_icao,16389,MAREP,EUROCONTROL NMOC,MAREP,23.863347222222224,120.48187222222222,400003116673240
dp_icao,79360,MARES,EUROCONTROL NMOC,MARES,10.789722222222222,-67.21361111111112,17861574
dp_icao,79361,MARES,EUROCONTROL NMOC,MARES,41.14251111111111,-73.33167222222222,259697387
dp_icao,79370,MARGO,EUROCONTROL NMOC,MARGO,45.929430555555555,-123.28736944444444,300000312352573
dp_icao,121174,MARGO,EUROCONTROL NMOC,MARGO,-34.413888888888884,138.03861111111112,17868893
dp_icao,16391,MARIA,EUROCONTROL NMOC,MARIA,35.670525,136.2649722222222,93392043
dp_icao,79372,MARIA,EUROCONTROL NMOC,MARIA,42.8341,-74.21680555555555,17886492
dp_icao,79398,MARLN,EUROCONTROL NMOC,MARLN,31.401252777777778,-96.72235833333333,17886513
dp_icao,121179,MARLN,EUROCONTROL NMOC,MARLN,-34.03472222222222,152.06722222222223,17868896
dp_icao,16409,MAROT,EUROCONTROL NMOC,MAROT,62.467222222222226,123.83444444444444,17829550
dp_icao,79418,MAROT,EUROCONTROL NMOC,MAROT,18.495161111111113,-72.9122138888889,17846362
dp_icao,16410,MARPE,EUROCONTROL NMOC,MARPE,24.45748888888889,124.30286111111111,800001453485130
dp_icao,79421,MARPE,EUROCONTROL NMOC,MARPE,34.43333333333333,-103.56666666666666,101000701658101
dp_icao,16412,MARRI,EUROCONTROL NMOC,MARRI,43.38472222222222,4.474166666666667,17839525
dp_icao,79431,MARRI,EUROCONTROL NMOC,MARRI,38.76311388888889,-119.70008611111112,17886528
dp_icao,16413,MARSA,EUROCONTROL NMOC,MARSA,37.046388888888885,10.458055555555555,97151162
dp_icao,79439,MARSA,EUROCONTROL NMOC,MARSA,29.819369444444444,-93.76831388888888,17886540
dp_icao,79442,MARSH,EUROCONTROL NMOC,MARSH,38.859722222222224,-77.54346111111111,259673733
dp_icao,121183,MARSH,EUROCONTROL NMOC,MARSH,-37.705000000000005,144.2433333333333,99835674
dp_icao,16418,MARUB,EUROCONTROL NMOC,MARUB,35.66987222222222,134.58230833333332,400001068928315
dp_icao,121185,MARUB,EUROCONTROL NMOC,MARUB,-33.931666666666665,151.48166666666665,18561723
dp_icao,16476,MATCH,EUROCONTROL NMOC,MATCH,51.779222222222224,0.25,17839561
dp_icao,79557,MATCH,EUROCONTROL NMOC,MATCH,32.406238888888886,-100.25054166666666,101000746165752
dp_icao,79571,MATHU,EUROCONTROL NMOC,MATHU,33.658763888888885,-80.72450555555555,101000746278267
dp_icao,121197,MATHU,EUROCONTROL NMOC,MATHU,-17.373333333333335,179.44722222222222,1216810605
dp_icao,16496,MATSU,EUROCONTROL NMOC,MATSU,3.4372000000000003,102.1039,17868914
dp_icao,16497,MATSU,EUROCONTROL NMOC,MATSU,38.09357777777778,141.72427222222223,18361415
dp_icao,79723,MAXIN,EUROCONTROL NMOC,MAXIN,15.553333333333335,-73.08333333333333,400001260518922
dp_icao,79724,MAXIN,EUROCONTROL NMOC,MAXIN,21.784686111111114,-72.44459444444445,400003001583101
dp_icao,16545,MAYON,EUROCONTROL NMOC,MAYON,32.70742777777778,136.11503888888888,94645671
dp_icao,79776,MAYON,EUROCONTROL NMOC,MAYON,34.056488888888886,-117.83260833333333,101000746175570
dp_other,8015,MC2,EUROCONTROL NMOC,INT MC2,52.5,4.05,96538137
dp_other,8016,MC2,EUROCONTROL NMOC,MC2,47.9725,11.68817,400001957671691
dp_icao,16554,MCGEE,EUROCONTROL NMOC,MCGEE,35.54138888888889,141.0532888888889,400003343953121
dp_icao,79826,MCGEE,EUROCONTROL NMOC,MCGEE,31.72200833333333,-90.26186111111112,17886705
dp_icao,16599,MEDIC,EUROCONTROL NMOC,MEDIC,36.83625,137.24643055555555,17856065
dp_icao,79981,MEDIC,EUROCONTROL NMOC,MEDIC,29.976863888888886,-95.68326944444445,101000746163418
dp_icao,16619,MEDUS,EUROCONTROL NMOC,MEDUS,43.175,6.1393611111111115,17839663
dp_icao,80019,MEDUS,EUROCONTROL NMOC,MEDUS,16.739444444444445,-61.574444444444445,17846425
dp_icao,80039,MEETA,EUROCONTROL NMOC,MEETA,35.14101111111111,-85.23972777777777,17886771
dp_icao,121224,MEETA,EUROCONTROL NMOC,MEETA,-28.119444444444444,153.54222222222222,420344692
dp_other,8055,MER,CIVIL AVIATION AUTHORITY OF THE PHILIPPINES,MERCEDES OVAL,6.9575000000000005,122.14916666666667,400004385593377
dp_other,8056,MER,CIVIL AVIATION AUTHORITY OF THE PHILIPPINES,MERALCO,14.588333333333335,121.06361111111111,400005074882506
dp_other,8057,MER,CIVIL AVIATION AUTHORITY OF THE PHILIPPINES,MERALCO CHIMNEYS,14.450833333333332,121.05277777777778,400005074882510
dp_icao,16742,MERAM,EUROCONTROL NMOC,MERAM,36.03638888888889,33.286944444444444,91975120
dp_icao,80303,MERAM,EUROCONTROL NMOC,MERAM,38.56305277777778,-90.41934166666667,17886849
dp_icao,16746,MERID,EUROCONTROL NMOC,MERID,33.354425,134.95779166666665,1090519193
dp_icao,16747,MERID,EUROCONTROL NMOC,MERID,0.0,0.0,300000219422320
dp_icao,80391,MESER,EUROCONTROL NMOC,MESER,14.74861111111111,-11.938611111111111,17818605
dp_icao,121273,MESER,EUROCONTROL NMOC,MESER,-33.734722222222224,137.45416666666665,1662588385
dp_icao,16773,MESSE,EUROCONTROL NMOC,MESSE,35.18354444444444,140.37075000000002,400001533396284
dp_icao,80410,MESSE,EUROCONTROL NMOC,MESSE,34.947116666666666,-92.03945,400001144135162
dp_icao,16789,METRO,EUROCONTROL NMOC,METRO,26.161666666666665,122.50444444444445,400003308906480
dp_icao,80443,METRO,EUROCONTROL NMOC,METRO,40.422713888888886,-74.66952777777779,17886912
dp_icao,80574,MICKI,EUROCONTROL NMOC,MICKI,29.135447222222222,-81.60789444444444,17886945
dp_icao,121306,MICKI,EUROCONTROL NMOC,MICKI,-27.49361111111111,153.11111111111111,420344695
dp_icao,80602,MIDLA,EUROCONTROL NMOC,MIDLA,59.69039444444444,-179.0,17823782
dp_icao,121312,MIDLA,EUROCONTROL NMOC,MIDLA,-31.865000000000002,115.98694444444445,224640967
dp_other,8095,MIKE,DFS DEUTSCHE FLUGSICHERUNG GMBH,EDDC MIKE,51.17833333,13.67,400002193418102
dp_other,8096,MIKE,DFS DEUTSCHE FLUGSICHERUNG GMBH,EDLN MIKE,51.29666667,6.53833333,400002193418363
dp_other,8097,MIKE,DFS DEUTSCHE FLUGSICHERUNG GMBH,EDVE MIKE,52.30666667,10.39333333,400002193418540
dp_other,8098,MIKE,DFS DEUTSCHE FLUGSICHERUNG GMBH,EDDB MIKE,52.265,13.57666667,400003652293701
dp_icao,16926,MILAN,EUROCONTROL NMOC,MILAN,33.92711111111111,132.68173055555553,800000377448287
dp_icao,80700,MILAN,EUROCONTROL NMOC,MILAN,39.35610555555556,-85.31684166666666,17886996
dp_icao,16937,MILIS,EUROCONTROL NMOC,MILIS,41.03277969,9.7727785,18357767
dp_icao,80721,MILIS,EUROCONTROL NMOC,MILIS,42.10516388888889,-71.3115611111111,17887017
dp_icao,16985,MINAM,EUROCONTROL NMOC,MINAM,38.83379444444445,139.9348388888889,400000331221563
dp_icao,80778,MINAM,EUROCONTROL NMOC,MINAM,34.173561111111106,-111.3462611111111,101000746171517
dp_icao,16987,MINAT,EUROCONTROL NMOC,MINAT,35.61177777777778,133.42693888888888,17856167
dp_icao,16988,MINAT,EUROCONTROL NMOC,MINAT,8.771700000000001,96.0253,692088976
dp_icao,16997,MINNA,EUROCONTROL NMOC,MINNA,24.77152222222222,124.65914722222223,800001453485136
dp_icao,80802,MINNA,EUROCONTROL NMOC,MINNA,63.98824166666667,-153.01389444444445,259686450
dp_icao,16998,MINNE,EUROCONTROL NMOC,MINNE,34.193797222222216,131.24064444444443,76760995
dp_icao,80803,MINNE,EUROCONTROL NMOC,MINNE,45.222036111111116,-122.96877777777777,101000746153251
dp_icao,17009,MINTO,EUROCONTROL NMOC,MINTO,34.06475555555555,131.3181888888889,626108827
dp_icao,80822,MINTO,EUROCONTROL NMOC,MINTO,64.87301388888888,-148.71843333333334,17823800
dp_icao,17048,MIRON,EUROCONTROL NMOC,MIRON,46.719525000000004,27.040419444444446,17829717
dp_icao,121350,MIRON,EUROCONTROL NMOC,MIRON,-6.022222222222222,52.83888888888889,17818596
dp_icao,17065,MISEN,EUROCONTROL NMOC,MISEN,34.43572777777777,132.6419138888889,449914655
dp_icao,80927,MISEN,EUROCONTROL NMOC,MISEN,35.10235,-116.40385,17887122
dp_icao,17092,MITCH,EUROCONTROL NMOC,MITCH,33.16774722222222,130.19627222222223,400001157262221
dp_icao,80973,MITCH,EUROCONTROL NMOC,MITCH,38.9665,-76.74133055555555,17887140
dp_icao,121357,MITCH,EUROCONTROL NMOC,MITCH,-2.0,45.526849999999996,17818617
dp_icao,17104,MITSA,EUROCONTROL NMOC,MITSA,51.28551667,5.35272778,211181197
dp_icao,121359,MITSA,EUROCONTROL NMOC,MITSA,-34.03194444444444,150.7836111111111,18561759
dp_icao,17109,MIURA,EUROCONTROL NMOC,MIURA,35.08390833333333,139.773975,17856188
dp_icao,81018,MIURA,EUROCONTROL NMOC,MIURA,28.673333333333336,-110.7461111111111,736526398
dp_icao,17126,MIWAS,EUROCONTROL NMOC,MIWAS,9.399722222222222,40.42944444444444,17818626
dp_icao,121361,MIWAS,EUROCONTROL NMOC,MIWAS,-4.9256777777777785,36.043955555555556,400001834622318
dp_icao,17138,MIYOS,EUROCONTROL NMOC,MIYOS,34.89360833333333,132.83205277777776,400001877869546
dp_icao,81104,MIYOS,EUROCONTROL NMOC,MIYOS,39.09827777777778,-86.71673333333334,101000746212068
dp_icao,17149,MOANA,EUROCONTROL NMOC,MOANA,35.030702777777776,136.87511111111112,400002726363052
dp_icao,81249,MOANA,EUROCONTROL NMOC,MOANA,19.970227777777776,-156.26428055555556,17856194
dp_icao,17177,MODEL,EUROCONTROL NMOC,MODEL,34.69689722222222,137.44042222222222,400001139168947
dp_icao,81323,MODEL,EUROCONTROL NMOC,MODEL,37.733808333333336,-76.69079166666667,17887218
dp_icao,17227,MOKAD,EUROCONTROL NMOC,MOKAD,46.776666666666664,31.35,17829741
dp_icao,121367,MOKAD,EUROCONTROL NMOC,MOKAD,-4.667805555555556,40.47312222222222,17818659
dp_icao,17274,MOLEN,EUROCONTROL NMOC,MOLEN,44.055277777777775,4.512777777777778,17839932
dp_icao,81483,MOLEN,EUROCONTROL NMOC,MOLEN,37.99787222222222,-123.08679722222222,17887278
dp_icao,17282,MOLIT,EUROCONTROL NMOC,MOLIT,13.751666666666667,8.33,17817097
dp_icao,17283,MOLIT,EUROCONTROL NMOC,MOLIT,24.155127777777775,120.06753333333333,400005007115947
dp_icao,17301,MOMAN,EUROCONTROL NMOC,MOMAN,61.34369489,5.41868617,101002026955133
dp_icao,121374,MOMAN,EUROCONTROL NMOC,MOMAN,-12.163055555555555,130.89944444444444,355581105
dp_icao,17327,MONAK,EUROCONTROL NMOC,MONAK,54.94556,12.31361,17839962
dp_icao,17328,MONAK,EUROCONTROL NMOC,MONAK,37.96680833333333,141.39369166666665,400003988053327
dp_adhp,8394,MONDO,EUROCONTROL NMOC,MONDO,-6.160566666666667,145.39813333333333,400005193242032
dp_icao,121382,MONDO,EUROCONTROL NMOC,MONDO,-32.94333333333333,151.23638888888888,17869124
dp_icao,17342,MONET,EUROCONTROL NMOC,MONET,35.48938888888889,136.77529166666667,400002593743777
dp_icao,81548,MONET,EUROCONTROL NMOC,MONET,33.916216666666664,-81.75268888888888,17887305
dp_icao,17358,MONPI,EUROCONTROL NMOC,MONPI,22.070555555555554,75.99888888888889,17850035
dp_icao,17359,MONPI,EUROCONTROL NMOC,MONPI,21.0,140.6,17856236
dp_icao,81581,MONTY,EUROCONTROL NMOC,MONTY,52.89277777777778,-3.174011111111111,17840018
dp_icao,81582,MONTY,EUROCONTROL NMOC,MONTY,37.57852777777778,-79.06876388888888,259697369
dp_icao,81649,MORAS,EUROCONTROL NMOC,MORAS,39.16398542,-8.01850064,17840042
dp_icao,81650,MORAS,EUROCONTROL NMOC,MORAS,22.16111111111111,-99.58361111111111,17846512
dp_icao,17386,MORAY,EUROCONTROL NMOC,MORAY,34.296902777777774,145.99631944444442,17856242
dp_icao,81651,MORAY,EUROCONTROL NMOC,MORAY,38.95481388888889,-94.37643888888888,17887365
dp_other,8288,MS400,EUROCONTROL NMOC,MS400,66.03865778,13.42326861,400001960457477
dp_other,8289,MS400,EUROCONTROL NMOC,MS400,55.58213889,13.36677778,400002794400820
dp_other,8328,MS710,EUROCONTROL NMOC,MS710,65.65524944,13.30327778,400002176830361
dp_other,8329,MS710,EUROCONTROL NMOC,MS710,55.23969444,13.19691667,400002794400916
dp_icao,82137,MUNDA,EUROCONTROL NMOC,MUNDA,21.59583333333333,-91.96777777777778,17846524
dp_other,16177,MUNDA,EUROCONTROL NMOC,MUANDA,-5.933333333333334,12.35,17818737
dp_icao,17622,MUROT,EUROCONTROL NMOC,MUROT,33.3449,134.33629444444446,1090519199
dp_icao,17623,MUROT,EUROCONTROL NMOC,MUROT,56.82694444444445,52.181666666666665,101002795075917
dp_icao,17634,MUSBI,EUROCONTROL NMOC,MUSBI,8.216666666666667,46.333333333333336,213480412
dp_icao,17635,MUSBI,EUROCONTROL NMOC,MUSBI,37.93930833333333,140.9966,400003988053330
dp_icao,17637,MUSEL,EUROCONTROL NMOC,MUSEL,22.264997222222224,114.78114722222222,101000694849857
dp_icao,82288,MUSEL,EUROCONTROL NMOC,MUSEL,33.46933055555556,-117.95597500000001,101000746134037
dp_icao,17642,MUSKY,EUROCONTROL NMOC,MUSKY,38.57777786,12.46750069,18357917
dp_icao,82311,MUSKY,EUROCONTROL NMOC,MUSKY,42.15328611111111,-86.93712500000001,17887599
dp_icao,82519,MYRON,EUROCONTROL NMOC,MYRON,57.09507222222222,-164.13481666666667,259674189
dp_icao,82520,MYRON,EUROCONTROL NMOC,MYRON,40.617355555555555,-79.8651611111111,1176405107
dp_other,8477,N,AUSTRO CONTROL GMBH,NOVEMBER (LOWZ),47.36333333,12.8175,400002848344188
dp_other,8482,N,AUSTRO CONTROL GMBH,N (LOAB),48.925,15.36666667,400004901764662
dp_other,8483,N,AUSTRO CONTROL GMBH,NOVEMBER (LOGG),47.25166667,16.28833333,400004901764713
dp_other,8484,N,AUSTRO CONTROL GMBH,N (LOAR),48.69555556,16.845,400004901764716
dp_other,8485,N,AUSTRO CONTROL GMBH,N (LOAG),48.49666667,15.61833333,400004901764743
dp_other,8486,N,AUSTRO CONTROL GMBH,NOVEMBER (LOGT),47.42666667,15.00666667,400004901772467
dp_other,8487,N,AUSTRO CONTROL GMBH,NOVEMBER (LOGK),47.47666667,15.25333333,400004901772482
dp_other,8488,N,AUSTRO CONTROL GMBH,N (LOLG),48.14666667,14.97333333,400004936500042
dp_other,8442,N,DFS DEUTSCHE FLUGSICHERUNG GMBH,EDAH NOVEMBER,53.97333333,14.1,400002193418057
dp_other,8443,N,DFS DEUTSCHE FLUGSICHERUNG GMBH,EDDC NOVEMBER,51.21166667,13.73333333,400002193418105
dp_other,8444,N,DFS DEUTSCHE FLUGSICHERUNG GMBH,EDDE NOVEMBER 1,51.08166667,10.92,400002193418111
dp_other,8445,N,DFS DEUTSCHE FLUGSICHERUNG GMBH,EDDE NOVEMBER 2,51.02645,10.97590556,400002193418114
dp_other,8446,N,DFS DEUTSCHE FLUGSICHERUNG GMBH,EDDF NOVEMBER,50.13666667,8.59333333,400002193418126
dp_other,8447,N,DFS DEUTSCHE FLUGSICHERUNG GMBH,EDDG NOVEMBER 1,52.21333333,7.685,400002193418141
dp_other,8448,N,DFS DEUTSCHE FLUGSICHERUNG GMBH,EDDG NOVEMBER 2,52.15333333,7.71666667,400002193418144
dp_other,8449,N,DFS DEUTSCHE FLUGSICHERUNG GMBH,EDDH NOVEMBER 1,53.80666667,10.03166667,400002193418162
dp_other,8450,N,DFS DEUTSCHE FLUGSICHERUNG GMBH,EDDH NOVEMBER 2,53.68333333,10.00166667,400002193418165
dp_other,8451,N,DFS DEUTSCHE FLUGSICHERUNG GMBH,EDDK NOVEMBER 1,50.95333333,7.18166667,400002193418186
dp_other,8452,N,DFS DEUTSCHE FLUGSICHERUNG GMBH,EDDL NOVEMBER,51.40666667,6.74833333,400002193418201
dp_other,8453,N,DFS DEUTSCHE FLUGSICHERUNG GMBH,EDDN NOVEMBER,49.58666667,10.96,400002193418222
dp_other,8454,N,DFS DEUTSCHE FLUGSICHERUNG GMBH,EDDP NOVEMBER 1,51.54333333,12.19333333,400002193418231
dp_other,8455,N,DFS DEUTSCHE FLUGSICHERUNG GMBH,EDDR NOVEMBER 1,49.32666667,7.07,400002193418243
dp_other,8456,N,DFS DEUTSCHE FLUGSICHERUNG GMBH,EDDR NOVEMBER 2,49.26816092,7.09085661,400002193418246
dp_other,8457,N,DFS DEUTSCHE FLUGSICHERUNG GMBH,EDDV NOVEMBER 1,52.545,9.79833333,400002193418285
dp_other,8458,N,DFS DEUTSCHE FLUGSICHERUNG GMBH,EDDV NOVEMBER 2,52.49340278,9.72985556,400002193418288
dp_other,8459,N,DFS DEUTSCHE FLUGSICHERUNG GMBH,EDDW NOVEMBER,53.10666667,8.73833333,400002193418297
dp_other,8460,N,DFS DEUTSCHE FLUGSICHERUNG GMBH,EDFH NOVEMBER,50.01333333,7.185,400002193418312
dp_other,8461,N,DFS DEUTSCHE FLUGSICHERUNG GMBH,EDHL NOVEMBER,53.90166667,10.77,400002193418339
dp_other,8462,N,DFS DEUTSCHE FLUGSICHERUNG GMBH,EDJA NOVEMBER 1,48.09333333,10.22666667,400002193418351
dp_other,8463,N,DFS DEUTSCHE FLUGSICHERUNG GMBH,EDJA NOVEMBER 2,48.04166667,10.21833444,400002193418354
dp_other,8464,N,DFS DEUTSCHE FLUGSICHERUNG GMBH,EDLP NOVEMBER,51.65333333,8.54,400002193418378
dp_other,8465,N,DFS DEUTSCHE FLUGSICHERUNG GMBH,EDLV NOVEMBER,51.655,6.18333333,400002193418390
dp_other,8466,N,DFS DEUTSCHE FLUGSICHERUNG GMBH,EDLW NOVEMBER,51.59055581,7.61666667,400002193418399
dp_other,8467,N,DFS DEUTSCHE FLUGSICHERUNG GMBH,EDMA NOVEMBER 1,48.51833333,10.895,400002193418411
dp_other,8468,N,DFS DEUTSCHE FLUGSICHERUNG GMBH,EDMA NOVEMBER 2,48.48320211,10.911295,400002193418414
dp_other,8469,N,DFS DEUTSCHE FLUGSICHERUNG GMBH,EDNY NOVEMBER,47.71833333,9.42333333,400002193418444
dp_other,8470,N,DFS DEUTSCHE FLUGSICHERUNG GMBH,EDQM NOVEMBER,50.37,11.79,400002193418477
dp_other,8471,N,DFS DEUTSCHE FLUGSICHERUNG GMBH,EDSB NOVEMBER,48.86666667,8.06166667,400002193418492
dp_other,8472,N,DFS DEUTSCHE FLUGSICHERUNG GMBH,EDVE NOVEMBER 1,52.38833333,10.59333333,400002193418543
dp_other,8473,N,DFS DEUTSCHE FLUGSICHERUNG GMBH,EDVE NOVEMBER 2,52.34663889,10.53756111,400002193418546
dp_other,8474,N,DFS DEUTSCHE FLUGSICHERUNG GMBH,EDVK NOVEMBER 1,51.50166667,9.30166667,400002193418561
dp_other,8475,N,DFS DEUTSCHE FLUGSICHERUNG GMBH,EDVK NOVEMBER 2,51.44277778,9.35611111,400002193418573
dp_other,8476,N,DFS DEUTSCHE FLUGSICHERUNG GMBH,EDXW NOVEMBER,55.05666667,8.37333333,400002193418600
dp_other,8478,N,DFS DEUTSCHE FLUGSICHERUNG GMBH,EDDP NOVEMBER 2,51.46444444,12.21666667,400002997912378
dp_other,8479,N,DFS DEUTSCHE FLUGSICHERUNG GMBH,EDDB NOVEMBER,52.43166667,13.42,400003652293704
dp_other,8480,N,DFS DEUTSCHE FLUGSICHERUNG GMBH,EDDK NOVEMBER 2,50.89888889,7.1525,400003845426394
dp_other,8489,N1,AUSTRO CONTROL GMBH,N1 (LOWK),46.75166667,14.11027778,400002467752672
dp_other,8490,N1,AUSTRO CONTROL GMBH,NOVEMBER 1 (LOWI),47.38611111,11.25861111,400002467752704
dp_other,8492,N1,AUSTRO CONTROL GMBH,N1 (LOIR),47.55166667,10.65666667,400004901772470
dp_other,8493,N1,AUSTRO CONTROL GMBH,N1 (LOGG),47.18666667,16.29333333,400005245660875
dp_other,8491,N1,EUROCONTROL NMOC,N1,46.049166666666665,16.084444444444443,400002928894640
dp_other,8494,N1,EUROCONTROL NMOC,N1,26.349958333333333,50.699263888888886,400005544385273
dp_other,8495,N2,AUSTRO CONTROL GMBH,N2 (LOWK),46.76944444,14.38777778,400002467752738
dp_other,8496,N2,AUSTRO CONTROL GMBH,NOVEMBER 2 (LOWI),47.33583333,11.1775,400002467752777
dp_other,8498,N2,AUSTRO CONTROL GMBH,N2 (LOIR),47.51,10.71166667,400004901772452
dp_other,8497,N2,EUROCONTROL NMOC,N2,45.85611111111111,15.806111111111111,400002928894643
dp_other,8499,N2,EUROCONTROL NMOC,N2,26.291425,50.65075833333333,400005544385277
dp_other,8538,NAGA,CIVIL AVIATION AUTHORITY OF THE PHILIPPINES,NAGA SPORTS COMPLEX,13.628055555555555,123.19666666666667,400003012036323
dp_other,8539,NAGA,CIVIL AVIATION AUTHORITY OF THE PHILIPPINES,NAGA,10.196666666666667,123.74666666666667,400005258389000
dp_icao,17747,NAKAN,EUROCONTROL NMOC,NAKAN,39.41379444444444,141.226975,400004053672918
dp_icao,82745,NAKAN,EUROCONTROL NMOC,NAKAN,15.24941111111111,-88.57064694444443,17846542
dp_icao,17822,NAMIE,EUROCONTROL NMOC,NAMIE,26.04765277777778,127.65281111111112,400003424684587
dp_icao,82836,NAMIE,EUROCONTROL NMOC,NAMIE,8.99111111111111,-176.88472222222222,101000701663739
dp_icao,17926,NARMI,EUROCONTROL NMOC,NARMI,26.300647222222224,50.32750277777778,400001112227136
dp_icao,82963,NARMI,EUROCONTROL NMOC,NARMI,35.63638888888889,-5.4975000000000005,83476357
dp_icao,17969,NASSY,EUROCONTROL NMOC,NASSY,45.446666666666665,18.099722222222223,17840264
dp_icao,17970,NASSY,EUROCONTROL NMOC,NASSY,35.53678055555555,134.03952222222222,400001157262241
dp_icao,17980,NATCH,EUROCONTROL NMOC,NATCH,34.19246944444444,136.19443333333334,93392056
dp_icao,83021,NATCH,EUROCONTROL NMOC,NATCH,35.02625555555556,-80.10813333333333,17887828
dp_icao,18013,NATTY,EUROCONTROL NMOC,NATTY,35.89746111111111,139.7587,400003343953127
dp_icao,83046,NATTY,EUROCONTROL NMOC,NATTY,41.04395833333333,-84.93813333333334,17887834
dp_icao,83191,NEDEX,EUROCONTROL NMOC,NEDEX,51.87699166666667,-1.4721305555555557,205361445
dp_icao,83192,NEDEX,EUROCONTROL NMOC,NEDEX,10.028333333333334,-68.60277777777777,221402751
dp_icao,18223,NELLI,EUROCONTROL NMOC,NELLI,48.6276525,9.02348277,17840363
dp_icao,83294,NELLI,EUROCONTROL NMOC,NELLI,60.485775000000004,-147.94664444444444,17823962
dp_icao,18348,NERKA,EUROCONTROL NMOC,NERKA,52.51722222222222,111.53361111111111,17830032
dp_icao,83388,NERKA,EUROCONTROL NMOC,NERKA,59.43258611111111,-158.91887777777777,17823971
dp_icao,18376,NESIC,EUROCONTROL NMOC,NESIC,42.88431111111111,141.67489444444445,400001905059268
dp_icao,83418,NESIC,EUROCONTROL NMOC,NESIC,46.78838333333333,-92.50732222222223,800000377384234
dp_icao,18438,NEURO,EUROCONTROL NMOC,NEURO,35.95766944444445,139.91147222222222,400003343953130
dp_icao,83467,NEURO,EUROCONTROL NMOC,NEURO,59.13661944444444,-158.15451944444445,259680399
dp_icao,83479,NEVIS,EUROCONTROL NMOC,NEVIS,56.69535277777778,-4.544638888888889,17840456
dp_icao,83480,NEVIS,EUROCONTROL NMOC,NEVIS,42.40577222222222,-92.53913333333333,17887978
dp_icao,18481,NEXUS,EUROCONTROL NMOC,NEXUS,35.79691944444444,139.97481944444445,1662244837
dp_icao,83533,NEXUS,EUROCONTROL NMOC,NEXUS,56.21203888888889,-1.8447194444444446,19136415
dp_icao,18563,NIGEL,EUROCONTROL NMOC,NIGEL,35.935427777777775,139.85494444444444,400003343953133
dp_icao,121621,NIGEL,EUROCONTROL NMOC,NIGEL,-7.0604499999999994,39.020113888888886,400003250686955
dp_icao,18590,NIKAN,EUROCONTROL NMOC,NIKAN,43.22506388888889,141.06000833333334,400003812326055
dp_icao,121631,NIKAN,EUROCONTROL NMOC,NIKAN,-26.493230555555556,15.211341666666666,400003424604059
dp_icao,83694,NIKKI,EUROCONTROL NMOC,NIKKI,21.767255555555554,-157.51469166666666,101000746140053
dp_icao,121635,NIKKI,EUROCONTROL NMOC,NIKKI,-28.099722222222223,153.57222222222222,1602128827
dp_icao,18602,NIKKO,EUROCONTROL NMOC,NIKKO,36.48744722222222,139.86311666666666,400004758346147
dp_icao,83696,NIKKO,EUROCONTROL NMOC,NIKKO,42.76039166666666,-70.03376388888888,400000117715172
dp_icao,18711,NINJA,EUROCONTROL NMOC,NINJA,35.86337777777778,139.98220555555557,1662244846
dp_icao,83756,NINJA,EUROCONTROL NMOC,NINJA,33.29088055555555,-80.7129,101002451256845
dp_other,8669,NL006,EUROCONTROL NMOC,ENTRY SOUTH 27,53.79488883,12.59972217,400001706535215
dp_other,14845,NL006,EUROCONTROL NMOC,NL120006,37.70244708,-25.57239497,101001067036699
dp_icao,19003,NOGRA,EUROCONTROL NMOC,NOGRA,49.88157222,11.67628889,17840570
dp_icao,121719,NOGRA,EUROCONTROL NMOC,NOGRA,-27.423333333333336,152.99277777777777,355581532
dp_icao,19024,NOKKA,EUROCONTROL NMOC,NOKKA,42.876961111111115,144.27875,400002060403725
dp_other,8794,NOKKA,EUROCONTROL NMOC,NOKKA,60.18333333,25.0225,800000870899165
dp_icao,19078,NOMAS,EUROCONTROL NMOC,NOMAS,38.91378888888889,138.03793611111112,400000766527476
dp_icao,84078,NOMAS,EUROCONTROL NMOC,NOMAS,32.348369444444444,-80.87664722222222,17888143
dp_icao,19123,NONOC,EUROCONTROL NMOC,NONOC,37.336283333333334,137.08782222222223,800001084663050
dp_icao,84105,NONOC,EUROCONTROL NMOC,NONOC,35.45659444444445,-84.53803055555555,1639873148
dp_icao,19170,NORIS,EUROCONTROL NMOC,NORIS,34.574044444444446,141.06902499999998,400003150497654
dp_icao,84204,NORIS,EUROCONTROL NMOC,NORIS,40.61289166666667,-90.16007222222223,17888170
dp_icao,19174,NORMA,EUROCONTROL NMOC,NORMA,35.98356388888889,140.548325,101002596044922
dp_icao,121771,NORMA,EUROCONTROL NMOC,NORMA,-17.662777777777777,145.53805555555556,17869427
dp_icao,19209,NOTAR,EUROCONTROL NMOC,NOTAR,57.830000000000005,27.559722222222224,17830212
dp_icao,84313,NOTAR,EUROCONTROL NMOC,NOTAR,22.435833333333335,-104.25166666666667,17846608
dp_icao,19432,NYLON,EUROCONTROL NMOC,NYLON,1.6158333333333335,104.10666666666665,308236858
dp_icao,19433,NYLON,EUROCONTROL NMOC,NYLON,35.671816666666665,140.155525,1662244858
dp_other,9039,O,AUSTRO CONTROL GMBH,O (LOAN),47.78555556,16.315,400002467752828
dp_other,9040,O,AUSTRO CONTROL GMBH,OSCAR (LOWL),48.13777778,14.26555556,400002467752851
dp_other,9041,O,AUSTRO CONTROL GMBH,O (LOIH),47.44833333,9.71166667,400003130583699
dp_icao,19447,OBAKO,EUROCONTROL NMOC,OBAKO,40.07287222222222,140.05447500000002,17856521
dp_icao,19448,OBAKO,EUROCONTROL NMOC,OBAKO,31.065555555555555,35.3125,400002278569857
dp_icao,85380,OCTAV,EUROCONTROL NMOC,OCTAV,41.04201111111111,-72.83103888888888,259687872
dp_icao,121855,OCTAV,EUROCONTROL NMOC,OCTAV,-23.78888888888889,133.87055555555557,355581771
dp_icao,85413,ODALE,EUROCONTROL NMOC,ODALE,40.934524999999994,-73.476675,17888383
dp_icao,121857,ODALE,EUROCONTROL NMOC,ODALE,-34.08916666666667,150.51777777777778,17869481
dp_icao,19673,ODELA,EUROCONTROL NMOC,ODELA,46.20944444444445,35.37111111111111,327837188
dp_icao,19674,ODELA,EUROCONTROL NMOC,ODELA,54.63166666666667,73.79972222222221,400000860532506
dp_icao,19680,ODENN,EUROCONTROL NMOC,ODENN,34.793641666666666,138.42229166666667,400004862856478
dp_icao,85468,ODENN,EUROCONTROL NMOC,ODENN,39.25199444444444,-81.48799444444444,259686025
dp_icao,20034,OHANA,EUROCONTROL NMOC,OHANA,37.43541388888889,137.4274333333333,103097969
dp_icao,85860,OHANA,EUROCONTROL NMOC,OHANA,21.907080555555556,-159.9768861111111,17856554
dp_icao,20042,OHMAR,EUROCONTROL NMOC,OHMAR,50.8249385,8.88500061,17840801
dp_icao,20043,OHMAR,EUROCONTROL NMOC,OHMAR,41.309441666666665,140.98767222222222,17856569
dp_icao,20280,OKUNI,EUROCONTROL NMOC,OKUNI,59.11222222222222,119.60749999999999,562777631
dp_icao,20281,OKUNI,EUROCONTROL NMOC,OKUNI,35.40349722222222,132.62883055555557,1190360303
dp_icao,20409,OLIVE,EUROCONTROL NMOC,OLIVE,34.75490277777778,134.45006666666666,17856611
dp_icao,20410,OLIVE,EUROCONTROL NMOC,OLIVE,27.438055555555557,122.85166666666666,996415127
dp_icao,20668,OMOGO,EUROCONTROL NMOC,OMOGO,33.68047222222222,133.20919999999998,17856632
dp_icao,20669,OMOGO,EUROCONTROL NMOC,OMOGO,59.84305555555556,30.519166666666667,400001616734232
dp_icao,20750,ONUMA,EUROCONTROL NMOC,ONUMA,37.29861111111111,139.92444444444445,1662244866
dp_icao,122170,ONUMA,EUROCONTROL NMOC,ONUMA,-30.974444444444444,148.3802777777778,400001932660820
dp_icao,87022,OPALL,EUROCONTROL NMOC,OPALL,35.11358055555556,-117.47325277777777,101000746151600
dp_icao,122174,OPALL,EUROCONTROL NMOC,OPALL,-26.578611111111112,118.45222222222222,300000071939263
dp_icao,20777,OPELI,EUROCONTROL NMOC,OPELI,5.444502777777778,115.45595555555556,400002408986374
dp_icao,20778,OPELI,EUROCONTROL NMOC,OPELI,35.96007222222222,143.5217138888889,400005361710236
dp_icao,20810,OPTIC,EUROCONTROL NMOC,OPTIC,22.13361111111111,120.415,400005331874543
dp_icao,122194,OPTIC,EUROCONTROL NMOC,OPTIC,-34.401111111111106,151.88888888888889,17869586
dp_icao,87222,ORDER,EUROCONTROL NMOC,ORDER,32.722908333333336,-117.71627222222223,17888679
dp_icao,122205,ORDER,EUROCONTROL NMOC,ORDER,-13.294166666666667,35.46666666666667,400002224870302
dp_icao,20878,ORION,EUROCONTROL NMOC,ORION,24.490591666666667,124.31952222222222,800001453485142
dp_icao,87270,ORION,EUROCONTROL NMOC,ORION,39.048202777777774,-100.72975555555556,17888694
dp_icao,20979,ORTIZ,EUROCONTROL NMOC,ORTIZ,23.95583333333333,119.08194444444445,400002296180504
dp_icao,87356,ORTIZ,EUROCONTROL NMOC,ORTIZ,30.611797222222222,-86.69028888888889,101000746241147
dp_other,9165,OSCAR,DFS DEUTSCHE FLUGSICHERUNG GMBH,EDDN OSCAR,49.565,11.20166667,400002193418225
dp_other,9166,OSCAR,DFS DEUTSCHE FLUGSICHERUNG GMBH,EDDS OSCAR,48.62666667,9.33166667,400002193418258
dp_other,9167,OSCAR,DFS DEUTSCHE FLUGSICHERUNG GMBH,EDMA OSCAR 1,48.51333333,10.98333333,400002193418417
dp_other,9168,OSCAR,DFS DEUTSCHE FLUGSICHERUNG GMBH,EDMA OSCAR 2,48.45333333,10.99166667,400002193418420
dp_other,9169,OSCAR,DFS DEUTSCHE FLUGSICHERUNG GMBH,EDNY OSCAR,47.74666667,9.56,400002193418447
dp_other,9170,OSCAR,DFS DEUTSCHE FLUGSICHERUNG GMBH,EDTL OSCAR 1,48.41581625,7.99033822,400002193418507
dp_other,9171,OSCAR,DFS DEUTSCHE FLUGSICHERUNG GMBH,EDTL OSCAR 2,48.38574597,7.90140697,400002193418510
dp_adhp,4086,OSCAR,SKEYES,ELLX VFR REP POINT OSCAR,49.60722222222223,6.403888888888889,400001872196671
dp_adhp,4087,OSCAR,SKEYES,EBLG VFR REP POINT OSCAR,50.56666666666667,5.549444444444444,800001356334724
dp_icao,21164,OSMAR,EUROCONTROL NMOC,OSMAR,38.25472258333333,9.787221916666667,17841053
dp_icao,87503,OSMAR,EUROCONTROL NMOC,OSMAR,10.731388888888889,-66.56027777777777,17862237
dp_icao,21280,OSTOR,EUROCONTROL NMOC,OSTOR,53.82938556,9.05272528,17841068
dp_icao,87560,OSTOR,EUROCONTROL NMOC,OSTOR,33.77375555555555,-117.19056111111111,101000746146102
dp_icao,21283,OSTRA,EUROCONTROL NMOC,OSTRA,51.29096911,12.90526714,17841071
dp_icao,87561,OSTRA,EUROCONTROL NMOC,OSTRA,11.221388888888889,-63.35527777777778,17862246
dp_icao,21313,OTABE,EUROCONTROL NMOC,OTABE,34.65803888888889,135.7610611111111,321549177
dp_icao,87595,OTABE,EUROCONTROL NMOC,OTABE,24.501175,-81.74994166666667,101000746260695
dp_icao,21608,OZORA,EUROCONTROL NMOC,OZORA,43.485622222222226,144.19810833333332,300000037486256
dp_icao,88525,OZORA,EUROCONTROL NMOC,OZORA,37.810855555555555,-89.9706,101000746161097
dp_other,9257,P,DFS DEUTSCHE FLUGSICHERUNG GMBH,EDDH PAPA 1,53.67166667,9.80666667,400002193418156
dp_other,9258,P,DFS DEUTSCHE FLUGSICHERUNG GMBH,EDDH PAPA 2,53.615,9.91166667,400002193418177
dp_icao,21626,PABLO,EUROCONTROL NMOC,PABLO,34.78474166666666,141.0526638888889,400003150497706
dp_icao,122339,PABLO,EUROCONTROL NMOC,PABLO,-17.978977777777775,19.927711111111112,400001802090967
dp_icao,21644,PADDY,EUROCONTROL NMOC,PADDY,33.21821666666667,130.17101944444443,300000245423080
dp_icao,88632,PADDY,EUROCONTROL NMOC,PADDY,39.307024999999996,-74.84207222222221,259676480
dp_icao,88647,PADRY,EUROCONTROL NMOC,PADRY,27.572652777777776,-97.06523333333332,101000746237174
dp_icao,122348,PADRY,EUROCONTROL NMOC,PADRY,-23.33111111111111,115.65694444444445,300000071939270
dp_icao,21662,PADUR,EUROCONTROL NMOC,PADUR,17.499444444444446,47.640277777777776,400002879707306
dp_icao,88652,PADUR,EUROCONTROL NMOC,PADUR,9.979805555555556,-82.59736111111111,95003940
dp_icao,21663,PADUS,EUROCONTROL NMOC,PADUS,69.33416666666666,132.6686111111111,101002795076205
dp_icao,88653,PADUS,EUROCONTROL NMOC,PADUS,26.354008333333336,-79.10858333333333,17888976
dp_icao,21675,PAGRE,EUROCONTROL NMOC,PAGRE,37.71,5.0,103546732
dp_icao,88677,PAGRE,EUROCONTROL NMOC,PAGRE,38.660333333333334,-108.14528333333334,17888985
dp_other,9320,PAL,CIVIL AVIATION AUTHORITY OF THE PHILIPPINES,PALOS VERDES,7.166388888888889,125.58444444444444,400004398487440
dp_other,9321,PAL,CIVIL AVIATION AUTHORITY OF THE PHILIPPINES,PALITON,9.176388888888889,123.46361111111112,400005267231578
dp_icao,21706,PALPA,EUROCONTROL NMOC,PALPA,27.948055555555555,83.53777777777778,1087516849
dp_icao,21707,PALPA,EUROCONTROL NMOC,PALPA,39.331022222222224,141.2133972222222,400004053673181
dp_icao,88787,PAMLA,EUROCONTROL NMOC,PAMLA,42.136427777777776,-71.71215277777777,259689437
dp_other,14852,PAMLA,EUROCONTROL NMOC,PAMLA,77.4,-75.08333,400001538398890
dp_icao,21724,PAMTO,EUROCONTROL NMOC,PAMTO,3.9833333333333334,92.0,17850403
dp_icao,21725,PAMTO,EUROCONTROL NMOC,PAMTO,14.861388888888888,74.50777777777778,400001708686356
dp_other,9324,PAN,CIVIL AVIATION AUTHORITY OF THE PHILIPPINES,PANABO PORT,7.2941666666666665,125.71388888888889,400004398487443
dp_other,9325,PAN,CIVIL AVIATION AUTHORITY OF THE PHILIPPINES,PANIT-AN,11.46361111111111,122.77,400004506676297
dp_other,9326,PAN,CIVIL AVIATION AUTHORITY OF THE PHILIPPINES,PANDANON,10.17861111111111,124.08222222222221,400005258389033
dp_icao,21734,PANDA,EUROCONTROL NMOC,PANDA,33.569205555555556,135.42143888888887,400002240985482
dp_icao,88810,PANDA,EUROCONTROL NMOC,PANDA,24.505325,-81.86607222222221,101000746266428
dp_icao,88834,PANOR,EUROCONTROL NMOC,PANOR,4.812222222222222,-72.79388888888889,800000628538072
dp_other,9328,PANOR,EUROCONTROL NMOC,NORTH,65.56972222,22.20944444,251320890
dp_icao,88883,PARCK,EUROCONTROL NMOC,PARCK,66.89485,-162.70739999999998,259682085
dp_icao,88884,PARCK,EUROCONTROL NMOC,PARCK,39.538149999999995,-91.40025833333334,101000774535455
dp_icao,21787,PARIS,EUROCONTROL NMOC,PARIS,51.33361111111111,130.0011111111111,17830590
dp_icao,88897,PARIS,EUROCONTROL NMOC,PARIS,20.168655555555556,-155.22191666666666,17856815
dp_icao,88922,PARRI,EUROCONTROL NMOC,PARRI,41.639202777777776,-93.56583888888889,101000843873770
dp_icao,88923,PARRI,EUROCONTROL NMOC,PARRI,9.523305555555556,-84.31813888888888,300000137743941
dp_icao,21800,PARTY,EUROCONTROL NMOC,PARTY,24.24388888888889,70.86638888888888,17850436
dp_icao,21801,PARTY,EUROCONTROL NMOC,PARTY,26.261819444444445,127.62878333333333,400003424684611
dp_icao,122415,PASAN,EUROCONTROL NMOC,PASAN,-0.26666666666666666,33.46666666666667,17819327
dp_icao,122416,PASAN,EUROCONTROL NMOC,PASAN,-28.777825,16.53965,400005401729416
dp_adhp,8682,PATTY,EUROCONTROL NMOC,PATTY,-4.622922222222223,55.48326111111111,400001667928333
dp_icao,89005,PATTY,EUROCONTROL NMOC,PATTY,18.408541666666665,-66.08926388888888,985455080
dp_icao,21913,PEAKS,EUROCONTROL NMOC,PEAKS,35.41865277777777,140.73129166666666,400003150497721
dp_icao,89143,PEAKS,EUROCONTROL NMOC,PEAKS,33.63551666666667,-111.41254444444445,17889198
dp_icao,21914,PEARL,EUROCONTROL NMOC,PEARL,33.24914444444445,129.61885555555557,17856854
dp_icao,21915,PEARL,EUROCONTROL NMOC,PEARL,22.051305555555555,113.79325,400003734936260
dp_icao,89153,PEARL,EUROCONTROL NMOC,PEARL,30.086766666666666,-89.40981388888889,17889204
dp_icao,21916,PEARS,EUROCONTROL NMOC,PEARS,35.54826666666666,134.03256388888892,400001157262252
dp_icao,89154,PEARS,EUROCONTROL NMOC,PEARS,35.786766666666665,-76.95054722222223,17889207
dp_icao,21998,PEKUN,EUROCONTROL NMOC,PEKUN,60.03388888888889,108.08361111111111,17830629
dp_icao,89345,PEKUN,EUROCONTROL NMOC,PEKUN,38.969461111111116,-84.02008611111111,400001800685215
dp_icao,22085,PENAR,EUROCONTROL NMOC,PENAR,45.50694444444444,5.626944444444445,77967452
dp_icao,122480,PENAR,EUROCONTROL NMOC,PENAR,-20.354444444444447,141.23222222222222,17869854
dp_icao,22125,PEPAR,EUROCONTROL NMOC,PEPAR,53.74138888888889,25.099722222222223,17830671
dp_icao,22126,PEPAR,EUROCONTROL NMOC,PEPAR,35.77869444444444,134.825625,300000469235409
dp_icao,89622,PERCY,EUROCONTROL NMOC,PERCY,39.06795277777778,-90.27557777777778,800000915903111
dp_icao,122486,PERCY,EUROCONTROL NMOC,PERCY,-22.951825,14.44641111111111,400003424604072
dp_icao,22160,PERID,EUROCONTROL NMOC,PERID,38.162444444444446,141.13039722222223,1293837885
dp_icao,22161,PERID,EUROCONTROL NMOC,PERID,49.34027777777778,133.26444444444445,1662561093
dp_icao,89671,PERRY,EUROCONTROL NMOC,PERRY,13.253333333333334,-63.07138888888889,17846854
dp_icao,122489,PERRY,EUROCONTROL NMOC,PERRY,-6.0,60.0,17819357
dp_icao,22176,PERSE,EUROCONTROL NMOC,PERSE,32.010575,130.7803388888889,400003696868984
dp_icao,89672,PERSE,EUROCONTROL NMOC,PERSE,29.25443611111111,-82.37523888888889,17889447
dp_adhp,4184,PETAA,EUROCONTROL NMOC,PETAA,33.52166666666667,126.92611111111111,400005109915332
dp_icao,122490,PETAA,EUROCONTROL NMOC,PETAA,-31.095277777777778,115.60833333333333,233755610
dp_icao,22217,PETAB,EUROCONTROL NMOC,PETAB,38.702000000000005,65.02258333333333,306059932
dp_icao,122491,PETAB,EUROCONTROL NMOC,PETAB,-30.833333333333332,116.0,233755621
dp_icao,22218,PETAC,EUROCONTROL NMOC,PETAC,6.294394444444444,101.32918888888888,400003522489296
dp_icao,122492,PETAC,EUROCONTROL NMOC,PETAC,-30.833333333333332,115.5,233755627
dp_icao,22220,PETAL,EUROCONTROL NMOC,PETAL,46.36802778,6.30036111,77342131
dp_icao,89746,PETAL,EUROCONTROL NMOC,PETAL,31.558736111111113,-89.33716944444444,101000746221316
dp_adhp,8691,PETER,EUROCONTROL NMOC,PETER,-4.694075000000001,55.72722777777778,400001667928337
dp_icao,89755,PETER,EUROCONTROL NMOC,PETER,42.20525833333333,-74.530625,17889462
dp_other,9366,PG1,EUROCONTROL NMOC,DREVERNA,55.51555555555556,21.233888888888888,400001139169322
dp_other,9367,PG1,EUROCONTROL NMOC,PG1,51.066,13.36317,400001957671679
dp_other,9378,PG2,EUROCONTROL NMOC,SLIENAVA,54.87,24.102500000000003,400001139169328
dp_other,9379,PG2,EUROCONTROL NMOC,PG2,51.821,13.624,400001957672915
dp_icao,22303,PHLOX,EUROCONTROL NMOC,PHLOX,35.76572222222222,140.37946666666667,101002596044930
dp_icao,89976,PHLOX,EUROCONTROL NMOC,PHLOX,38.56379166666667,-83.85579444444444,101000746151169
dp_icao,22306,PIANO,EUROCONTROL NMOC,PIANO,25.80636388888889,121.81745555555555,755085091
dp_icao,90001,PIANO,EUROCONTROL NMOC,PIANO,45.49082777777778,-118.66053333333333,17889528
dp_icao,22476,PINNE,EUROCONTROL NMOC,PINNE,27.821933333333334,129.09068333333335,17856905
dp_icao,90355,PINNE,EUROCONTROL NMOC,PINNE,36.518499999999996,-94.26423333333334,17889597
dp_icao,22496,PIONE,EUROCONTROL NMOC,PIONE,34.67137777777778,134.01513055555554,400001139168953
dp_icao,90373,PIONE,EUROCONTROL NMOC,PIONE,34.094475,-116.73879166666667,17889609
dp_icao,22502,PIPER,EUROCONTROL NMOC,PIPER,35.16618888888889,139.76165555555556,400003343953164
dp_icao,90379,PIPER,EUROCONTROL NMOC,PIPER,28.264905555555554,-80.15986111111111,17889615
dp_icao,22518,PIRAL,EUROCONTROL NMOC,PIRAL,51.978611111111114,145.62805555555556,676509583
dp_icao,90408,PIRAL,EUROCONTROL NMOC,PIRAL,19.438780555555557,-70.02490277777778,97747950
dp_other,9432,PJ1,EUROCONTROL NMOC,KYVISKES AD,54.668055555555554,25.515833333333333,400001551988656
dp_other,9433,PJ1,EUROCONTROL NMOC,PJ1,53.48433,13.03217,400001957672929
dp_other,9437,PJ2,EUROCONTROL NMOC,KLAIPEDA AD,55.71194444444445,21.24277777777778,400001551988659
dp_other,9438,PJ2,EUROCONTROL NMOC,PJ2,53.68767,13.5905,400001957673431
dp_icao,22620,PLUTO,EUROCONTROL NMOC,PLUTO,35.60891111111111,139.96021666666667,321549180
dp_icao,90672,PLUTO,EUROCONTROL NMOC,PLUTO,43.810919444444444,-115.83318888888888,17889770
dp_other,9557,POL,CIVIL AVIATION AUTHORITY OF THE PHILIPPINES,POLANGUI,13.289444444444444,123.49,400003012036329
dp_other,9558,POL,CIVIL AVIATION AUTHORITY OF THE PHILIPPINES,POLOMOLOK,6.226666666666667,125.04833333333333,400005266479294
dp_icao,22701,POLAR,EUROCONTROL NMOC,POLAR,26.68241666666667,123.6768888888889,357823459
dp_icao,90908,POLAR,EUROCONTROL NMOC,POLAR,42.837408333333336,-83.7354388888889,17889806
dp_icao,22712,POLLY,EUROCONTROL NMOC,POLLY,47.89361111111111,2.7622222222222224,17841611
dp_icao,90925,POLLY,EUROCONTROL NMOC,POLLY,47.83911388888889,-97.16425277777779,101000746162186
dp_icao,90937,POLUX,EUROCONTROL NMOC,POLUX,18.063408333333335,-70.0716361111111,17846981
dp_icao,122569,POLUX,EUROCONTROL NMOC,POLUX,-31.195833333333333,115.55194444444444,355582726
dp_icao,22754,PONTI,EUROCONTROL NMOC,PONTI,22.371208333333335,114.46273055555555,1119441130
dp_icao,90994,PONTI,EUROCONTROL NMOC,PONTI,35.65051111111111,-80.35409444444444,17889842
dp_icao,22755,PONTO,EUROCONTROL NMOC,PONTO,44.04396944444444,144.14287777777778,400004648187097
dp_icao,90995,PONTO,EUROCONTROL NMOC,PONTO,36.73648888888889,-108.32652222222222,101000746174696
dp_icao,22764,POPET,EUROCONTROL NMOC,POPET,7.228611111111111,68.22666666666667,17850517
dp_icao,122584,POPET,EUROCONTROL NMOC,POPET,-35.285555555555554,149.31777777777776,224658735
dp_icao,91111,POSUM,EUROCONTROL NMOC,POSUM,29.547788888888892,-90.38639166666667,101000746148969
dp_icao,122613,POSUM,EUROCONTROL NMOC,POSUM,-31.098055555555554,156.78333333333333,17870013
dp_other,9577,PR411,EUROCONTROL NMOC,TF PR411,48.61644664,10.84982233,101002030224821
dp_other,9578,PR411,EUROCONTROL NMOC,PR411,49.9753917,14.2643694,101002179535448
dp_other,9579,PR412,EUROCONTROL NMOC,TF PR412,48.63366311,10.89367775,101002030224824
dp_other,9580,PR412,EUROCONTROL NMOC,PR412,49.7152056,14.7233611,101002179535445
dp_other,9589,PR516,EUROCONTROL NMOC,PR516,50.375475,14.529125,101002179535580
dp_other,14863,PR516,EUROCONTROL NMOC,PR516,41.3035972,-8.4759944,31910697
dp_other,9611,PR631,EUROCONTROL NMOC,PR631,50.1868472,14.5112222,101002179535550
dp_other,14875,PR631,EUROCONTROL NMOC,PR631,41.16530192,-8.79456897,31561102
dp_other,9612,PR632,EUROCONTROL NMOC,PR632,50.40915,14.2842861,101002179535547
dp_other,14876,PR632,EUROCONTROL NMOC,PR632,41.20412706,-8.53471497,31561266
dp_other,9613,PR633,EUROCONTROL NMOC,PR633,50.2181417,14.6169528,101002179535544
dp_other,14877,PR633,EUROCONTROL NMOC,PR633,41.05860236,-8.76622072,31884354
dp_other,9614,PR634,EUROCONTROL NMOC,PR634,50.2289167,13.6872333,400003812857689
dp_other,14878,PR634,EUROCONTROL NMOC,PR634,41.09742822,-8.50678739,31598478
dp_other,9615,PR635,EUROCONTROL NMOC,PR635,49.9850861,14.6608167,101002179535538
dp_other,14879,PR635,EUROCONTROL NMOC,PR635,40.96458556,-8.74131986,101000685948671
dp_other,9616,PR637,EUROCONTROL NMOC,PR637,50.2612889,14.7634472,400002420837450
dp_other,14881,PR637,EUROCONTROL NMOC,PR637,41.70398336,-8.16444247,1197731980
dp_icao,22844,PRAWN,EUROCONTROL NMOC,PRAWN,22.268166666666666,113.81113888888889,400001124822527
dp_icao,122635,PRAWN,EUROCONTROL NMOC,PRAWN,-33.96416666666667,151.37944444444446,18561673
dp_icao,22848,PRIUS,EUROCONTROL NMOC,PRIUS,27.12066388888889,128.10808333333333,400001725378565
dp_icao,91332,PRIUS,EUROCONTROL NMOC,PRIUS,41.68615555555555,-87.69020277777778,800001975436898
dp_icao,22864,PUFER,EUROCONTROL NMOC,PUFER,32.98361111111111,19.796666666666667,228619071
dp_icao,91539,PUFER,EUROCONTROL NMOC,PUFER,30.22402222222222,-97.07558055555555,17890139
dp_icao,22937,PUTER,EUROCONTROL NMOC,PUTER,38.33238055555556,145.51868055555556,17856983
dp_icao,91762,PUTER,EUROCONTROL NMOC,PUTER,40.43520833333333,-111.956175,101000746141649
dp_icao,22961,QUAIL,EUROCONTROL NMOC,QUAIL,37.86492777777778,140.56834444444445,1293838080
dp_icao,92028,QUAIL,EUROCONTROL NMOC,QUAIL,39.260780555555556,-104.12489444444444,17890220
dp_icao,22966,QUEST,EUROCONTROL NMOC,QUEST,35.12690277777778,136.74067499999998,93406675
dp_icao,92061,QUEST,EUROCONTROL NMOC,QUEST,43.287866666666666,-90.97487777777778,17890238
dp_icao,92067,QUIET,EUROCONTROL NMOC,QUIET,39.50095,-107.70889166666667,101000746212556
dp_icao,122682,QUIET,EUROCONTROL NMOC,QUIET,-27.110000000000003,153.06833333333333,18561693
dp_icao,22969,QUOTA,EUROCONTROL NMOC,QUOTA,22.163055555555555,118.97694444444444,99855450
dp_icao,92099,QUOTA,EUROCONTROL NMOC,QUOTA,40.083872222222226,-89.41513888888889,101000746262713
dp_other,9797,RA501,EUROCONTROL NMOC,RA501,66.29628667,14.02422083,400002176830367
dp_other,9799,RA501,EUROCONTROL NMOC,,51.39032667,21.53277911,400004853315469
dp_other,9800,RA502,EUROCONTROL NMOC,RA502,66.33671389,14.32736889,400002176830370
dp_other,9802,RA502,EUROCONTROL NMOC,,51.41659431,21.37871586,400004853315472
dp_other,9894,RA801,EUROCONTROL NMOC,RA801,56.9724486,23.979258,400004228249884
dp_other,9895,RA801,EUROCONTROL NMOC,,51.41044669,21.34155636,400004853315541
dp_icao,22989,RACER,EUROCONTROL NMOC,RACER,35.86483888888889,139.676225,400003343953167
dp_icao,92199,RACER,EUROCONTROL NMOC,RACER,40.10810277777778,-108.88289722222221,17890286
dp_icao,23009,RADON,EUROCONTROL NMOC,RADON,60.48388888888889,106.21694444444445,17830917
dp_icao,92254,RADON,EUROCONTROL NMOC,RADON,10.702666666666666,-84.06855555555555,17847029
dp_icao,23019,RAGAS,EUROCONTROL NMOC,RAGAS,12.275555555555556,42.271388888888886,17819498
dp_icao,23020,RAGAS,EUROCONTROL NMOC,RAGAS,26.59361111111111,52.22694444444445,400001446512047
dp_icao,23027,RAGGS,EUROCONTROL NMOC,RAGGS,0.325,44.16,17819501
dp_icao,92290,RAGGS,EUROCONTROL NMOC,RAGGS,38.476372222222224,-122.15684722222223,17890334
dp_icao,23084,RALPH,EUROCONTROL NMOC,RALPH,34.93142222222222,136.78783611111112,400001968647010
dp_icao,92384,RALPH,EUROCONTROL NMOC,RALPH,27.22111111111111,-80.73777777777778,400002042851174
dp_icao,23102,RAMEN,EUROCONTROL NMOC,RAMEN,39.80387497,8.93913936,17841746
dp_icao,23103,RAMEN,EUROCONTROL NMOC,RAMEN,22.160894444444445,114.08608055555555,221702917
dp_icao,92413,RAMON,EUROCONTROL NMOC,RAMON,10.070666666666666,-84.41947222222223,17847047
dp_icao,92414,RAMON,EUROCONTROL NMOC,RAMON,33.00913333333333,-116.95748611111111,101000746146073
dp_icao,23141,RANGY,EUROCONTROL NMOC,RANGY,35.87545,139.70301944444444,400003343953170
dp_icao,92443,RANGY,EUROCONTROL NMOC,RANGY,44.80340277777778,-70.68110277777778,17890397
dp_icao,23151,RANSO,EUROCONTROL NMOC,RANSO,10.780555555555557,38.815555555555555,18558542
dp_icao,92461,RANSO,EUROCONTROL NMOC,RANSO,38.740097222222225,-99.8831861111111,17890403
dp_icao,23373,RECIF,EUROCONTROL NMOC,RECIF,42.75527777777778,8.885833333333332,17841881
dp_icao,122720,RECIF,EUROCONTROL NMOC,RECIF,-20.80313888888889,55.31494444444444,17819570
dp_icao,23407,REFRI,EUROCONTROL NMOC,REFRI,67.47722222222222,71.465,1660488191
dp_icao,92884,REFRI,EUROCONTROL NMOC,REFRI,34.873469444444446,-80.73884444444444,101000746138939
dp_icao,23487,RELTA,EUROCONTROL NMOC,RELTA,72.15583333333333,101.15666666666667,400001329602774
dp_icao,92977,RELTA,EUROCONTROL NMOC,RELTA,14.098515277777778,-89.14527444444445,17847056
dp_icao,93129,RESOR,EUROCONTROL NMOC,RESOR,19.546933333333335,-70.79536388888889,17847068
dp_icao,93130,RESOR,EUROCONTROL NMOC,RESOR,34.39006111111111,-116.96133055555556,17890673
dp_icao,23697,RIBON,EUROCONTROL NMOC,RIBON,37.87283055555556,140.67315277777777,1293838117
dp_icao,93334,RIBON,EUROCONTROL NMOC,RIBON,19.5005,-73.30783611111111,400003976984001
dp_icao,23716,RIDGE,EUROCONTROL NMOC,RIDGE,34.29303888888889,135.8105388888889,101000831265668
dp_icao,93407,RIDGE,EUROCONTROL NMOC,RIDGE,42.05823888888889,-87.82920555555555,101000746151920
dp_icao,23888,RINGO,EUROCONTROL NMOC,RINGO,40.88537222222222,140.94468055555555,400003308604427
dp_icao,93614,RINGO,EUROCONTROL NMOC,RINGO,59.75022777777778,-154.902075,17824487
dp_icao,23928,RIPOD,EUROCONTROL NMOC,RIPOD,35.70354444444445,139.66685555555554,400003343953189
dp_icao,93658,RIPOD,EUROCONTROL NMOC,RIPOD,30.0,-24.0,448099655
dp_icao,93727,RITAS,EUROCONTROL NMOC,RITAS,42.32145555555556,-73.00398055555556,259674637
dp_icao,93728,RITAS,EUROCONTROL NMOC,RITAS,7.014166666666667,-71.25416666666666,400005232436656
dp_icao,24018,RITON,EUROCONTROL NMOC,RITON,58.22555555555556,101.31,17831172
dp_icao,93740,RITON,EUROCONTROL NMOC,RITON,39.728375,-79.93221666666668,259691941
dp_adhp,4367,RIVER,EUROCONTROL NMOC,RIVER,0.7069444444444444,36.97361111111111,400004781701515
dp_icao,24037,RIVER,EUROCONTROL NMOC,RIVER,51.91276389,4.13259444,17842166
dp_icao,24038,RIVER,EUROCONTROL NMOC,RIVER,33.88881388888889,133.5396,800001453485151
dp_icao,93761,RIVET,EUROCONTROL NMOC,RIVET,33.19851944444444,-97.00809444444444,101000746154008
dp_icao,122819,RIVET,EUROCONTROL NMOC,RIVET,-34.280833333333334,150.43027777777777,17870223
dp_other,10067,ROB,CIVIL AVIATION AUTHORITY OF THE PHILIPPINES,ROBINSONS,6.121388888888888,125.19027777777778,400005266479300
dp_other,10068,ROB,CIVIL AVIATION AUTHORITY OF THE PHILIPPINES,ROBINSONS,9.298333333333334,123.30361111111111,400005267231581
dp_other,10069,ROB,CIVIL AVIATION AUTHORITY OF THE PHILIPPINES,ROBINSON,14.901666666666667,120.86583333333333,400005555808169
dp_icao,93909,ROBBO,EUROCONTROL NMOC,ROBBO,55.88971111111111,-4.910155555555556,17842187
dp_icao,93910,ROBBO,EUROCONTROL NMOC,ROBBO,34.20076666666667,-80.31277777777777,101000746276293
dp_icao,24084,ROBIN,EUROCONTROL NMOC,ROBIN,25.41916666666667,122.20777777777778,17857131
dp_icao,24085,ROBIN,EUROCONTROL NMOC,ROBIN,33.94100555555555,132.53938888888888,17857134
dp_icao,24086,ROBIN,EUROCONTROL NMOC,ROBIN,21.045833333333334,114.26833333333333,107259267
dp_icao,24110,ROCCA,EUROCONTROL NMOC,ROCCA,21.53206111111111,113.58095555555555,1119441391
dp_icao,93961,ROCCA,EUROCONTROL NMOC,ROCCA,43.401155555555555,-112.46156111111111,17891017
dp_icao,24112,ROCKY,EUROCONTROL NMOC,ROCKY,33.71406944444445,133.09393055555557,18361874
dp_icao,93984,ROCKY,EUROCONTROL NMOC,ROCKY,39.58795,-88.83355277777777,17891038
dp_icao,24121,RODEN,EUROCONTROL NMOC,RODEN,24.8125,121.74694444444445,420335687
dp_icao,94019,RODEN,EUROCONTROL NMOC,RODEN,32.66659722222222,-117.58656388888889,101000746265818
dp_icao,24124,RODIM,EUROCONTROL NMOC,RODIM,45.68333333333333,33.15,17831199
dp_icao,24125,RODIM,EUROCONTROL NMOC,RODIM,45.66777777777777,46.37083333333334,400003676016895
dp_icao,94121,ROJAS,EUROCONTROL NMOC,ROJAS,11.09138888888889,-67.14527777777778,17862926
dp_icao,94122,ROJAS,EUROCONTROL NMOC,ROJAS,32.47889444444445,-100.65155277777778,101000746174639
dp_icao,24185,ROKET,EUROCONTROL NMOC,ROKET,31.667922222222224,130.69430277777778,400001580409983
dp_icao,94130,ROKET,EUROCONTROL NMOC,ROKET,42.172025,-75.3920638888889,259682340
dp_icao,24186,ROKGO,EUROCONTROL NMOC,ROKGO,34.735083333333336,138.1506361111111,400001709014131
dp_icao,94131,ROKGO,EUROCONTROL NMOC,ROKGO,30.46101388888889,-87.90586111111112,101000746276170
dp_icao,24245,ROMAN,EUROCONTROL NMOC,ROMAN,34.014469444444444,132.33193888888889,101002983895317
dp_icao,94221,ROMAN,EUROCONTROL NMOC,ROMAN,22.1575,-103.49944444444445,17847134
dp_icao,94222,ROMAN,EUROCONTROL NMOC,ROMAN,37.80351944444444,-78.76756666666667,17891098
dp_other,10079,ROMEO,DFS DEUTSCHE FLUGSICHERUNG GMBH,EDDF ROMEO 1,49.93444444,8.35444444,400002193418129
dp_other,10080,ROMEO,DFS DEUTSCHE FLUGSICHERUNG GMBH,EDFM ROMEO,49.54869583,8.41799472,400002193418321
dp_other,10081,ROMEO,DFS DEUTSCHE FLUGSICHERUNG GMBH,EDLN ROMEO,51.14333333,6.42166667,400002193418366
dp_other,10082,ROMEO,DFS DEUTSCHE FLUGSICHERUNG GMBH,EDSB ROMEO,48.84,8.22833333,400002193418495
dp_icao,24250,ROMEO,EUROCONTROL NMOC,ROMEO,27.053333333333335,85.06888888888888,17850733
dp_icao,24251,ROMEO,EUROCONTROL NMOC,ROMEO,21.863333333333333,113.44833333333334,83803072
dp_icao,94230,ROMEO,EUROCONTROL NMOC,ROMEO,24.532494444444442,-81.79918611111111,101000746140804
dp_icao,24293,RONIE,EUROCONTROL NMOC,RONIE,35.68581666666666,139.67950833333333,400003343953195
dp_icao,94283,RONIE,EUROCONTROL NMOC,RONIE,47.77826666666667,-97.04614444444444,101000746157521
dp_icao,24317,ROONY,EUROCONTROL NMOC,ROONY,35.88816388888889,140.67345277777775,400003150499106
dp_icao,122846,ROONY,EUROCONTROL NMOC,ROONY,-28.52583333333333,153.6038888888889,17870262
dp_icao,24380,ROSIE,EUROCONTROL NMOC,ROSIE,33.713455555555555,133.49065,93392111
dp_icao,94429,ROSIE,EUROCONTROL NMOC,ROSIE,34.852425000000004,-118.20642777777778,17891173
dp_adhp,8802,ROUTY,EUROCONTROL NMOC,ROUTY,-4.175311111111111,55.463413888888894,400001667928378
dp_icao,94528,ROUTY,EUROCONTROL NMOC,ROUTY,43.15,-117.0,101000701655874
dp_icao,24450,ROVER,EUROCONTROL NMOC,ROVER,22.343216666666667,114.02753333333334,101003565661427
dp_icao,24451,ROVER,EUROCONTROL NMOC,ROVER,35.988419444444446,139.84979722222224,400003150499113
dp_icao,94536,ROVER,EUROCONTROL NMOC,ROVER,34.983555555555554,-93.37992777777777,17891206
dp_icao,94592,ROYAL,EUROCONTROL NMOC,ROYAL,33.99178888888889,-117.99698055555555,17891215
dp_icao,122851,ROYAL,EUROCONTROL NMOC,ROYAL,-35.463055555555556,149.16305555555556,224665891
dp_other,10088,RP,EUROCONTROL NMOC,NORTHSEA RP,54.61117586,6.83048528,400003246195658
dp_other,10089,RP,EUROCONTROL NMOC,ANGIE RP,48.26805556,8.22152778,400003246195688
dp_other,10090,RP,EUROCONTROL NMOC,SAXON RP,50.90891622,12.38394269,400003246195751
dp_icao,24505,RUBIS,EUROCONTROL NMOC,RUBIS,64.55527777777777,151.9908333333333,1598969419
dp_icao,24506,RUBIS,EUROCONTROL NMOC,RUBIS,37.747502777777775,140.63544166666665,1662231329
dp_icao,24560,RUDOL,EUROCONTROL NMOC,RUDOL,3.996961111111111,37.41755,17819665
dp_icao,24561,RUDOL,EUROCONTROL NMOC,RUDOL,45.43888888888888,37.80611111111111,800000804954651
dp_icao,24583,RUGBY,EUROCONTROL NMOC,RUGBY,35.77428888888889,139.6163361111111,400003343953204
dp_icao,94835,RUGBY,EUROCONTROL NMOC,RUGBY,34.24388888888889,-118.6325,400002196102256
dp_icao,24678,RUMSY,EUROCONTROL NMOC,RUMSY,22.082483333333332,113.80466388888888,1200823811
dp_icao,94915,RUMSY,EUROCONTROL NMOC,RUMSY,38.87603611111111,-122.30091944444445,17891281
dp_other,10114,RW01,EUROCONTROL NMOC,,55.4311306,9.3280528,400001706573352
dp_other,10115,RW01,EUROCONTROL NMOC,RW01,57.74818889,14.06298889,400002396152441
dp_other,10116,RW01,EUROCONTROL NMOC,RW01,58.38673611,15.51599444,400002606473977
dp_other,10117,RW01,EUROCONTROL NMOC,RW01,55.91180278,14.083325,400002794400727
dp_other,10118,RW01,EUROCONTROL NMOC,RW01,56.68096944,12.81820278,400002794400976
dp_other,10119,RW01,EUROCONTROL NMOC,RW01,59.20754722,15.03143056,400002823558014
dp_other,10120,RW01,EUROCONTROL NMOC,RW01,56.25693056,15.26254722,400002823558068
dp_other,10121,RW01,EUROCONTROL NMOC,RW01,58.41816389,12.70966111,400002944163952
dp_other,10122,RW01,EUROCONTROL NMOC,RW01,56.91992222,14.72408056,400002981288161
dp_other,10123,RW01,EUROCONTROL NMOC,RW01,59.57848333,16.62925,400003317459125
dp_other,10124,RW01,EUROCONTROL NMOC,RW01,57.77318333,11.87002222,400004413895550
dp_adhp,6497,RW01,NAV CANADA,RW01,55.283514,-102.751898,259232565
dp_adhp,6498,RW01,NAV CANADA,RW01,60.04371486111111,-77.2837475,259235524
dp_adhp,6499,RW01,NAV CANADA,RW01,44.21912527777778,-76.60179277777777,259240436
dp_adhp,6500,RW01,NAV CANADA,RW01,54.671367277777776,-101.68436411111111,259243410
dp_adhp,6501,RW01,NAV CANADA,RW01,49.01876705555556,-122.37871924999999,200000015437870
dp_adhp,6502,RW01,NAV CANADA,RW01,55.857575000000004,-92.08239444444445,400002309811902
dp_adhp,6503,RW01,NAV CANADA,RW01,44.15253119444444,-81.06287697222221,400002311428080
dp_adhp,6505,RW01,NAV CANADA,RW01,59.571799472222224,-133.67682041666666,400003182161250
dp_adhp,6506,RW01,NAV CANADA,RW01,47.40246111111111,-72.78829722222223,400003845615911
dp_adhp,6507,RW01,NAV CANADA,RW01,74.06203599999999,-93.78835611111111,400005234564978
dp_adhp,6508,RW01,NAV CANADA,RW01,59.74806508333334,-102.42732419444445,400005476781312
dp_adhp,6509,RW01,NAV CANADA,RW01,51.20370013888889,-58.65579127777777,500000080089685
dp_adhp,6510,RW01,NAV CANADA,RW01,49.09873872222222,-122.63005666666666,500000268416838
dp_adhp,4417,RW02,CIVIL AVIATION AUTHORITY OF THE PHILIPPINES,RW02,10.8224,122.48943055555556,101003607303323
dp_adhp,4418,RW02,CIVIL AVIATION AUTHORITY OF THE PHILIPPINES,RW02,15.174366666666666,120.55783888888888,400002122025033
dp_other,10128,RW02,EUROCONTROL NMOC,RW02,52.44505972,9.42709139,400005275061625
dp_other,14981,RW02,EUROCONTROL NMOC,LPVR RWY02,41.27029261,-7.72270319,101001097613714
dp_other,14982,RW02,EUROCONTROL NMOC,RW02,38.76642753,-9.14390369,400001532348234
dp_adhp,6511,RW02,NAV CANADA,RW02,52.22160925,-78.52324788888889,259236910
dp_adhp,6512,RW02,NAV CANADA,RW02,53.30864863888888,-113.59645727777777,259240367
dp_adhp,6513,RW02,NAV CANADA,RW02,45.83778002777778,-81.85900641666666,259241525
dp_adhp,6514,RW02,NAV CANADA,RW02,56.53133047222222,-76.51919622222222,259244515
dp_adhp,6515,RW02,NAV CANADA,RW03,46.401129749999996,-74.78221966666666,329863019
dp_adhp,6516,RW02,NAV CANADA,RW02,58.23019219444445,-103.68485844444444,985483835
dp_adhp,6517,RW02,NAV CANADA,RW02,52.11683888888889,-101.23866111111111,200000003361380
dp_adhp,6518,RW02,NAV CANADA,RW02,52.954729972222225,-87.3772531111111,400002225410196
dp_adhp,6519,RW02,NAV CANADA,RW02,69.3555415,-124.08116244444444,400002915770295
dp_adhp,6520,RW02,NAV CANADA,RW02,47.44072183333333,-67.62548283333332,400003478112667
dp_adhp,6521,RW02,NAV CANADA,RW02,59.70198077777778,-100.13172733333333,400003988579665
dp_adhp,6522,RW02,NAV CANADA,RW02,53.31472213888889,-117.75921605555556,400004999500042
dp_adhp,6523,RW02,NAV CANADA,RW02,60.28432975,-102.50965094444445,500000000009150
dp_adhp,6524,RW02,NAV CANADA,RW02,64.69093391666667,-110.62262799999999,500000016260861
dp_adhp,6525,RW02,NAV CANADA,RW02,70.48136625000001,-68.52134838888888,500000117177072
dp_adhp,6526,RW02,NAV CANADA,RW02,72.68446097222223,-77.97595341666667,500000122212773
dp_adhp,6527,RW02,NAV CANADA,RW02,53.32381219444445,-117.74667444444445,500000124508242
dp_adhp,6528,RW02,NAV CANADA,RW02,46.55719027777778,-67.16801652777778,500000157460524
dp_adhp,8856,RW03,AIRWAYS CORPORATION OF NEW ZEALAND LTD,RW03,-45.933924999999995,170.18747222222223,645841817
dp_adhp,8857,RW03,AIRWAYS CORPORATION OF NEW ZEALAND LTD,RW03,-42.71339444444445,170.98025833333332,101002518121468
dp_adhp,8858,RW03,AIRWAYS CORPORATION OF NEW ZEALAND LTD,RW03,-36.79617777777778,174.62089722222223,400003023032745
dp_adhp,4420,RW03,CIVIL AVIATION AUTHORITY OF THE PHILIPPINES,RW03,10.768761111111113,123.01452777777777,400001708229390
dp_adhp,4421,RW03,CIVIL AVIATION AUTHORITY OF THE PHILIPPINES,RW03,9.564197222222223,123.76486666666666,400002964846671
dp_other,10129,RW03,EUROCONTROL NMOC,RW03,55.5784028,12.1238472,82509789
dp_other,10130,RW03,EUROCONTROL NMOC,RW03,57.65441389,18.34020833,400001539093348
dp_other,10131,RW03,EUROCONTROL NMOC,RW03,67.81265,20.32030556,400001617789697
dp_other,10132,RW03,EUROCONTROL NMOC,MAPT MM 1.2 DME FHH,49.93367097,7.24910269,400002378153115
dp_other,10133,RW03,EUROCONTROL NMOC,MAPT RW03,48.35737361,7.81813056,400002677038351
dp_other,10134,RW03,EUROCONTROL NMOC,MAPT,48.76985837,8.07160533,400002677038354
dp_other,10135,RW03,EUROCONTROL NMOC,MAPT,43.279088888888886,16.673344444444446,400003265951310
dp_other,10136,RW03,EUROCONTROL NMOC,RW03,59.89313611,17.58326111,400003457394542
dp_other,10137,RW03,EUROCONTROL NMOC,RW03,59.43453333,13.32776389,400003634607245
dp_other,10138,RW03,EUROCONTROL NMOC,RW03,48.17582694,10.85317111,400004933328890
dp_other,10140,RW03,EUROCONTROL NMOC,RW03,57.649525,12.26770833,800001380606196
dp_adhp,6529,RW03,NAV CANADA,RW03,48.92083933333333,-54.56777205555556,259234060
dp_adhp,6530,RW03,NAV CANADA,RW03,50.01401744444444,-110.72810430555556,259234159
dp_adhp,6531,RW03,NAV CANADA,RW03,62.17460275,-75.66851466666667,259235098
dp_adhp,6532,RW03,NAV CANADA,RW03,48.56293447222222,-81.37859158333333,259236251
dp_adhp,6533,RW03,NAV CANADA,RW03,55.27539977777778,-77.76894905555555,259240499
dp_adhp,6534,RW03,NAV CANADA,RW03,46.26635461111111,-75.9932845,259241225
dp_adhp,6535,RW03,NAV CANADA,RW03,53.520468916666665,-88.64657216666667,259241468
dp_adhp,6536,RW03,NAV CANADA,RW03,46.27966936111111,-63.127358111111114,259243254
dp_adhp,6537,RW03,NAV CANADA,RW03,52.93909122222222,-91.31590822222222,259245487
dp_adhp,6538,RW03,NAV CANADA,RW03,56.232086111111116,-120.7500388888889,308367627
dp_adhp,6539,RW03,NAV CANADA,RW03,57.25105244444445,-105.62653194444444,954022735
dp_adhp,6540,RW03,NAV CANADA,RW03,58.96396361111111,-99.98188083333334,400002840489531
dp_adhp,6541,RW03,NAV CANADA,RW03,53.32960958333334,-104.01353730555556,400002891495304
dp_adhp,6543,RW03,NAV CANADA,RW03,60.02250761111111,-70.00077777777778,400003096178216
dp_adhp,6544,RW03,NAV CANADA,RW03,60.23280638888889,-123.47607666666667,400004371887586
dp_adhp,6545,RW03,NAV CANADA,RW03,57.88581388888889,-101.68506944444445,500000122191501
dp_adhp,6546,RW03,NAV CANADA,RW03,47.96156841666667,-84.79075477777778,500000234820016
dp_adhp,6547,RW03,NAV CANADA,RW03,58.610308333333336,-101.47413888888889,500000281954134
dp_adhp,4423,RW03R,DHMI TURKIYE,RW03R,40.11405833333333,32.98317777777778,400002471501081
dp_adhp,4424,RW03R,DHMI TURKIYE,RW03R,36.878347222222224,35.06114722222222,400005132282376
dp_adhp,8859,RW04,AIRWAYS CORPORATION OF NEW ZEALAND LTD,RW04,-46.41841111111111,168.30225833333336,101000793799027
dp_adhp,8860,RW04,AIRWAYS CORPORATION OF NEW ZEALAND LTD,RW04,-41.74025555555556,171.57260833333333,101002518121444
dp_adhp,4425,RW04,DHMI TURKIYE,RW04,40.127380555555554,26.41535,400002024580065
dp_adhp,4426,RW04,DHMI TURKIYE,RW04 LTCP,37.724000000000004,38.45824722222223,400002834098963
dp_other,10141,RW04,EUROCONTROL NMOC,MAPT GPS APCH RWY04,51.12466303,13.75467425,101002030224974
dp_other,10143,RW04,EUROCONTROL NMOC,MAPT RWY04,50.9760375,12.49881917,400002959158565
dp_other,10144,RW04,EUROCONTROL NMOC,MAPT,45.731875,16.051969444444445,400003173257166
dp_other,10145,RW04,EUROCONTROL NMOC,MAPT,44.07939166666667,15.34116388888889,400003366176566
dp_other,10146,RW04,EUROCONTROL NMOC,RW04,49.6853222,18.0932472,400004925096403
dp_adhp,6548,RW04,NAV CANADA,RW04,46.61767577777778,-80.80490694444444,259232145
dp_adhp,6549,RW04,NAV CANADA,RW04,44.63409605555555,-75.75457027777777,259232535
dp_adhp,6550,RW04,NAV CANADA,RW04,49.70856386111112,-83.69180775000001,259233015
dp_adhp,6551,RW04,NAV CANADA,RW04,51.26028055555555,-102.46955555555556,259233279
dp_adhp,6552,RW04,NAV CANADA,RW04,56.223844444444445,-117.45903055555556,259235692
dp_adhp,6553,RW04,NAV CANADA,RW04,58.76317736111111,-111.12786208333333,259236435
dp_adhp,6554,RW04,NAV CANADA,RW04,49.764025,-74.53448333333333,259237830
dp_adhp,6555,RW04,NAV CANADA,RW04,53.84200833333333,-94.85737499999999,259242489
dp_adhp,6556,RW04,NAV CANADA,RW04,50.229523722222226,-99.51586477777778,400001938845910
dp_adhp,6557,RW04,NAV CANADA,RW04,67.56723188888888,-139.85381022222222,400002299881744
dp_adhp,6558,RW04,NAV CANADA,RW04,59.292084833333334,-69.602342,400003214257414
dp_adhp,6559,RW04,NAV CANADA,RW04,46.47816666666667,-84.51315833333334,400003234863774
dp_adhp,6560,RW04,NAV CANADA,RW04,48.770386083333335,-91.64331533333333,400003669211718
dp_adhp,6561,RW04,NAV CANADA,RW04,60.42076675,-121.27755208333333,400004117516713
dp_adhp,6562,RW04,NAV CANADA,RW04,54.396741666666664,-110.28567777777778,500000030548721
dp_adhp,6563,RW04,NAV CANADA,RW04,56.07877691666667,-118.44062275,500000046103746
dp_adhp,6564,RW04,NAV CANADA,RW04,58.831591111111116,-122.61642166666667,500000050888585
dp_adhp,8861,RW05,AIRWAYS CORPORATION OF NEW ZEALAND LTD,RW05,-39.010447222222226,174.17006666666666,645842042
dp_adhp,8862,RW05,AIRWAYS CORPORATION OF NEW ZEALAND LTD,RW05,-45.019999999999996,168.7356888888889,800000482613799
dp_adhp,4432,RW05,CIVIL AVIATION AUTHORITY OF THE PHILIPPINES,RW05,11.671999999999999,122.36675555555554,400001805294901
dp_adhp,4433,RW05,CIVIL AVIATION AUTHORITY OF THE PHILIPPINES,RW05,7.116673611111111,125.63548833333334,400001922403069
dp_adhp,4434,RW05,DHMI TURKIYE,RW05 LTFD,39.54440833333333,26.996069444444444,400003308219556
dp_adhp,4435,RW05,DHMI TURKIYE,RW05 LTBA,40.96626388888889,28.811319444444447,400005066859165
dp_other,10149,RW05,EUROCONTROL NMOC,RW05,53.52857097,9.82123031,101002030224977
dp_other,10151,RW05,EUROCONTROL NMOC,MAPT,43.53205277777778,16.285583333333335,400003330682249
dp_other,10152,RW05,EUROCONTROL NMOC,RW05,54.45197092,9.50246236,400003808220420
dp_other,10153,RW05,EUROCONTROL NMOC,FTP/LTP,52.57644777,13.90911194,400003927234940
dp_other,14983,RW05,EUROCONTROL NMOC,RW05,32.68993139,-16.78375125,400001680940278
dp_adhp,6565,RW05,NAV CANADA,RW05,53.43831466666666,-91.76894788888889,259233366
dp_adhp,6566,RW05,NAV CANADA,RW05,45.302416666666666,-65.89477222222223,259234006
dp_adhp,6567,RW05,NAV CANADA,RW05,44.739133833333334,-81.11741572222222,259235497
dp_adhp,6568,RW05,NAV CANADA,RW05,46.43156388888889,-63.84263888888889,259239164
dp_adhp,6569,RW05,NAV CANADA,RW05,51.43658430555555,-57.190678111111104,259239626
dp_adhp,6570,RW05,NAV CANADA,RW05,55.54319222222222,-102.27943733333333,259239849
dp_adhp,6571,RW05,NAV CANADA,RW05,49.07956913888889,-85.86609091666666,259241552
dp_adhp,6572,RW05,NAV CANADA,RW05,45.28548333333333,-72.74788055555555,259242777
dp_adhp,6573,RW05,NAV CANADA,RW05,44.865644611111115,-63.527252527777776,259243536
dp_adhp,6574,RW05,NAV CANADA,RW05,43.12745555555556,-80.34675833333333,259244773
dp_adhp,6575,RW05,NAV CANADA,RW05,43.67439383333333,-79.66371219444444,259245991
dp_adhp,6576,RW05,NAV CANADA,RW05,47.74770236111111,-67.43140027777778,370267678
dp_adhp,6577,RW05,NAV CANADA,RW05,56.353033333333336,-94.71979166666667,400002382208050
dp_adhp,6578,RW05,NAV CANADA,RW05,54.90723872222222,-59.78844811111111,400002715739033
dp_adhp,6579,RW05,NAV CANADA,RW05,59.599560333333336,-109.14653000000001,400002821582411
dp_adhp,6580,RW05,NAV CANADA,RW05,58.663528444444445,-69.96052922222222,400003095883741
dp_adhp,6581,RW05,NAV CANADA,RW05,68.53138877777778,-89.81938641666666,400003214257438
dp_adhp,6582,RW05,NAV CANADA,RW05,55.686713777777776,-103.61768799999999,400003438389005
dp_adhp,6583,RW05,NAV CANADA,RW05,55.58748055555556,-97.16779444444445,400003500963110
dp_adhp,6584,RW05,NAV CANADA,RW05,60.83932902777778,-115.78975066666666,400004911605687
dp_adhp,6585,RW05,NAV CANADA,RW05,47.75733158333333,-69.59075497222221,500000014512200
dp_adhp,6586,RW05,NAV CANADA,RW05,43.919843138888886,-78.89735461111111,500000125505761
dp_adhp,6587,RW05,NAV CANADA,RW05,49.82423708333334,-112.19061136111111,500000198389651
dp_adhp,6588,RW05,NAV CANADA,RW05,46.34103422222223,-72.6897516388889,500000207323174
dp_adhp,6589,RW05,NAV CANADA,RW05,43.410817027777775,-80.9399256388889,500000281958248
dp_adhp,6590,RW05,NAV CANADA,RW05,47.81699591666667,-83.35708286111111,500000284263830
dp_adhp,6591,RW05,NAV CANADA,RW05,54.607730555555555,-97.76784722222222,500000284520795
dp_adhp,6592,RW05,NAV CANADA,RW05,54.929788888888886,-95.28590277777778,500000315422467
dp_adhp,4436,RW06,CIVIL AVIATION AUTHORITY OF THE PHILIPPINES,RW06,11.9229,121.95067222222222,400002112252040
dp_adhp,4437,RW06,CIVIL AVIATION AUTHORITY OF THE PHILIPPINES,RW06,14.498563888888889,121.00141944444445,400002247649575
dp_adhp,4439,RW06,DHMI TURKIYE,RW06 LTAY,37.778591666666664,29.686716666666666,400002427366671
dp_adhp,4441,RW06,DHMI TURKIYE,RW06,40.892669444444444,29.293205555555556,400004053301295
dp_other,10156,RW06,EUROCONTROL NMOC,MAPT RWY 06,47.66724944,9.5010025,101002030224989
dp_other,10157,RW06,EUROCONTROL NMOC,MAPT GPS RWY06,49.98269194,11.634495,101002030224992
dp_other,10158,RW06,EUROCONTROL NMOC,MAPT RNAV (GPS) RWY06,50.86012169,7.12377917,101002030224995
dp_other,10159,RW06,EUROCONTROL NMOC,THR RW 06,51.51601625,7.60566458,101002030224998
dp_other,10160,RW06,EUROCONTROL NMOC,THR RW 06,51.60872139,8.60316083,101002030225001
dp_other,10161,RW06,EUROCONTROL NMOC,,55.4707833,10.313175,400001732806678
dp_other,10162,RW06,EUROCONTROL NMOC,MAPT RW06,47.98330456,10.22563706,400002677038357
dp_other,10164,RW06,EUROCONTROL NMOC,RW06,50.1018361,14.2263,400004925090254
dp_other,10165,RW06,EUROCONTROL NMOC,RW06,50.82689839,6.64218439,400005611353227
dp_adhp,6594,RW06,NAV CANADA,RW06,45.29309333333333,-73.28397430555556,259231988
dp_adhp,6595,RW06,NAV CANADA,RW06,49.052044555555554,-55.45346008333333,259231991
dp_adhp,6596,RW06,NAV CANADA,RW06,51.28810497222222,-80.60890597222222,259232463
dp_adhp,6597,RW06,NAV CANADA,RW06,48.60378611111111,-68.21558611111111,259233619
dp_adhp,6598,RW06,NAV CANADA,RW06,43.166735833333334,-79.93469444444445,259233958
dp_adhp,6599,RW06,NAV CANADA,RW06,53.88576333333333,-122.69300644444445,259234078
dp_adhp,6600,RW06,NAV CANADA,RW06,59.24843611111111,-105.85436944444444,259234345
dp_adhp,6601,RW06,NAV CANADA,RW06,44.541896277777774,-65.79087358333334,259234378
dp_adhp,6602,RW06,NAV CANADA,RW06,53.95563888888889,-97.85203333333332,259234480
dp_adhp,6603,RW06,NAV CANADA,RW06,44.11034444444444,-77.54295555555555,259236299
dp_adhp,6604,RW06,NAV CANADA,RW06,44.71021266666667,-66.80047777777777,259238529
dp_adhp,6605,RW06,NAV CANADA,RW06,46.15390113888889,-60.06035111111111,259239173
dp_adhp,6606,RW06,NAV CANADA,RW06,46.782424999999996,-71.40629722222222,259239789
dp_adhp,6607,RW06,NAV CANADA,RW06,68.303185,-133.50525805555554,259240253
dp_adhp,6608,RW06,NAV CANADA,RW06,42.302045,-82.08786483333333,259240544
dp_adhp,6609,RW06,NAV CANADA,RW06,45.670408333333334,-74.02174166666667,259242242
dp_adhp,6610,RW06,NAV CANADA,RW06,43.18792583333333,-79.17860305555556,259242710
dp_adhp,6611,RW06,NAV CANADA,RW06,46.091479222222226,-70.72181830555556,259243035
dp_adhp,6612,RW06,NAV CANADA,RW06,46.10598688888889,-64.69430280555557,259244644
dp_adhp,6613,RW06,NAV CANADA,RW06,49.62385238888889,-112.81534783333333,259244719
dp_adhp,6614,RW06,NAV CANADA,RW06,55.79641188888889,-97.87473641666666,259244989
dp_adhp,6615,RW06,NAV CANADA,RW06,58.468629972222224,-78.08371419444444,259245175
dp_adhp,6616,RW06,NAV CANADA,RW06,63.431635888888884,-109.15869166666667,400001951577084
dp_adhp,6617,RW06,NAV CANADA,RW06,55.44632541666666,-60.23225408333334,400002308920767
dp_adhp,6618,RW06,NAV CANADA,RW06,59.56000208333333,-108.4915245,400002881366269
dp_adhp,6619,RW06,NAV CANADA,RW06,52.27919716666666,-81.68471872222223,400002959037689
dp_adhp,6620,RW06,NAV CANADA,RW06,43.81723683333334,-66.09751083333333,400003114514625
dp_adhp,6621,RW06,NAV CANADA,RW06,45.837373222222226,-72.4053093888889,400003172546681
dp_adhp,6622,RW06,NAV CANADA,RW06,44.94216294444444,-75.94614927777778,400004266123977
dp_adhp,6623,RW06,NAV CANADA,RW06R,70.76008377777778,-117.82170586111111,400005049710767
dp_adhp,6624,RW06,NAV CANADA,RW06,55.78378408333333,-118.84806077777777,400005101095449
dp_adhp,6625,RW06,NAV CANADA,RW06,54.66804769444444,-94.15332775,400005123092554
dp_adhp,6626,RW06,NAV CANADA,RW06,51.47009813888889,-78.76410258333334,500000024207726
dp_adhp,6627,RW06,NAV CANADA,RW06,46.105469444444445,-71.93924444444445,500000046121006
dp_adhp,6628,RW06,NAV CANADA,RW06,49.895496055555554,-109.48220691666667,500000117271613
dp_adhp,6629,RW06,NAV CANADA,RW06,52.924461055555554,-82.43796719444445,500000127962763
dp_adhp,6630,RW06,NAV CANADA,RW06,45.60669663888889,-62.62867491666667,500000149542123
dp_adhp,6631,RW06,NAV CANADA,RW06,52.815616,-102.32164894444445,500000223933507
dp_adhp,6632,RW06,NAV CANADA,RW06,52.72540927777778,-72.22792383333334,500000251304301
dp_adhp,4438,RW06,SKEYES,RW06,50.45685,4.442491666666667,400002396112226
dp_adhp,4440,RW06,SKEYES,RW06,49.61752222222222,6.187513888888889,400003396920228
dp_adhp,4444,RW06L,EUROCONTROL NMOC,,35.08222222222223,128.05694444444447,400005202978248
dp_other,10166,RW06L,EUROCONTROL NMOC,RW06L,48.71666639,11.51538472,400001454696312
dp_adhp,6633,RW06L,NAV CANADA,RW06L,43.661050527777775,-79.62342886111111,259238733
dp_adhp,6634,RW06L,NAV CANADA,RW06L,45.46107205555556,-73.76499569444445,259243608
dp_adhp,6635,RW06L,NAV CANADA,RW06L,45.51282511111111,-73.42595433333334,259244179
dp_adhp,4445,RW06R,EUROCONTROL NMOC,,35.081388888888895,128.05972222222223,400005202978251
dp_other,10167,RW06R,EUROCONTROL NMOC,RW06R,48.70457667,11.51868333,400001454696315
dp_adhp,6637,RW06R,NAV CANADA,RW06R,43.658301027777775,-79.62192780555554,259233736
dp_adhp,6638,RW06R,NAV CANADA,RW06R,45.457656944444444,-73.74139194444444,259244947
dp_adhp,6639,RW06R,NAV CANADA,RW06R,45.51247486111111,-73.41606680555556,400003355645286
dp_adhp,6640,RW06R,NAV CANADA,RW06R,44.065061111111106,-77.345475,500000100245865
dp_other,10168,RW07,DFS DEUTSCHE FLUGSICHERUNG GMBH,RW07,48.42338694,10.92354889,101002030225004
dp_other,10171,RW07,DFS DEUTSCHE FLUGSICHERUNG GMBH,MAPT 0.6 DME ILUE,53.80243367,10.70422025,101003164717814
dp_other,10175,RW07,DFS DEUTSCHE FLUGSICHERUNG GMBH,FTP,51.85347356,11.40029389,400005578534110
dp_other,10169,RW07,EUROCONTROL NMOC,THR RWY 07/MAPT,48.68647806,9.20404372,101002030225007
dp_other,10170,RW07,EUROCONTROL NMOC,MAWP RNAV (GPS) RWY 07,52.13151836,7.67005089,101002030225010
dp_other,10172,RW07,EUROCONTROL NMOC,RW07,49.39019583,9.94880194,400001572358686
dp_other,10173,RW07,EUROCONTROL NMOC,RW07,50.04705106,8.31102547,400002451693407
dp_other,10176,RW07,EUROCONTROL NMOC,RW07,52.27697222,9.07140889,400005620233655
dp_adhp,6641,RW07,NAV CANADA,RW07,49.077945722222225,-123.01925077777777,259232244
dp_adhp,6642,RW07,NAV CANADA,RW07,45.31326461111111,-75.67132455555556,259232541
dp_adhp,6643,RW07,NAV CANADA,RW07,47.42051125,-61.78773111111111,259234966
dp_adhp,6644,RW07,NAV CANADA,RW07,62.41417586111111,-77.93310627777778,259235734
dp_adhp,6645,RW07,NAV CANADA,RW07,58.75137177777778,-94.07503286111111,259237599
dp_adhp,6646,RW07,NAV CANADA,RW07,42.27453947222222,-82.96720486111111,259237954
dp_adhp,6647,RW07,NAV CANADA,RW07,48.27178333333333,-53.930774916666664,259240765
dp_adhp,6648,RW07,NAV CANADA,RW07,49.201593083333336,-57.40646666666667,259241363
dp_adhp,6649,RW07,NAV CANADA,RW07,58.084929638888894,-68.43727275,259241660
dp_adhp,6650,RW07,NAV CANADA,RW07,48.37012275,-89.33375205555555,259243326
dp_adhp,6651,RW07,NAV CANADA,RW07,49.01911861111111,-122.37996422222221,259243798
dp_adhp,6652,RW07,NAV CANADA,RW07,50.46544297222223,-59.64459886111111,259244014
dp_adhp,6653,RW07,NAV CANADA,RW07,53.963652583333335,-91.03459472222222,259245928
dp_adhp,6654,RW07,NAV CANADA,RW07,48.47348902777778,-68.50340444444444,306014149
dp_adhp,6655,RW07,NAV CANADA,RW07,58.66111472222222,-103.55339052777778,982446831
dp_adhp,6656,RW07,NAV CANADA,RW07,58.70476111111111,-98.52024444444444,400001945449614
dp_adhp,6657,RW07,NAV CANADA,RW07,63.61687583333333,-135.88388999999998,400002821582324
dp_adhp,6658,RW07,NAV CANADA,RW07,53.579009000000006,-116.47612600000001,400003234863756
dp_adhp,6659,RW07,NAV CANADA,RW07,50.533724166666666,-113.8473075,400003243386259
dp_adhp,6660,RW07,NAV CANADA,RW07,52.30996,-112.76102730555556,400003372049303
dp_adhp,6661,RW07,NAV CANADA,RW07,55.03299552777778,-117.30245674999999,400004829056065
dp_adhp,6662,RW07,NAV CANADA,RW07,44.22723330555556,-64.86220180555554,400005435667747
dp_adhp,6663,RW07,NAV CANADA,RW07,49.075977,-125.77862513888888,400005535376669
dp_adhp,6664,RW07,NAV CANADA,RW07,54.09687844444445,-114.44700755555556,500000003703432
dp_adhp,6665,RW07,NAV CANADA,RW07,55.96141522222222,-113.82692899999999,500000020331671
dp_adhp,6666,RW07,NAV CANADA,RW07,56.16079,-113.483115,500000020356261
dp_adhp,6667,RW07,NAV CANADA,RW07,66.24076016666666,-128.6626190277778,500000028661822
dp_adhp,6668,RW07,NAV CANADA,RW07,54.05158216666666,-124.02286580555555,500000081592035
dp_adhp,6669,RW07,NAV CANADA,RW07,55.741794166666665,-120.19516750000001,500000111739610
dp_adhp,6670,RW07,NAV CANADA,RW07,55.39355716666667,-116.48528369444445,500000125538771
dp_adhp,6671,RW07,NAV CANADA,RW07,44.21922313888889,-76.60205061111111,500000148606342
dp_adhp,6672,RW07,NAV CANADA,RW07,57.28669675,-102.53496938888888,500000169255092
dp_adhp,6673,RW07,NAV CANADA,RW07,55.184425472222216,-118.89951975000001,500000212527499
dp_adhp,6674,RW07,NAV CANADA,RW07,55.70934788888889,-117.10162080555556,500000218194326
dp_adhp,6675,RW07,NAV CANADA,RW07,56.95088055555556,-117.65800833333334,500000251311319
dp_adhp,6676,RW07,NAV CANADA,RW07,49.190621666666665,-84.76564972222222,500000306880465
dp_adhp,8866,RW08,AIRWAYS CORPORATION OF NEW ZEALAND LTD,RW08,-36.78375833333333,174.62346666666667,1661797482
dp_adhp,8867,RW08,AIRWAYS CORPORATION OF NEW ZEALAND LTD,RW08,-45.53156666666666,167.6431861111111,400004986593174
dp_other,10190,RW08,ESTONIAN AIR NAVIGATION SERVICES,,58.30718611,26.67146111,400005009769379
dp_other,10193,RW08,ESTONIAN AIR NAVIGATION SERVICES,,59.413325,24.81015278,400005748750343
dp_icao,24854,RW08,EUROCONTROL NMOC,RW08,54.37892778,10.13733056,400003473934382
dp_other,10179,RW08,EUROCONTROL NMOC,MAPT,52.31866053,10.54648803,101002030225019
dp_other,10180,RW08,EUROCONTROL NMOC,MAPT GPS RWY08,49.64644622,9.95428314,101003164717817
dp_other,10181,RW08,EUROCONTROL NMOC,,55.52384569,8.53348861,400001706573223
dp_other,10182,RW08,EUROCONTROL NMOC,RW08,49.43255556,7.57882778,400002067555104
dp_other,10183,RW08,EUROCONTROL NMOC,RW08,52.58987472,10.00880222,400002147119431
dp_other,10184,RW08,EUROCONTROL NMOC,RW08,52.45633972,9.41623028,400002605752222
dp_other,10185,RW08,EUROCONTROL NMOC,RW08,59.65841944,17.93613333,400002606474046
dp_other,10186,RW08,EUROCONTROL NMOC,RW08,50.28832822,11.84706578,400002663866976
dp_other,10187,RW08,EUROCONTROL NMOC,RW08,59.89477778,17.57000278,400003457394545
dp_other,10188,RW08,EUROCONTROL NMOC,RW08,54.31018944,9.51972139,400003595470397
dp_other,10189,RW08,EUROCONTROL NMOC,RW08,52.58502139,8.33183647,400004933328884
dp_other,10191,RW08,EUROCONTROL NMOC,RW08,53.76543478,8.64039172,400005275061613
dp_adhp,6677,RW08,NAV CANADA,RW08,49.77670675,-86.94869441666667,259232367
dp_adhp,6678,RW08,NAV CANADA,RW08,50.27915038888889,-63.61981405555556,259232523
dp_adhp,6679,RW08,NAV CANADA,RW08,49.78660263888889,-94.37510066666665,259233553
dp_adhp,6680,RW08,NAV CANADA,RW08,60.816255166666664,-78.15708377777779,259233790
dp_adhp,6681,RW08,NAV CANADA,RW08,52.19443961111111,-87.94167808333334,259234291
dp_adhp,6682,RW08,NAV CANADA,RW08,46.35741055555556,-79.44224427777777,259234396
dp_adhp,6683,RW08,NAV CANADA,RW08,50.42913197222222,-104.68238652777778,259234873
dp_adhp,6684,RW08,NAV CANADA,RW08,49.87817783333333,-100.92737175,259235488
dp_adhp,6685,RW08,NAV CANADA,RW08,56.6531995,-111.24197305555556,259236645
dp_adhp,6686,RW08,NAV CANADA,RW08,48.201680555555555,-78.84941111111111,259236870
dp_adhp,6687,RW08,NAV CANADA,RW08,53.304086722222216,-60.44744633333333,259237662
dp_adhp,6688,RW08,NAV CANADA,RW08,43.627467861111114,-79.40333716666667,259238727
dp_adhp,6689,RW08,NAV CANADA,RW08,43.457960722222225,-80.38973880555557,259239344
dp_adhp,6690,RW08,NAV CANADA,RW08,51.06584408333333,-93.80373336111111,259239464
dp_adhp,6691,RW08,NAV CANADA,RW08,53.21808777777778,-105.68439194444444,259240394
dp_adhp,6692,RW08,NAV CANADA,RW08,49.20793166666667,-102.97622255555555,259242801
dp_adhp,6693,RW08,NAV CANADA,RW08,71.99311141666666,-125.2590403611111,259243119
dp_adhp,6694,RW08,NAV CANADA,RW08,47.6939195,-79.85788466666666,259243485
dp_adhp,6695,RW08,NAV CANADA,RW08,44.98148611111111,-64.93267222222222,259243849
dp_adhp,6696,RW08,NAV CANADA,RW08,48.20825002777778,-79.98998455555555,259244836
dp_adhp,6697,RW08,NAV CANADA,RW08,49.907602777777775,-99.966475,259245661
dp_adhp,6698,RW08,NAV CANADA,RW08,53.30922755555555,-110.08531308333333,261010177
dp_adhp,6699,RW08,NAV CANADA,RW08,54.30477366666666,-110.75161261111111,261010222
dp_adhp,6700,RW08,NAV CANADA,RW08,52.86445641666667,-104.70779602777777,420662719
dp_adhp,6701,RW08,NAV CANADA,RW08,58.404759166666665,-115.95846138888889,200000000145720
dp_adhp,6702,RW08,NAV CANADA,RW08,53.72893738888889,-113.09578333333333,200000000147172
dp_adhp,6703,RW08,NAV CANADA,RW08,62.41736077777777,-110.6909105,200000000157570
dp_adhp,6704,RW08,NAV CANADA,RW08,51.104797222222224,-114.37894166666666,200000003435485
dp_adhp,6705,RW08,NAV CANADA,RW08,49.480339416666666,-98.02136211111112,200000013582038
dp_adhp,6706,RW08,NAV CANADA,RW08,53.679557055555556,-57.04945538888889,400002610800751
dp_adhp,6707,RW08,NAV CANADA,RW08,52.64663436111111,-111.39222522222222,400002901048562
dp_adhp,6708,RW08,NAV CANADA,RW08,51.564437,-107.92232700000001,400003035440661
dp_adhp,6709,RW08,NAV CANADA,RW08,54.47758541666667,-110.27613883333333,400003481719859
dp_adhp,6710,RW08,NAV CANADA,RW08,49.14715641666667,-100.50886116666666,400003993114581
dp_adhp,6711,RW08,NAV CANADA,RW08,48.38078344444445,-64.57184822222221,400004031700242
dp_adhp,6712,RW08,NAV CANADA,RW08,53.89293713888889,-110.78269733333333,400004852226280
dp_adhp,6713,RW08,NAV CANADA,RW08,53.474642861111114,-113.83376416666667,400005458105844
dp_adhp,6714,RW08,NAV CANADA,RW08,49.520429416666666,-114.0084713611111,500000024204275
dp_adhp,6715,RW08,NAV CANADA,RW08,53.673824277777776,-113.8620328611111,500000028032807
dp_adhp,6716,RW08,NAV CANADA,RW08,53.82244444444445,-101.2128888888889,500000052756494
dp_adhp,6717,RW08,NAV CANADA,RW08,55.62902166666667,-110.76045944444445,500000110264097
dp_adhp,6718,RW08,NAV CANADA,RW08,53.99434216666667,-111.38601022222223,500000115143738
dp_adhp,6719,RW08,NAV CANADA,RW08,50.680690166666665,-127.37673238888888,500000126617256
dp_adhp,6720,RW08,NAV CANADA,RW08,51.51830869444444,-109.18825944444445,500000141820662
dp_adhp,6721,RW08,NAV CANADA,RW08,42.92239166666666,-80.75648611111112,500000144213413
dp_adhp,6722,RW08,NAV CANADA,RW08,55.356352055555554,-110.6493493888889,500000159946269
dp_adhp,6723,RW08,NAV CANADA,RW08,62.83818713888889,-136.53745675,500000215879306
dp_adhp,6724,RW08,NAV CANADA,RW08,65.21211472222222,-123.44913027777778,500000249132513
dp_other,10194,RW08L,EUROCONTROL NMOC,MAWP,48.36276667,11.76754944,101002030225022
dp_other,10195,RW08L,EUROCONTROL NMOC,MAPT,51.43124139,12.21582611,101002030225025
dp_other,10196,RW08L,EUROCONTROL NMOC,RW08L,57.0937139,9.8334167,400002280276515
dp_other,10197,RW08R,EUROCONTROL NMOC,MAWP,48.34067028,11.75101528,101002030225028
dp_other,10198,RW08R,EUROCONTROL NMOC,MAPT,51.41160817,12.20464836,101002030225031
dp_adhp,6726,RW08R,NAV CANADA,RW08R,49.189767499999995,-123.20492666666667,259240649
dp_adhp,6727,RW08R,NAV CANADA,RW08R,49.21468333333333,-122.72296944444444,500000020539161
dp_adhp,8868,RW09,AIRWAYS CORPORATION OF NEW ZEALAND LTD,RW09,-37.919938888888886,176.90997222222222,101003337508832
dp_adhp,8869,RW09,AIRWAYS CORPORATION OF NEW ZEALAND LTD,RW09,-40.20265555555556,175.374325,400001916927653
dp_other,10202,RW09,BULATSA-BULGARIAN AIR TRAFFIC SERVICES AUTHORITY,RW09,43.23330555555556,27.809916666666666,400001584729536
dp_other,10203,RW09,BULATSA-BULGARIAN AIR TRAFFIC SERVICES AUTHORITY,RW09 LBGO,43.15297222222222,25.698,400002060365255
dp_adhp,4452,RW09,CIVIL AVIATION AUTHORITY OF THE PHILIPPINES,RW09 MAPT,8.61146638888889,124.44698444444445,400001708229196
dp_adhp,4453,RW09,CIVIL AVIATION AUTHORITY OF THE PHILIPPINES,RW09,6.923208333333333,122.04785555555556,400002012497846
dp_other,10199,RW09,EUROCONTROL NMOC,THR RWY 09,53.04657389,8.77445222,101002030225034
dp_other,10200,RW09,EUROCONTROL NMOC,RW09,50.96102556,6.02219361,400001454696258
dp_other,10201,RW09,EUROCONTROL NMOC,RW09,53.91960111,12.26028417,400001454696345
dp_other,10204,RW09,EUROCONTROL NMOC,RW09,55.7397889,9.1348167,400002280276585
dp_other,10205,RW09,EUROCONTROL NMOC,RW09,48.22047889,9.89913306,400002283387298
dp_other,10206,RW09,EUROCONTROL NMOC,RW09,58.58611389,16.23168889,400002545396963
dp_other,10207,RW09,EUROCONTROL NMOC,MAPT RW09,49.21418606,7.097112,400002570144574
dp_other,10208,RW09,EUROCONTROL NMOC,MAPT RNP RWY 09,50.98127861,10.93973306,400002677038360
dp_other,10209,RW09,EUROCONTROL NMOC,RW09,62.04733611,14.40479444,400002887689581
dp_other,10210,RW09,EUROCONTROL NMOC,RW09,49.43586972,7.57564306,400003277476680
dp_other,10211,RW09,EUROCONTROL NMOC,MAPT,44.89313055555556,13.903519444444445,400003328100690
dp_other,10212,RW09,EUROCONTROL NMOC,RW09,51.76850917,13.15009917,400003408338921
dp_other,10214,RW09,EUROCONTROL NMOC,MAPT RW09 RNP,51.60284389,6.12453694,400005459535530
dp_other,10215,RW09,EUROCONTROL NMOC,MAPT RW09,53.60188572,13.28875253,400005459535584
dp_adhp,6728,RW09,NAV CANADA,RW09,51.44652105555555,-90.22491119444445,259232961
dp_adhp,6729,RW09,NAV CANADA,RW09,54.124935944444445,-108.53437216666667,259234213
dp_adhp,6730,RW09,NAV CANADA,RW09,51.819982333333336,-93.981035,259235185
dp_adhp,6731,RW09,NAV CANADA,RW09,42.77238083333333,-81.11925805555555,259235953
dp_adhp,6732,RW09,NAV CANADA,RW09,52.178533333333334,-106.71810555555555,259237464
dp_adhp,6733,RW09,NAV CANADA,RW09,45.86300277777778,-66.55231388888889,259238295
dp_adhp,6734,RW09,NAV CANADA,RW09,44.22845,-78.37488055555555,259238541
dp_adhp,6735,RW09,NAV CANADA,RW09,50.217457861111114,-66.27874386111111,259239077
dp_adhp,6736,RW09,NAV CANADA,RW09,48.85388122222222,-67.46312452777778,259239236
dp_adhp,6737,RW09,NAV CANADA,RW09,48.53999236111111,-58.569464361111116,259240448
dp_adhp,6738,RW09,NAV CANADA,RW09,48.65186663888889,-123.43966872222222,259241771
dp_adhp,6739,RW09,NAV CANADA,RW09,51.68915277777777,-76.14613333333334,259242470
dp_adhp,6740,RW09,NAV CANADA,RW09,45.519619444444444,-75.57493611111111,259243539
dp_adhp,6741,RW09,NAV CANADA,RW09,54.83973888888889,-94.08708888888889,259243780
dp_adhp,6742,RW09,NAV CANADA,RW09,54.55196111111111,-71.1843138888889,259244893
dp_adhp,6743,RW09,NAV CANADA,RW09,45.41377377777778,-63.470609111111116,259245103
dp_adhp,6744,RW09,NAV CANADA,RW09,46.50736666666667,-64.70335,369382663
dp_adhp,6745,RW09,NAV CANADA,RW09,50.705555000000004,-120.46540444444445,200000003382846
dp_adhp,6746,RW09,NAV CANADA,RW09,54.16708333333333,-93.56571944444444,400001912844963
dp_adhp,6747,RW09,NAV CANADA,RW09,62.209167111111114,-133.38409272222222,400002087185853
dp_adhp,6748,RW09,NAV CANADA,RW09,49.170604499999996,-97.92568061111112,400002420966507
dp_adhp,6749,RW09,NAV CANADA,RW09,55.075841888888895,-59.193474888888886,400002715739015
dp_adhp,6750,RW09,NAV CANADA,RW09,53.752655555555556,-73.68632777777778,400002790371460
dp_adhp,6751,RW09,NAV CANADA,RW09,43.038001916666666,-81.16394897222223,400002951690753
dp_adhp,6752,RW09,NAV CANADA,RW09,51.561478638888886,-87.91536033333334,400003010853958
dp_adhp,6753,RW09,NAV CANADA,RW09,46.146472805555554,-65.91361055555556,400003478112690
dp_adhp,6754,RW09,NAV CANADA,RW09,56.051525,-95.62527499999999,400003500963122
dp_adhp,6755,RW09,NAV CANADA,RW09,60.17490833333333,-132.7570861111111,400003962919971
dp_adhp,6756,RW09,NAV CANADA,RW09,53.80059872222222,-72.84885269444445,400005007182056
dp_adhp,6757,RW09,NAV CANADA,RW09,55.290752777777776,-95.81390277777777,400005149619468
dp_adhp,6758,RW09,NAV CANADA,RW09,49.83589611111111,-124.508135,400005469055193
dp_adhp,6759,RW09,NAV CANADA,RW09,58.49386175,-119.41859661111111,500000032938621
dp_adhp,6760,RW09,NAV CANADA,RW09,55.69786361111111,-111.29164183333333,500000033688377
dp_adhp,6761,RW09,NAV CANADA,RW09,52.71738083333334,-76.08806777777777,500000070319203
dp_adhp,6762,RW09,NAV CANADA,RW09,56.535125,-79.25899175,500000117191544
dp_adhp,6763,RW09,NAV CANADA,RW09,47.0013,-65.47575283333333,500000121387035
dp_adhp,6764,RW09,NAV CANADA,RW09,52.358872222222224,-97.02440833333333,500000121389649
dp_adhp,6765,RW09,NAV CANADA,RW09,60.11900513888889,-128.83660733333335,500000121934619
dp_adhp,6766,RW09,NAV CANADA,RW09,50.18250833333333,-86.70485555555555,500000149532995
dp_adhp,6767,RW09,NAV CANADA,RW09,51.657685083333334,-85.90856261111112,500000240961057
dp_adhp,6768,RW09,NAV CANADA,RW09,44.228209944444444,-78.3761505,500000273388192
dp_other,10218,RW09R,EUROCONTROL NMOC,RW09R,56.29715,9.0773306,400001538398598
dp_other,10219,RW09R,EUROCONTROL NMOC,MAPT 0.1 DME HBD,52.45498583,9.67676861,400002077337789
dp_other,10220,RW10,EUROCONTROL NMOC,MAWP,49.11916622,9.77557566,101002030225037
dp_other,10221,RW10,EUROCONTROL NMOC,RW10,64.62741111,21.055775,400001750328208
dp_other,10222,RW10,EUROCONTROL NMOC,RW10,64.58061111,16.818325,400003317459182
dp_other,10223,RW10,EUROCONTROL NMOC,RW10,50.2195639,14.3786139,400004925090242
dp_other,14986,RW10,EUROCONTROL NMOC,RW10,37.01722194,-7.98561444,400001159542680
dp_other,14987,RW10,EUROCONTROL NMOC,RW10,38.51986336,-28.72507519,400002583447178
dp_adhp,6769,RW10,NAV CANADA,RW10,62.47115683333333,-114.45368502777778,259233177
dp_adhp,6770,RW10,NAV CANADA,RW10,61.66107638888889,-73.3398825,259234879
dp_adhp,6771,RW10,NAV CANADA,RW10,55.11193769444444,-107.72342055555556,259234921
dp_adhp,6772,RW10,NAV CANADA,RW10,51.13089152777778,-91.67299613888889,259234927
dp_adhp,6773,RW10,NAV CANADA,RW10,47.62859519444444,-65.74962169444444,259235719
dp_adhp,6774,RW10,NAV CANADA,RW10,51.390932694444444,-56.09179530555556,259235875
dp_adhp,6775,RW10,NAV CANADA,RW10,49.65688383333333,-54.24371791666667,259236540
dp_adhp,6776,RW10,NAV CANADA,RW10,48.56989327777778,-81.38676852777779,259239008
dp_adhp,6777,RW10,NAV CANADA,RW10,45.31883333333334,-76.02980555555555,259240283
dp_adhp,6778,RW10,NAV CANADA,RW10,49.1310545,-68.21668013888889,259240822
dp_adhp,6779,RW10,NAV CANADA,RW10,46.29389663888889,-63.128966194444445,259240870
dp_adhp,6780,RW10,NAV CANADA,RW10,47.62362180555556,-52.77157155555555,259241678
dp_adhp,6781,RW10,NAV CANADA,RW10,48.774240166666665,-64.49304575000001,259242155
dp_adhp,6782,RW10,NAV CANADA,RW10,41.780551777777774,-82.6840713888889,259242410
dp_adhp,6783,RW10,NAV CANADA,RW10,53.57146388888889,-76.2078,259242759
dp_adhp,6784,RW10,NAV CANADA,RW10,55.296259194444445,-114.78922297222222,362822364
dp_adhp,6785,RW10,NAV CANADA,RW10,64.51248972222223,-110.30612166666667,414690673
dp_adhp,6786,RW10,NAV CANADA,RW10,49.40051136111111,-62.30656208333333,200000000029194
dp_adhp,6787,RW10,NAV CANADA,RW10,49.20961336111112,-98.06835052777777,200000013581714
dp_adhp,6788,RW10,NAV CANADA,RW10,51.71408961111111,-114.11452316666666,400002187026513
dp_adhp,6789,RW10,NAV CANADA,RW10,52.20311919444445,-81.70380605555556,400002306591028
dp_adhp,6790,RW10,NAV CANADA,RW10,56.09066111111111,-96.09727222222222,400002499933675
dp_adhp,6791,RW10,NAV CANADA,RW10,52.99682222222222,-97.27923333333334,400002533425237
dp_adhp,6792,RW10,NAV CANADA,RW10,44.485530861111116,-79.56694188888889,400002704001941
dp_adhp,6793,RW10,NAV CANADA,RW10,47.82253722222222,-83.3570575,400003010424104
dp_adhp,6794,RW10,NAV CANADA,RW10,52.17695769444444,-105.13873302777779,400003505143658
dp_adhp,6795,RW10,NAV CANADA,RW10,50.10014486111111,-102.61320375,400003552062550
dp_adhp,6796,RW10,NAV CANADA,RW10,45.41067127777777,-76.37337238888888,400003599169155
dp_adhp,6797,RW10,NAV CANADA,RW10,54.143621777777774,-113.746629,400004561980385
dp_adhp,6798,RW10,NAV CANADA,RW10,50.04413619444444,-79.75666505555556,400004672034195
dp_adhp,6799,RW10,NAV CANADA,RW10,47.449299999999994,-79.42705833333333,400004692379059
dp_adhp,6800,RW10,NAV CANADA,RW10,53.35908891666667,-110.83164116666666,400005641463579
dp_adhp,6801,RW10,NAV CANADA,RW10,63.13368247222222,-117.25410619444445,500000001952048
dp_adhp,6802,RW10,NAV CANADA,RW10,65.28512888888889,-126.81591527777778,500000022550446
dp_adhp,6803,RW10,NAV CANADA,RW10,53.89129630555556,-92.20439227777779,500000040883239
dp_adhp,6804,RW10,NAV CANADA,RW10,79.9961735,-85.8484325,500000044356283
dp_adhp,6805,RW10,NAV CANADA,RW10,53.42951305555555,-113.12146269444443,500000046201154
dp_adhp,6806,RW10,NAV CANADA,RW10,43.283480222222224,-81.51579591666666,500000149560516
dp_adhp,6807,RW10,NAV CANADA,RW10,45.63932777777778,-74.37473055555554,500000197870563
dp_adhp,6808,RW10,NAV CANADA,RW10,59.33674166666667,-107.19128333333333,500000251353557
dp_adhp,6809,RW10,NAV CANADA,RW10,53.009752694444444,-78.83906538888888,500000313122925
dp_adhp,8870,RW11,AIRWAYS CORPORATION OF NEW ZEALAND LTD,RW11,-39.95977222222223,175.01804166666668,645841739
dp_adhp,8871,RW11,AIRWAYS CORPORATION OF NEW ZEALAND LTD,RW11,-29.036586111111113,167.93000277777776,1113543218
dp_adhp,8872,RW11,AIRWAYS CORPORATION OF NEW ZEALAND LTD,RW11,-43.48427777777778,172.52441388888892,400001687987452
dp_other,10225,RW11,EUROCONTROL NMOC,RW11,58.40990556,15.66334167,400002887689545
dp_other,10226,RW11,EUROCONTROL NMOC,RWY11 MAPT,42.569225,18.2484,400003398523908
dp_other,10227,RW11,EUROCONTROL NMOC,RWY11,45.466300000000004,18.796377777777778,400003491393893
dp_other,10228,RW11,EUROCONTROL NMOC,RW11,67.24953333,23.05120278,400003634607197
dp_other,14988,RW11,EUROCONTROL NMOC,RW11,68.7211194,-52.7944028,400004043815962
dp_adhp,6810,RW11,NAV CANADA,RW11,69.43696563888889,-133.04074508333332,259231736
dp_adhp,6811,RW11,NAV CANADA,RW11,51.12671388888889,-114.03640555555555,259234129
dp_adhp,6812,RW11,NAV CANADA,RW11,63.211955833333334,-123.44229416666667,259235494
dp_adhp,6813,RW11,NAV CANADA,RW11,53.06608002777777,-93.35170422222221,259239686
dp_adhp,6814,RW11,NAV CANADA,RW11,50.686145305555556,-127.37301888888888,259239734
dp_adhp,6815,RW11,NAV CANADA,RW11,50.25989444444444,-60.6823,259240223
dp_adhp,6816,RW11,NAV CANADA,RW11,49.83663583333333,-64.29897416666667,259240235
dp_adhp,6817,RW11,NAV CANADA,RW11,48.33225555555556,-71.01681111111111,259242161
dp_adhp,6818,RW11,NAV CANADA,RW11,49.08189938888889,-125.78226119444444,259242542
dp_adhp,6819,RW11,NAV CANADA,RW11,48.77899444444444,-72.38527500000001,259243017
dp_adhp,6820,RW11,NAV CANADA,RW11,46.10684258333333,-64.69436111111112,259243726
dp_adhp,6821,RW11,NAV CANADA,RW11,51.728853,-91.83288480555555,259244953
dp_adhp,6822,RW11,NAV CANADA,RW11,54.7753705,-112.0422146388889,261010261
dp_adhp,6823,RW11,NAV CANADA,RW11,54.38150888888889,-125.95950833333333,261010817
dp_adhp,6824,RW11,NAV CANADA,RW11,45.88258583333334,-82.57900347222221,200000000196913
dp_adhp,6825,RW11,NAV CANADA,RW11,49.64613833333333,-102.29393449999999,400002291304297
dp_adhp,6826,RW11,NAV CANADA,RW11,49.33948430555556,-124.39816383333334,400002459607583
dp_adhp,6827,RW11,NAV CANADA,RW11,46.78906388888889,-71.40286388888889,400002772834261
dp_adhp,6828,RW11,NAV CANADA,RW11,54.1485025,-115.79771944444444,400003081545731
dp_adhp,6829,RW11,NAV CANADA,RW11,61.37485152777778,-139.05121272222223,400003155900824
dp_adhp,6830,RW11,NAV CANADA,RW11,52.07164055555556,-109.38078872222222,400003176515368
dp_adhp,6831,RW11,NAV CANADA,RW11,45.29254583333333,-73.28710308333334,400003355645235
dp_adhp,6832,RW11,NAV CANADA,RW11,45.65652577777777,-61.378145583333335,400004271506512
dp_adhp,6833,RW11,NAV CANADA,RW11,43.92944444444444,-59.96251111111111,400004751214157
dp_adhp,6834,RW11,NAV CANADA,RW11,45.670701611111106,-74.0888528611111,500000066859582
dp_adhp,6835,RW11,NAV CANADA,RW11,61.52456222222222,-120.63041666666666,500000124581527
dp_adhp,6836,RW11,NAV CANADA,RW11,54.17938766666666,-58.46291855555556,500000138054460
dp_adhp,6837,RW11,NAV CANADA,RW11,46.552880027777775,-66.10226708333333,500000149537976
dp_adhp,6838,RW11,NAV CANADA,RW11,54.988660277777775,-85.45173197222222,500000240222338
dp_other,10231,RW12,EUROCONTROL NMOC,RW12,63.19880833,14.47944444,400002396152423
dp_other,10232,RW12,EUROCONTROL NMOC,RW12,63.41399167,18.97105,400002606474028
dp_other,10234,RW12,EUROCONTROL NMOC,RW12,65.59855556,19.25617222,400002701039064
dp_other,10235,RW12,EUROCONTROL NMOC,RW12,67.13600833,20.79718333,400003050588508
dp_other,10236,RW12,EUROCONTROL NMOC,RW12,59.35866944,17.92964444,400003457394416
dp_other,10237,RW12,EUROCONTROL NMOC,RW12,50.1080111,14.2453667,400004925090204
dp_other,14989,RW12,EUROCONTROL NMOC,RW12,62.06704167,-7.29097222,400002541592262
dp_other,14990,RW12,EUROCONTROL NMOC,RW12,37.74605528,-25.71062333,400002569863996
dp_adhp,6841,RW12,NAV CANADA,RW12,43.92442222222222,-78.90383611111112,259232418
dp_adhp,6842,RW12,NAV CANADA,RW12,60.02591388888889,-111.97381527777777,259233318
dp_adhp,6843,RW12,NAV CANADA,RW12,49.83505277777778,-92.75517222222223,259233817
dp_adhp,6844,RW12,NAV CANADA,RW12,53.306179416666666,-113.59553258333332,259234342
dp_adhp,6845,RW12,NAV CANADA,RW12,46.35392616666667,-82.56927316666666,259234537
dp_adhp,6846,RW12,NAV CANADA,RW12,52.341245444444446,-110.28419505555556,259235008
dp_adhp,6847,RW12,NAV CANADA,RW12,47.99290802777778,-66.34231458333333,259236164
dp_adhp,6848,RW12,NAV CANADA,RW12,49.95833858333334,-125.2828103611111,259237204
dp_adhp,6849,RW12,NAV CANADA,RW12,55.84621111111112,-108.42349722222222,259237266
dp_adhp,6850,RW12,NAV CANADA,RW12,53.851132166666666,-89.58698625,259237848
dp_adhp,6851,RW12,NAV CANADA,RW12,46.48601111111111,-84.52089722222222,259237854
dp_adhp,6852,RW12,NAV CANADA,RW12,53.01437683333333,-89.86254466666666,259238493
dp_adhp,6853,RW12,NAV CANADA,RW12,52.190006222222216,-122.0655305,259238547
dp_adhp,6854,RW12,NAV CANADA,RW12,48.51902227777778,-71.06270452777777,259238589
dp_adhp,6855,RW12,NAV CANADA,RW12,43.179271694444445,-79.94723644444444,259239308
dp_adhp,6856,RW12,NAV CANADA,RW12,55.18934013888889,-118.90316844444445,259241561
dp_adhp,6857,RW12,NAV CANADA,RW12,49.72082777777778,-124.90148611111111,259242113
dp_adhp,6858,RW12,NAV CANADA,RW12,48.374769972222225,-89.33804797222221,259242939
dp_adhp,6859,RW12,NAV CANADA,RW12,44.98346388888889,-64.932275,259244059
dp_adhp,6860,RW12,NAV CANADA,RW12,47.71743822222222,-64.88828388888889,259244212
dp_adhp,6861,RW12,NAV CANADA,RW12,53.86001177777778,-94.66154344444445,259244500
dp_adhp,6862,RW12,NAV CANADA,RW12,49.66172111111111,-108.41243100000001,259244680
dp_adhp,6863,RW12,NAV CANADA,RW12,46.629171222222226,-80.80742533333333,259245694
dp_adhp,6864,RW12,NAV CANADA,RW12,48.657986083333334,-93.44812397222222,259245952
dp_adhp,6865,RW12,NAV CANADA,RW12,56.245068611111115,-120.75383833333333,259245961
dp_adhp,6866,RW12,NAV CANADA,RW12,52.61169752777778,-90.38679544444445,327983144
dp_adhp,6867,RW12,NAV CANADA,RW12,52.83748055555556,-111.1134111111111,200000013583485
dp_adhp,6868,RW12,NAV CANADA,RW12,50.29657755555555,-88.9176361388889,400001912845120
dp_adhp,6869,RW12,NAV CANADA,RW12,53.101326444444446,-109.33473238888888,400001986326400
dp_adhp,6870,RW12,NAV CANADA,RW12,56.476609861111115,-109.41073100000001,400002144075598
dp_adhp,6871,RW12,NAV CANADA,RW12,52.528523916666664,-56.29075669444444,400002310725803
dp_adhp,6872,RW12,NAV CANADA,RW12,63.349870055555556,-90.74023113888889,400002818030301
dp_adhp,6874,RW12,NAV CANADA,RW12,67.82056730555556,-115.1609663888889,400003069242312
dp_adhp,6875,RW12,NAV CANADA,RW12,71.3284425,-79.37679666666666,400003203344203
dp_adhp,6876,RW12,NAV CANADA,RW12,52.79835833333333,-111.76553888888888,400003348244002
dp_adhp,6877,RW12,NAV CANADA,RW12,52.968697194444445,-113.41732669444445,400003400360612
dp_adhp,6878,RW12,NAV CANADA,RW12,49.32591172222222,-124.93694513888889,400003495230832
dp_adhp,6879,RW12,NAV CANADA,RW12,55.320463888888895,-97.71239166666668,400003500963161
dp_adhp,6880,RW12,NAV CANADA,RW12,51.6991265,-113.21430694444444,400003529599953
dp_adhp,6881,RW12,NAV CANADA,RW12,52.179099,-113.89974500000001,400003753656768
dp_adhp,6882,RW12,NAV CANADA,RW12,56.039367999999996,-96.51389888888889,400003951455219
dp_adhp,6883,RW12,NAV CANADA,RW12,51.63557772222222,-111.91034669444446,400005543916484
dp_adhp,6884,RW12,NAV CANADA,RW12,59.430622388888885,-120.80504638888888,500000054088434
dp_adhp,6885,RW12,NAV CANADA,RW12,65.02878888888888,-96.08585277777777,500000095180871
dp_adhp,6886,RW12,NAV CANADA,RW12,67.41120833333333,-134.86811558333335,500000115884941
dp_adhp,6887,RW12,NAV CANADA,RW12,68.77994086111111,-81.25928730555556,500000118280011
dp_adhp,6888,RW12,NAV CANADA,RW12,50.63738494444444,-111.93171708333334,500000214614746
dp_adhp,6889,RW12,NAV CANADA,RW12,49.70098519444445,-103.80751591666666,500000260985256
dp_adhp,6890,RW12,NAV CANADA,RW12,52.774010777777775,-108.25105372222222,500000306953023
dp_adhp,4460,RW13,DHMI TURKIYE,RW13,41.263780555555556,36.554125,400001726428287
dp_adhp,4462,RW13,DHMI TURKIYE,RW13,39.12035,30.117161111111113,400005410959306
dp_other,10239,RW13,EUROCONTROL NMOC,MAPT,44.11638333333333,15.335694444444446,400003366176592
dp_other,10240,RW13,EUROCONTROL NMOC,MAPT RW13,51.23372222,6.49778611,400003878055942
dp_other,10241,RW13,EUROCONTROL NMOC,RW13,50.71275861,8.07267531,400004356250424
dp_adhp,6891,RW13,NAV CANADA,RW13,52.658829,-94.06772313888888,259231751
dp_adhp,6892,RW13,NAV CANADA,RW13,53.62885702777778,-77.71781230555555,259232106
dp_adhp,6893,RW13,NAV CANADA,RW12,53.25993869444444,-131.82062641666667,259232745
dp_adhp,6894,RW13,NAV CANADA,RW13,45.44238097222222,-71.70142725000001,259233643
dp_adhp,6895,RW13,NAV CANADA,RW13,69.11213672222222,-105.15255005555557,259233874
dp_adhp,6896,RW13,NAV CANADA,RW13,52.116664194444446,-94.26135972222222,259236287
dp_adhp,6897,RW13,NAV CANADA,RW13,49.19991480555555,-123.20089783333334,259236290
dp_adhp,6898,RW13,NAV CANADA,RW13,54.03281986111111,-132.13116372222223,259236426
dp_adhp,6899,RW13,NAV CANADA,RW13,44.20372777777778,-81.61318333333332,259236534
dp_adhp,6900,RW13,NAV CANADA,RW13,54.29312516666666,-130.45133480555555,259236585
dp_adhp,6901,RW13,NAV CANADA,RW13,48.07453666666667,-65.47132747222223,259236807
dp_adhp,6902,RW13,NAV CANADA,RW13,48.511319444444446,-71.65074722222222,259237647
dp_adhp,6903,RW13,NAV CANADA,RW13,48.95320213888889,-54.58575672222222,259239011
dp_adhp,6904,RW13,NAV CANADA,RW13,52.189581,-128.16069544444446,259239771
dp_adhp,6905,RW13,NAV CANADA,RW13,50.44023430555555,-104.67240891666667,259239876
dp_adhp,6906,RW13,NAV CANADA,RW13,50.22931919444444,-66.27679841666667,259241336
dp_adhp,6907,RW13,NAV CANADA,RW13,53.56450533333333,-64.11818658333333,259243479
dp_adhp,6908,RW13,NAV CANADA,RW13,49.913028777777775,-97.25232572222222,259244449
dp_adhp,6909,RW13,NAV CANADA,RW13,53.97700563888889,-101.10072736111111,259244911
dp_adhp,6910,RW13,NAV CANADA,RW13,58.10481197222222,-68.43243002777778,259245529
dp_adhp,6911,RW13,NAV CANADA,RW13,62.81580375,-92.12858747222222,259245931
dp_adhp,6912,RW13,NAV CANADA,RW13,50.296673999999996,-107.69545911111112,259246147
dp_adhp,6913,RW13,NAV CANADA,RW13,68.63908541666667,-95.8635406111111,306013902
dp_adhp,6914,RW13,NAV CANADA,RW13,53.51861411111111,-112.03222347222223,313467154
dp_adhp,6915,RW13,NAV CANADA,RW13,53.03257027777778,-122.51670252777778,349314042
dp_adhp,6916,RW13,NAV CANADA,RW13,57.23246366666667,-111.42973652777778,362783465
dp_adhp,6917,RW13,NAV CANADA,RW13,64.23354058333334,-76.53480505555555,200000000506542
dp_adhp,6918,RW13,NAV CANADA,RW13,52.45666666666667,-125.30909444444444,400002041129347
dp_adhp,6919,RW13,NAV CANADA,RW13,50.06155669444444,-97.03561530555555,400003270615150
dp_adhp,6920,RW13,NAV CANADA,RW13,44.36664444444445,-78.78985833333333,400003313391657
dp_adhp,6921,RW13,NAV CANADA,RW13,45.208779694444445,-67.25485880555556,400003374562895
dp_adhp,6922,RW13,NAV CANADA,RW13,49.636608527777774,-112.79891369444444,400003542256501
dp_adhp,6923,RW13,NAV CANADA,RW13,50.17323452777777,-101.64937783333335,400005244282338
dp_adhp,6924,RW13,NAV CANADA,RW13,52.02759266666666,-110.75236594444445,400005320094855
dp_adhp,6925,RW13,NAV CANADA,RW13,52.43601286111111,-114.91096947222223,500000031225626
dp_adhp,6926,RW13,NAV CANADA,RW13,50.43755994444444,-105.39215127777778,500000036414303
dp_adhp,6927,RW13,NAV CANADA,RW13,73.00968477777778,-85.06182519444444,500000036732548
dp_adhp,6928,RW13,NAV CANADA,RW13,52.49301358333334,-92.97723358333333,500000096305047
dp_adhp,6929,RW13,NAV CANADA,RW13,56.55003794444444,-115.28102294444444,500000104865389
dp_adhp,6930,RW13,NAV CANADA,RW13,44.440521,-79.9723178888889,500000107076532
dp_adhp,6931,RW13,NAV CANADA,RW13,53.17560333333333,-99.32801747222221,500000133456877
dp_adhp,6932,RW13,NAV CANADA,RW13,64.1932175,-114.08432277777777,500000138049876
dp_adhp,6933,RW13,NAV CANADA,RW13,49.109744722222224,-81.02339555555555,500000144000358
dp_adhp,6934,RW13,NAV CANADA,RW13,61.18514994444444,-113.696555,500000155835138
dp_adhp,6935,RW13,NAV CANADA,RW13,58.62772161111111,-117.17045422222223,500000156238583
dp_adhp,6936,RW13,NAV CANADA,RW13,44.45171722222223,-80.16765722222223,500000196069291
dp_adhp,6938,RW13R,NAV CANADA,RW13R,49.907748777777776,-98.28456527777777,259239578
dp_adhp,6939,RW13R,NAV CANADA,RW13R,54.41674166666667,-110.3103611111111,500000030548737
dp_adhp,8876,RW14,AIRWAYS CORPORATION OF NEW ZEALAND LTD,RW14,-38.6583,177.974975,400000856051737
dp_adhp,8877,RW14,AIRWAYS CORPORATION OF NEW ZEALAND LTD,RW14,-39.55007777777777,174.26616944444444,400004986593177
dp_other,10244,RW14,EUROCONTROL NMOC,RW14,54.96895,9.7848889,103496474
dp_other,10245,RW14,EUROCONTROL NMOC,RW14,56.29781111,12.84421111,400002545397035
dp_other,10246,RW14,EUROCONTROL NMOC,MAPT,54.91934836,8.33288225,400002603558959
dp_other,10247,RW14,EUROCONTROL NMOC,RW14,63.79854167,20.26930833,400002794400958
dp_other,10248,RW14,EUROCONTROL NMOC,RW14,64.55565556,18.70334722,400002794401018
dp_other,10249,RW14,EUROCONTROL NMOC,MAPT,45.225655555555555,14.561433333333333,400003265915489
dp_other,10250,RW14,EUROCONTROL NMOC,RW14,60.42909167,15.49986389,400003634607233
dp_other,10251,RW14,EUROCONTROL NMOC,RW14,65.55479722,22.09740556,400004220178380
dp_adhp,6940,RW14,NAV CANADA,RW14,45.32703130555556,-75.68623947222223,259232796
dp_adhp,6941,RW14,NAV CANADA,RW14,48.56913719444445,-78.25729597222222,259234969
dp_adhp,6942,RW14,NAV CANADA,RW14,61.76764302777778,-121.24359858333334,259235053
dp_adhp,6943,RW14,NAV CANADA,RW15,47.60127283333333,-70.23117183333333,259235491
dp_adhp,6944,RW14,NAV CANADA,RW14,53.04487227777778,-112.82038577777777,259235800
dp_adhp,6945,RW14,NAV CANADA,RW14,51.10746327777778,-100.05855327777778,259236492
dp_adhp,6946,RW14,NAV CANADA,RW14,50.19296108333333,-61.79742969444444,259238211
dp_adhp,6947,RW14,NAV CANADA,RW14,60.84722222222222,-115.79618641666667,259240130
dp_adhp,6948,RW14,NAV CANADA,RW14,44.89372,-63.51743730555555,259242245
dp_adhp,6949,RW14,NAV CANADA,RW14,45.32989722222223,-65.8994888888889,259242569
dp_adhp,6950,RW14,NAV CANADA,RW14,68.22705016666667,-135.01006244444446,259243050
dp_adhp,6951,RW14,NAV CANADA,RW14,53.821623611111114,-89.90338586111112,259243449
dp_adhp,6952,RW14,NAV CANADA,RW14,53.80894166666666,-78.92381666666667,259245496
dp_adhp,6953,RW14,NAV CANADA,RW14,64.11910011111111,-117.31628816666667,448428699
dp_adhp,6954,RW14,NAV CANADA,RW14,52.85774444444444,-119.33959722222222,200000003573005
dp_adhp,6955,RW14,NAV CANADA,RW14,46.71622797222223,-66.83725794444445,400002363573820
dp_adhp,6956,RW14,NAV CANADA,RW14,51.30493213888889,-116.98584991666667,400002425745803
dp_adhp,6957,RW14,NAV CANADA,,43.462503472222224,-80.39161630555556,400002969588782
dp_adhp,6958,RW14,NAV CANADA,RW14,62.415022666666665,-140.8721996388889,400003166718990
dp_adhp,6959,RW14,NAV CANADA,RW14,61.32274463888889,-117.60990575,400003955878974
dp_adhp,6960,RW14,NAV CANADA,RW14,55.90283588888889,-107.72246077777778,400004178435690
dp_adhp,6961,RW14,NAV CANADA,RW14,53.26787975,-114.96133213888889,400004550360388
dp_adhp,6962,RW14,NAV CANADA,RW14,48.74356111111111,-80.799975,400005322125717
dp_adhp,6963,RW14,NAV CANADA,RW14,51.338665500000005,-110.49207711111112,400005329641760
dp_adhp,6964,RW14,NAV CANADA,RW14,43.772196888888885,-81.71847213888888,500000120758597
dp_adhp,6965,RW14,NAV CANADA,RW14,53.47161344444444,-55.79246441666667,500000140400994
dp_adhp,6966,RW14,NAV CANADA,RW14,55.39520866666667,-111.12507691666666,500000207119356
dp_adhp,6967,RW14,NAV CANADA,RW14,65.5467513611111,-106.44972202777778,500000218196405
dp_adhp,6968,RW14,NAV CANADA,RW14,52.83983991666667,-104.0697741111111,500000304524528
dp_adhp,6969,RW14,NAV CANADA,RW14,54.562444444444445,-94.49648333333333,500000304848863
dp_adhp,8878,RW15,AIRWAYS CORPORATION OF NEW ZEALAND LTD,RW15,-40.19970277777777,175.38604166666667,400001865482573
dp_adhp,8879,RW15,AIRWAYS CORPORATION OF NEW ZEALAND LTD,RW15,-35.25241666666667,173.91050555555557,400005548239280
dp_other,10254,RW15,EUROCONTROL NMOC,RW15,58.32423889,12.33660556,400002545396987
dp_other,10255,RW15,EUROCONTROL NMOC,RW15,65.811025,15.07649167,400002606474070
dp_other,10256,RW15,EUROCONTROL NMOC,RW15,61.17411944,12.82125,400003261040874
dp_other,14991,RW15,EUROCONTROL NMOC,RW15,38.77594569,-27.10555533,400004792719226
dp_adhp,6972,RW15,NAV CANADA,RW15,43.83712755555556,-66.0929588611111,259233859
dp_adhp,6973,RW15,NAV CANADA,RW15,61.09865077777778,-94.07742716666667,259234462
dp_adhp,6974,RW15,NAV CANADA,RW15,49.76650272222222,-77.81036327777778,259235131
dp_adhp,6975,RW15,NAV CANADA,RW15,53.899503027777776,-122.67079844444444,259237470
dp_adhp,6976,RW15,NAV CANADA,RW15,58.745671111111115,-94.07771847222222,259240313
dp_adhp,6977,RW15,NAV CANADA,RW15,45.87475277777778,-66.5401,259242479
dp_adhp,6978,RW15,NAV CANADA,RW15,43.004792083333335,-82.31588933333333,259242704
dp_adhp,6979,RW15,NAV CANADA,RW15,43.76327466666667,-79.87793636111111,259244221
dp_adhp,6980,RW15,NAV CANADA,RW15,52.17899277777777,-106.70569444444445,259245817
dp_adhp,6981,RW15,NAV CANADA,RW15,43.04211030555555,-81.15983169444445,259245895
dp_adhp,6982,RW15,NAV CANADA,RW15,53.33400102777778,-60.43589975,261010525
dp_adhp,6983,RW15,NAV CANADA,RW15,69.55143774999999,-93.58463769444444,334014608
dp_adhp,6984,RW15,NAV CANADA,RW15,45.87394913888889,-63.46898577777778,370281639
dp_adhp,6985,RW15,NAV CANADA,RW15,54.47870863888889,-128.59042030555557,400001933347154
dp_adhp,6986,RW15,NAV CANADA,RW15,55.752969444444446,-101.26868611111111,400002535147336
dp_adhp,6987,RW15,NAV CANADA,RW15,51.74249616666667,-121.33543852777777,400002641444829
dp_adhp,6988,RW15,NAV CANADA,RW15,69.36927572222221,-81.82544580555555,400002818030343
dp_adhp,6989,RW15,NAV CANADA,RW15,56.02279897222222,-87.68147888888889,400002959037725
dp_adhp,6990,RW15,NAV CANADA,RW15,49.033901666666665,-77.02243083333333,400003011794536
dp_adhp,6991,RW15,NAV CANADA,RW15,62.244728611111114,-92.60375641666666,400003091050560
dp_adhp,6992,RW15,NAV CANADA,RW15,55.81285222222222,-97.86646505555555,400003599169116
dp_adhp,6993,RW15,NAV CANADA,RW15,62.84965805555556,-69.88167044444444,400004474715442
dp_adhp,6994,RW15,NAV CANADA,RW15,51.780348583333335,-114.68144930555556,500000111692820
dp_adhp,6995,RW15,NAV CANADA,RW15,54.83484969444444,-127.18557533333333,500000118679176
dp_adhp,6996,RW15,NAV CANADA,RW15,55.49468452777778,-107.93428127777779,500000121933997
dp_adhp,6997,RW15,NAV CANADA,RW15,48.60851944444445,-68.21489722222222,500000140348319
dp_adhp,6998,RW15,NAV CANADA,RW15,61.5909935,-71.93801822222223,500000159962910
dp_adhp,6999,RW15,NAV CANADA,RW15,54.523575,-98.05022222222222,500000183188048
dp_adhp,7000,RW15,NAV CANADA,RW15,49.214053444444446,-102.96323588888889,500000247394591
dp_adhp,7001,RW15,NAV CANADA,RW15,49.04192638888889,-116.49943972222222,500000285415593
dp_adhp,7002,RW15,NAV CANADA,RW15,50.63611863888889,-97.0506241111111,500000294381910
dp_adhp,8880,RW16,AIRWAYS CORPORATION OF NEW ZEALAND LTD,RW16,-41.318622222222224,174.80745833333336,1662471181
dp_adhp,8881,RW16,AIRWAYS CORPORATION OF NEW ZEALAND LTD,RW16,-39.00755,177.40406944444445,400003872976395
dp_adhp,8882,RW16,AIRWAYS CORPORATION OF NEW ZEALAND LTD,RW16,-39.46198888888889,176.8680388888889,400005112284152
dp_other,10257,RW16,EUROCONTROL NMOC,RW16,62.53531389,17.43831111,400002606473989
dp_other,10258,RW16,EUROCONTROL NMOC,RW16,60.163975,12.98604167,400002794400784
dp_other,10259,RW16,EUROCONTROL NMOC,RW16,56.69681944,16.27666111,400002944163934
dp_other,10260,RW16,EUROCONTROL NMOC,RW16,60.96561389,14.50599167,400003257493990
dp_adhp,7005,RW16,NAV CANADA,RW16,49.62094302777778,-115.78224838888889,259232574
dp_adhp,7006,RW16,NAV CANADA,RW16,62.47327113888889,-114.44394750000001,259233559
dp_adhp,7007,RW16,NAV CANADA,RW16,49.063051611111106,-123.86992613888889,259234768
dp_adhp,7008,RW16,NAV CANADA,RW16,48.76191975,-86.34953322222222,259235170
dp_adhp,7009,RW16,NAV CANADA,RW16,50.12009605555556,-91.90925975,259235179
dp_adhp,7010,RW16,NAV CANADA,RW16,48.525352777777776,-72.27219722222222,259236293
dp_adhp,7011,RW16,NAV CANADA,RW16,63.764971027777776,-68.57472575,259236296
dp_adhp,7012,RW16,NAV CANADA,RW16,52.89837275,-89.29206497222222,259240967
dp_adhp,7013,RW16,NAV CANADA,RW16,55.53218152777778,-106.58342691666667,259242260
dp_adhp,7014,RW16,NAV CANADA,RW16,49.966079722222226,-119.37914166666665,259242290
dp_adhp,7015,RW16,NAV CANADA,RW16,47.62587283333333,-52.75187536111111,259244161
dp_adhp,7016,RW16,NAV CANADA,RW16,58.28439102777777,-104.08650949999999,200000013704682
dp_adhp,7017,RW16,NAV CANADA,RW16,47.494280027777776,-68.48842322222222,400002124829486
dp_adhp,7018,RW16,NAV CANADA,RW16,47.429624805555555,-61.77841875,400002124829510
dp_adhp,7019,RW16,NAV CANADA,RW16,58.71466161111111,-65.99967091666667,400003021439084
dp_adhp,7020,RW16,NAV CANADA,RW16,44.68951383333333,-79.9334121388889,400003081545689
dp_adhp,7021,RW16,NAV CANADA,RW16,64.19955755555556,-83.36605472222222,400003081914938
dp_adhp,7022,RW16,NAV CANADA,RW16,66.52506630555555,-86.22851752777778,400003096178197
dp_adhp,7023,RW16,NAV CANADA,RW16,45.25688177777778,-74.81020519444444,400003420787637
dp_adhp,7024,RW16,NAV CANADA,RW16,49.08884513888889,-125.78114622222222,400005535376693
dp_adhp,7025,RW16,NAV CANADA,RW16,52.65607936111111,-113.60440702777777,500000059022886
dp_adhp,7026,RW16,NAV CANADA,RW16,51.139494,-113.55988599999999,500000085926793
dp_adhp,7027,RW16,NAV CANADA,RW16,64.30425425,-96.08183047222222,500000127914304
dp_adhp,7028,RW16,NAV CANADA,RW16,53.67223397222222,-113.86521230555554,500000304849521
dp_adhp,4467,RW17,CIVIL AVIATION AUTHORITY OF THE PHILIPPINES,RW17,6.072608333333333,125.09443055555555,400002134140434
dp_adhp,4468,RW17,CIVIL AVIATION AUTHORITY OF THE PHILIPPINES,RW17,17.652330555555555,121.73187222222222,400004201102727
dp_other,10262,RW17,EUROCONTROL NMOC,RW17,55.54805556,13.37377778,400002794400808
dp_other,10263,RW17,EUROCONTROL NMOC,RW17,63.057475,17.76594167,400003536114723
dp_adhp,7029,RW17,NAV CANADA,RW17,56.87123694444445,-101.07027805555555,259233724
dp_adhp,7030,RW17,NAV CANADA,RW17,45.26465,-79.83473805555555,259233877
dp_adhp,7031,RW17,NAV CANADA,RW17,52.196559861111105,-113.89263052777778,259236648
dp_adhp,7032,RW17,NAV CANADA,RW17,51.11216486111111,-114.37873302777777,259237347
dp_adhp,7033,RW17,NAV CANADA,RW17,49.41849444444444,-82.47419722222223,259237818
dp_adhp,7034,RW17,NAV CANADA,RW17,74.72555269444445,-94.97708694444445,259246090
dp_adhp,7035,RW17,NAV CANADA,RW17,50.769516333333335,-101.29485897222222,329858266
dp_adhp,7036,RW17,NAV CANADA,RW17,57.28515175,-110.97666902777777,330495040
dp_adhp,7037,RW17,NAV CANADA,RW17,57.38969591666667,-111.69915455555557,200000007789258
dp_adhp,7038,RW17,NAV CANADA,RW17,58.06008627777778,-104.48346675,200000010092687
dp_adhp,7039,RW17,NAV CANADA,RW17,67.02651230555556,-126.13037986111111,400001877589693
dp_adhp,7040,RW17,NAV CANADA,RW17,58.112125,-103.17346944444445,400002089836592
dp_adhp,7041,RW17,NAV CANADA,RW17,53.83049722222223,-101.205375,400002225410239
dp_adhp,7042,RW17,NAV CANADA,RW17,54.811058027777776,-66.8113816111111,400003615727718
dp_adhp,7043,RW17,NAV CANADA,RW17,54.12853208333333,-108.51436166666667,400003680000329
dp_adhp,7044,RW17,NAV CANADA,RW17,45.87090552777778,-77.25495966666666,400004022989592
dp_adhp,7045,RW17,NAV CANADA,RW17,52.49258916666667,-113.71177905555555,400004580299600
dp_adhp,7046,RW17,NAV CANADA,RW17,54.748405444444444,-113.20521769444444,500000031012039
dp_adhp,7047,RW17,NAV CANADA,RW17,51.501113333333336,-112.74858916666666,500000212510441
dp_adhp,8883,RW18,AIRWAYS CORPORATION OF NEW ZEALAND LTD,RW18,-37.855805555555555,175.336175,645841919
dp_adhp,8884,RW18,AIRWAYS CORPORATION OF NEW ZEALAND LTD,RW18,-44.961850000000005,171.08517222222224,645842123
dp_adhp,8885,RW18,AIRWAYS CORPORATION OF NEW ZEALAND LTD,RW18,-38.100455555555556,176.3203388888889,1449631740
dp_other,10265,RW18,EUROCONTROL NMOC,RW18,59.35953889,16.70783611,400003570229289
dp_other,10266,RW18,EUROCONTROL NMOC,RW18,56.9350691,23.9730774,400003992986566
dp_other,10267,RW18,EUROCONTROL NMOC,RW18,60.026825,13.57812222,400004220178464
dp_other,10268,RW18,EUROCONTROL NMOC,THR 18,50.03416944,8.52593056,400004901868318
dp_other,14992,RW18,EUROCONTROL NMOC,RW18,33.08692742,-16.350477,400004483065823
dp_other,14993,RW18,EUROCONTROL NMOC,RW18,36.9857528,-25.1733917,400004658833786
dp_adhp,7050,RW18,NAV CANADA,RW18,61.050876499999994,-69.62187447222222,259231685
dp_adhp,7051,RW18,NAV CANADA,RW18,46.16947480555555,-60.041723166666664,259236005
dp_adhp,7052,RW18,NAV CANADA,RW18,48.066747222222226,-77.786525,259236552
dp_adhp,7053,RW18,NAV CANADA,RW18,44.98240227777778,-79.30831241666667,259239362
dp_adhp,7054,RW18,NAV CANADA,RW18,49.92491783333333,-97.23497116666667,259242200
dp_adhp,7055,RW18,NAV CANADA,RW18,46.43307686111111,-67.63184094444443,259245856
dp_adhp,7056,RW18,NAV CANADA,RW18,50.06162941666666,-97.03711177777778,261010570
dp_adhp,7057,RW18,NAV CANADA,RW18,57.77440975,-105.0210385,962290587
dp_adhp,7058,RW18,NAV CANADA,RW18,49.21450202777778,-98.06344919444444,200000013581355
dp_adhp,7059,RW18,NAV CANADA,RW18,46.370256166666664,-79.42696594444445,400001910618836
dp_adhp,7060,RW18,NAV CANADA,RW18,59.48989069444445,-97.78071422222222,400001979127969
dp_adhp,7061,RW18,NAV CANADA,RW18,48.06674705555556,-77.78652366666667,400002308920817
dp_adhp,7062,RW18,NAV CANADA,RW18,56.79761388888889,-98.90619444444445,400002311428120
dp_adhp,7063,RW18,NAV CANADA,RW18,44.59580344444445,-80.83940697222222,400003161537257
dp_adhp,7064,RW18,NAV CANADA,RW18,49.498240555555554,-96.69787611111111,400003239542264
dp_adhp,7065,RW18,NAV CANADA,RW18,47.16358644444444,-67.84037830555555,400003299524729
dp_adhp,7066,RW18,NAV CANADA,RW18,49.72031666666667,-124.89265833333334,400003425008931
dp_adhp,7067,RW18,NAV CANADA,RW18,51.78841944444444,-96.69230555555556,400003500961712
dp_adhp,7068,RW18,NAV CANADA,RW18,46.42483172222222,-84.09978788888888,400004062663138
dp_adhp,7069,RW18,NAV CANADA,RW18,48.52622763888889,-71.04981063888889,400004446553964
dp_adhp,7070,RW18,NAV CANADA,RW18,48.33835833333334,-70.99569722222222,500000020328227
dp_adhp,7071,RW18,NAV CANADA,RW18,48.922978416666666,-79.18170277777779,500000118559924
dp_adhp,7072,RW18,NAV CANADA,RW18,55.15810116666667,-105.26018483333333,500000141737923
dp_adhp,7073,RW18,NAV CANADA,RW18,52.93046616666666,-66.8692493611111,500000159732495
dp_adhp,7074,RW18,NAV CANADA,RW18,50.29964911111111,-96.00917263888888,500000249900252
dp_adhp,7075,RW18,NAV CANADA,RW18,52.04868611111111,-95.46585,500000252427181
dp_other,10270,RW19,EUROCONTROL NMOC,RW19,57.76699722,14.07447222,400002396152444
dp_other,10271,RW19,EUROCONTROL NMOC,RW19,58.40560556,15.5279,400002606473980
dp_other,10272,RW19,EUROCONTROL NMOC,RW19,55.93155556,14.08773889,400002794400730
dp_other,10273,RW19,EUROCONTROL NMOC,RW19,56.70121944,12.82220278,400002794400979
dp_other,10274,RW19,EUROCONTROL NMOC,RW19,59.23630556,15.04302778,400002823558017
dp_other,10275,RW19,EUROCONTROL NMOC,RW19,56.277625,15.26823056,400002823558071
dp_other,10276,RW19,EUROCONTROL NMOC,RW19,58.438425,12.71276389,400002944163955
dp_other,10277,RW19,EUROCONTROL NMOC,RW19,56.93834722,14.73189444,400002981288164
dp_other,10278,RW19,EUROCONTROL NMOC,RW19,59.601175,16.638475,400003317459128
dp_other,10279,RW19,EUROCONTROL NMOC,RW19,57.78288889,11.87161389,400003927282878
dp_adhp,7076,RW19,NAV CANADA,RW19,60.06051027777777,-77.29146533333333,259237740
dp_adhp,7077,RW19,NAV CANADA,RW19,54.68476275,-101.67939841666667,259238511
dp_adhp,7078,RW19,NAV CANADA,RW19,55.291543999999995,-102.746722,259242548
dp_adhp,7079,RW19,NAV CANADA,RW19,44.231769722222225,-76.6030486111111,259243717
dp_adhp,7080,RW19,NAV CANADA,RW19,42.027453305555554,-82.52483841666667,400002041129314
dp_adhp,7081,RW19,NAV CANADA,RW19,55.86848333333334,-92.08038611111111,400002309811878
dp_adhp,7082,RW19,NAV CANADA,RW19,44.16349411111111,-81.06217133333332,400002311428083
dp_adhp,7084,RW19,NAV CANADA,RW19,47.416130555555554,-72.78978888888889,400003845615929
dp_adhp,7085,RW19,NAV CANADA,RW19,59.75970130555555,-102.41838294444445,400005476781336
dp_adhp,7086,RW19,NAV CANADA,RW19,68.16789633333333,-106.6120516111111,500000003534938
dp_adhp,7087,RW19,NAV CANADA,RW19,51.21612563888889,-58.65899802777778,500000082495713
dp_adhp,8887,RW20,AIRWAYS CORPORATION OF NEW ZEALAND LTD,RW20,-43.47498888888889,172.5482861111111,645841811
dp_adhp,8888,RW20,AIRWAYS CORPORATION OF NEW ZEALAND LTD,RW20,-44.29463333333333,171.2312611111111,645842237
dp_adhp,4477,RW20,CIVIL AVIATION AUTHORITY OF THE PHILIPPINES,RW20,10.843633333333335,122.49728333333333,101003607303326
dp_adhp,4478,RW20,CIVIL AVIATION AUTHORITY OF THE PHILIPPINES,RW20,15.201138888888888,120.56853888888888,400002122025042
dp_other,10283,RW20,EUROCONTROL NMOC,RW20,52.45869611,9.43832528,400005275061637
dp_other,14994,RW20,EUROCONTROL NMOC,RW20,38.79232942,-9.13004631,400001532733395
dp_adhp,7088,RW20,NAV CANADA,RW20,46.41703966666667,-74.77793430555556,259233285
dp_adhp,7089,RW20,NAV CANADA,RW20,69.36577991666667,-124.07025502777778,259236834
dp_adhp,7090,RW20,NAV CANADA,RW20,52.23119372222222,-78.52192291666667,259242329
dp_adhp,7091,RW20,NAV CANADA,RW20,53.333328361111114,-113.56765261111111,259244845
dp_adhp,7092,RW20,NAV CANADA,RW21,56.54091536111111,-76.51730608333334,259245985
dp_adhp,7093,RW20,NAV CANADA,RW20,47.45577180555556,-67.62381763888888,369382134
dp_adhp,7094,RW20,NAV CANADA,RW20,58.24216725,-103.6703711388889,985483838
dp_adhp,7095,RW20,NAV CANADA,RW20,52.12615,-101.22983888888889,200000003361565
dp_adhp,7096,RW20,NAV CANADA,RW02,52.964072638888894,-87.37321949999999,400002225410214
dp_adhp,7097,RW20,NAV CANADA,RW20,45.84715877777778,-81.85613397222221,400003766919005
dp_adhp,7098,RW20,NAV CANADA,RW20,59.714053472222226,-100.12296822222221,400003988579668
dp_adhp,7099,RW20,NAV CANADA,RW20,60.29934902777777,-102.49430408333333,400004254831408
dp_adhp,7100,RW20,NAV CANADA,RW20,55.03169761111111,-120.92543930555556,500000015384112
dp_adhp,7101,RW20,NAV CANADA,RW20,64.70706108333334,-110.60658163888888,500000016264125
dp_adhp,7102,RW20,NAV CANADA,RW20,70.49046386111111,-68.51252113888889,500000117179236
dp_adhp,7103,RW20,NAV CANADA,RW20,72.69457177777778,-77.96191136111112,500000122203003
dp_adhp,7104,RW20,NAV CANADA,RW20,53.32316316666667,-117.74756972222222,500000313169890
dp_adhp,8889,RW21,AIRWAYS CORPORATION OF NEW ZEALAND LTD,RW21,-45.92437777777778,170.2077861111111,645841829
dp_adhp,8890,RW21,AIRWAYS CORPORATION OF NEW ZEALAND LTD,RW21,-42.70776388888889,170.99206944444444,101002518121471
dp_adhp,8891,RW21,AIRWAYS CORPORATION OF NEW ZEALAND LTD,RW21,-36.78514722222222,174.63905833333334,400003023032748
dp_adhp,8892,RW21,AIRWAYS CORPORATION OF NEW ZEALAND LTD,RW21,-36.65427777777778,174.65825833333335,400005112284183
dp_adhp,4479,RW21,CIVIL AVIATION AUTHORITY OF THE PHILIPPINES,RW21,10.784447222222223,123.02367777777778,400001708229399
dp_adhp,4480,RW21,CIVIL AVIATION AUTHORITY OF THE PHILIPPINES,RW21,9.583647222222222,123.77647222222222,400002964846710
dp_other,10284,RW21,EUROCONTROL NMOC,MAPT RW21,48.38112806,7.83731944,400002677038363
dp_other,10285,RW21,EUROCONTROL NMOC,MAPT,48.78884581,8.08939862,400002677038366
dp_other,10286,RW21,EUROCONTROL NMOC,MAPT,49.95794694,7.27304192,400002677038369
dp_other,10287,RW21,EUROCONTROL NMOC,RW21,57.67118056,18.35221111,400002701039106
dp_other,10288,RW21,EUROCONTROL NMOC,RW21,67.83131944,20.35321944,400002981288197
dp_other,10289,RW21,EUROCONTROL NMOC,MAPT,43.29058055555555,16.684394444444443,400003269291461
dp_other,10290,RW21,EUROCONTROL NMOC,RW21,59.90745,17.60190556,400003457394548
dp_other,10291,RW21,EUROCONTROL NMOC,RW21,48.19689194,10.870635,400003474825072
dp_other,10292,RW21,EUROCONTROL NMOC,RW21,59.45489167,13.34696667,400003634607248
dp_other,10294,RW21,EUROCONTROL NMOC,RW21,57.67614722,12.29193056,800001380606199
dp_adhp,7105,RW21,NAV CANADA,RW21,53.529083944444444,-88.63932552777779,259232142
dp_adhp,7106,RW21,NAV CANADA,RW21,52.948155,-91.3093315,259233580
dp_adhp,7107,RW21,NAV CANADA,RW21,64.04652083333333,-139.11803944444446,259234939
dp_adhp,7108,RW21,NAV CANADA,RW21,62.18416880555555,-75.66606125000001,259235782
dp_adhp,7109,RW21,NAV CANADA,RW21,48.948305166666664,-54.559854916666666,259236780
dp_adhp,7110,RW21,NAV CANADA,RW21,48.57838575,-81.37009244444444,259240478
dp_adhp,7111,RW21,NAV CANADA,RW21,46.298637416666665,-63.12307505555555,259241783
dp_adhp,7112,RW21,NAV CANADA,RW21,56.244660555555555,-120.7274225,259241828
dp_adhp,7113,RW21,NAV CANADA,RW21,50.023772027777774,-110.71315230555555,259243461
dp_adhp,7114,RW21,NAV CANADA,RW21,46.27929736111111,-75.98778319444445,259244287
dp_adhp,7115,RW21,NAV CANADA,RW21,60.238145555555555,-123.46393944444445,318285065
dp_adhp,7116,RW21,NAV CANADA,RW21,57.26160902777778,-105.60831636111111,954022744
dp_adhp,7117,RW21,NAV CANADA,RW21,53.33530013888889,-104.0040633888889,400002891495322
dp_adhp,7118,RW21,NAV CANADA,RW21,58.97485969444445,-99.96827969444445,400003841193795
dp_adhp,7119,RW21,NAV CANADA,RW21,57.89310555555556,-101.67332222222223,500000122199277
dp_adhp,7120,RW21,NAV CANADA,RW21,60.03200141666667,-69.99757822222222,500000159963148
dp_adhp,7121,RW21,NAV CANADA,RW21,55.288659055555556,-77.76155947222222,500000161043067
dp_adhp,7122,RW21,NAV CANADA,RW21,47.970504000000005,-84.78326813888889,500000219503475
dp_adhp,7123,RW21,NAV CANADA,RW21,58.61826111111111,-101.46378333333334,500000281954198
dp_adhp,8893,RW22,AIRWAYS CORPORATION OF NEW ZEALAND LTD,RW22,-46.4111,168.32474444444443,101000794196274
dp_adhp,8894,RW22,AIRWAYS CORPORATION OF NEW ZEALAND LTD,RW22,-41.73390833333333,171.5854666666667,101002518121398
dp_other,10295,RW22,EUROCONTROL NMOC,MAPT RW22,48.08920306,11.29377084,101002030225058
dp_other,10296,RW22,EUROCONTROL NMOC,MAPT GPS APCH RWY22,51.14198794,13.77852208,101002030225061
dp_other,10298,RW22,EUROCONTROL NMOC,MAPT RWY22,50.98766,12.51398139,400002959158568
dp_other,10299,RW22,EUROCONTROL NMOC,MAPT,45.75190555555555,16.082430555555554,400003173257169
dp_other,10300,RW22,EUROCONTROL NMOC,RW22,49.707125,18.1284472,400004925090195
dp_adhp,7124,RW22,NAV CANADA,RW22,46.63342219444444,-80.79197616666667,259232946
dp_adhp,7125,RW22,NAV CANADA,RW22,51.26958611111111,-102.45474166666666,259236275
dp_adhp,7126,RW22,NAV CANADA,RW22,59.30137625,-69.59736763888888,259237207
dp_adhp,7127,RW22,NAV CANADA,RW22,44.64474713888889,-75.74579886111111,259237506
dp_adhp,7128,RW22,NAV CANADA,RW21,58.77169683333333,-111.10725327777777,259238135
dp_adhp,7129,RW22,NAV CANADA,RW22,56.23073611111111,-117.43780833333334,259243765
dp_adhp,7130,RW22,NAV CANADA,RW22,49.7797,-74.52146111111111,259243852
dp_adhp,7131,RW22,NAV CANADA,RW22,49.719054944444444,-83.68185488888889,400002245603420
dp_adhp,7132,RW22,NAV CANADA,RW22,67.57303580555555,-139.8253477222222,400002299881726
dp_adhp,7133,RW22,NAV CANADA,RW22,46.49199166666667,-84.50023888888889,400003234863792
dp_adhp,7134,RW22,NAV CANADA,RW22,50.235628472222224,-99.50429194444445,400003299204336
dp_adhp,7135,RW22,NAV CANADA,RW22,48.77784772222222,-91.63422627777778,400003669211700
dp_adhp,7136,RW22,NAV CANADA,RW22,60.426230749999995,-121.26164311111111,400004117516695
dp_adhp,7137,RW22,NAV CANADA,RW22,54.41011666666667,-110.2543388888889,500000030548731
dp_adhp,7138,RW22,NAV CANADA,RW22,56.083756722222226,-118.42594758333334,500000046105856
dp_adhp,7139,RW22,NAV CANADA,RW22,58.84117472222223,-122.58813583333333,500000050888171
dp_adhp,7140,RW22,NAV CANADA,RW22,53.84898611111112,-94.84699722222221,500000159963469
dp_adhp,8895,RW23,AIRWAYS CORPORATION OF NEW ZEALAND LTD,RW23,-39.00564444444444,174.1838888888889,645842051
dp_adhp,8896,RW23,AIRWAYS CORPORATION OF NEW ZEALAND LTD,RW23,-45.01654444444444,168.75772777777777,800000482622894
dp_adhp,4489,RW23,CIVIL AVIATION AUTHORITY OF THE PHILIPPINES,RW23,7.1343725000000004,125.65606833333334,400001922403075
dp_adhp,4491,RW23,CIVIL AVIATION AUTHORITY OF THE PHILIPPINES,RW23,11.686869444444445,122.38402777777779,400002542023621
dp_adhp,4490,RW23,DHMI TURKIYE,RW23,39.558747222222216,27.021425,400002447701996
dp_adhp,4492,RW23,DHMI TURKIYE,RW23,40.97776388888889,28.836155555555553,400005066859159
dp_other,10303,RW23,EUROCONTROL NMOC,RW23,53.53894947,9.84323478,101002030225064
dp_other,10305,RW23,EUROCONTROL NMOC,RW23,54.46672617,9.53027111,400003808220423
dp_other,14996,RW23,EUROCONTROL NMOC,RW23,32.70584136,-16.76515033,400001680940275
dp_adhp,7141,RW23,NAV CANADA,RW23,45.29638611111111,-72.73606944444444,259233117
dp_adhp,7142,RW23,NAV CANADA,RW23,43.693842555555555,-79.63546886111112,259233925
dp_adhp,7143,RW23,NAV CANADA,RW23,46.449475,-63.82431666666667,259236417
dp_adhp,7144,RW23,NAV CANADA,RW23,55.547331166666666,-102.26581963888889,259237707
dp_adhp,7145,RW23,NAV CANADA,RW23,43.13757777777778,-80.33391666666667,259237921
dp_adhp,7146,RW23,NAV CANADA,RW23,53.444605249999995,-91.75678880555556,259239644
dp_adhp,7147,RW23,NAV CANADA,RW23,51.44751874999999,-57.181569027777776,259239930
dp_adhp,7148,RW23,NAV CANADA,RW23,45.31842161111111,-65.88114825,259240011
dp_adhp,7149,RW23,NAV CANADA,RW23,46.362112361111116,-72.67116636111112,259244722
dp_adhp,7150,RW23,NAV CANADA,RW23,44.888404,-63.504776666666665,259245367
dp_adhp,7151,RW23,NAV CANADA,RW23,55.68907447222222,-121.61630552777777,261010140
dp_adhp,7152,RW23,NAV CANADA,RW23,50.24775913888889,-119.32376875,309657061
dp_adhp,7153,RW23,NAV CANADA,RW23,49.086836472222224,-85.85591191666666,400002222731215
dp_adhp,7154,RW23,NAV CANADA,RW23,59.60327494444444,-109.12992249999999,400002291304241
dp_adhp,7155,RW23,NAV CANADA,RW23,56.362411111111115,-94.70160555555556,400002382208032
dp_adhp,7156,RW23,NAV CANADA,RW23,44.748938833333334,-81.10380594444445,400003028037384
dp_adhp,7157,RW23,NAV CANADA,RW23,43.41883022222222,-80.92979488888889,400003056982353
dp_adhp,7158,RW23,NAV CANADA,RW23,58.67179844444444,-69.95104830555556,400003095883750
dp_adhp,7159,RW23,NAV CANADA,RW23,55.69077380555555,-103.60373288888889,400003438389023
dp_adhp,7160,RW23,NAV CANADA,RW23,55.59115833333333,-97.15942222222223,400003500963092
dp_adhp,7161,RW23,NAV CANADA,RW23,68.54042636111112,-89.79140702777778,400004606180289
dp_adhp,7162,RW23,NAV CANADA,RW23,60.84393913888889,-115.76941077777778,400004911605705
dp_adhp,7163,RW23,NAV CANADA,RW23,47.77134513888889,-69.57797761111111,500000014512307
dp_adhp,7164,RW23,NAV CANADA,RW23,43.92581247222222,-78.89158583333334,500000125508182
dp_adhp,7165,RW23,NAV CANADA,RW23,47.75820788888889,-67.42171447222222,500000159946281
dp_adhp,7166,RW23,NAV CANADA,RW23,49.827578638888895,-112.17897677777778,500000198541975
dp_adhp,7167,RW23,NAV CANADA,RW23,54.6141,-97.75253888888889,500000282717383
dp_adhp,7168,RW23,NAV CANADA,RW23,54.93655,-95.27199166666666,500000315422400
dp_adhp,4493,RW24,CIVIL AVIATION AUTHORITY OF THE PHILIPPINES,RW24,14.513827777777777,121.02889444444445,101003600129772
dp_adhp,4494,RW24,CIVIL AVIATION AUTHORITY OF THE PHILIPPINES,RW24,11.929616666666666,121.96407777777777,400002112252052
dp_adhp,4497,RW24,DHMI TURKIYE,RW24 (LTAY),37.79253611111111,29.715877777777777,400002430708050
dp_adhp,4499,RW24,DHMI TURKIYE,RW24,40.904466666666664,29.32523888888889,400004053426660
dp_other,10308,RW24,EUROCONTROL NMOC,MAPT RWY 24,47.67566861,9.52271028,101002030225076
dp_other,10309,RW24,EUROCONTROL NMOC,MAPT RNAV (GPS) RWY24,50.86966969,7.15527117,101002030225079
dp_other,10310,RW24,EUROCONTROL NMOC,THR RW 24,51.52219819,7.62322958,101002030225082
dp_other,10311,RW24,EUROCONTROL NMOC,THR RW 24,51.61945139,8.62948,101002030225085
dp_other,10312,RW24,EUROCONTROL NMOC,,55.4798306,10.3405,400001732806745
dp_other,10313,RW24,EUROCONTROL NMOC,MAPT LOC RWY24 0.2 DME IAMW / 1.0 DME ALD,47.99429578,10.25331858,400002677038372
dp_other,10315,RW24,EUROCONTROL NMOC,RW24,50.11595,14.2733667,400004925090198
dp_other,10316,RW24,EUROCONTROL NMOC,RW24,50.83553306,6.67404583,400005611353254
dp_adhp,7170,RW24,NAV CANADA,RW24,44.127719444444445,-77.51348333333334,259231703
dp_adhp,7171,RW24,NAV CANADA,RW24,43.19623744444444,-79.16368930555556,259232694
dp_adhp,7172,RW24,NAV CANADA,RW24,45.61694163888889,-62.61356283333333,259232874
dp_adhp,7173,RW24,NAV CANADA,RW24,55.80410919444444,-97.85008297222221,259234117
dp_adhp,7174,RW24,NAV CANADA,RW24,51.295993527777775,-80.59677272222221,259234501
dp_adhp,7175,RW24,NAV CANADA,RW24,44.949279499999996,-75.93440083333334,259234750
dp_adhp,7176,RW24,NAV CANADA,RW24,46.167414944444445,-60.04034902777778,259234852
dp_adhp,7177,RW24,NAV CANADA,RW24,59.2523,-105.82845555555555,259234861
dp_adhp,7178,RW24,NAV CANADA,RW24,46.79996666666666,-71.38104722222222,259235101
dp_adhp,7179,RW24,NAV CANADA,RW24,43.177606,-79.91775588888889,259235125
dp_adhp,7180,RW24,NAV CANADA,RW24,46.10123138888889,-70.70734555555556,259235332
dp_adhp,7181,RW24,NAV CANADA,RW24,49.62989613888889,-112.78955863888889,259235761
dp_adhp,7182,RW24,NAV CANADA,RW24,49.0600045,-55.44194077777777,259236384
dp_adhp,7183,RW24,NAV CANADA,RW24,52.82085502777778,-102.30075991666666,259236618
dp_adhp,7184,RW24,NAV CANADA,RW24,42.310419305555556,-82.07563263888889,259238382
dp_adhp,7185,RW24,NAV CANADA,RW24,45.693688888888886,-73.98856666666667,259240352
dp_adhp,7186,RW24,NAV CANADA,RW24,44.716617722222225,-66.79317977777778,259241126
dp_adhp,7187,RW24,NAV CANADA,RW24,46.126206805555555,-64.66766505555556,259244476
dp_adhp,7188,RW24,NAV CANADA,RW24,68.30437683333334,-133.4610228611111,259244647
dp_adhp,7189,RW24,NAV CANADA,RW24,44.54988011111111,-65.78059147222223,259244851
dp_adhp,7190,RW24,NAV CANADA,RW24,48.616725333333335,-68.20028025,259245505
dp_adhp,7191,RW24,NAV CANADA,RW24,58.47523155555556,-78.07031744444444,259246114
dp_adhp,7192,RW24,NAV CANADA,RW24,63.438954055555556,-109.13067752777778,400001951577102
dp_adhp,7193,RW24,NAV CANADA,RW24,55.45127497222222,-60.22392958333334,400002308920785
dp_adhp,7194,RW24,NAV CANADA,RW24,46.11636666666667,-71.92408333333334,400002363573856
dp_adhp,7195,RW24,NAV CANADA,RW24,59.56275291666666,-108.47101327777779,400002881366287
dp_adhp,7196,RW24,NAV CANADA,RW24,52.28572136111111,-81.6709113888889,400002959037704
dp_adhp,7197,RW24,NAV CANADA,RW24,43.829557,-66.08242683333333,400003114514643
dp_adhp,7198,RW24,NAV CANADA,RW24,45.84985183333333,-72.38994744444445,400003172546699
dp_adhp,7199,RW24,NAV CANADA,RW24,45.29765122222222,-73.27752333333333,400003355645247
dp_adhp,7200,RW24,NAV CANADA,RW24,55.78381008333333,-118.83347094444444,400005101095470
dp_adhp,7201,RW24,NAV CANADA,RW24,54.673315527777774,-94.13781800000001,400005123092569
dp_adhp,7202,RW24,NAV CANADA,RW24,51.47654977777778,-78.7526805,500000024208134
dp_adhp,7203,RW24,NAV CANADA,RW24,70.76565547222222,-117.79033280555555,500000117219653
dp_adhp,7204,RW24,NAV CANADA,RW24,49.897942111111114,-109.4697113888889,500000117282038
dp_adhp,7205,RW24,NAV CANADA,RW24,53.96093888888889,-97.83629722222221,500000122202032
dp_adhp,7206,RW24,NAV CANADA,RW24,52.93072447222222,-82.42598666666667,500000127963250
dp_adhp,7207,RW24,NAV CANADA,RW24,52.73584463888889,-72.21401077777779,500000251308153
dp_adhp,4495,RW24,SKEYES,RW24,50.46467222222223,4.469430555555555,400002396112231
dp_adhp,4496,RW24,SKEYES,RW24,50.82205555555556,3.218713888888889,400002414923209
dp_adhp,4498,RW24,SKEYES,RW24,49.635394444444444,6.235602777777778,400003396942467
dp_adhp,4502,RW24L,EUROCONTROL NMOC,,35.09527777777778,128.08444444444444,400005202978254
dp_other,10317,RW24L,EUROCONTROL NMOC,RW24L,48.71437694,11.55578778,400001454696318
dp_adhp,7208,RW24L,NAV CANADA,RW24L,43.67528952777778,-79.5972353611111,259232445
dp_adhp,7209,RW24L,NAV CANADA,RW24L,45.477019444444444,-73.71600944444445,259243614
dp_adhp,7210,RW24L,NAV CANADA,RW24L,45.51981830555555,-73.40488808333333,400003355645302
dp_adhp,4505,RW24R,EUROCONTROL NMOC,,35.096111111111114,128.08166666666665,400005202978257
dp_other,10318,RW24R,EUROCONTROL NMOC,RW24R,48.72479889,11.54616528,400001454696321
dp_adhp,7212,RW24R,NAV CANADA,RW24R,45.525364555555555,-73.40686983333335,259235119
dp_adhp,7213,RW24R,NAV CANADA,RW24R,43.67897858333333,-79.5973703611111,259243266
dp_adhp,7214,RW24R,NAV CANADA,RW24R,45.483269166666666,-73.73593416666667,259244854
dp_adhp,8899,RW25,AIRWAYS CORPORATION OF NEW ZEALAND LTD,RW25,-40.319836111111115,175.62466944444446,645842165
dp_adhp,8900,RW25,AIRWAYS CORPORATION OF NEW ZEALAND LTD,RW25,-37.67381111111111,176.20905277777777,645842204
dp_other,10319,RW25,DFS DEUTSCHE FLUGSICHERUNG GMBH,RW25,48.42704722,10.93993056,101002030225088
dp_other,10323,RW25,DFS DEUTSCHE FLUGSICHERUNG GMBH,MAPT 0.5 DME ILUE,53.80776944,10.73195611,400002077337792
dp_other,10328,RW25,DFS DEUTSCHE FLUGSICHERUNG GMBH,FTP,51.85837528,11.43570444,400005578534071
dp_adhp,4506,RW25,DHMI TURKIYE,RW25,38.773575,35.5122,400001164151639
dp_adhp,4507,RW25,DHMI TURKIYE,RW25,38.60088888888889,39.29818611111111,400004318546644
dp_other,10320,RW25,EUROCONTROL NMOC,MAPT RW25 RNAV/GPS,51.19636836,14.53480644,101002030225094
dp_other,10321,RW25,EUROCONTROL NMOC,MAWP RNAV (GPS) RWY 25,52.13726694,7.69725636,101002030225097
dp_other,10322,RW25,EUROCONTROL NMOC,RW25,49.3930775,9.96487222,400001572358704
dp_other,10324,RW25,EUROCONTROL NMOC,MAPT RW25,48.05536189,9.38222078,400002335816700
dp_other,10325,RW25,EUROCONTROL NMOC,RW25,50.05250225,8.33929281,400002451693395
dp_other,10326,RW25,EUROCONTROL NMOC,THR RWY 25/MAPT,48.69401542,9.24380181,400003473934385
dp_other,10329,RW25,EUROCONTROL NMOC,RW25,52.28019667,9.0952975,400005620233652
dp_adhp,7215,RW25,NAV CANADA,RW25,48.3768045,-89.30536966666666,259232937
dp_adhp,7216,RW25,NAV CANADA,RW25,58.75478838888889,-94.05502794444445,259233222
dp_adhp,7217,RW25,NAV CANADA,RW25,55.18447088888889,-118.86985358333332,259234300
dp_adhp,7218,RW25,NAV CANADA,RW25,49.21674655555556,-57.38225380555556,259234696
dp_adhp,7219,RW25,NAV CANADA,RW25,42.28333544444444,-82.94439333333334,259235188
dp_adhp,7220,RW25,NAV CANADA,RW25,53.578857000000006,-116.45348800000001,259236113
dp_adhp,7221,RW25,NAV CANADA,RW25,53.967685055555556,-91.01983138888889,259236570
dp_adhp,7222,RW25,NAV CANADA,RW25,55.74273111111111,-120.17095416666668,259236684
dp_adhp,7223,RW25,NAV CANADA,RW25,45.32505975,-75.64510630555556,259236913
dp_adhp,7224,RW25,NAV CANADA,RW25,50.47250511111111,-59.628760166666666,259237428
dp_adhp,7225,RW25,NAV CANADA,RW25,47.42798794444444,-61.773304805555554,259241438
dp_adhp,7226,RW25,NAV CANADA,RW25,48.27756275,-53.91713188888889,259243873
dp_adhp,7227,RW25,NAV CANADA,RW25,58.09711555555556,-68.41650569444445,259244683
dp_adhp,7228,RW25,NAV CANADA,RW25,49.0156355,-118.42148191666666,259245070
dp_adhp,7229,RW25,NAV CANADA,RW25,62.420507944444445,-77.91745644444445,259245802
dp_adhp,7230,RW25,NAV CANADA,RW25,48.48190313888889,-68.48929541666666,306014142
dp_adhp,7231,RW25,NAV CANADA,RW25,49.02099988888889,-122.34130549999999,200000015437880
dp_adhp,7232,RW25,NAV CANADA,RW25,58.70740277777778,-98.50419166666667,400001945449584
dp_adhp,7233,RW25,NAV CANADA,RW25,63.61660027777778,-135.85413805555555,400002821582342
dp_adhp,7234,RW25,NAV CANADA,RW25,50.53510694444444,-113.83460222222222,400003243386292
dp_adhp,7235,RW25,NAV CANADA,RW25,52.309903,-112.74761955555556,400003372049321
dp_adhp,7236,RW25,NAV CANADA,RW25,58.663916638888885,-103.52328366666667,400004254831431
dp_adhp,7237,RW25,NAV CANADA,RW25,55.03299055555556,-117.28656102777778,400004829056047
dp_adhp,7238,RW25,NAV CANADA,RW25,44.233674722222226,-64.85016363888889,400005435667768
dp_adhp,7239,RW25,NAV CANADA,RW25,49.075961222222226,-125.76232575,400005535376708
dp_adhp,7240,RW25,NAV CANADA,RW25,54.09688216666667,-114.43067575,500000003703449
dp_adhp,7241,RW25,NAV CANADA,RW25,55.961490500000004,-113.80963502777777,500000020332261
dp_adhp,7242,RW25,NAV CANADA,RW25,56.160824999999996,-113.46412000000001,500000020356264
dp_adhp,7243,RW25,NAV CANADA,RW25,66.24051711111112,-128.63257808333333,500000028661906
dp_adhp,7244,RW25,NAV CANADA,RW25,54.051581194444445,-124.00054227777778,500000081622818
dp_adhp,7245,RW25,NAV CANADA,RW25,55.393552138888886,-116.46444433333333,500000125579759
dp_adhp,7246,RW25,NAV CANADA,RW25,57.289531249999996,-102.5152031388889,500000194225561
dp_adhp,7247,RW25,NAV CANADA,RW25,58.17301641666666,-116.32285102777777,500000206019534
dp_adhp,7248,RW25,NAV CANADA,RW25,55.70934697222223,-117.08716972222221,500000215855926
dp_adhp,7249,RW25,NAV CANADA,RW25,56.95088055555556,-117.63005833333332,500000251311508
dp_adhp,7250,RW25,NAV CANADA,RW25,49.195547777777776,-84.75307419444445,500000306880529
dp_adhp,7251,RW25,NAV CANADA,RW25,64.91022583333334,-125.55677,500000315422336
dp_adhp,8901,RW26,AIRWAYS CORPORATION OF NEW ZEALAND LTD,RW26,-36.78573333333333,174.6410111111111,1661797500
dp_adhp,8902,RW26,AIRWAYS CORPORATION OF NEW ZEALAND LTD,RW26,-45.534502777777774,169.663075,400004986593171
dp_other,10344,RW26,ESTONIAN AIR NAVIGATION SERVICES,,58.30763056,26.70215556,400005009769374
dp_other,10346,RW26,ESTONIAN AIR NAVIGATION SERVICES,,59.41317222,24.86720833,400005748750319
dp_other,10331,RW26,EUROCONTROL NMOC,MAPT,52.32029414,10.57569436,101002030225106
dp_other,10332,RW26,EUROCONTROL NMOC,RW26 MAPT,48.39622142,12.72860569,101002030225121
dp_other,10333,RW26,EUROCONTROL NMOC,MAPT GPS RWY26,49.64971181,9.97793947,101003164717820
dp_other,10334,RW26,EUROCONTROL NMOC,,55.52810056,8.57395264,400001706573302
dp_other,10335,RW26,EUROCONTROL NMOC,RW26,49.4364,7.62254444,400002067555107
dp_other,10336,RW26,EUROCONTROL NMOC,RW26,52.59252417,10.03546417,400002147119416
dp_other,10337,RW26,EUROCONTROL NMOC,RW26,52.45899889,9.4457,400002605752258
dp_other,10338,RW26,EUROCONTROL NMOC,RW26,50.28898556,11.8635925,400002663866979
dp_other,10339,RW26,EUROCONTROL NMOC,RW26,57.50387544,10.23935014,400003343953052
dp_other,10340,RW26,EUROCONTROL NMOC,RW26,59.89938333,17.60385278,400003457394551
dp_other,10341,RW26,EUROCONTROL NMOC,RW26,54.31421,9.55657083,400003595470400
dp_other,10342,RW26,EUROCONTROL NMOC,RW26,49.30848889,10.64117778,400003879762970
dp_other,10343,RW26,EUROCONTROL NMOC,RW26,53.76979706,8.67665075,400004290127638
dp_other,10347,RW26,EUROCONTROL NMOC,RW26,59.66389722,17.97915278,800001380606236
dp_adhp,7252,RW26,NAV CANADA,RW26,46.56723158333334,-75.56912352777778,259231640
dp_adhp,7253,RW26,NAV CANADA,RW26,43.466036055555556,-80.36580791666665,259231676
dp_adhp,7254,RW26,NAV CANADA,RW26,56.65319913888889,-111.20717394444445,259231745
dp_adhp,7255,RW26,NAV CANADA,RW26,47.70129636111111,-79.83611833333333,259232211
dp_adhp,7256,RW26,NAV CANADA,RW26,46.36883397222222,-79.40622144444445,259232319
dp_adhp,7257,RW26,NAV CANADA,RW26,53.321315000000006,-60.40588894444444,259232661
dp_adhp,7258,RW26,NAV CANADA,RW26,44.990969444444445,-64.90479444444445,259236257
dp_adhp,7259,RW26,NAV CANADA,RW26,48.21069722222222,-78.82176388888888,259237033
dp_adhp,7260,RW26,NAV CANADA,RW26,49.87826011111111,-100.90192547222223,259237788
dp_adhp,7261,RW26,NAV CANADA,RW26,53.30923055555555,-110.05980952777777,259238253
dp_adhp,7262,RW26,NAV CANADA,RW26,49.79005347222222,-94.35112983333333,259238538
dp_adhp,7263,RW26,NAV CANADA,RW26,52.19639797222222,-87.92648047222222,259239692
dp_adhp,7264,RW26,NAV CANADA,RW26,49.20799319444445,-102.95529452777778,259239759
dp_adhp,7265,RW26,NAV CANADA,RW26,53.218091388888894,-105.66157277777778,259240090
dp_adhp,7266,RW26,NAV CANADA,RW26,48.212274722222226,-79.97251880555555,259241522
dp_adhp,7267,RW26,NAV CANADA,RW26,50.284731416666666,-63.60266383333334,259242158
dp_adhp,7268,RW26,NAV CANADA,RW26,60.82112908333334,-78.14007291666667,259243251
dp_adhp,7269,RW26,NAV CANADA,RW26,50.42914011111111,-104.65579111111111,259245073
dp_adhp,7270,RW26,NAV CANADA,RW26,54.30478191666666,-110.73325344444444,261010225
dp_adhp,7271,RW26,NAV CANADA,RW26,58.403347499999995,-115.93778444444445,200000000145729
dp_adhp,7272,RW26,NAV CANADA,RW26,53.72711941666667,-113.07794308333332,200000000146583
dp_adhp,7273,RW26,NAV CANADA,RW26,49.48034652777778,-98.01043297222222,200000013581983
dp_adhp,7274,RW26,NAV CANADA,RW26,62.41902975,-110.67356947222223,400002239480386
dp_adhp,7275,RW26,NAV CANADA,RW26,71.99420227777777,-125.22387461111111,400002304685010
dp_adhp,7276,RW26,NAV CANADA,RW26,52.64664255555555,-111.37868872222222,400002901048547
dp_adhp,7277,RW26,NAV CANADA,RW26,51.564426999999995,-107.911212,400003035440679
dp_adhp,7278,RW26,NAV CANADA,RW26,54.47758180555556,-110.26200994444444,400003481719874
dp_adhp,7279,RW26,NAV CANADA,RW26,49.14713022222222,-100.49223038888888,400003993114563
dp_adhp,7280,RW26,NAV CANADA,RW26,48.38680880555555,-64.55345247222222,400004031700247
dp_adhp,7281,RW26,NAV CANADA,RW26,53.89293966666666,-110.76285127777778,400004852226298
dp_adhp,7282,RW26,NAV CANADA,RW26,53.47376580555556,-113.81685691666667,400005458105856
dp_adhp,7283,RW26,NAV CANADA,RW26,49.520429388888886,-113.98383861111111,500000024204329
dp_adhp,7284,RW26,NAV CANADA,RW26,53.82254166666667,-101.19777777777779,500000052756523
dp_adhp,7285,RW26,NAV CANADA,RW26,55.62738916666667,-110.7389163888889,500000110297451
dp_adhp,7286,RW26,NAV CANADA,RW26,53.99312175,-111.3698856111111,500000115144626
dp_adhp,7287,RW26,NAV CANADA,RW26,53.685648611111105,-57.03446980555555,500000141737384
dp_adhp,7288,RW26,NAV CANADA,RW26,51.518329638888886,-109.17285961111112,500000141830720
dp_adhp,7289,RW26,NAV CANADA,RW26,51.104797222222224,-114.36404166666667,500000152367899
dp_adhp,7290,RW26,NAV CANADA,RW26,53.67144597222222,-113.83931827777778,500000171786355
dp_adhp,7291,RW26,NAV CANADA,RW26,55.356352055555554,-110.6493493888889,500000183445894
dp_adhp,7292,RW26,NAV CANADA,RW26,52.86444711111111,-104.6940908888889,500000188911459
dp_adhp,7293,RW26,NAV CANADA,RW26,43.63097427777778,-79.38906925,500000202653802
dp_adhp,7294,RW26,NAV CANADA,RW26,62.83678477777778,-136.51796761111112,500000215879201
dp_adhp,7295,RW26,NAV CANADA,RW26,51.06834166666667,-93.78235394444444,500000279283516
dp_adhp,7296,RW26,NAV CANADA,RW26,49.78067377777778,-86.92841166666668,500000280137853
dp_adhp,7297,RW26,NAV CANADA,RW26,65.21024083333333,-123.42390666666667,500000304523890
dp_adhp,7298,RW26,NAV CANADA,RW26,49.90749722222222,-99.93887222222223,500000316506222
dp_other,10348,RW26L,EUROCONTROL NMOC,MAWP,48.34479083,11.80461444,101002030225109
dp_other,10349,RW26L,EUROCONTROL NMOC,MAPT,51.41402031,12.25624714,101002030225112
dp_other,10350,RW26R,EUROCONTROL NMOC,MAWP,48.36688694,11.82117278,101002030225115
dp_other,10351,RW26R,EUROCONTROL NMOC,MAPT,51.43364833,12.267445,101002030225118
dp_other,10352,RW26R,EUROCONTROL NMOC,RW26R,57.0965083,9.8768417,400002280276503
dp_adhp,8903,RW27,AIRWAYS CORPORATION OF NEW ZEALAND LTD,RW27,-40.209363888888895,175.39977222222223,645842099
dp_adhp,8904,RW27,AIRWAYS CORPORATION OF NEW ZEALAND LTD,RW27,-37.92431666666666,176.92345,101003337508835
dp_other,10359,RW27,BULATSA-BULGARIAN AIR TRAFFIC SERVICES AUTHORITY,RW27,43.230583333333335,27.840666666666664,400001584729543
dp_other,10360,RW27,BULATSA-BULGARIAN AIR TRAFFIC SERVICES AUTHORITY,RW27 LBGO,43.15013888888889,25.72536111111111,400002060365252
dp_adhp,4515,RW27,CIVIL AVIATION AUTHORITY OF THE PHILIPPINES,RW27,9.741602777777777,118.77058333333333,101003603723849
dp_adhp,4517,RW27,CIVIL AVIATION AUTHORITY OF THE PHILIPPINES,RW27 MAPT,8.612939166666667,124.46600666666667,400001708229211
dp_adhp,4518,RW27,CIVIL AVIATION AUTHORITY OF THE PHILIPPINES,RW27,6.921633333333333,122.07141388888888,400002012497855
dp_adhp,4520,RW27,CIVIL AVIATION AUTHORITY OF THE PHILIPPINES,RW27,9.333711111111112,123.31049166666666,800000670347038
dp_other,10353,RW27,EUROCONTROL NMOC,MAPT,48.90013644,12.52580639,101002030225124
dp_other,10354,RW27,EUROCONTROL NMOC,MAPT GPS RWY 27,49.47251147,8.51998589,101002030225127
dp_other,10355,RW27,EUROCONTROL NMOC,MAPT RW27,52.07379892,11.6337555,101002030225130
dp_other,10356,RW27,EUROCONTROL NMOC,THR RWY 27,53.04726392,8.80484947,101002030225133
dp_other,10357,RW27,EUROCONTROL NMOC,RW27,50.96062389,6.06135806,400001402711175
dp_other,10358,RW27,EUROCONTROL NMOC,RW27,53.91656694,12.29829417,400001454696348
dp_other,10361,RW27,EUROCONTROL NMOC,RW27,55.74116681,9.17933361,400002280276628
dp_other,10362,RW27,EUROCONTROL NMOC,RW27,48.21973528,9.92127917,400002283387301
dp_other,10363,RW27,EUROCONTROL NMOC,RW27,58.58581111,16.26959167,400002545396966
dp_other,10364,RW27,EUROCONTROL NMOC,MAPT RNP27,50.97858031,10.97349283,400002677038378
dp_other,10366,RW27,EUROCONTROL NMOC,RW27,62.04812222,14.43728056,400002887689584
dp_other,10367,RW27,EUROCONTROL NMOC,MAPT,44.89393333333333,13.940791666666668,400003276245535
dp_other,10368,RW27,EUROCONTROL NMOC,RW27,49.43760361,7.61691417,400003277476683
dp_other,10369,RW27,EUROCONTROL NMOC,RW27,51.76722778,13.18508639,400003408338933
dp_other,10371,RW27,EUROCONTROL NMOC,RW27,48.94638711,14.44044331,400004925090319
dp_other,10372,RW27,EUROCONTROL NMOC,RW27,48.71089944,11.22867417,400005177385506
dp_other,10373,RW27,EUROCONTROL NMOC,MAPT RW27,53.60256108,13.32336597,400005459535160
dp_other,10374,RW27,EUROCONTROL NMOC,MAPT RW27,49.21497083,7.12372394,400005459535199
dp_adhp,7301,RW27,NAV CANADA,RW27,45.87055,-66.52280555555555,259231769
dp_adhp,7302,RW27,NAV CANADA,RW27,45.523761111111114,-75.55228333333334,259232046
dp_adhp,7303,RW27,NAV CANADA,RW27,48.548851666666664,-58.53035383333333,259234072
dp_adhp,7304,RW27,NAV CANADA,RW27,47.01028786111111,-65.43786058333333,259234363
dp_adhp,7305,RW27,NAV CANADA,RW27,54.839666666666666,-94.07030277777777,259234381
dp_adhp,7306,RW27,NAV CANADA,RW27,48.646562055555556,-123.41185091666667,259234774
dp_adhp,7307,RW27,NAV CANADA,RW27,54.12253238888889,-108.51142463888888,259235065
dp_adhp,7308,RW27,NAV CANADA,RW26,50.70052858333334,-120.4318085,259235518
dp_adhp,7309,RW27,NAV CANADA,RW27,50.223922,-66.25263994444444,259236215
dp_adhp,7310,RW27,NAV CANADA,RW27,52.76686433333333,-56.10725727777778,259237368
dp_adhp,7311,RW27,NAV CANADA,RW27,52.174188055555554,-106.68180833333334,259239722
dp_adhp,7312,RW27,NAV CANADA,RW27,45.41778302777777,-63.45199516666667,259240111
dp_adhp,7313,RW27,NAV CANADA,RW27,51.69293611111111,-76.12495833333332,259242526
dp_adhp,7314,RW27,NAV CANADA,RW27,44.232867222222225,-78.3502236111111,259242807
dp_adhp,7315,RW27,NAV CANADA,RW27,50.18348888888889,-86.68999166666667,259242865
dp_adhp,7316,RW27,NAV CANADA,RW27,51.81970716666667,-93.96553447222223,259243629
dp_adhp,7317,RW27,NAV CANADA,RW27,43.04129633333333,-81.14081191666668,259244398
dp_adhp,7318,RW27,NAV CANADA,RW27,51.44646375,-90.20204255555556,259244764
dp_adhp,7319,RW27,NAV CANADA,RW27,46.511361111111114,-64.68426666666667,369382669
dp_adhp,7320,RW27,NAV CANADA,RW27,42.773583888888886,-81.10065888888889,200000000755888
dp_adhp,7321,RW27,NAV CANADA,RW27,54.16772222222222,-93.54917777777777,400001912845024
dp_adhp,7322,RW27,NAV CANADA,RW27,62.20474488888889,-133.36268994444444,400002087187745
dp_adhp,7323,RW27,NAV CANADA,RW27,49.17061808333333,-97.91436102777779,400002420966543
dp_adhp,7324,RW27,NAV CANADA,RW27,53.756797222222225,-73.6642638888889,400002790371442
dp_adhp,7325,RW27,NAV CANADA,RW27,54.55579722222222,-71.16224166666667,400002790371506
dp_adhp,7326,RW27,NAV CANADA,RW27,51.56244536111111,-87.90006958333333,400003010853976
dp_adhp,7327,RW27,NAV CANADA,RW27,48.858699055555554,-67.44148047222222,400003400360575
dp_adhp,7328,RW27,NAV CANADA,RW27,56.05164166666666,-95.61065277777777,400003500963140
dp_adhp,7329,RW27,NAV CANADA,RW27,60.113896861111115,-128.8082281388889,400004044315834
dp_adhp,7330,RW27,NAV CANADA,RW27,53.804425055555555,-72.83390419444444,400005007182077
dp_adhp,7331,RW27,NAV CANADA,RW27,55.291491666666666,-95.79246666666667,400005149619489
dp_adhp,7332,RW27,NAV CANADA,RW27,58.48832627777778,-119.39468544444445,500000032938578
dp_adhp,7333,RW27,NAV CANADA,RW27,55.69423713888889,-111.26701025,500000033688546
dp_adhp,7334,RW27,NAV CANADA,RW27,52.72009027777778,-76.07271694444444,500000070336928
dp_adhp,7335,RW27,NAV CANADA,RW27,56.538679527777774,-79.2412605,500000117199414
dp_adhp,7336,RW27,NAV CANADA,RW27,52.35890555555556,-97.01148611111111,500000121892683
dp_adhp,7337,RW27,NAV CANADA,RW27,55.078666222222225,-59.18212811111111,500000141737824
dp_adhp,7338,RW27,NAV CANADA,RW27,46.15028461111111,-65.89663094444445,500000157460598
dp_adhp,7339,RW27,NAV CANADA,RW27,60.17084166666666,-132.73074166666666,500000158400484
dp_adhp,7340,RW27,NAV CANADA,RW27,51.65971088888889,-85.89343050000001,500000240961106
dp_other,10375,RW27L,EUROCONTROL NMOC,MAWP RWY 27R,52.45403025,9.7111505,101002030225136
dp_other,10376,RW27L,EUROCONTROL NMOC,RW27L,56.2974583,9.1246278,400001538398611
dp_other,10378,RW28,EUROCONTROL NMOC,MAWP,49.11746728,9.79233548,101002030225139
dp_other,10379,RW28,EUROCONTROL NMOC,RW28,64.62108056,21.10635833,400001750328211
dp_other,10380,RW28,EUROCONTROL NMOC,RW28,64.57804444,16.843925,400003317459185
dp_other,10381,RW28,EUROCONTROL NMOC,RW28,50.2137944,14.4124694,400004925090295
dp_other,14999,RW28,EUROCONTROL NMOC,RW28,38.51993439,-28.70678528,400002585161086
dp_adhp,7341,RW28,NAV CANADA,RW28,55.10881972222222,-107.70919316666667,259233027
dp_adhp,7342,RW28,NAV CANADA,RW28,48.569880222222224,-81.36650963888889,259233180
dp_adhp,7343,RW28,NAV CANADA,RW28,46.29759002777777,-63.10179188888889,259233246
dp_adhp,7344,RW28,NAV CANADA,RW28,51.12926619444445,-91.65794411111112,259234054
dp_adhp,7345,RW28,NAV CANADA,RW28,47.625271166666664,-52.73718066666667,259234435
dp_adhp,7346,RW28,NAV CANADA,RW28,53.57210277777778,-76.18478055555556,259235752
dp_adhp,7347,RW28,NAV CANADA,RW28,49.65792141666667,-54.23115497222222,259235971
dp_adhp,7348,RW28,NAV CANADA,RW28,65.27751916666666,-126.78122361111112,259236026
dp_adhp,7349,RW28,NAV CANADA,RW28,51.39285380555555,-56.07453519444445,259239743
dp_adhp,7350,RW28,NAV CANADA,RW28,61.66339027777778,-73.30279972222222,259239834
dp_adhp,7351,RW28,NAV CANADA,RW28,49.13394541666666,-68.19202452777778,259240988
dp_adhp,7352,RW28,NAV CANADA,RW28,47.6305685,-65.72893805555556,259242539
dp_adhp,7353,RW28,NAV CANADA,RW28,48.77579838888889,-64.470412,259242601
dp_adhp,7354,RW28,NAV CANADA,RW28,44.486497222222226,-79.54531666666666,259244809
dp_adhp,7355,RW28,NAV CANADA,RW28,45.09330277777778,-74.5611111111111,259245043
dp_adhp,7356,RW28,NAV CANADA,RW28,62.465172333333335,-114.42711775000001,259245160
dp_adhp,7357,RW28,NAV CANADA,RW28,55.2902565,-114.767599,362121933
dp_adhp,7358,RW28,NAV CANADA,RW28,64.51021388888888,-110.27333472222222,414690678
dp_adhp,7359,RW28,NAV CANADA,RW28,49.40246511111111,-62.28415291666666,200000000029197
dp_adhp,7360,RW28,NAV CANADA,RW28,41.78062936111111,-82.67196158333334,400001931353155
dp_adhp,7361,RW28,NAV CANADA,RW28,52.20387136111111,-81.68779636111111,400002306591061
dp_adhp,7362,RW28,NAV CANADA,RW28,49.20658102777778,-98.05254427777777,400002417218739
dp_adhp,7363,RW28,NAV CANADA,RW28,56.088411111111114,-96.08113055555555,400002499933693
dp_adhp,7364,RW28,NAV CANADA,RW28,52.995780555555555,-97.26801388888889,400002533425255
dp_adhp,7365,RW28,NAV CANADA,RW28,47.82232616666667,-83.33669530555555,400003010424122
dp_adhp,7366,RW28,NAV CANADA,RW28,52.17410372222222,-105.12857902777777,400003505143640
dp_adhp,7367,RW28,NAV CANADA,RW28,50.09816083333334,-102.60079508333332,400003552062532
dp_adhp,7368,RW28,NAV CANADA,RW28,54.13972591666666,-113.73325883333334,400004561980382
dp_adhp,7369,RW28,NAV CANADA,RW28,50.043906416666665,-79.73538572222222,400004672034219
dp_adhp,7370,RW28,NAV CANADA,RW28,47.44928333333333,-79.40889722222222,400004692379062
dp_adhp,7371,RW28,NAV CANADA,RW28,53.35610555555556,-110.82243183333333,400005641463597
dp_adhp,7372,RW28,NAV CANADA,RW28,63.12992338888889,-117.2380551388889,500000001952054
dp_adhp,7373,RW28,NAV CANADA,RW28,51.70894919444445,-114.09894280555555,500000028246897
dp_adhp,7374,RW28,NAV CANADA,RW28,53.89071661111111,-92.18816588888889,500000040887079
dp_adhp,7375,RW28,NAV CANADA,RW28,53.425542111111106,-113.10967280555555,500000046541867
dp_adhp,7376,RW28,NAV CANADA,RW28,45.41127586111111,-76.35806741666666,500000133332676
dp_adhp,7377,RW28,NAV CANADA,RW28,43.28303558333333,-81.49698019444445,500000149560538
dp_adhp,7378,RW28,NAV CANADA,RW28,45.639916666666664,-74.36348888888888,500000198389695
dp_adhp,7379,RW28,NAV CANADA,RW28,59.33229166666667,-107.1728638888889,500000251353597
dp_adhp,7380,RW28,NAV CANADA,RW28,53.011454638888885,-78.82336608333333,500000313123793
dp_adhp,8905,RW29,AIRWAYS CORPORATION OF NEW ZEALAND LTD,RW29,-39.967169444444444,175.0308527777778,645841745
dp_adhp,8906,RW29,AIRWAYS CORPORATION OF NEW ZEALAND LTD,RW29,-43.494372222222225,172.54088333333334,400001777927483
dp_other,10383,RW29,EUROCONTROL NMOC,RW29,55.5830639,12.1403861,103496398
dp_other,10384,RW29,EUROCONTROL NMOC,RW29,50.01620808,10.536321,400000525969503
dp_other,10385,RW29,EUROCONTROL NMOC,MAPT RW29,51.03315136,8.68897292,400002677038381
dp_other,10386,RW29,EUROCONTROL NMOC,RW29,58.40267222,15.69715833,400002887689548
dp_other,10387,RW29,EUROCONTROL NMOC,RWY29 MAPT,42.55581944444444,18.282191666666666,400003398524080
dp_other,10388,RW29,EUROCONTROL NMOC,RW29,67.239775,23.09818333,400003634607200
dp_other,10389,RW29,EUROCONTROL NMOC,RW29,51.112332,9.29240089,400003665414400
dp_other,15000,RW29,EUROCONTROL NMOC,RW29,68.7225778,-52.7750917,400004043831904
dp_adhp,7382,RW29,NAV CANADA,RW29,45.65648172222222,-61.35859141666667,259232724
dp_adhp,7383,RW29,NAV CANADA,RW29,50.25930833333334,-60.66551388888889,259232784
dp_adhp,7384,RW29,NAV CANADA,RW29,46.786975,-71.38032777777777,259233457
dp_adhp,7385,RW29,NAV CANADA,RW29,53.062282749999994,-93.33705613888888,259235464
dp_adhp,7386,RW29,NAV CANADA,RW29,48.331719444444445,-70.97571111111111,259239062
dp_adhp,7387,RW29,NAV CANADA,RW29,46.10779872222222,-64.66285208333333,259240217
dp_adhp,7388,RW29,NAV CANADA,RW29,51.115744444444445,-114.0062638888889,259240679
dp_adhp,7389,RW29,NAV CANADA,RW29,49.07472455555556,-125.76699683333334,259241303
dp_adhp,7390,RW29,NAV CANADA,RW29,51.72575975,-91.81612891666667,259241954
dp_adhp,7391,RW29,NAV CANADA,RW29,48.778077777777774,-72.36458333333333,259242317
dp_adhp,7392,RW29,NAV CANADA,RW29,49.836399722222225,-64.27826722222223,259243008
dp_adhp,7393,RW29,NAV CANADA,RW29,54.765458055555555,-112.02134108333333,261010264
dp_adhp,7394,RW29,NAV CANADA,RW29,49.642389944444446,-102.27965611111111,435248649
dp_adhp,7395,RW29,NAV CANADA,RW29,45.88082313888889,-82.55755672222222,200000000196916
dp_adhp,7396,RW29,NAV CANADA,RW29,54.37141583333334,-125.94324861111112,400002540603146
dp_adhp,7397,RW29,NAV CANADA,RW29,63.206318333333336,-123.42904250000001,400002821582360
dp_adhp,7398,RW29,NAV CANADA,RW29,69.42952016666668,-133.01194772222223,400002821582441
dp_adhp,7399,RW29,NAV CANADA,RW29,54.13919333333333,-115.77581611111111,400003081545752
dp_adhp,7400,RW29,NAV CANADA,RW29,61.36649041666667,-139.02861827777778,400003155900860
dp_adhp,7401,RW29,NAV CANADA,RW29,52.06743325,-109.36928177777777,400003176515386
dp_adhp,7402,RW29,NAV CANADA,RW29,45.292506277777775,-73.2738455,400003355645262
dp_adhp,7403,RW29,NAV CANADA,RW29,43.92958888888889,-59.95682222222222,400004751214134
dp_adhp,7404,RW29,NAV CANADA,RW29,50.67728155555555,-127.3565843611111,500000052806579
dp_adhp,7405,RW29,NAV CANADA,RW29,61.52018111111111,-120.6193325,500000124581603
dp_adhp,7406,RW29,NAV CANADA,RW29,54.17965086111111,-58.451277277777784,500000138052488
dp_adhp,7407,RW29,NAV CANADA,RW29,46.55189825,-66.0844816111111,500000149547548
dp_adhp,7408,RW29,NAV CANADA,RW29,54.98735277777778,-85.43512808333334,500000240222293
dp_adhp,7409,RW29,NAV CANADA,RW29,45.66587341666666,-74.04241644444444,500000289627429
dp_other,10393,RW30,EUROCONTROL NMOC,MAPT,50.26101458,10.99966867,101002030225145
dp_other,10394,RW30,EUROCONTROL NMOC,RW30,63.18944167,14.52456389,400001596595073
dp_other,10395,RW30,EUROCONTROL NMOC,RW30,63.40451389,19.00541111,400002427081390
dp_other,10397,RW30,EUROCONTROL NMOC,RW30,59.35007778,17.95365833,400002637276558
dp_other,10398,RW30,EUROCONTROL NMOC,RW30,65.58468889,19.29875556,400002701039067
dp_other,10399,RW30,EUROCONTROL NMOC,RW30,67.12880278,20.83208333,400003050588511
dp_other,10400,RW30,EUROCONTROL NMOC,RW30,50.0904667,14.2816722,400004925090374
dp_other,15001,RW30,EUROCONTROL NMOC,RW30,62.05948889,-7.26056667,400002541592265
dp_other,15002,RW30,EUROCONTROL NMOC,RW30,37.73858417,-25.68690639,400002570188406
dp_adhp,7412,RW30,NAV CANADA,RW30,46.625548083333335,-80.78824283333333,259231832
dp_adhp,7413,RW30,NAV CANADA,RW30,49.65592588888889,-108.40363177777779,259233409
dp_adhp,7414,RW30,NAV CANADA,RW30,49.945744499999996,-125.26329433333333,259233523
dp_adhp,7415,RW30,NAV CANADA,RW30,60.014718333333334,-111.94982777777778,259234543
dp_adhp,7416,RW30,NAV CANADA,RW30,46.48096666666667,-84.49822222222222,259234651
dp_adhp,7417,RW30,NAV CANADA,RW30,42.26755441666666,-82.95406733333334,259235056
dp_adhp,7418,RW30,NAV CANADA,RW30,53.286442055555554,-113.56253608333333,259235737
dp_adhp,7419,RW30,NAV CANADA,RW30,55.83766111111111,-108.4044638888889,259235803
dp_adhp,7420,RW30,NAV CANADA,RW30,43.92023611111111,-78.88878055555556,259236438
dp_adhp,7421,RW30,NAV CANADA,RW30,56.23168833333334,-120.72983500000001,259236471
dp_adhp,7422,RW30,NAV CANADA,RW30,52.961882861111114,-113.40604641666667,259237260
dp_adhp,7423,RW30,NAV CANADA,RW30,44.97758888888889,-64.90249444444446,259237596
dp_adhp,7424,RW30,NAV CANADA,RW30,67.40259494444444,-134.8513886388889,259237776
dp_adhp,7425,RW30,NAV CANADA,RW30,52.333705083333335,-110.27156475,259238490
dp_adhp,7426,RW30,NAV CANADA,RW30,67.8128375,-115.12684536111111,259238520
dp_adhp,7427,RW30,NAV CANADA,RW30,49.70141666666667,-124.87189722222222,259239233
dp_adhp,7428,RW30,NAV CANADA,RW30,43.17245363888889,-79.9171626388889,259240160
dp_adhp,7429,RW30,NAV CANADA,RW30,55.17369816666666,-118.8756833611111,259240556
dp_adhp,7430,RW30,NAV CANADA,RW30,48.514752305555554,-71.03843741666667,259240813
dp_adhp,7431,RW30,NAV CANADA,RW30,46.349231583333335,-82.5528133611111,259240843
dp_adhp,7432,RW30,NAV CANADA,RW30,53.85423591666667,-94.64579955555556,259241543
dp_adhp,7433,RW30,NAV CANADA,RW30,47.71501480555556,-64.87494891666665,259242128
dp_adhp,7434,RW30,NAV CANADA,RW30,53.01061336111111,-89.84781947222221,259242881
dp_adhp,7435,RW30,NAV CANADA,RW30,49.828227777777784,-92.73299722222222,259244068
dp_adhp,7436,RW30,NAV CANADA,RW30,48.65079636111111,-93.4330353888889,259244902
dp_adhp,7437,RW30,NAV CANADA,RW30,52.17679558333333,-122.04312725,259245112
dp_adhp,7438,RW30,NAV CANADA,RW30,53.8470145,-89.57179033333333,259245793
dp_adhp,7439,RW30,NAV CANADA,RW30,52.60568888888889,-90.36729291666666,327983155
dp_adhp,7440,RW30,NAV CANADA,RW30,52.76418975,-108.23531869444444,400001900050270
dp_adhp,7441,RW30,NAV CANADA,RW30,50.29129461111111,-88.902613,400001910619018
dp_adhp,7442,RW30,NAV CANADA,RW30,53.09448505555556,-109.3228741111111,400001986326394
dp_adhp,7443,RW30,NAV CANADA,RW30,56.469751055555555,-109.39665833333333,400002144075616
dp_adhp,7444,RW30,NAV CANADA,RW30,52.527615555555556,-56.27964261111111,400002310725814
dp_adhp,7445,RW30,NAV CANADA,RW30,63.34435383333334,-90.72208047222223,400002818030319
dp_adhp,7447,RW30,NAV CANADA,RW30,71.31854130555556,-79.3307493611111,400003203344218
dp_adhp,7448,RW30,NAV CANADA,RW30,52.79297222222222,-111.75559166666666,400003348243984
dp_adhp,7449,RW30,NAV CANADA,RW30,55.31747777777778,-97.70315555555555,400003500963179
dp_adhp,7450,RW30,NAV CANADA,RW30,49.316200583333334,-124.92215341666667,400003504131945
dp_adhp,7451,RW30,NAV CANADA,RW30,51.69370269444444,-113.20437105555555,400003529599971
dp_adhp,7452,RW30,NAV CANADA,RW30,52.17341908333333,-113.8885673888889,400003753656771
dp_adhp,7453,RW30,NAV CANADA,RW30,56.034054,-96.497925,400003951455237
dp_adhp,7454,RW30,NAV CANADA,RW30,51.62876680555556,-111.89928869444445,400005543916502
dp_adhp,7455,RW30,NAV CANADA,RW30,47.98899747222222,-66.31847905555556,500000028416282
dp_adhp,7456,RW30,NAV CANADA,RW30,59.42092072222222,-120.78998602777777,500000054077552
dp_adhp,7457,RW30,NAV CANADA,RW30,65.02121666666666,-96.0561861111111,500000095201119
dp_adhp,7458,RW30,NAV CANADA,RW30,68.77189722222222,-81.22679722222223,500000118279540
dp_adhp,7459,RW30,NAV CANADA,RW30,50.63071525,-111.92266491666668,500000214618637
dp_adhp,7460,RW30,NAV CANADA,RW30,49.693594194444444,-103.79504477777778,500000260985356
dp_adhp,4528,RW31,DHMI TURKIYE,RW31,41.24518333333334,36.580083333333334,400001968110929
dp_adhp,4529,RW31,DHMI TURKIYE,RW31,39.102561111111115,30.143269444444442,400005410959362
dp_other,10402,RW31,EUROCONTROL NMOC,MAPT,44.10035833333333,15.357402777777777,400003366176731
dp_other,10403,RW31,EUROCONTROL NMOC,MAPT RW31,51.22698611,6.51120556,400003878055945
dp_other,10404,RW31,EUROCONTROL NMOC,RW31,50.70378828,8.09072778,400004356250427
dp_adhp,7461,RW31,NAV CANADA,RW31,53.56071977777778,-64.09369627777777,259232202
dp_adhp,7462,RW31,NAV CANADA,RW31,53.62191708333334,-77.6903026388889,259232388
dp_adhp,7463,RW31,NAV CANADA,RW31,54.02197555555556,-132.11961194444444,259232583
dp_adhp,7464,RW31,NAV CANADA,RW31,49.10369527777778,-81.00710277777777,259232601
dp_adhp,7465,RW31,NAV CANADA,RW31,69.10370977777777,-105.12168688888889,259232838
dp_adhp,7466,RW31,NAV CANADA,RW31,52.65289194444444,-94.05531133333334,259235905
dp_adhp,7467,RW31,NAV CANADA,RW31,48.50571388888889,-71.631925,259236209
dp_adhp,7468,RW31,NAV CANADA,RW31,52.11014358333333,-94.24989133333334,259236696
dp_adhp,7469,RW31,NAV CANADA,RW31,53.019582944444444,-122.50403219444445,259237680
dp_adhp,7470,RW31,NAV CANADA,RW31,58.101995,-68.40712891666668,259238165
dp_adhp,7471,RW31,NAV CANADA,RW31,49.89517138888889,-97.22786547222222,259239152
dp_adhp,7472,RW31,NAV CANADA,RW31,62.805523027777774,-92.10063855555555,259240145
dp_adhp,7473,RW31,NAV CANADA,RW31,58.615436583333334,-117.15888894444446,259240310
dp_adhp,7474,RW31,NAV CANADA,RW31,50.22417247222222,-66.25349230555555,259240382
dp_adhp,7475,RW31,NAV CANADA,RW31,48.06763913888889,-65.44912000000001,259240454
dp_adhp,7476,RW31,NAV CANADA,RW31,53.96556347222222,-101.08137036111111,259240721
dp_adhp,7477,RW31,NAV CANADA,RW31,44.19840555555555,-81.59947777777778,259240961
dp_adhp,7478,RW31,NAV CANADA,RW31,54.27865825,-130.43802075,259241894
dp_adhp,7479,RW31,NAV CANADA,RW31,49.184181499999994,-123.18203891666667,259242089
dp_adhp,7480,RW31,NAV CANADA,RW31,52.44588333333333,-125.29809722222222,259242566
dp_adhp,7481,RW31,NAV CANADA,RW31,45.434584638888886,-71.68128208333334,259243894
dp_adhp,7482,RW31,NAV CANADA,RW31,50.28836366666666,-107.68272733333333,259244371
dp_adhp,7483,RW31,NAV CANADA,RW31,50.42415097222222,-104.64972177777778,259244785
dp_adhp,7484,RW31,NAV CANADA,RW31,48.945704416666665,-54.55051594444444,259245688
dp_adhp,7485,RW31,NAV CANADA,RW31,50.05598186111111,-97.02621833333333,261010585
dp_adhp,7486,RW31,NAV CANADA,RW31,68.63186549999999,-95.83717458333332,306013899
dp_adhp,7487,RW31,NAV CANADA,RW31,53.509273388888886,-112.02261408333334,313508088
dp_adhp,7488,RW31,NAV CANADA,RW31,57.215446972222225,-111.4081333888889,362783468
dp_adhp,7489,RW31,NAV CANADA,RW31,64.22691277777778,-76.51491977777778,200000000506451
dp_adhp,7490,RW31,NAV CANADA,RW31,56.90136866666666,-124.95931552777778,400002465957135
dp_adhp,7491,RW31,NAV CANADA,RW13,44.36238888888889,-78.77782777777777,400003313391678
dp_adhp,7492,RW31,NAV CANADA,RW31,45.20525272222223,-67.24450027777777,400003374562916
dp_adhp,7493,RW31,NAV CANADA,RW31,49.625034472222225,-112.78404677777777,400003542256486
dp_adhp,7494,RW31,NAV CANADA,RW31,50.16298230555555,-101.63522844444445,400005244282359
dp_adhp,7495,RW31,NAV CANADA,RW31,52.02048825,-110.74565361111111,400005320094837
dp_adhp,7496,RW31,NAV CANADA,RW31,52.42335394444444,-114.8975001388889,500000032883440
dp_adhp,7497,RW31,NAV CANADA,RW31,50.42980425,-105.38002822222222,500000036726452
dp_adhp,7498,RW31,NAV CANADA,RW31,52.48693597222222,-92.9649835,500000096305259
dp_adhp,7499,RW31,NAV CANADA,RW31,56.54233447222222,-115.27036380555556,500000104875697
dp_adhp,7500,RW31,NAV CANADA,RW31,44.43552988888889,-79.95895675,500000111847429
dp_adhp,7501,RW31,NAV CANADA,RW31,53.16956319444444,-99.3179606111111,500000133461755
dp_adhp,7502,RW31,NAV CANADA,RW31,53.24857438888889,-131.8069912777778,500000137989932
dp_adhp,7503,RW31,NAV CANADA,RW31,64.1882938888889,-114.06928611111111,500000138774502
dp_adhp,7504,RW31,NAV CANADA,RW31,61.17788863888889,-113.68501069444444,500000155834877
dp_adhp,7505,RW31,NAV CANADA,RW31,44.445210277777775,-80.15080916666668,500000193931057
dp_adhp,7506,RW31,NAV CANADA,RW31,49.06730836111112,-123.00696044444445,500000316546762
dp_adhp,7507,RW31L,NAV CANADA,RW31L,49.89438913888889,-98.26325577777777,259241405
dp_adhp,7508,RW31L,NAV CANADA,RW31L,54.39465555555555,-110.28262222222222,500000030548744
dp_adhp,8909,RW32,AIRWAYS CORPORATION OF NEW ZEALAND LTD,RW32,-38.66968611111111,177.97903888888888,645841895
dp_adhp,8910,RW32,AIRWAYS CORPORATION OF NEW ZEALAND LTD,RW32,-39.55795277777778,174.26981666666669,645841913
dp_other,10407,RW32,EUROCONTROL NMOC,RW32,54.9567056,9.8031583,103496493
dp_other,10408,RW32,EUROCONTROL NMOC,MAPT,54.90385085,8.35209421,400002603558962
dp_other,10409,RW32,EUROCONTROL NMOC,RW32,63.78348611,20.29946389,400002794400961
dp_other,10410,RW32,EUROCONTROL NMOC,RW32,64.54240833,18.72658889,400002794401021
dp_other,10411,RW32,EUROCONTROL NMOC,MAPT,45.20761388888889,14.580194444444444,400003265950846
dp_other,10412,RW32,EUROCONTROL NMOC,RW32,60.41508889,15.53085833,400003634607236
dp_other,10413,RW32,EUROCONTROL NMOC,RW32,56.28516667,12.86588056,400003742181808
dp_other,10414,RW32,EUROCONTROL NMOC,RW32,65.53271667,22.14655278,400004220178383
dp_adhp,7510,RW32,NAV CANADA,RW32,47.59390497222223,-70.21653991666668,259232475
dp_adhp,7511,RW32,NAV CANADA,RW32,43.45550772222222,-80.37951291666666,259234843
dp_adhp,7512,RW32,NAV CANADA,RW32,53.81414794444444,-89.89045763888889,259235830
dp_adhp,7513,RW32,NAV CANADA,RW32,45.31077947222222,-75.65490308333334,259238232
dp_adhp,7514,RW32,NAV CANADA,RW32,68.21955455555556,-135.00107958333334,259238331
dp_adhp,7515,RW32,NAV CANADA,RW32,53.802455555555554,-78.91013611111111,259238751
dp_adhp,7516,RW32,NAV CANADA,RW32,43.43872958333333,-79.84572727777777,259239257
dp_adhp,7517,RW32,NAV CANADA,RW32,53.03427491666667,-112.81170919444445,259240550
dp_adhp,7518,RW32,NAV CANADA,RW32,60.83233797222223,-115.78201294444445,259241627
dp_adhp,7519,RW32,NAV CANADA,RW32,61.752664277777775,-121.22945708333333,259242529
dp_adhp,7520,RW32,NAV CANADA,RW32,44.88158075,-63.493133444444446,259244485
dp_adhp,7521,RW32,NAV CANADA,RW32,45.32270555555556,-65.88248055555555,259245538
dp_adhp,7522,RW32,NAV CANADA,RW32,64.11321063888889,-117.3032298611111,448428706
dp_adhp,7523,RW32,NAV CANADA,RW32,55.89540433333333,-107.71623483333333,400002901048586
dp_adhp,7524,RW32,NAV CANADA,RW32,50.187209027777776,-61.780465944444444,400003084817036
dp_adhp,7525,RW32,NAV CANADA,RW32,62.40617897222222,-140.8659489722222,400003166719011
dp_adhp,7526,RW32,NAV CANADA,RW32,61.31541497222222,-117.60224997222221,400003955878953
dp_adhp,7527,RW32,NAV CANADA,RW32,51.09557688888889,-100.04771613888889,400004067093726
dp_adhp,7528,RW32,NAV CANADA,RW32,53.25868172222222,-114.95576558333333,400004550360403
dp_adhp,7529,RW32,NAV CANADA,RW32,48.73716666666667,-80.78656388888889,400005322125723
dp_adhp,7530,RW32,NAV CANADA,RW32,51.33080150000001,-110.48800486111111,400005329641784
dp_adhp,7531,RW32,NAV CANADA,RW32,48.56064197222222,-78.24113758333334,500000022318516
dp_adhp,7532,RW32,NAV CANADA,RW32,43.76371875,-81.70343252777778,500000120759273
dp_adhp,7533,RW32,NAV CANADA,RW32,53.46811138888889,-55.78258975,500000140428281
dp_adhp,7534,RW32,NAV CANADA,RW32,47.13453555555556,-55.324400555555556,500000149546320
dp_adhp,7535,RW32,NAV CANADA,RW32,46.71089191666667,-66.82112766666667,500000217412992
dp_adhp,7536,RW32,NAV CANADA,RW32,65.53625586111112,-106.42822216666667,500000218196451
dp_adhp,7537,RW32,NAV CANADA,RW32,55.38600363888889,-111.11551727777777,500000293593049
dp_adhp,7538,RW32,NAV CANADA,RW32,52.83296691666667,-104.0622315,500000304524531
dp_adhp,7539,RW32,NAV CANADA,RW32,54.55431944444444,-94.48522777777778,500000304848821
dp_adhp,8911,RW33,AIRWAYS CORPORATION OF NEW ZEALAND LTD,RW33,-40.21723333333333,175.39049722222222,400001916927656
dp_adhp,8912,RW33,AIRWAYS CORPORATION OF NEW ZEALAND LTD,RW33,-35.26280277777778,173.91375,400005548239283
dp_other,10418,RW33,EUROCONTROL NMOC,RW33,58.31305556,12.3509,400002545396990
dp_other,10419,RW33,EUROCONTROL NMOC,RW33,65.79951944,15.09105833,400002606474073
dp_other,10420,RW33,EUROCONTROL NMOC,RW33,61.15539167,12.846825,400003261040877
dp_other,15003,RW33,EUROCONTROL NMOC,RW33,38.75286053,-27.08142011,400004792719223
dp_adhp,7542,RW33,NAV CANADA,RW33,53.86992388888889,-122.66248083333333,259232793
dp_adhp,7543,RW33,NAV CANADA,RW33,61.089280583333334,-94.06575705555555,259235764
dp_adhp,7544,RW33,NAV CANADA,RW33,42.99456797222222,-82.30284066666667,259236810
dp_adhp,7545,RW33,NAV CANADA,RW33,58.72333366666667,-94.05545052777778,259238888
dp_adhp,7546,RW33,NAV CANADA,RW33,49.757046027777776,-77.7950485,259239608
dp_adhp,7547,RW33,NAV CANADA,RW33,54.45838583333334,-128.58545530555557,259240689
dp_adhp,7548,RW33,NAV CANADA,RW33,52.162931944444445,-106.69671583333334,259244167
dp_adhp,7549,RW33,NAV CANADA,RW33,43.02399827777778,-81.13805602777778,259245445
dp_adhp,7550,RW33,NAV CANADA,RW33,53.316093055555555,-60.4038445,261010528
dp_adhp,7551,RW33,NAV CANADA,RW33,69.54186491666667,-93.56940772222222,334014605
dp_adhp,7552,RW33,NAV CANADA,RW33,55.74523888888889,-101.26379722222222,400002535147318
dp_adhp,7553,RW33,NAV CANADA,RW33,69.3600473611111,-81.80751477777777,400002818030361
dp_adhp,7554,RW33,NAV CANADA,RW33,49.025526388888885,-77.01034638888889,400003011794501
dp_adhp,7555,RW33,NAV CANADA,RW33,61.585972194444444,-71.92078122222223,400003084512603
dp_adhp,7556,RW33,NAV CANADA,RW33,62.235427972222226,-92.59212341666667,400003091050542
dp_adhp,7557,RW33,NAV CANADA,RW33,55.80069016666666,-97.85449847222222,400003599169134
dp_adhp,7558,RW33,NAV CANADA,RW33,45.866390333333335,-63.4535345,400003955878929
dp_adhp,7559,RW33,NAV CANADA,RW33,49.54719233333333,-96.67737333333334,400004147543740
dp_adhp,7560,RW33,NAV CANADA,RW33,62.84646502777778,-69.87271169444443,400004474715433
dp_adhp,7561,RW33,NAV CANADA,RW33,45.86411944444445,-66.52212222222222,400005392214082
dp_adhp,7562,RW33,NAV CANADA,RW33,56.015165527777775,-87.67098427777778,500000024214365
dp_adhp,7563,RW33,NAV CANADA,RW33,51.729581805555554,-121.32992755555556,500000089244959
dp_adhp,7564,RW33,NAV CANADA,RW33,51.76899344444444,-114.67569491666667,500000111690020
dp_adhp,7565,RW33,NAV CANADA,RW33,54.81588352777778,-127.18009847222223,500000118679314
dp_adhp,7566,RW33,NAV CANADA,RW32,55.48476061111111,-107.92723866666667,500000121934840
dp_adhp,7567,RW33,NAV CANADA,RW33,43.82784738888889,-66.07901083333333,500000145671609
dp_adhp,7568,RW33,NAV CANADA,RW33,54.514383333333335,-98.04187777777777,500000183188122
dp_adhp,7569,RW33,NAV CANADA,RW33,49.20633983333334,-102.95888325,500000248190670
dp_adhp,7570,RW33,NAV CANADA,RW33,50.619971222222226,-97.03601138888888,500000294381960
dp_adhp,8913,RW34,AIRWAYS CORPORATION OF NEW ZEALAND LTD,RW34,-41.334938694444446,174.80635880555556,645842249
dp_adhp,8914,RW34,AIRWAYS CORPORATION OF NEW ZEALAND LTD,RW34,-39.477694444444445,176.86631111111112,101000751655878
dp_other,10421,RW34,EUROCONTROL NMOC,RW34,56.68053611,16.292275,400001596595094
dp_other,10422,RW34,EUROCONTROL NMOC,RW34,62.52008611,17.4502,400002606473992
dp_other,10423,RW34,EUROCONTROL NMOC,RW34,60.15076944,12.99690278,400002794400787
dp_other,10424,RW34,EUROCONTROL NMOC,RW34,60.9502,14.51676944,400003257493993
dp_adhp,7573,RW34,NAV CANADA,RW34,63.748175611111115,-68.5375106111111,259231871
dp_adhp,7574,RW34,NAV CANADA,RW34,49.94616027777777,-119.37637194444444,259234552
dp_adhp,7575,RW34,NAV CANADA,RW34,47.611366000000004,-52.733265888888894,259237779
dp_adhp,7576,RW34,NAV CANADA,RW34,52.88946175,-89.28608747222222,259238559
dp_adhp,7577,RW34,NAV CANADA,RW34,58.708137416666666,-65.98604202777778,259239422
dp_adhp,7578,RW34,NAV CANADA,RW34,62.452804138888894,-114.44082602777779,259240750
dp_adhp,7579,RW34,NAV CANADA,RW34,55.52407386111111,-106.58117405555555,259242492
dp_adhp,7580,RW34,NAV CANADA,RW34,64.29337219444444,-96.07347758333333,259243215
dp_adhp,7581,RW34,NAV CANADA,RW34,64.18717661111111,-83.35266972222222,259243542
dp_adhp,7582,RW34,NAV CANADA,RW34,48.514433333333336,-72.25973888888889,259243885
dp_adhp,7583,RW34,NAV CANADA,RW34,50.10729494444445,-91.90162833333333,259244413
dp_adhp,7584,RW34,NAV CANADA,RW34,50.32425861111111,-115.87200138888888,308066748
dp_adhp,7585,RW34,NAV CANADA,RW34,49.050062777777775,-117.6089036111111,308407443
dp_adhp,7586,RW34,NAV CANADA,RW34,58.26892711111111,-104.07869755555555,200000013704685
dp_adhp,7587,RW34,NAV CANADA,RW34,47.42255405555555,-61.76822716666666,400002124829493
dp_adhp,7588,RW34,NAV CANADA,RW34,48.75277988888889,-86.34253163888889,400003003590470
dp_adhp,7589,RW34,NAV CANADA,RW34,44.68016458333333,-79.92539427777778,400003081545710
dp_adhp,7590,RW34,NAV CANADA,RW34,66.51627627777778,-86.22095413888889,400003096178164
dp_adhp,7591,RW34,NAV CANADA,RW34,49.60115263888889,-115.78179697222222,400004227970249
dp_adhp,7592,RW34,NAV CANADA,RW34,61.02609802777778,-123.387995,400004474714267
dp_adhp,7593,RW34,NAV CANADA,RW34,49.07819147222222,-125.77960830555556,400005535376738
dp_adhp,7594,RW34,NAV CANADA,RW34,53.662659472222224,-113.8652115,500000026361807
dp_adhp,7595,RW34,NAV CANADA,RW34,52.64762086111111,-113.60447322222221,500000059065670
dp_adhp,7596,RW34,NAV CANADA,RW34,51.127915,-113.559507,500000085938555
dp_adhp,4535,RW35,CIVIL AVIATION AUTHORITY OF THE PHILIPPINES,RW35,6.043638888888888,125.09796666666666,400002134140446
dp_adhp,4536,RW35,CIVIL AVIATION AUTHORITY OF THE PHILIPPINES,RW35,17.634741666666667,121.73440000000001,400004201102733
dp_other,10426,RW35,EUROCONTROL NMOC,RW35,55.52307778,13.37891111,400002794400817
dp_other,10427,RW35,EUROCONTROL NMOC,RW35,63.03971944,17.77176667,400003536114726
dp_other,15004,RW35,EUROCONTROL NMOC,,62.0118917,-49.6662944,400001241016691
dp_other,15005,RW35,EUROCONTROL NMOC,RW35,38.7190028,-9.3529833,400003914807258
dp_adhp,7597,RW35,NAV CANADA,RW35,56.85754111111111,-101.07018527777777,259232025
dp_adhp,7598,RW35,NAV CANADA,RW35,45.85809663888889,-77.24798375,259236979
dp_adhp,7599,RW35,NAV CANADA,RW35,52.176016999999995,-113.8926,259240241
dp_adhp,7600,RW35,NAV CANADA,RW35,45.25232611111111,-79.82713888888888,259240325
dp_adhp,7601,RW35,NAV CANADA,RW35,49.40468333333333,-82.46488611111111,259241963
dp_adhp,7602,RW35,NAV CANADA,RW35,74.70826697222222,-94.96159244444445,259243557
dp_adhp,7603,RW35,NAV CANADA,RW35,52.704028750000006,-88.54041480555556,306015160
dp_adhp,7604,RW35,NAV CANADA,RW35,50.758595166666666,-101.29327941666666,329860241
dp_adhp,7605,RW35,NAV CANADA,RW35,57.26629363888889,-110.97668177777778,330495054
dp_adhp,7606,RW35,NAV CANADA,RW35,51.098466583333334,-114.37871933333332,363554603
dp_adhp,7607,RW35,NAV CANADA,RW35,57.37341030555556,-111.70307866666667,200000007789843
dp_adhp,7608,RW35,NAV CANADA,RW35,58.04578980555555,-104.4855525,200000010092485
dp_adhp,7609,RW35,NAV CANADA,RW35,49.655362499999995,-98.66536972222222,200000013581847
dp_adhp,7610,RW35,NAV CANADA,RW35,67.01584702777778,-126.12686277777777,400001877589711
dp_adhp,7611,RW35,NAV CANADA,RW35,58.10180555555556,-103.17137500000001,400002089836574
dp_adhp,7612,RW35,NAV CANADA,RW35,54.799288999999995,-66.79925575,400003615727704
dp_adhp,7613,RW35,NAV CANADA,RW35,54.122250722222226,-108.51436266666667,400003680000347
dp_adhp,7614,RW35,NAV CANADA,RW35,52.48436080555555,-113.71177858333334,400004580299582
dp_adhp,7615,RW35,NAV CANADA,RW35,54.73744583333333,-113.20519944444445,500000030555404
dp_adhp,7616,RW35,NAV CANADA,RW35,51.4915125,-112.748595,500000212373023
dp_adhp,8915,RW36,AIRWAYS CORPORATION OF NEW ZEALAND LTD,RW36,-37.87364111111111,175.32972244444443,645841931
dp_adhp,8916,RW36,AIRWAYS CORPORATION OF NEW ZEALAND LTD,RW36,-44.972166666666666,171.0778611111111,645842129
dp_adhp,8917,RW36,AIRWAYS CORPORATION OF NEW ZEALAND LTD,RW36,-38.11548888888889,176.3114388888889,1449631730
dp_other,10429,RW36,EUROCONTROL NMOC,MAPT GPS RWY36,47.96826697,8.52241386,101002030225160
dp_other,10430,RW36,EUROCONTROL NMOC,RW36,60.01330833,13.57968611,400003317459164
dp_other,10431,RW36,EUROCONTROL NMOC,RW36,59.34261667,16.70896667,400003570229292
dp_other,10432,RW36,EUROCONTROL NMOC,RW36,56.906449,23.9683558,400003992986573
dp_other,15006,RW36,EUROCONTROL NMOC,RW36,33.05987842,-16.34941311,400004483065829
dp_other,15007,RW36,EUROCONTROL NMOC,RW36,36.95856622,-25.16805011,400004658836431
dp_adhp,7619,RW36,NAV CANADA,RW36,44.96836005555556,-79.30472875,259231811
dp_adhp,7620,RW36,NAV CANADA,RW36,46.41922530555555,-67.62411349999999,259231979
dp_adhp,7621,RW36,NAV CANADA,RW36,55.14457841666667,-105.2639486111111,259237894
dp_adhp,7622,RW36,NAV CANADA,RW36,48.03982544444444,-77.77879886111111,259243146
dp_adhp,7623,RW36,NAV CANADA,RW36,61.04216155555555,-69.61342569444444,259243218
dp_adhp,7624,RW36,NAV CANADA,RW36,49.89510741666667,-97.24187941666666,259243978
dp_adhp,7625,RW36,NAV CANADA,RW36,52.91498552777777,-66.86010138888888,259245283
dp_adhp,7626,RW36,NAV CANADA,RW36,46.153564805555554,-60.035735249999995,313466897
dp_adhp,7627,RW36,NAV CANADA,RW36,57.76037794444444,-105.02745936111111,962290532
dp_adhp,7628,RW36,NAV CANADA,RW36,46.358227972222224,-79.42311616666667,400001912844893
dp_adhp,7629,RW36,NAV CANADA,RW36,59.48047916666667,-97.78134502777777,400001979127972
dp_adhp,7630,RW36,NAV CANADA,RW36,44.58515602777778,-80.8369856111111,400003161537275
dp_adhp,7631,RW36,NAV CANADA,RW36,49.48971388888889,-96.69763805555556,400003239542282
dp_adhp,7632,RW36,NAV CANADA,RW36,47.150976194444446,-67.83223080555555,400003299524747
dp_adhp,7633,RW36,NAV CANADA,RW36,51.78021666666667,-96.69215,400003500961730
dp_adhp,7634,RW36,NAV CANADA,RW36,50.05348133333333,-97.03881283333334,400003533154297
dp_adhp,7635,RW36,NAV CANADA,RW36,49.70773055555556,-124.90068055555557,400003777315485
dp_adhp,7636,RW36,NAV CANADA,RW36,48.516712222222225,-71.04592552777778,400004446553990
dp_adhp,7637,RW36,NAV CANADA,RW36,56.788075,-98.90826111111112,400005611742682
dp_adhp,7638,RW36,NAV CANADA,RW36,48.322583333333334,-70.9883138888889,500000020328231
dp_adhp,7639,RW36,NAV CANADA,RW36,48.91056886111111,-79.17643488888889,500000118559610
dp_adhp,7640,RW36,NAV CANADA,RW36,50.28981236111111,-96.01076755555556,500000249900210
dp_adhp,7641,RW36,NAV CANADA,RW36,52.04103333333333,-95.46654444444445,500000252427225
dp_other,10565,S,AUSTRO CONTROL GMBH,SIERRA (LOWK),46.58055556,14.38333333,400002467753168
dp_other,10566,S,AUSTRO CONTROL GMBH,SIERRA (LOWI),47.1825,11.39861111,400002467753205
dp_other,10567,S,AUSTRO CONTROL GMBH,SIERRA (LOWS),47.73055556,13.07916667,400002467753241
dp_other,10568,S,AUSTRO CONTROL GMBH,S (LOAV),47.91416667,16.25694444,400002467753274
dp_other,10569,S,AUSTRO CONTROL GMBH,SIERRA (LOWL),48.14472222,14.14638889,400002467753315
dp_other,10570,S,AUSTRO CONTROL GMBH,SIERRA (LOWZ),47.28361111,12.78944444,400002848344191
dp_other,10572,S,AUSTRO CONTROL GMBH,S (LOIH),47.335,9.62,400003130583702
dp_other,10575,S,AUSTRO CONTROL GMBH,S (LOAB),48.89,15.34666667,400004901764656
dp_other,10576,S,AUSTRO CONTROL GMBH,SIERRA (LOGG),47.06666667,16.31666667,400004901764746
dp_other,10577,S,AUSTRO CONTROL GMBH,SIERRA (LOGK),47.39666667,15.29666667,400004901772434
dp_other,10578,S,AUSTRO CONTROL GMBH,SIERRA (LOGT),47.34166667,15.01166667,400004901772461
dp_other,10579,S,AUSTRO CONTROL GMBH,S (LOLG),48.06166667,14.95166667,400004936500072
dp_other,10532,S,DFS DEUTSCHE FLUGSICHERUNG GMBH,EDAH SIERRA,53.77833333,13.96166667,400002193418060
dp_other,10533,S,DFS DEUTSCHE FLUGSICHERUNG GMBH,EDDE SIERRA 1,50.895,10.95166667,400002193418117
dp_other,10534,S,DFS DEUTSCHE FLUGSICHERUNG GMBH,EDDE SIERRA 2,50.95478333,10.93858611,400002193418120
dp_other,10535,S,DFS DEUTSCHE FLUGSICHERUNG GMBH,EDDF SIERRA,49.89277778,8.49777778,400002193418132
dp_other,10536,S,DFS DEUTSCHE FLUGSICHERUNG GMBH,EDDG SIERRA,52.04166667,7.68,400002193418147
dp_other,10537,S,DFS DEUTSCHE FLUGSICHERUNG GMBH,EDDK SIERRA 1,50.77,7.075,400002193418189
dp_other,10538,S,DFS DEUTSCHE FLUGSICHERUNG GMBH,EDDL SIERRA,51.14166667,6.78666667,400002193418204
dp_other,10539,S,DFS DEUTSCHE FLUGSICHERUNG GMBH,EDDN SIERRA,49.41833333,10.98166667,400002193418228
dp_other,10540,S,DFS DEUTSCHE FLUGSICHERUNG GMBH,EDDP SIERRA 1,51.28833333,12.13333333,400002193418234
dp_other,10541,S,DFS DEUTSCHE FLUGSICHERUNG GMBH,EDDR SIERRA,49.13166667,7.07166667,400002193418249
dp_other,10542,S,DFS DEUTSCHE FLUGSICHERUNG GMBH,EDDS SIERRA,48.61333333,9.23166667,400002193418261
dp_other,10543,S,DFS DEUTSCHE FLUGSICHERUNG GMBH,EDDW SIERRA 1,52.94666667,8.82,400002193418300
dp_other,10544,S,DFS DEUTSCHE FLUGSICHERUNG GMBH,EDDW SIERRA 2,53.02047325,8.80345875,400002193418303
dp_other,10545,S,DFS DEUTSCHE FLUGSICHERUNG GMBH,EDFH SIERRA,49.865,7.35833333,400002193418315
dp_other,10546,S,DFS DEUTSCHE FLUGSICHERUNG GMBH,EDFM SIERRA,49.41,8.51,400002193418330
dp_other,10547,S,DFS DEUTSCHE FLUGSICHERUNG GMBH,EDHL SIERRA 1,53.7,10.72833333,400002193418342
dp_other,10548,S,DFS DEUTSCHE FLUGSICHERUNG GMBH,EDHL SIERRA 2,53.785,10.76666667,400002193418345
dp_other,10549,S,DFS DEUTSCHE FLUGSICHERUNG GMBH,EDJA SIERRA,47.90333333,10.26666667,400002193418357
dp_other,10550,S,DFS DEUTSCHE FLUGSICHERUNG GMBH,EDLP SIERRA,51.58666667,8.72166667,400002193418381
dp_other,10551,S,DFS DEUTSCHE FLUGSICHERUNG GMBH,EDLV SIERRA,51.54166667,6.24666667,400002193418393
dp_other,10552,S,DFS DEUTSCHE FLUGSICHERUNG GMBH,EDLW SIERRA,51.45166667,7.62833333,400002193418402
dp_other,10553,S,DFS DEUTSCHE FLUGSICHERUNG GMBH,EDMA SIERRA 1,48.39333333,11.06666667,400002193418423
dp_other,10554,S,DFS DEUTSCHE FLUGSICHERUNG GMBH,EDMA SIERRA 2,48.405,10.95333333,400002193418426
dp_other,10555,S,DFS DEUTSCHE FLUGSICHERUNG GMBH,EDNY SIERRA,47.60833333,9.58666667,400002193418450
dp_other,10556,S,DFS DEUTSCHE FLUGSICHERUNG GMBH,EDQM SIERRA,50.20583333,11.78166667,400002193418483
dp_other,10557,S,DFS DEUTSCHE FLUGSICHERUNG GMBH,EDSB SIERRA,48.71,7.95833333,400002193418498
dp_other,10558,S,DFS DEUTSCHE FLUGSICHERUNG GMBH,EDTL SIERRA 1,48.29666667,7.7,400002193418513
dp_other,10559,S,DFS DEUTSCHE FLUGSICHERUNG GMBH,EDTL SIERRA 2,48.36584053,7.74628106,400002193418516
dp_other,10560,S,DFS DEUTSCHE FLUGSICHERUNG GMBH,EDVE SIERRA,52.22666667,10.42833333,400002193418549
dp_other,10561,S,DFS DEUTSCHE FLUGSICHERUNG GMBH,EDVK SIERRA 1,51.34,9.56194444,400002193418564
dp_other,10562,S,DFS DEUTSCHE FLUGSICHERUNG GMBH,EDVK SIERRA 2,51.39111111,9.44305556,400002193418576
dp_other,10563,S,DFS DEUTSCHE FLUGSICHERUNG GMBH,EDXW SIERRA 1,54.74833333,8.31666667,400002193418603
dp_other,10564,S,DFS DEUTSCHE FLUGSICHERUNG GMBH,EDXW SIERRA 2,54.838425,8.31778889,400002193418606
dp_other,10571,S,DFS DEUTSCHE FLUGSICHERUNG GMBH,EDDP SIERRA 2,51.36277778,12.19,400002997912381
dp_other,10573,S,DFS DEUTSCHE FLUGSICHERUNG GMBH,EDDK SIERRA 2,50.83333333,7.12833333,400003845426397
dp_other,10580,S1,EUROCONTROL NMOC,S1,45.48527777777778,15.991944444444444,400002928894649
dp_other,10581,S1,EUROCONTROL NMOC,S1,26.217980555555553,50.59628333333333,400005544385282
dp_other,10588,S2,EUROCONTROL NMOC,S2,45.708333333333336,16.109444444444446,400002928894652
dp_other,10589,S2,EUROCONTROL NMOC,S2,26.259275,50.627430555555556,400005544385285
dp_icao,24874,SABAK,EUROCONTROL NMOC,SABAK,58.17655556,11.64272222,17842538
dp_icao,24875,SABAK,EUROCONTROL NMOC,SABAK,34.70906388888889,139.32787222222223,400002662910946
dp_icao,24878,SABAR,EUROCONTROL NMOC,SABAR,33.175938888888886,132.13036666666667,1662246054
dp_icao,95190,SABAR,EUROCONTROL NMOC,SABAR,32.45414166666667,-92.10434722222222,101000746170627
dp_icao,24883,SABER,EUROCONTROL NMOC,SABER,51.70382222222222,0.9494972222222222,17842544
dp_icao,95202,SABER,EUROCONTROL NMOC,SABER,38.59991388888889,-75.43424166666667,259672215
dp_icao,95206,SABLE,EUROCONTROL NMOC,SABLE,47.85305555555556,-0.25,17842547
dp_icao,95207,SABLE,EUROCONTROL NMOC,SABLE,33.609252777777776,-113.26546111111111,101000746274357
dp_icao,24907,SACHS,EUROCONTROL NMOC,SACHS,35.810599999999994,139.81065555555557,400004193670942
dp_icao,95228,SACHS,EUROCONTROL NMOC,SACHS,40.14404444444445,-86.51179444444445,101003065059241
dp_icao,24911,SADAN,EUROCONTROL NMOC,SADAN,40.07666666666667,86.0,17831412
dp_icao,24912,SADAN,EUROCONTROL NMOC,SADAN,35.82194444444445,128.7902777777778,400005322664419
dp_icao,24941,SAFRA,EUROCONTROL NMOC,SAFRA,4.4231750000000005,113.8030611111111,400002408989902
dp_icao,24942,SAFRA,EUROCONTROL NMOC,SAFRA,36.001913888888886,140.9145,400003150499132
dp_other,10763,SAG,CIVIL AVIATION AUTHORITY OF THE PHILIPPINES,SAGNAY,13.604722222222222,123.52166666666666,400003012036332
dp_other,10764,SAG,CIVIL AVIATION AUTHORITY OF THE PHILIPPINES,SAGBAYAN,9.913055555555555,124.09305555555555,400005759743068
dp_icao,24972,SAILA,EUROCONTROL NMOC,SAILA,34.662102777777775,133.2104611111111,455408916
dp_icao,95318,SAILA,EUROCONTROL NMOC,SAILA,38.46192222222223,-121.9643138888889,101000746170555
dp_icao,122991,SAILA,EUROCONTROL NMOC,SAILA,-28.108611111111113,153.5963888888889,224666740
dp_icao,24973,SAILS,EUROCONTROL NMOC,SAILS,31.75455277777778,130.22551944444444,231448905
dp_icao,95324,SAILS,EUROCONTROL NMOC,SAILS,40.58495555555556,-99.1731638888889,101000746260726
dp_icao,24979,SAKAR,EUROCONTROL NMOC,SAKAR,33.57369722222222,132.78578333333334,400002240985488
dp_icao,122994,SAKAR,EUROCONTROL NMOC,SAKAR,-4.886205555555555,148.32792777777777,17870415
dp_other,10768,SAL,CIVIL AVIATION AUTHORITY OF THE PHILIPPINES,SALVACION,12.131666666666668,119.93416666666667,400005266479247
dp_other,10769,SAL,CIVIL AVIATION AUTHORITY OF THE PHILIPPINES,SALAGDOONG,9.213055555555554,123.68166666666667,400005759743072
dp_icao,25017,SALER,EUROCONTROL NMOC,SALER,57.828611111111115,64.13861111111112,562777663
dp_icao,95378,SALER,EUROCONTROL NMOC,SALER,31.34498888888889,-84.14849444444445,17891493
dp_icao,25024,SALIN,EUROCONTROL NMOC,SALIN,43.282805555555555,4.730138888888889,17842571
dp_icao,95385,SALIN,EUROCONTROL NMOC,SALIN,33.94324444444444,-83.56048055555556,101000746153365
dp_icao,25027,SALLY,EUROCONTROL NMOC,SALLY,34.89274722222222,139.92780277777777,400003150499150
dp_icao,95393,SALLY,EUROCONTROL NMOC,SALLY,33.66229166666667,-81.10929166666666,17891502
dp_icao,25034,SALON,EUROCONTROL NMOC,SALON,43.70250555555556,144.18697777777777,400004648234941
dp_icao,95400,SALON,EUROCONTROL NMOC,SALON,43.32674444444445,-105.44876388888889,17891511
dp_icao,25040,SALTY,EUROCONTROL NMOC,SALTY,33.85268055555556,132.9252222222222,800000377449375
dp_icao,123020,SALTY,EUROCONTROL NMOC,SALTY,-23.0125,14.408055555555556,400003465415802
dp_icao,25044,SALWA,EUROCONTROL NMOC,SALWA,25.260555555555555,50.513333333333335,76970013
dp_icao,95421,SALWA,EUROCONTROL NMOC,SALWA,34.01325555555555,-117.76897222222222,101000746171892
dp_icao,25045,SAMAK,EUROCONTROL NMOC,SAMAK,33.401111111111106,14.877222222222223,17819740
dp_icao,25046,SAMAK,EUROCONTROL NMOC,SAMAK,7.9783,94.4167,17870448
dp_icao,25052,SAMBA,EUROCONTROL NMOC,SAMBA,54.23388888888889,85.38277777777778,17831457
dp_icao,25053,SAMBA,EUROCONTROL NMOC,SAMBA,35.09065277777778,132.05656944444445,17857266
dp_other,10773,SAN,CIVIL AVIATION AUTHORITY OF THE PHILIPPINES,SAN MIGUEL BAY,13.829166666666666,123.21055555555556,400003012036335
dp_other,10774,SAN,CIVIL AVIATION AUTHORITY OF THE PHILIPPINES,SAN PABLO,7.655,123.4588888888889,400004399719818
dp_other,10775,SAN,CIVIL AVIATION AUTHORITY OF THE PHILIPPINES,SAN PABLO,17.489722222222223,121.80499999999999,400004504545146
dp_other,10776,SAN,CIVIL AVIATION AUTHORITY OF THE PHILIPPINES,SAN MIG,10.665000000000001,123.00527777777778,400005120062634
dp_other,10777,SAN,CIVIL AVIATION AUTHORITY OF THE PHILIPPINES,SAN ENRIQUE,10.443333333333333,122.83194444444445,400005120062637
dp_other,10778,SAN,CIVIL AVIATION AUTHORITY OF THE PHILIPPINES,SANTO NINO,17.859722222222224,121.59805555555555,400005232338454
dp_other,10779,SAN,CIVIL AVIATION AUTHORITY OF THE PHILIPPINES,SAN JOSE,9.405000000000001,123.24638888888889,400005267231587
dp_other,10780,SAN,CIVIL AVIATION AUTHORITY OF THE PHILIPPINES,SANTANDER,9.416111111111112,123.33555555555554,400005267231592
dp_other,10781,SAN,CIVIL AVIATION AUTHORITY OF THE PHILIPPINES,SAN ROQUE DAM,16.149444444444445,120.68083333333334,400005445750381
dp_other,10782,SAN1,CIVIL AVIATION AUTHORITY OF THE PHILIPPINES,SANGALI,7.066944444444444,122.20416666666667,400004385593435
dp_other,10783,SAN1,CIVIL AVIATION AUTHORITY OF THE PHILIPPINES,SAN RAFEL,14.963888888888889,120.92972222222222,400005555808172
dp_other,10784,SAN2,CIVIL AVIATION AUTHORITY OF THE PHILIPPINES,SAN ROQUE,6.923055555555556,122.0461111111111,400004385593438
dp_other,10785,SAN2,CIVIL AVIATION AUTHORITY OF THE PHILIPPINES,SAN SIMON TOLL GATE,14.991388888888888,120.74888888888889,400005555808175
dp_icao,25081,SANDA,EUROCONTROL NMOC,SANDA,34.93061111111111,135.3622,17857293
dp_icao,95458,SANDA,EUROCONTROL NMOC,SANDA,30.121872222222223,-84.08569444444444,101000746296803
dp_icao,25083,SANDO,EUROCONTROL NMOC,SANDO,14.16248888888889,145.28046666666668,17857299
dp_icao,25084,SANDO,EUROCONTROL NMOC,SANDO,60.55767278,4.36087944,400002400500593
dp_icao,25085,SANDY,EUROCONTROL NMOC,SANDY,51.06411388888888,1.067536111111111,17842604
dp_icao,25086,SANDY,EUROCONTROL NMOC,SANDY,24.283272222222223,118.57369722222222,452825449
dp_icao,25087,SANDY,EUROCONTROL NMOC,SANDY,35.821536111111115,139.7341222222222,400003343953207
dp_icao,123039,SANDY,EUROCONTROL NMOC,SANDY,-23.374444444444446,14.474444444444444,400003465415805
dp_icao,25091,SANGO,EUROCONTROL NMOC,SANGO,33.38067777777778,139.80389444444447,17857308
dp_icao,95469,SANGO,EUROCONTROL NMOC,SANGO,36.66365,-119.51975277777778,101000746267697
dp_icao,25100,SANKO,EUROCONTROL NMOC,SANKO,38.25,122.45333333333333,17831472
dp_icao,25101,SANKO,EUROCONTROL NMOC,SANKO,33.55956388888889,131.2714527777778,448450156
dp_icao,25143,SARAM,EUROCONTROL NMOC,SARAM,35.126666666666665,128.52972222222223,300000161551945
dp_icao,123058,SARAM,EUROCONTROL NMOC,SARAM,-21.67777777777778,165.9338888888889,17870517
dp_icao,25144,SARAN,EUROCONTROL NMOC,SARAN,37.14416666666666,3.479722222222222,91421007
dp_icao,95525,SARAN,EUROCONTROL NMOC,SARAN,42.91110555555555,-85.26466111111111,17891583
dp_icao,25188,SASRO,EUROCONTROL NMOC,SASRO,24.07138888888889,70.99972222222222,17850922
dp_icao,123073,SASRO,EUROCONTROL NMOC,SASRO,-38.58083333333334,163.0,18561382
dp_icao,25190,SASSY,EUROCONTROL NMOC,SASSY,33.13377222222222,130.41826388888887,400001157262263
dp_icao,95596,SASSY,EUROCONTROL NMOC,SASSY,43.163155555555555,-108.80397222222221,101000746215232
dp_icao,25206,SAVER,EUROCONTROL NMOC,SAVER,35.64891388888889,139.9522972222222,1662246087
dp_icao,123078,SAVER,EUROCONTROL NMOC,SAVER,-27.51972222222222,154.06,18561391
dp_other,10833,SB410,EUROCONTROL NMOC,MATF RWY21,48.68346339,7.99051348,400002677038399
dp_other,10834,SB410,EUROCONTROL NMOC,,43.377,16.767666666666667,400003269291505
dp_other,10844,SB420,EUROCONTROL NMOC,SB420,78.26109939,15.19709469,400001844622434
dp_other,10845,SB420,EUROCONTROL NMOC,SB420,48.58250483,8.04461534,400002677038402
dp_other,10846,SB421,EUROCONTROL NMOC,SB421,78.18689158,14.36919003,400001844622437
dp_other,10847,SB421,EUROCONTROL NMOC,SB421,48.51173462,7.97851909,400002677038405
dp_other,10848,SB422,EUROCONTROL NMOC,SB422,78.38524803,15.43850317,400001844622440
dp_other,10849,SB422,EUROCONTROL NMOC,SB422,48.55563864,7.87197656,400002677038408
dp_other,10869,SB601,EUROCONTROL NMOC,SB601,78.28737811,14.70835892,400001844622446
dp_other,10870,SB601,EUROCONTROL NMOC,,43.496722222222225,16.56961111111111,400003269389164
dp_other,10873,SB700,EUROCONTROL NMOC,SB700,78.13589253,16.39886806,400001844622416
dp_other,10874,SB700,EUROCONTROL NMOC,SB700,59.20680556,16.70397222,400003457394434
dp_other,10875,SB701,EUROCONTROL NMOC,SB701,78.21956625,15.73729761,400001844622419
dp_other,10876,SB701,EUROCONTROL NMOC,SB701,59.26422222,17.15330556,400003457394437
dp_other,10877,SB702,EUROCONTROL NMOC,SB702,78.32265458,15.19809983,400001844622422
dp_other,10878,SB702,EUROCONTROL NMOC,SB702,59.30116667,17.24519444,400003457394440
dp_other,10879,SB703,EUROCONTROL NMOC,SB703,78.07947489,16.53305211,400001844622455
dp_other,10880,SB703,EUROCONTROL NMOC,SB703,59.09580556,17.49344444,400003457394443
dp_other,10881,SB704,EUROCONTROL NMOC,SB704,78.13433714,16.23130469,400001844622458
dp_other,10882,SB704,EUROCONTROL NMOC,SB704,59.20125,17.22558333,400003457394446
dp_other,10883,SB705,EUROCONTROL NMOC,SB705,78.29669753,15.31762408,400001844622461
dp_other,10884,SB705,EUROCONTROL NMOC,SB705,59.19408333,17.46472222,400003457394449
dp_other,10885,SB706,EUROCONTROL NMOC,SB706,78.21459172,14.97437819,400001844622464
dp_other,10886,SB706,EUROCONTROL NMOC,SB706,59.18066667,17.89697222,400003457394452
dp_other,10887,SB707,EUROCONTROL NMOC,SB707,78.26361194,14.66515844,400001844622467
dp_other,10888,SB707,EUROCONTROL NMOC,SB707,59.0275,17.75422222,400003457394455
dp_other,10889,SB708,EUROCONTROL NMOC,SB708,78.35379667,14.98626083,400001844622470
dp_other,10890,SB708,EUROCONTROL NMOC,SB708,59.12383333,17.37052778,400003457394458
dp_icao,25225,SCOTT,EUROCONTROL NMOC,SCOTT,34.389005555555556,139.68229722222222,94598379
dp_icao,123088,SCOTT,EUROCONTROL NMOC,SCOTT,-27.868333333333332,153.8,17870575
dp_icao,25226,SCOUT,EUROCONTROL NMOC,SCOUT,35.10668611111111,139.89911944444444,400003150499185
dp_icao,95989,SCOUT,EUROCONTROL NMOC,SCOUT,43.31453333333333,-75.52135277777778,259675557
dp_icao,25228,SCUBA,EUROCONTROL NMOC,SCUBA,26.84713611111111,127.37126388888888,400003424684626
dp_icao,123089,SCUBA,EUROCONTROL NMOC,SCUBA,-23.974999999999998,166.66833333333332,17870582
dp_other,10966,SD700,EUROCONTROL NMOC,SD700,61.86532958,6.34582453,400001421431041
dp_other,10967,SD700,EUROCONTROL NMOC,SD700,60.21194111,15.19702722,400005316677787
dp_other,10979,SDF08,MOLDAVIAN AIR TRAFFIC SERVICE PROVIDER (MOLDATSA),SDF IAP LOC RWY 08 LUKK,46.92622222222222,28.864833333333333,300000168125547
dp_other,10980,SDF08,MOLDAVIAN AIR TRAFFIC SERVICE PROVIDER (MOLDATSA),SDF IAP VOR/DME RWY 08 LUKK,46.92658333333333,28.857277777777778,300000168125612
dp_other,10983,SDF26,MOLDAVIAN AIR TRAFFIC SERVICE PROVIDER (MOLDATSA),SDF IAP VOR/DME RWY 26 LUKK,46.93116666666666,29.012694444444445,300000382276776
dp_other,10984,SDF26,MOLDAVIAN AIR TRAFFIC SERVICE PROVIDER (MOLDATSA),SDF IAP LOC RWY 26 LUKK,46.92941666666666,29.012833333333333,300000395577682
dp_icao,96094,SEBOC,EUROCONTROL NMOC,SEBOC,61.644822222222224,-165.67967222222222,259684977
dp_icao,96095,SEBOC,EUROCONTROL NMOC,SEBOC,32.753169444444445,-109.58359999999999,1661137065
dp_icao,25265,SEGUL,EUROCONTROL NMOC,SEGUL,43.400277777777774,133.3511111111111,17831511
dp_icao,96265,SEGUL,EUROCONTROL NMOC,SEGUL,36.963036111111116,-122.57213055555555,17891958
dp_icao,25342,SERRY,EUROCONTROL NMOC,SERRY,38.51924722222222,141.7114361111111,400003988053363
dp_icao,96538,SERRY,EUROCONTROL NMOC,SERRY,29.947741666666666,-94.13128888888889,101000746172241
dp_icao,25344,SERYU,EUROCONTROL NMOC,SERYU,40.79591388888889,140.79382777777778,400003114623771
dp_icao,96551,SERYU,EUROCONTROL NMOC,SERYU,22.455,-156.78766666666667,101000746274231
dp_other,11030,SH403,EUROCONTROL NMOC,SH403,51.77826972,12.87352028,400003408338927
dp_other,11031,SH403,EUROCONTROL NMOC,SH403,68.15800472,14.61828167,400004600494289
dp_other,11032,SH404,EUROCONTROL NMOC,SH404,51.85670172,13.01510092,400003665414379
dp_other,11033,SH404,EUROCONTROL NMOC,SH404,68.14362472,14.79233972,400004600494292
dp_other,11034,SH405,EUROCONTROL NMOC,SH405,51.86136944,12.8809,400003408338930
dp_other,11035,SH405,EUROCONTROL NMOC,SH405,68.13304333,14.91882083,400004600494295
dp_other,11040,SH411,EUROCONTROL NMOC,SH411,51.7567625,13.46081111,400003408338939
dp_other,11041,SH411,EUROCONTROL NMOC,SH411,67.76674417,14.78834917,400003424686541
dp_other,11042,SH412,EUROCONTROL NMOC,SH412,51.76192444,13.32695528,400003408338942
dp_other,11043,SH412,EUROCONTROL NMOC,SH412,68.14962139,14.79593361,400003424686544
dp_other,11046,SH415,EUROCONTROL NMOC,SH415,68.13868639,14.92086361,400003424686553
dp_other,11047,SH415,EUROCONTROL NMOC,SH415,51.84498092,13.33516517,400003665414382
dp_icao,25383,SHAFT,EUROCONTROL NMOC,SHAFT,35.37428333333333,140.2203638888889,400003150499208
dp_icao,96710,SHAFT,EUROCONTROL NMOC,SHAFT,39.836394444444444,-104.79804166666666,101000746216206
dp_icao,25388,SHARO,EUROCONTROL NMOC,SHARO,43.717197222222225,144.25185,400002632668291
dp_icao,96750,SHARO,EUROCONTROL NMOC,SHARO,41.98524444444445,-91.83737222222221,101000746148559
dp_icao,25389,SHATI,EUROCONTROL NMOC,SHATI,28.033333333333335,14.200277777777776,17819842
dp_icao,25390,SHATI,EUROCONTROL NMOC,SHATI,35.283138888888885,137.11750833333335,19328598
dp_icao,25393,SHELL,EUROCONTROL NMOC,SHELL,33.34,13.258333333333333,17819845
dp_icao,25394,SHELL,EUROCONTROL NMOC,SHELL,33.19268611111111,140.0023972222222,18361921
dp_icao,96798,SHELL,EUROCONTROL NMOC,SHELL,33.96268611111111,-118.15438055555556,101000746170028
dp_icao,25400,SHIMA,EUROCONTROL NMOC,SHIMA,34.30438888888889,136.58867777777778,17938759
dp_icao,123135,SHIMA,EUROCONTROL NMOC,SHIMA,-6.529444444444445,18.745,17819848
dp_icao,25402,SHINE,EUROCONTROL NMOC,SHINE,43.03748888888889,141.70084444444444,18361942
dp_icao,96857,SHINE,EUROCONTROL NMOC,SHINE,35.60881388888889,-81.5871361111111,17892171
dp_icao,25409,SHODA,EUROCONTROL NMOC,SHODA,15.142694444444444,145.78790833333332,400000117715102
dp_icao,25410,SHODA,EUROCONTROL NMOC,SHODA,27.646858333333334,128.74901388888887,400000481978893
dp_icao,25413,SHRAK,EUROCONTROL NMOC,SHRAK,35.41408888888889,134.7793166666667,400002112250921
dp_icao,96968,SHRAK,EUROCONTROL NMOC,SHRAK,44.15499444444444,-75.68223055555556,259690658
dp_other,11113,SIB,CIVIL AVIATION AUTHORITY OF THE PHILIPPINES,SIBOLON ISLAND,12.103055555555555,121.5761111111111,400004627810995
dp_other,11114,SIB,CIVIL AVIATION AUTHORITY OF THE PHILIPPINES,SIBUTAD,8.612222222222222,123.48027777777779,400005555803410
dp_icao,25438,SIERA,EUROCONTROL NMOC,SIERA,21.986666666666668,113.55333333333333,17857458
dp_icao,97135,SIERA,EUROCONTROL NMOC,SIERA,32.445138888888884,-117.50501388888888,17892282
dp_adhp,4669,SIERA,SKEYES,EBLG VFR REP POINT SIERA,50.475833333333334,5.375555555555555,400001298528060
dp_adhp,4670,SIERA,SKEYES,ELLX VFR REP POINT SIERA,49.59277777777778,6.251944444444445,400001872196677
dp_adhp,4671,SIERA,SKEYES,EBST VFR REP POINT SIERA,50.739444444444445,5.1241666666666665,400002238787086
dp_icao,25451,SIGMA,EUROCONTROL NMOC,SIGMA,35.40708055555555,141.2217388888889,400003150499218
dp_icao,97155,SIGMA,EUROCONTROL NMOC,SIGMA,19.616388888888892,-86.36749999999999,17847230
dp_icao,25461,SIJMI,EUROCONTROL NMOC,SIJMI,35.459469444444444,132.98814166666665,400001877869674
dp_icao,97183,SIJMI,EUROCONTROL NMOC,SIJMI,45.40606666666667,-84.65797500000001,259682590
dp_icao,25481,SILVA,EUROCONTROL NMOC,SILVA,21.85125,113.90302222222223,1119441396
dp_icao,25482,SILVA,EUROCONTROL NMOC,SILVA,36.25501111111111,140.29056666666668,400003150499222
dp_icao,97257,SILVA,EUROCONTROL NMOC,SILVA,14.455555555555556,-66.6713888888889,17863130
dp_icao,97258,SILVA,EUROCONTROL NMOC,SILVA,51.84759444444445,-1.0053888888888889,97585616
dp_icao,25501,SINAM,EUROCONTROL NMOC,SINAM,35.82083333333334,128.78944444444446,400005322664425
dp_icao,123151,SINAM,EUROCONTROL NMOC,SINAM,-26.0,106.485,400004967888728
dp_icao,25507,SINGO,EUROCONTROL NMOC,SINGO,28.30138888888889,40.08166666666667,99848075
dp_icao,25508,SINGO,EUROCONTROL NMOC,SINGO,35.25235833333333,140.00807777777777,1662246161
dp_icao,25510,SINKA,EUROCONTROL NMOC,SINKA,33.36027777777778,44.79805555555556,91176593
dp_icao,97324,SINKA,EUROCONTROL NMOC,SINKA,19.860277777777778,-72.90833333333335,217738432
dp_icao,25535,SIRAS,EUROCONTROL NMOC,SIRAS,33.79063333333333,134.81763333333333,222059551
dp_icao,97383,SIRAS,EUROCONTROL NMOC,SIRAS,11.081388888888888,-64.62027777777777,17863154
dp_icao,25642,SKATE,EUROCONTROL NMOC,SKATE,21.531941666666665,115.14442777777778,17857503
dp_icao,25643,SKATE,EUROCONTROL NMOC,SKATE,33.75,13.005,228618888
dp_icao,25646,SKIPE,EUROCONTROL NMOC,SKIPE,40.31021666666666,139.2742,400000766527495
dp_icao,97565,SKIPE,EUROCONTROL NMOC,SKIPE,39.75566388888889,-84.15302222222223,101000746285031
dp_icao,25651,SLICK,EUROCONTROL NMOC,SLICK,35.07019722222223,139.85555277777777,400003150499226
dp_icao,123162,SLICK,EUROCONTROL NMOC,SLICK,-35.46555555555556,149.42694444444444,300000071939393
dp_icao,25652,SLIDE,EUROCONTROL NMOC,SLIDE,35.29293611111111,137.3933888888889,93392159
dp_icao,97692,SLIDE,EUROCONTROL NMOC,SLIDE,33.22539722222223,-101.993375,17892565
dp_icao,97780,SMALL,EUROCONTROL NMOC,SMALL,34.776469444444444,-112.19674722222223,400001442156466
dp_icao,123165,SMALL,EUROCONTROL NMOC,SMALL,-28.19611111111111,153.52583333333334,420344712
dp_icao,97823,SMOKY,EUROCONTROL NMOC,SMOKY,62.05542222222222,-146.30883611111113,17824763
dp_icao,97824,SMOKY,EUROCONTROL NMOC,SMOKY,57.776944444444446,-2.5987833333333334,400004204576861
dp_icao,25657,SNAKE,EUROCONTROL NMOC,SNAKE,35.876380555555556,140.11002222222223,1662248823
dp_icao,97864,SNAKE,EUROCONTROL NMOC,SNAKE,33.84760277777778,-117.75965,101000746176959
dp_icao,25660,SNOKE,EUROCONTROL NMOC,SNOKE,35.59767777777778,140.23658055555555,400003343953222
dp_icao,97934,SNOKE,EUROCONTROL NMOC,SNOKE,26.4967,-81.84921944444444,101000746157041
dp_adhp,4743,SOBNO,EUROCONTROL NMOC,SOBNO,9.0465,13.650438888888889,400004026539458
dp_icao,97996,SOBNO,EUROCONTROL NMOC,SOBNO,16.643333333333334,-14.406666666666666,101002886277245
dp_icao,25714,SOFIA,EUROCONTROL NMOC,SOFIA,33.385131,36.82778625,400002174073745
dp_icao,25715,SOFIA,EUROCONTROL NMOC,SOFIA,35.55003333333333,141.19720555555557,400003150499229
dp_icao,98073,SOGTY,EUROCONTROL NMOC,SOGTY,58.72415,-158.8124138888889,17824775
dp_icao,98074,SOGTY,EUROCONTROL NMOC,SOGTY,32.84995833333333,-80.00036944444444,1661814230
dp_other,11238,SOL,CIVIL AVIATION AUTHORITY OF THE PHILIPPINES,SOLAIRE,14.522777777777778,120.98027777777779,400005068985733
dp_other,11239,SOL,CIVIL AVIATION AUTHORITY OF THE PHILIPPINES,SOLAR FARM,10.925555555555555,123.29944444444445,400005120062647
dp_icao,25779,SOLAL,EUROCONTROL NMOC,SOLAL,24.76616111111111,51.58175833333333,400001366561423
dp_icao,123182,SOLAL,EUROCONTROL NMOC,SOLAL,-11.85,41.815,17819914
dp_icao,25781,SOLAR,EUROCONTROL NMOC,SOLAR,34.9859,139.755125,400003343953225
dp_icao,98102,SOLAR,EUROCONTROL NMOC,SOLAR,39.14664444444444,-105.05911666666667,17892760
dp_icao,25790,SOLIR,EUROCONTROL NMOC,SOLIR,13.875027777777778,42.325,17819923
dp_icao,25791,SOLIR,EUROCONTROL NMOC,SOLIR,34.946666666666665,51.69277777777778,400004813332179
dp_icao,25799,SOLON,EUROCONTROL NMOC,SOLON,34.94398888888889,136.6761972222222,1541933104
dp_icao,98128,SOLON,EUROCONTROL NMOC,SOLON,27.43604722222222,-97.42821388888889,17892772
dp_icao,25843,SOMON,EUROCONTROL NMOC,SOMON,47.37,35.99166666666667,17831661
dp_icao,98155,SOMON,EUROCONTROL NMOC,SOMON,14.154166666666667,-61.6975,17847248
dp_icao,25869,SONDO,EUROCONTROL NMOC,SONDO,39.72277777777778,127.47055555555556,17831682
dp_icao,25870,SONDO,EUROCONTROL NMOC,SONDO,52.08497777777778,1.811763888888889,17843039
dp_icao,25895,SONNY,EUROCONTROL NMOC,SONNY,21.017683333333334,115.055225,101003286771174
dp_icao,98184,SONNY,EUROCONTROL NMOC,SONNY,38.335747222222224,-119.484525,17892793
dp_icao,26070,SOTOM,EUROCONTROL NMOC,SOTOM,59.22222222222222,93.38472222222222,322828027
dp_icao,26071,SOTOM,EUROCONTROL NMOC,SOTOM,35.64066388888889,135.57596944444444,101002951847897
dp_other,11249,SOUTH,CIVIL AVIATION AUTHORITY OF THE PHILIPPINES,SOUTHMALL,14.443333333333333,120.99861111111112,400005068985751
dp_other,11250,SOUTH,CIVIL AVIATION AUTHORITY OF THE PHILIPPINES,SOUTH HARBOR,14.580277777777777,120.96305555555556,400005068985754
dp_other,11251,SOUTH,CIVIL AVIATION AUTHORITY OF THE PHILIPPINES,SOUTH OF SIQUIJOR,9.096666666666668,123.59583333333333,400005267231600
dp_icao,26125,SPARK,EUROCONTROL NMOC,SPARK,35.05331944444444,140.23797777777776,400003150499244
dp_icao,123216,SPARK,EUROCONTROL NMOC,SPARK,-28.904166666666665,153.6783333333333,17870735
dp_icao,26128,SPENS,EUROCONTROL NMOC,SPENS,34.714825000000005,139.00151666666667,400003150499249
dp_other,11305,SPENS,EUROCONTROL NMOC,ENSJON,58.53277778,16.20944444,251320893
dp_icao,26133,SPIDE,EUROCONTROL NMOC,SPIDE,33.644502777777774,132.97166666666666,800000377449440
dp_icao,98448,SPIDE,EUROCONTROL NMOC,SPIDE,42.8262,-106.56281388888888,400000219782023
dp_icao,26134,SPIDR,EUROCONTROL NMOC,SPIDR,36.25313611111111,134.01607222222222,333804857
dp_icao,98449,SPIDR,EUROCONTROL NMOC,SPIDR,37.64547777777778,-77.85283333333332,400001551992538
dp_icao,26135,SPINE,EUROCONTROL NMOC,SPINE,35.70374166666667,140.19050555555555,400003343953234
dp_icao,98460,SPINE,EUROCONTROL NMOC,SPINE,41.04713611111111,-111.4040138888889,400001910043421
dp_icao,26137,SPOON,EUROCONTROL NMOC,SPOON,35.90785833333333,139.88777222222222,400003150499255
dp_icao,98505,SPOON,EUROCONTROL NMOC,SPOON,39.10727777777778,-119.77031111111111,101000746253779
dp_icao,26140,SQUID,EUROCONTROL NMOC,SQUID,36.70546944444445,136.05656111111114,1662250518
dp_icao,98583,SQUID,EUROCONTROL NMOC,SQUID,34.18509444444444,-119.38788333333333,17892964
dp_other,15117,SSM07,NAV CANADA,SSM093007,46.41384722222222,-84.14576111111111,259243837
dp_other,15118,SSM07,NAV CANADA,SSM320007,46.49930555555556,-84.43572222222222,259245751
dp_other,15119,SSM08,NAV CANADA,SSM080008,46.44453333333333,-84.12715277777777,259234654
dp_other,15120,SSM08,NAV CANADA,SSM115008,46.36456388888889,-84.1344388888889,259243990
dp_other,11368,STA,CIVIL AVIATION AUTHORITY OF THE PHILIPPINES,STA. CRUZ,6.866111111111111,122.06388888888888,400004385593470
dp_other,11369,STA,CIVIL AVIATION AUTHORITY OF THE PHILIPPINES,STA. BARBARA,10.826666666666666,122.53222222222222,400005119800212
dp_other,11370,STA,CIVIL AVIATION AUTHORITY OF THE PHILIPPINES,STA RITA TOLL GATE,14.861666666666666,120.85805555555555,400005555808181
dp_icao,26143,STAGE,EUROCONTROL NMOC,STAGE,35.58101944444445,132.69324166666667,17857551
dp_icao,98675,STAGE,EUROCONTROL NMOC,STAGE,32.71187777777778,-93.0560611111111,17893000
dp_icao,26149,STEED,EUROCONTROL NMOC,STEED,37.72672777777778,140.99245277777777,1293838609
dp_icao,98746,STEED,EUROCONTROL NMOC,STEED,40.831100000000006,-73.980925,259698143
dp_icao,26152,STELA,EUROCONTROL NMOC,STELA,61.217222222222226,70.93194444444445,17831781
dp_icao,26153,STELA,EUROCONTROL NMOC,STELA,22.19813611111111,113.73030833333334,400001314817309
dp_icao,98764,STELA,EUROCONTROL NMOC,STELA,42.28143055555555,-73.15393333333334,17893063
dp_icao,26158,STING,EUROCONTROL NMOC,STING,34.866080555555556,140.24817777777776,400003150499259
dp_icao,98836,STING,EUROCONTROL NMOC,STING,24.88158888888889,-81.79629166666666,17893099
dp_icao,26160,STOCK,EUROCONTROL NMOC,STOCK,35.07742777777778,140.5008138888889,400003150499262
dp_icao,98868,STOCK,EUROCONTROL NMOC,STOCK,30.87556111111111,-97.92756666666668,400001375738907
dp_icao,26161,STONE,EUROCONTROL NMOC,STONE,36.27958611111111,140.25677777777778,1662231299
dp_icao,98885,STONE,EUROCONTROL NMOC,STONE,31.847575,-109.97925833333333,101000746145352
dp_icao,26166,STRAW,EUROCONTROL NMOC,STRAW,36.116725,137.42889722222222,400001139168979
dp_icao,98927,STRAW,EUROCONTROL NMOC,STRAW,47.133763888888886,-95.52845555555555,17893155
dp_icao,26184,SUBIE,EUROCONTROL NMOC,SUBIE,35.31737777777778,132.69121388888888,400001318498669
dp_icao,99038,SUBIE,EUROCONTROL NMOC,SUBIE,30.57136388888889,-98.29465,101000746248784
dp_icao,26205,SUBUK,EUROCONTROL NMOC,SUBUK,40.17333333333333,131.41833333333332,400002812571780
dp_icao,99053,SUBUK,EUROCONTROL NMOC,SUBUK,54.37994722222222,-3.286347222222222,100158771
dp_icao,26214,SUDAT,EUROCONTROL NMOC,SUDAT,59.90833333,25.33111111,104146068
dp_icao,26215,SUDAT,EUROCONTROL NMOC,SUDAT,65.48472222222222,117.18333333333334,400002474914118
dp_icao,26293,SUKOM,EUROCONTROL NMOC,SUKOM,44.55247217,11.66965014,214523047
dp_icao,26294,SUKOM,EUROCONTROL NMOC,SUKOM,28.341255555555556,129.51676111111112,400003915432126
dp_icao,26398,SUNNS,EUROCONTROL NMOC,SUNNS,34.80446388888888,141.73792777777777,17857584
dp_icao,99220,SUNNS,EUROCONTROL NMOC,SUNNS,36.44020555555555,-76.50783611111112,17893299
dp_icao,26423,SUPIT,EUROCONTROL NMOC,SUPIT,58.650555555555556,92.9025,400001775139351
dp_icao,99241,SUPIT,EUROCONTROL NMOC,SUPIT,57.33236666666667,-7.084983333333333,19144272
dp_icao,26476,SUSAK,EUROCONTROL NMOC,SUSAK,33.33950277777778,133.50379166666667,17857599
dp_icao,123313,SUSAK,EUROCONTROL NMOC,SUSAK,-37.58083333333334,144.95305555555555,400002073104527
dp_icao,26529,SUVEN,EUROCONTROL NMOC,SUVEN,61.40442472,5.23658028,400000663822091
dp_icao,26530,SUVEN,EUROCONTROL NMOC,SUVEN,34.97311666666667,136.7786861111111,400002726363058
dp_icao,26553,SWALO,EUROCONTROL NMOC,SWALO,37.66374166666667,139.0972027777778,400001828949470
dp_icao,99461,SWALO,EUROCONTROL NMOC,SWALO,42.065486111111106,-72.1936388888889,17893353
dp_icao,26554,SWAMP,EUROCONTROL NMOC,SWAMP,36.32067777777778,140.53806111111112,17857608
dp_icao,99465,SWAMP,EUROCONTROL NMOC,SWAMP,48.378791666666665,-93.29959722222222,17893356
dp_icao,26556,SWEET,EUROCONTROL NMOC,SWEET,35.89588611111111,140.03435,1662250579
dp_icao,99493,SWEET,EUROCONTROL NMOC,SWEET,40.828272222222225,-74.92431944444445,17893401
dp_other,11468,T,DFS DEUTSCHE FLUGSICHERUNG GMBH,EDDH TANGO 2,53.52333333,10.0,400005660107823
dp_other,11469,T,DFS DEUTSCHE FLUGSICHERUNG GMBH,EDDH TANGO 1,53.45333333,9.99333333,400005660107982
dp_icao,26582,TABNO,EUROCONTROL NMOC,TABNO,37.17155833333333,137.13294166666668,400002726363104
dp_icao,123322,TABNO,EUROCONTROL NMOC,TABNO,-10.387088888888888,43.63983888888889,17819986
dp_icao,26642,TAGOK,EUROCONTROL NMOC,TAGOK,61.255,69.94166666666668,400001256736121
dp_icao,26643,TAGOK,EUROCONTROL NMOC,TAGOK,37.33388333333333,139.35081666666667,400001828949148
dp_icao,26692,TAKTI,EUROCONTROL NMOC,TAKTI,25.364722222222223,47.72777777777778,73528739
dp_icao,26693,TAKTI,EUROCONTROL NMOC,TAKTI,27.049722222222226,89.51555555555555,101000796038583
dp_icao,99897,TALAC,EUROCONTROL NMOC,TALAC,39.67050833333333,-84.18172777777778,101000746133429
dp_icao,123326,TALAC,EUROCONTROL NMOC,TALAC,-3.985,29.3,17820007
dp_icao,99899,TALAG,EUROCONTROL NMOC,TALAG,14.436666666666667,-87.14333333333335,17847269
dp_icao,123327,TALAG,EUROCONTROL NMOC,TALAG,-35.11472222222223,149.20416666666665,449968798
dp_icao,26718,TALMI,EUROCONTROL NMOC,TALMI,31.826666666666668,35.50388888888889,17851165
dp_icao,26719,TALMI,EUROCONTROL NMOC,TALMI,35.471000000000004,136.6238138888889,1613848850
dp_icao,99986,TAMMI,EUROCONTROL NMOC,TAMMI,20.092655555555556,-156.033475,101000746273707
dp_icao,123332,TAMMI,EUROCONTROL NMOC,TAMMI,-34.102222222222224,150.82805555555555,17870873
dp_other,11492,TANGO,DFS DEUTSCHE FLUGSICHERUNG GMBH,EDDC TANGO,51.045,13.815,400002193418108
dp_other,11493,TANGO,DFS DEUTSCHE FLUGSICHERUNG GMBH,EDDG TANGO,52.24166667,7.89166667,400002193418150
dp_icao,26770,TANGO,EUROCONTROL NMOC,TANGO,22.19,113.67,400003734936269
dp_icao,26771,TANGO,EUROCONTROL NMOC,TANGO,14.672847222222222,100.24237222222223,800001298608180
dp_adhp,4774,TANGO,SKEYES,ELLX VFR REP POINT TANGO,49.514722222222225,6.189722222222223,400001872196683
dp_adhp,4775,TANGO,SKEYES,EBAW VFR REP POINT TANGO,51.120555555555555,4.218888888888889,800001356333103
dp_icao,26776,TANNA,EUROCONTROL NMOC,TANNA,15.903333333333334,107.6588888888889,400002514430430
dp_icao,100043,TANNA,EUROCONTROL NMOC,TANNA,28.623619444444444,-96.59339999999999,17893581
dp_icao,26782,TANTA,EUROCONTROL NMOC,TANTA,34.26801666666667,134.45809722222222,449573421
dp_icao,123343,TANTA,EUROCONTROL NMOC,TANTA,-35.88055555555555,148.53166666666667,17870888
dp_icao,26794,TAPOS,EUROCONTROL NMOC,TAPOS,5.902222222222223,33.33388888888889,17820055
dp_icao,26795,TAPOS,EUROCONTROL NMOC,TAPOS,3.5259722222222223,11.518916666666668,97825281
dp_icao,26796,TAPPI,EUROCONTROL NMOC,TAPPI,41.13485,140.16512777777777,17857739
dp_other,11495,TAPPI,EUROCONTROL NMOC,TAPPI,62.79916667,25.68777778,400001713119651
dp_other,11496,TARA,CIVIL AVIATION AUTHORITY OF THE PHILIPPINES,TARA,14.409603333333333,120.83920583333332,1449453803
dp_other,11497,TARA,CIVIL AVIATION AUTHORITY OF THE PHILIPPINES,TARA ISLANDS,12.284166666666666,120.36416666666666,400005266479250
dp_icao,26805,TARAH,EUROCONTROL NMOC,TARAH,33.036113888888885,130.15943333333334,400002060403742
dp_icao,100106,TARAH,EUROCONTROL NMOC,TARAH,42.469908333333336,-83.18606666666668,259689830
dp_icao,26832,TASHA,EUROCONTROL NMOC,TASHA,42.19177222222222,59.71236944444445,17832018
dp_icao,100166,TASHA,EUROCONTROL NMOC,TASHA,42.64943611111111,-75.52044166666667,259688462
dp_icao,26849,TATAR,EUROCONTROL NMOC,TATAR,32.73946388888889,128.87459444444445,400004135772729
dp_icao,100192,TATAR,EUROCONTROL NMOC,TATAR,29.88708611111111,-98.80245833333333,17893635
dp_icao,26852,TATGU,EUROCONTROL NMOC,TATGU,12.890805555555556,41.57383333333334,87922475
dp_icao,26853,TATGU,EUROCONTROL NMOC,TATGU,13.412722222222223,25.06041666666667,400002146035136
dp_icao,26868,TAVAS,EUROCONTROL NMOC,TAVAS,37.58861111111111,29.24361111111111,92152554
dp_icao,123385,TAVAS,EUROCONTROL NMOC,TAVAS,-21.03005,20.999508333333335,17820088
dp_other,11507,TB101,EUROCONTROL NMOC,STAR 31L UGTB,41.5975,44.83527778,400004727561400
dp_other,11508,TB101,EUROCONTROL NMOC,TB101,49.1464778,16.7496389,800001510965486
dp_other,11509,TB102,EUROCONTROL NMOC,STAR 31L UGTB,41.54277778,44.45416667,400004727561403
dp_other,11510,TB102,EUROCONTROL NMOC,TB102,49.2887111,16.6577778,800001510965489
dp_other,11511,TB103,EUROCONTROL NMOC,STAR 31L UGTB,41.51222222,44.68583333,400004727561406
dp_other,11512,TB103,EUROCONTROL NMOC,TB103,49.1436444,16.7821333,800001510965492
dp_other,11515,TB106,EUROCONTROL NMOC,STAR 13R UGTB,41.83611111,44.47083333,400004727561415
dp_other,11516,TB106,EUROCONTROL NMOC,TB106,49.3771556,16.2214167,800001510965498
dp_other,11518,TB200,EUROCONTROL NMOC,TB200,49.1563778,16.6352167,400003067531020
dp_other,11519,TB200,EUROCONTROL NMOC,SID 31L UGTB,41.60111111,45.0375,400004727429959
dp_other,11521,TB202,EUROCONTROL NMOC,SID 13R UGTB,41.37472222,44.61416667,400004727429965
dp_other,11522,TB202,EUROCONTROL NMOC,TB202,49.1663444,16.5186722,800001510965504
dp_other,11523,TB203,EUROCONTROL NMOC,SID 13R UGTB,41.56111111,45.08694444,400004727429968
dp_other,11524,TB203,EUROCONTROL NMOC,TB203,49.2489028,16.5350222,800001510965507
dp_other,11525,TB204,EUROCONTROL NMOC,SID 13R UGTB,41.5325,45.23083333,400004727429971
dp_other,11526,TB204,EUROCONTROL NMOC,TB204,49.2102333,16.9796417,800001510965510
dp_other,11527,TB205,EUROCONTROL NMOC,SID 31L TAVRO 2D UGTB,41.80011111,44.78511111,400005567134982
dp_other,11528,TB205,EUROCONTROL NMOC,TB205,49.0557417,16.69105,800001510965513
dp_icao,26930,TECHI,EUROCONTROL NMOC,TECHI,28.512316666666667,129.76221388888888,400001846191740
dp_icao,100436,TECHI,EUROCONTROL NMOC,TECHI,36.98287222222223,-76.11450277777777,101002451256333
dp_other,11608,TECZ3,AIR NAVIGATION SERVICES OF THE CZECH REPUBLIC,TECZ3,49.35,16.2,400005824270806
dp_other,11609,TECZ3,AIR NAVIGATION SERVICES OF THE CZECH REPUBLIC,TECZ3,49.29,16.23,400005824334394
dp_other,11610,TECZ4,AIR NAVIGATION SERVICES OF THE CZECH REPUBLIC,TECZ4,49.38,16.1,400005824672818
dp_other,11611,TECZ4,AIR NAVIGATION SERVICES OF THE CZECH REPUBLIC,TECZ4,49.27,16.43,400005827431391
dp_adhp,8963,TEDDY,EUROCONTROL NMOC,TEDDY,-4.09845,55.55948055555555,400001667928391
dp_icao,100471,TEDDY,EUROCONTROL NMOC,TEDDY,13.733888888888888,-60.54888888888889,17847314
dp_icao,100472,TEDDY,EUROCONTROL NMOC,TEDDY,42.41965555555555,-88.64627777777778,17893806
dp_icao,26953,TEGAL,EUROCONTROL NMOC,TEGAL,2.935375,113.06112222222222,400002418937804
dp_icao,123416,TEGAL,EUROCONTROL NMOC,TEGAL,-31.7925,136.30222222222224,400004967888752
dp_icao,27012,TELMO,EUROCONTROL NMOC,TELMO,55.05461111,14.11627778,17843597
dp_icao,27013,TELMO,EUROCONTROL NMOC,TELMO,9.969185277777777,118.8594786111111,19189159
dp_icao,27035,TEMIS,EUROCONTROL NMOC,TEMIS,35.53380833333333,140.57355833333332,400001245028882
dp_icao,123438,TEMIS,EUROCONTROL NMOC,TEMIS,-37.20638888888889,145.835,400001932660886
dp_icao,27066,TENSO,EUROCONTROL NMOC,TENSO,32.29651111111111,132.81025833333334,83891726
dp_icao,100653,TENSO,EUROCONTROL NMOC,TENSO,53.600525000000005,-2.2075,230056461
dp_icao,27100,TERAS,EUROCONTROL NMOC,TERAS,32.98916666666667,129.623025,17857811
dp_icao,27101,TERAS,EUROCONTROL NMOC,TERAS,20.738611111111112,1.8244444444444445,18556906
dp_adhp,8964,TERRY,EUROCONTROL NMOC,TERRY,-4.551161111111111,55.429230555555556,400001667928388
dp_icao,100719,TERRY,EUROCONTROL NMOC,TERRY,46.72121666666667,-105.29573611111111,101000746278688
dp_icao,27133,TESLA,EUROCONTROL NMOC,TESLA,67.3425,91.92444444444445,1662560852
dp_icao,27134,TESLA,EUROCONTROL NMOC,TESLA,27.209930555555555,127.71271666666667,400002563058214
dp_icao,27143,TEST2,SLOVENIA DIRECTORATE OF AVIATION AND MARITIME TRANSPORT,TEST2,45.53515,13.9815111,400005821163130
dp_other,11624,TEST2,SLOVENIA DIRECTORATE OF AVIATION AND MARITIME TRANSPORT,TEST1,45.65412315,14.92897813,400005820108275
dp_icao,27163,TETRO,EUROCONTROL NMOC,TETRO,41.6725,42.85972222,95497139
dp_icao,123486,TETRO,EUROCONTROL NMOC,TETRO,-25.486666666666668,40.0,17820175
dp_other,15138,THR08,AIRNAV IRELAND,THR08 EIKN,53.90853333333333,-8.833461111111111,400001901426766
dp_other,15139,THR08,AIRNAV IRELAND,THR08 EIKY,52.17798611111111,-9.537627777777777,400001940126786
dp_other,15140,THR16,AIRNAV IRELAND,THR EIDW 16,53.436988888888884,-6.261977777777778,101000630517847
dp_other,15141,THR16,AIRNAV IRELAND,EICK THR16,51.85026944444444,-8.496438888888887,101000833639701
dp_other,15143,THR26,AIRNAV IRELAND,,53.91231388888889,-8.801327777777779,400001901426769
dp_other,15144,THR26,AIRNAV IRELAND,THR 26 EIKY,52.18376666666666,-9.50993888888889,400001942487349
dp_other,15145,THR34,AIRNAV IRELAND,THR 34 EIDW,53.41990555555555,-6.249594444444445,101000630517851
dp_other,15146,THR34,AIRNAV IRELAND,EICK THR34,51.83226666666667,-8.485788888888887,101000833639705
dp_adhp,8975,TIBET,EUROCONTROL NMOC,TIBET,-1.3509166666666668,36.374,400001979744839
dp_icao,27200,TIBET,EUROCONTROL NMOC,TIBET,45.35,37.13333333333333,400002089128469
dp_icao,27207,TIBRI,EUROCONTROL NMOC,TIBRI,42.410555555555554,18.554166666666667,17843701
dp_icao,27208,TIBRI,EUROCONTROL NMOC,TIBRI,35.97492777777778,133.14008611111112,400001318498678
dp_icao,27234,TIGER,EUROCONTROL NMOC,TIGER,51.067172222222226,0.4393166666666667,17843710
dp_icao,27235,TIGER,EUROCONTROL NMOC,TIGER,34.680675,135.17130555555553,400001877869683
dp_icao,101165,TIGER,EUROCONTROL NMOC,TIGER,35.73373333333333,-119.63326666666666,101000746157559
dp_icao,27243,TIGRA,EUROCONTROL NMOC,TIGRA,40.056666666666665,19.0,17843713
dp_icao,27244,TIGRA,EUROCONTROL NMOC,TIGRA,38.426880555555556,139.20843055555554,400001828949483
dp_icao,101187,TIGRE,EUROCONTROL NMOC,TIGRE,10.4865,-83.81061111111111,17847341
dp_icao,101188,TIGRE,EUROCONTROL NMOC,TIGRE,8.765833333333333,-70.28555555555555,17863406
dp_adhp,8978,TIKEM,EUROCONTROL NMOC,TIKEM,-15.512,46.17380555555555,18560524
dp_icao,123542,TIKEM,EUROCONTROL NMOC,TIKEM,-18.791877777777778,16.454880555555555,400003409280905
dp_icao,27278,TILLY,EUROCONTROL NMOC,TILLY,17.194166666666668,133.9561111111111,17857835
dp_icao,123557,TILLY,EUROCONTROL NMOC,TILLY,-22.800155555555556,17.02027777777778,400002395814668
dp_adhp,4843,TIMAK,EUROCONTROL NMOC,TIMAK,0.44869444444444445,34.97986111111111,400001979744846
dp_icao,123560,TIMAK,EUROCONTROL NMOC,TIMAK,-5.333333333333333,10.0,300000546129395
dp_other,11658,TIN,CIVIL AVIATION AUTHORITY OF THE PHILIPPINES,TINAMBAC,13.818333333333333,123.32694444444444,400003012036302
dp_other,11659,TIN,CIVIL AVIATION AUTHORITY OF THE PHILIPPINES,TINAGAKAN,6.210833333333333,125.23611111111111,400005266479306
dp_icao,27352,TINTO,EUROCONTROL NMOC,TINTO,41.47813797,11.067914,17843782
dp_icao,27353,TINTO,EUROCONTROL NMOC,TINTO,26.125741666666666,127.170325,400004164943278
dp_adhp,4864,TL051,EUROCONTROL NMOC,,36.625277777777775,129.6225,400005202978374
dp_other,11671,TL051,EUROCONTROL NMOC,TL051,48.19627783,7.79496178,101002030225301
dp_adhp,4865,TL053,EUROCONTROL NMOC,,36.689722222222215,129.49555555555554,400005202978377
dp_other,11673,TL053,EUROCONTROL NMOC,TL053 / 6.0 DME LRD,48.27737017,7.75362781,400002077338554
dp_adhp,4866,TL055,EUROCONTROL NMOC,,36.856944444444444,129.4308333333333,400005202978380
dp_other,11675,TL055,EUROCONTROL NMOC,TL055,48.3369274,8.43549547,400002234119035
dp_icao,101700,TOLAN,EUROCONTROL NMOC,TOLAN,65.60306,-49.34861,17843875
dp_icao,101701,TOLAN,EUROCONTROL NMOC,TOLAN,40.36607222222222,-74.4229888888889,17894098
dp_icao,27622,TOLGA,EUROCONTROL NMOC,TOLGA,34.8,6.652222222222223,244346160
dp_icao,101707,TOLGA,EUROCONTROL NMOC,TOLGA,45.881116666666664,-118.21090833333334,17894101
dp_icao,27654,TOMIE,EUROCONTROL NMOC,TOMIE,32.57230833333334,128.77926666666667,400001725651505
dp_icao,101750,TOMIE,EUROCONTROL NMOC,TOMIE,43.16965833333333,-71.45701111111111,17894122
dp_icao,27675,TOMUD,EUROCONTROL NMOC,TOMUD,5.903611111111111,117.05222222222221,476700678
dp_icao,27676,TOMUD,EUROCONTROL NMOC,TOMUD,21.8575,112.54722222222222,101002175773321
dp_icao,27692,TONIC,EUROCONTROL NMOC,TONIC,22.2133,113.72273611111112,400001314817313
dp_icao,101790,TONIC,EUROCONTROL NMOC,TONIC,42.176030555555556,-88.54913611111111,101000746215587
dp_icao,27693,TONIK,EUROCONTROL NMOC,TONIK,32.00380555555556,145.99641388888887,17857889
dp_icao,27694,TONIK,EUROCONTROL NMOC,TONIK,9.293366666666666,101.98521666666667,103175387
dp_icao,101792,TONIO,EUROCONTROL NMOC,TONIO,37.254222222222225,-83.02986944444444,17894140
dp_icao,101793,TONIO,EUROCONTROL NMOC,TONIO,10.191666666666666,-85.42991666666667,1327068159
dp_icao,27723,TOPAZ,EUROCONTROL NMOC,TOPAZ,38.087988888888894,141.14263888888888,1293838630
dp_icao,101839,TOPAZ,EUROCONTROL NMOC,TOPAZ,38.96030833333334,-90.10981388888888,101000746157381
dp_icao,27789,TOSAM,EUROCONTROL NMOC,TOSAM,5.167736111111111,100.293675,400002418941792
dp_icao,123622,TOSAM,EUROCONTROL NMOC,TOSAM,-21.78766666666667,165.8296388888889,17871287
dp_icao,27793,TOSAS,EUROCONTROL NMOC,TOSAS,31.316666666666666,121.525,400002412235233
dp_icao,123623,TOSAS,EUROCONTROL NMOC,TOSAS,-12.0,147.09833333333333,17871290
dp_other,11790,TP1,BUNDESWEHR,NORTHSEA TP 1,54.77121567,6.90497511,400003246195649
dp_other,11796,TP1,BUNDESWEHR,LILLY TP 1,53.87969453,8.60985147,400004827297909
dp_other,11799,TP1,BUNDESWEHR,SANDRA TP1,53.01600358,8.133392,400005714772603
dp_other,11784,TP1,EUROCONTROL NMOC,TP R265 MUN,48.17183219,11.59447598,400002603558965
dp_other,11785,TP1,EUROCONTROL NMOC,SID27 6.0 DME MND,49.45334997,8.36501531,400002677038444
dp_other,11786,TP1,EUROCONTROL NMOC,ANGIE TP 1,48.60495667,8.03331489,400003246195577
dp_other,11787,TP1,EUROCONTROL NMOC,GRETCHEN TP 1,48.23300442,10.67706844,400003246195589
dp_other,11788,TP1,EUROCONTROL NMOC,GRETCHEN LOW TP 1,48.46788081,10.48852167,400003246195601
dp_other,11789,TP1,EUROCONTROL NMOC,JOJO TP 1,51.62581189,6.29127228,400003246195613
dp_other,11791,TP1,EUROCONTROL NMOC,SAXON TP 1,51.07920314,12.57346544,400003246195676
dp_other,11792,TP1,EUROCONTROL NMOC,VIRGIN TP 1,49.61352531,8.00310697,400003246195703
dp_other,11793,TP1,EUROCONTROL NMOC,JANIN TP 1,54.17008514,12.46998144,400003246195715
dp_other,11794,TP1,EUROCONTROL NMOC,TINA TP 1,53.87867519,13.1630155,400003246195727
dp_other,11795,TP1,EUROCONTROL NMOC,MERLE TP 1,54.01297067,11.70247883,400003246195739
dp_other,11797,TP1,EUROCONTROL NMOC,NELE TP 1,54.48052864,13.66451661,400005111861423
dp_other,11798,TP1,EUROCONTROL NMOC,LUCA TP1,49.57611875,7.7101355,400005509370436
dp_other,11810,TP2,BUNDESWEHR,NORTHSEA TP 2,54.17256161,7.12122403,400003246195655
dp_other,11817,TP2,BUNDESWEHR,LILLY TP 2,53.47834447,7.97428064,400004827297894
dp_other,11820,TP2,BUNDESWEHR,SANDRA TP2,52.48972633,7.71468644,400005714772573
dp_other,11803,TP2,EUROCONTROL NMOC,13.4 DME FHH/21,49.75628383,7.06805581,400002378153531
dp_other,11804,TP2,EUROCONTROL NMOC,TP 12.9 DME MUN,48.22073553,11.50098328,400002603558968
dp_other,11805,TP2,EUROCONTROL NMOC,GRETCHEN TP 2,48.45511094,9.8956785,400003246195595
dp_other,11806,TP2,EUROCONTROL NMOC,GRETCHEN LOW TP 2,48.01133478,9.89135731,400003246195607
dp_other,11807,TP2,EUROCONTROL NMOC,JOJO TP 2,51.1737165,6.75709822,400003246195619
dp_other,11808,TP2,EUROCONTROL NMOC,KIM LONG TP 2,52.56066981,7.9818055,400003246195631
dp_other,11809,TP2,EUROCONTROL NMOC,KIM SHORT TP 2,53.41583769,8.94368192,400003246195643
dp_other,11811,TP2,EUROCONTROL NMOC,ANGIE TP 2,48.05568547,8.10563014,400003246195682
dp_other,11812,TP2,EUROCONTROL NMOC,VIRGIN TP 2,49.48383731,6.89835536,400003246195709
dp_other,11813,TP2,EUROCONTROL NMOC,JANIN TP 2,53.29654939,12.46341992,400003246195721
dp_other,11814,TP2,EUROCONTROL NMOC,TINA TP 2,53.25461806,13.26953383,400003246195733
dp_other,11815,TP2,EUROCONTROL NMOC,MERLE TP 2,53.55699092,11.82187392,400003246195745
dp_other,11816,TP2,EUROCONTROL NMOC,SAXON TP 2,50.64295411,12.41062761,400003246195748
dp_other,11818,TP2,EUROCONTROL NMOC,NELE TP 2,54.44238381,12.9774695,400005111861429
dp_other,11819,TP2,EUROCONTROL NMOC,LUCA TP2,49.24832944,8.21318964,400005509370442
dp_other,11821,TP3,EUROCONTROL NMOC,TP 13.6 DME MUN,48.22294003,11.48357589,400002603558971
dp_other,11822,TP3,EUROCONTROL NMOC,SID27 29.0 DME RID,49.32332858,8.32722231,400002677038447
dp_other,11833,TP5,EUROCONTROL NMOC,TP 4.0 DME MAH,48.24051381,11.40638772,400002603558977
dp_other,11834,TP5,EUROCONTROL NMOC,SID27 4.0 DME MND,49.46033711,8.41505086,400002677038450
dp_icao,27881,TRACY,EUROCONTROL NMOC,TRACY,34.66368611111111,134.76328333333333,203451001
dp_icao,102122,TRACY,EUROCONTROL NMOC,TRACY,37.73143888888889,-121.45930277777778,17894226
dp_icao,27885,TRAPI,EUROCONTROL NMOC,TRAPI,41.68055277777778,140.90195,400003719458424
dp_icao,102152,TRAPI,EUROCONTROL NMOC,TRAPI,33.495780555555555,-83.16145277777778,17894265
dp_adhp,4908,TRECE,CIVIL AVIATION AUTHORITY OF THE PHILIPPINES,TRECE,14.27538888888889,120.88527777777779,101003596559738
dp_other,11852,TRECE,CIVIL AVIATION AUTHORITY OF THE PHILIPPINES,TRECE MARTIRES,14.280000000000001,120.86694444444444,400004966357523
dp_icao,27893,TRIKE,EUROCONTROL NMOC,TRIKE,34.79756388888889,137.28484722222223,93392216
dp_icao,102220,TRIKE,EUROCONTROL NMOC,TRIKE,38.840155555555555,-94.25238888888889,17894298
dp_icao,102226,TRINA,EUROCONTROL NMOC,TRINA,46.17565555555555,-118.19652777777779,101000746213113
dp_icao,123639,TRINA,EUROCONTROL NMOC,TRINA,-32.39277777777778,151.71055555555554,1042216464
dp_adhp,4911,TUBAY,CIVIL AVIATION AUTHORITY OF THE PHILIPPINES,TUBAY,9.176944444444445,125.36722222222221,400001986483175
dp_other,11883,TUBAY,CIVIL AVIATION AUTHORITY OF THE PHILIPPINES,TUBAY SHORELINE,9.205277777777777,125.55416666666666,400005120062691
dp_icao,27910,TUBBY,EUROCONTROL NMOC,TUBBY,22.507058333333333,116.67345833333334,1119441416
dp_icao,102429,TUBBY,EUROCONTROL NMOC,TUBBY,40.95868055555556,-111.90879444444445,101000746139432
dp_icao,28004,TULIP,EUROCONTROL NMOC,TULIP,52.36775,3.85730833,17844082
dp_icao,28005,TULIP,EUROCONTROL NMOC,TULIP,36.738036111111114,137.21431666666666,400000900504935
dp_icao,102632,TULIP,EUROCONTROL NMOC,TULIP,41.91166388888889,-121.52842222222222,17894436
dp_icao,28284,TYLER,EUROCONTROL NMOC,TYLER,35.44735555555555,140.63549166666667,400001245028885
dp_icao,102970,TYLER,EUROCONTROL NMOC,TYLER,38.59781111111111,-76.87768888888888,400001661955449
dp_icao,28932,UNARI,EUROCONTROL NMOC,UNARI,65.19861111111112,42.29055555555556,99799097
dp_icao,28933,UNARI,EUROCONTROL NMOC,UNARI,35.75382777777778,140.9602972222222,400003150500681
dp_icao,104307,UNKER,EUROCONTROL NMOC,UNKER,43.34866388888889,-72.24458333333334,17894703
dp_icao,123882,UNKER,EUROCONTROL NMOC,UNKER,-21.598333333333333,37.16,400001170024471
dp_icao,29102,UNUTU,EUROCONTROL NMOC,UNUTU,3.1233333333333335,20.245,17820502
dp_icao,29103,UNUTU,EUROCONTROL NMOC,UNUTU,28.368533333333335,130.0012888888889,400002474913711
dp_icao,123951,UPNOR,EUROCONTROL NMOC,UPNOR,-29.063333333333333,134.02361111111114,400004967888785
dp_other,11974,UPNOR,EUROCONTROL NMOC,NORTH,67.28305556,23.17527778,101000833855052
dp_icao,29347,URMAN,EUROCONTROL NMOC,URMAN,61.77055555555555,68.11361111111111,18562620
dp_icao,104553,URMAN,EUROCONTROL NMOC,URMAN,17.509444444444444,-76.24888888888889,101117405
dp_icao,29386,USAGA,EUROCONTROL NMOC,USAGA,40.30416666666667,49.05083333333333,19339144
dp_icao,29387,USAGA,EUROCONTROL NMOC,USAGA,64.76805555555555,107.0,400004062710309
dp_icao,29472,USUBA,EUROCONTROL NMOC,USUBA,9.31638888888889,34.353611111111114,17820538
dp_icao,29473,USUBA,EUROCONTROL NMOC,USUBA,38.53722777777777,140.16246666666666,101002546199177
dp_icao,29479,USUNO,EUROCONTROL NMOC,USUNO,12.045277777777777,36.399166666666666,447444663
dp_icao,124031,USUNO,EUROCONTROL NMOC,USUNO,-23.485,20.0,400000552235837
dp_icao,29527,UTIMA,EUROCONTROL NMOC,UTIMA,57.15555555555555,88.30944444444444,101000790475705
dp_icao,29528,UTIMA,EUROCONTROL NMOC,UTIMA,24.846702777777775,125.35046388888888,101003337466918
dp_icao,29560,UTVEX,EUROCONTROL NMOC,UTVEX,13.846666666666668,38.76,400003117327123
dp_icao,124084,UTVEX,EUROCONTROL NMOC,UTVEX,-21.006230555555554,25.217930555555554,400001962191762
dp_icao,29699,VADAR,EUROCONTROL NMOC,VADAR,46.65722222,6.75361111,17844318
dp_icao,29700,VADAR,EUROCONTROL NMOC,VADAR,35.09926666666667,139.86218333333332,400001850936886
dp_icao,29705,VADEN,EUROCONTROL NMOC,VADEN,42.065555555555555,27.21611111111111,17851445
dp_icao,105312,VADEN,EUROCONTROL NMOC,VADEN,30.523869444444443,-86.64520555555556,17894808
dp_icao,29832,VAMOS,EUROCONTROL NMOC,VAMOS,35.20429722222222,139.76212222222222,400003150500688
dp_icao,105391,VAMOS,EUROCONTROL NMOC,VAMOS,1.4166666666666667,-80.025,17863757
dp_icao,30062,VEGAR,EUROCONTROL NMOC,VEGAR,30.007430555555555,130.7458972222222,101000871278995
dp_icao,105587,VEGAR,EUROCONTROL NMOC,VEGAR,53.04271111111111,-1.9731750000000001,98323114
dp_icao,105588,VEGAR,EUROCONTROL NMOC,VEGAR,21.903055555555554,-85.21166666666667,400004999448611
dp_icao,30135,VELLA,EUROCONTROL NMOC,VELLA,34.4462,133.07435555555554,400001877869741
dp_icao,105625,VELLA,EUROCONTROL NMOC,VELLA,20.120652777777778,-155.3483277777778,17858093
dp_icao,30238,VERDI,EUROCONTROL NMOC,VERDI,33.68611111111111,135.045,93392257
dp_icao,105692,VERDI,EUROCONTROL NMOC,VERDI,39.483291666666666,-119.91697222222223,17894958
dp_icao,30265,VESEL,EUROCONTROL NMOC,VESEL,34.568711111111114,139.17835277777777,762351702
dp_icao,30266,VESEL,EUROCONTROL NMOC,VESEL,49.65,29.69527777777778,300000385709275
dp_icao,30323,VEXOD,EUROCONTROL NMOC,VEXOD,11.218055555555555,39.20722222222223,400003117327144
dp_icao,124306,VEXOD,EUROCONTROL NMOC,VEXOD,-6.5909555555555555,29.033333333333335,101002122206609
dp_other,15839,VFA07,EUROCONTROL NMOC,VFA287007,37.04348714,-8.11583222,101001079213724
dp_other,15840,VFA07,EUROCONTROL NMOC,VFA090007,36.99937744,-7.83042467,101001079213744
dp_icao,105943,VICKI,EUROCONTROL NMOC,VICKI,30.392647222222223,-88.62832222222221,17894997
dp_icao,124313,VICKI,EUROCONTROL NMOC,VICKI,-35.11527777777778,149.21527777777777,224674352
dp_icao,105947,VICKY,EUROCONTROL NMOC,VICKY,22.30527777777778,-103.89750000000001,17847530
dp_icao,105948,VICKY,EUROCONTROL NMOC,VICKY,34.68545555555555,-118.31061388888888,17895006
dp_icao,105950,VICMA,EUROCONTROL NMOC,VICMA,31.950805555555554,-106.37601388888888,400001375739544
dp_icao,124314,VICMA,EUROCONTROL NMOC,VICMA,-34.71,138.5175,400001552099412
dp_icao,30435,VIOLA,EUROCONTROL NMOC,VIOLA,27.22138888888889,122.94111111111111,755085051
dp_icao,106216,VIOLA,EUROCONTROL NMOC,VIOLA,26.95095,-82.33237222222222,17895069
dp_icao,30467,VISTA,EUROCONTROL NMOC,VISTA,34.435827777777774,133.139025,400002145251308
dp_icao,106310,VISTA,EUROCONTROL NMOC,VISTA,33.21907222222222,-117.23449722222222,17895096
dp_icao,30477,VIXEN,EUROCONTROL NMOC,VIXEN,36.226647222222226,140.66309444444445,400003150500714
dp_icao,106442,VIXEN,EUROCONTROL NMOC,VIXEN,55.83298055555556,-132.11001944444445,259695611
dp_other,15980,VLV25,NAV CANADA,VLV104025,45.95425,-70.24525,259232886
dp_other,15981,VLV25,NAV CANADA,VLV083025,46.09978888888889,-70.30323333333332,259243269
dp_other,16847,VS378,AIRWAYS CORPORATION OF NEW ZEALAND LTD,CIRCLES,-41.58554166666667,173.70256944444444,400004521635532
dp_other,16848,VS378,AIRWAYS CORPORATION OF NEW ZEALAND LTD,COW SHEDS,-44.230555555555554,170.27083333333334,400004569975970
dp_other,12350,VZU08,EUROCONTROL NMOC,VZU244008,3.973888888888889,114.67555555555556,75120849
dp_other,12351,VZU08,EUROCONTROL NMOC,VZU290008,4.074852777777777,114.66855555555556,75120855
dp_other,12379,W,AUSTRO CONTROL GMBH,W (LOAV),47.99333333,16.19805556,400002467754084
dp_other,12380,W,AUSTRO CONTROL GMBH,WHISKEY (LOWZ),47.28027778,12.66722222,400002848344194
dp_other,12381,W,AUSTRO CONTROL GMBH,WHISKEY (LOLW),48.17777778,13.99194444,400002990029909
dp_other,12382,W,AUSTRO CONTROL GMBH,W (LOIH),47.44666667,9.69166667,400003130583705
dp_other,12383,W,AUSTRO CONTROL GMBH,WHISKEY (LOGG),47.12333333,16.20833333,400004901764689
dp_other,12384,W,AUSTRO CONTROL GMBH,W (LOAB),48.9,15.25833333,400004901764704
dp_other,12385,W,AUSTRO CONTROL GMBH,W (LOAR),48.67111111,16.75583333,400004901764731
dp_other,12386,W,AUSTRO CONTROL GMBH,WHISKEY (LOGK),47.435,15.23333333,400004901772428
dp_other,12387,W,AUSTRO CONTROL GMBH,WHISKEY (LOGT),47.38833333,14.895,400004901772485
dp_other,12388,W,AUSTRO CONTROL GMBH,W (LOGO),47.44,13.93333333,400004901772494
dp_other,12389,W,AUSTRO CONTROL GMBH,W (LOIR),47.42333333,10.595,400004901772497
dp_other,12390,W,AUSTRO CONTROL GMBH,WHISKEY (LOKL),46.83333333,12.78333333,400004901887142
dp_other,12391,W,AUSTRO CONTROL GMBH,W (LOLG),48.08666667,14.91,400004936500030
dp_other,12393,W,AUSTRO CONTROL GMBH,WHISKEY (LOWS),47.77138889,12.93472222,400005564007493
dp_other,12353,W,DFS DEUTSCHE FLUGSICHERUNG GMBH,EDAH WHISKEY,53.84666667,13.92833333,400002193418063
dp_other,12354,W,DFS DEUTSCHE FLUGSICHERUNG GMBH,EDDG WHISKEY,52.055,7.61666667,400002193418153
dp_other,12355,W,DFS DEUTSCHE FLUGSICHERUNG GMBH,EDDS WHISKEY,48.72666667,9.06833333,400002193418264
dp_other,12356,W,DFS DEUTSCHE FLUGSICHERUNG GMBH,EDDV WHISKEY 1,52.33166667,9.41,400002193418291
dp_other,12357,W,DFS DEUTSCHE FLUGSICHERUNG GMBH,EDDV WHISKEY 2,52.40694444,9.50359167,400002193418294
dp_other,12358,W,DFS DEUTSCHE FLUGSICHERUNG GMBH,EDDW WHISKEY,52.97333333,8.61666667,400002193418306
dp_other,12359,W,DFS DEUTSCHE FLUGSICHERUNG GMBH,EDFH WHISKEY,49.915,7.09,400002193418318
dp_other,12360,W,DFS DEUTSCHE FLUGSICHERUNG GMBH,EDFM WHISKEY,49.41833333,8.44833333,400002193418333
dp_other,12361,W,DFS DEUTSCHE FLUGSICHERUNG GMBH,EDHL WHISKEY,53.83166667,10.55333333,400002193418348
dp_other,12362,W,DFS DEUTSCHE FLUGSICHERUNG GMBH,EDLN WHISKEY,51.21,6.37833333,400002193418372
dp_other,12363,W,DFS DEUTSCHE FLUGSICHERUNG GMBH,EDLP WHISKEY 1,51.50972222,8.63833333,400002193418384
dp_other,12364,W,DFS DEUTSCHE FLUGSICHERUNG GMBH,EDLP WHISKEY 2,51.54694444,8.64583333,400002193418387
dp_other,12365,W,DFS DEUTSCHE FLUGSICHERUNG GMBH,EDLW WHISKEY,51.57833333,7.54,400002193418405
dp_other,12366,W,DFS DEUTSCHE FLUGSICHERUNG GMBH,EDMA WHISKEY 1,48.41666667,10.72,400002193418429
dp_other,12367,W,DFS DEUTSCHE FLUGSICHERUNG GMBH,EDMA WHISKEY 2,48.42086194,10.82007986,400002193418432
dp_other,12368,W,DFS DEUTSCHE FLUGSICHERUNG GMBH,EDMO WHISKEY,48.08333333,11.15,400002193418441
dp_other,12369,W,DFS DEUTSCHE FLUGSICHERUNG GMBH,EDNY WHISKEY,47.67833333,9.38666667,400002193418453
dp_other,12370,W,DFS DEUTSCHE FLUGSICHERUNG GMBH,EDPR WHISKEY,48.7,10.71333333,400002193418471
dp_other,12371,W,DFS DEUTSCHE FLUGSICHERUNG GMBH,EDSB WHISKEY,48.82833333,8.005,400002193418501
dp_other,12372,W,DFS DEUTSCHE FLUGSICHERUNG GMBH,EDTL WHISKEY,48.43666667,7.76833333,400002193418519
dp_other,12373,W,DFS DEUTSCHE FLUGSICHERUNG GMBH,EDVE WHISKEY 1,52.34,10.35666667,400002193418552
dp_other,12374,W,DFS DEUTSCHE FLUGSICHERUNG GMBH,EDVE WHISKEY 2,52.31666667,10.48333333,400002193418555
dp_other,12375,W,DFS DEUTSCHE FLUGSICHERUNG GMBH,EDVK WHISKEY 1,51.37833333,9.21805556,400002193418567
dp_other,12376,W,DFS DEUTSCHE FLUGSICHERUNG GMBH,EDVK WHISKEY 2,51.38611111,9.35166667,400002193418579
dp_other,12377,W,DFS DEUTSCHE FLUGSICHERUNG GMBH,EDWN WHISKEY,52.45833333,7.06666667,400002193418585
dp_other,12378,W,DFS DEUTSCHE FLUGSICHERUNG GMBH,EDXW WHISKEY,54.88211389,8.2634,400002193418609
dp_other,12394,W1,AUSTRO CONTROL GMBH,W1 (LOWK),46.61,14.05194444,400002467753764
dp_other,12395,W1,AUSTRO CONTROL GMBH,WHISKEY 1 (LOWI),47.27777778,10.96416667,400002467753813
dp_other,12397,W1,AUSTRO CONTROL GMBH,W1 (LOAU),48.44166667,16.16333333,400004901764671
dp_other,12398,W1,AUSTRO CONTROL GMBH,W1 (LOGG),47.18666667,16.23333333,400005245660878
dp_other,12403,W2,AUSTRO CONTROL GMBH,W2 (LOWK),46.5475,14.26222222,400002467753870
dp_other,12404,W2,AUSTRO CONTROL GMBH,WHISKEY 2 (LOWI),47.28638889,11.16972222,400002467753902
dp_other,12406,W2,AUSTRO CONTROL GMBH,W2 (LOAU),48.41,16.14166667,400004901764722
dp_other,12411,W3,AUSTRO CONTROL GMBH,W3 (LOWK),46.61916667,14.2525,400002467753974
dp_other,12413,W3,AUSTRO CONTROL GMBH,W3 (LOAU),48.40166667,16.16833333,400004901764659
dp_icao,30606,WAKSA,EUROCONTROL NMOC,WAKSA,42.99194722222222,141.63693055555555,800001084663070
dp_icao,107947,WAKSA,EUROCONTROL NMOC,WAKSA,58.49093611111111,-156.2545111111111,259672074
dp_icao,30610,WALIN,EUROCONTROL NMOC,WALIN,22.094472222222223,113.97866666666667,400003734936272
dp_icao,107998,WALIN,EUROCONTROL NMOC,WALIN,35.31143888888889,-78.06894166666666,259692620
dp_icao,108288,WARTY,EUROCONTROL NMOC,WARTY,33.384508333333336,-111.62905277777777,101000746294070
dp_icao,124406,WARTY,EUROCONTROL NMOC,WARTY,-33.906388888888884,154.11555555555555,17871593
dp_icao,30625,WASPY,EUROCONTROL NMOC,WASPY,27.444791666666667,123.1551,800000544453180
dp_icao,108354,WASPY,EUROCONTROL NMOC,WASPY,30.026077777777775,-93.64734722222222,17895929
dp_icao,30627,WATCH,EUROCONTROL NMOC,WATCH,35.59064166666667,132.98516388888888,400002240985494
dp_icao,108373,WATCH,EUROCONTROL NMOC,WATCH,42.04329444444444,-83.46368611111112,259676303
dp_icao,30628,WAVES,EUROCONTROL NMOC,WAVES,34.570008333333334,139.35809444444445,762352699
dp_icao,108455,WAVES,EUROCONTROL NMOC,WAVES,37.587094444444446,-77.44778611111111,400001562561016
dp_icao,30643,WEMAR,EUROCONTROL NMOC,WEMAR,50.98305833,11.25198056,17844732
dp_icao,108920,WEMAR,EUROCONTROL NMOC,WEMAR,29.660319444444443,-97.01040277777778,17896103
dp_icao,30653,WESTY,EUROCONTROL NMOC,WESTY,58.94830325,5.17931019,18437110
dp_icao,109179,WESTY,EUROCONTROL NMOC,WESTY,35.97632777777778,-93.96058611111111,17896160
dp_icao,30662,WHALE,EUROCONTROL NMOC,WHALE,32.74333333333333,20.55,228618969
dp_icao,30663,WHALE,EUROCONTROL NMOC,WHALE,25.867569444444445,131.079625,400001846191636
dp_icao,109335,WHALE,EUROCONTROL NMOC,WHALE,42.19777777777777,-67.0,17896190
dp_icao,124423,WHALE,EUROCONTROL NMOC,WHALE,-33.985,151.57805555555555,18561224
dp_icao,30664,WHARF,EUROCONTROL NMOC,WHARF,36.122930555555556,140.09198333333333,400003150500737
dp_icao,109342,WHARF,EUROCONTROL NMOC,WHARF,42.06968055555556,-103.85168055555555,17896199
dp_icao,30665,WHITE,EUROCONTROL NMOC,WHITE,42.93313333333333,141.661475,17858201
dp_icao,109387,WHITE,EUROCONTROL NMOC,WHITE,40.00675555555556,-74.25128055555555,17896247
dp_icao,30667,WILBA,EUROCONTROL NMOC,WILBA,34.67144166666667,136.85024166666665,93406681
dp_icao,109689,WILBA,EUROCONTROL NMOC,WILBA,26.69343888888889,-80.34763055555555,101000746169392
dp_icao,109733,WILLO,EUROCONTROL NMOC,WILLO,50.984966666666665,-0.19174999999999998,18358365
dp_icao,109734,WILLO,EUROCONTROL NMOC,WILLO,38.79985555555555,-121.38336944444445,101000746285114
dp_icao,30672,WIMPY,EUROCONTROL NMOC,WIMPY,34.52079166666667,134.4859111111111,400001139169007
dp_icao,109814,WIMPY,EUROCONTROL NMOC,WIMPY,42.47995,-70.61351944444444,17896385
dp_adhp,5065,WISKY,SKEYES,EBAW VFR REP POINT WISKY,51.080000000000005,4.366388888888888,800001356333128
dp_adhp,5066,WISKY,SKEYES,EBLG VFR REP POINT WISKY,50.58083333333334,5.210555555555556,800001467618547
dp_other,12627,WM001,EUROCONTROL NMOC,KUANTAN TMA BOUNDARY WEST,3.562777777777778,102.7625,463899683
dp_other,12628,WM001,EUROCONTROL NMOC,ECHO,52.6832985,7.4537775,400001706535053
dp_icao,30690,WOODY,EUROCONTROL NMOC,WOODY,33.12682777777778,131.49225277777776,17858225
dp_icao,124445,WOODY,EUROCONTROL NMOC,WOODY,-27.238055555555558,152.40472222222223,209462746
dp_other,12960,X,AUSTRO CONTROL GMBH,X (LOAV),48.0,16.29888889,400002467760924
dp_other,12961,X,AUSTRO CONTROL GMBH,X (LOAU),48.43166667,16.19333333,400004901764653
dp_icao,113337,YOGGI,EUROCONTROL NMOC,YOGGI,40.893025,-83.70037777777777,101000701650398
dp_icao,124552,YOGGI,EUROCONTROL NMOC,YOGGI,-32.552499999999995,151.8972222222222,355585091
dp_icao,31022,YOHKO,EUROCONTROL NMOC,YOHKO,39.15145277777778,139.63516666666666,400002188852691
dp_icao,113363,YOHKO,EUROCONTROL NMOC,YOHKO,41.39038611111111,-83.51101388888888,259694360
dp_icao,31053,YUCCA,EUROCONTROL NMOC,YUCCA,38.151805555555555,141.02562222222224,1293838640
dp_icao,113604,YUCCA,EUROCONTROL NMOC,YUCCA,34.10349444444444,-116.52096944444445,17896919
dp_icao,31083,YUTAN,EUROCONTROL NMOC,YUTAN,33.79988611111111,129.8103638888889,400001792327377
dp_icao,113763,YUTAN,EUROCONTROL NMOC,YUTAN,41.117333333333335,-96.52704444444444,17896951
dp_icao,31113,ZAKMI,EUROCONTROL NMOC,ZAKMI,26.407777777777778,127.62013611111111,400003424684659
dp_icao,114010,ZAKMI,EUROCONTROL NMOC,ZAKMI,40.47446388888889,-91.17185555555557,101000746260049
dp_icao,31171,ZIPPY,EUROCONTROL NMOC,ZIPPY,26.146955555555554,120.15360555555556,400003440562497
dp_icao,115516,ZIPPY,EUROCONTROL NMOC,ZIPPY,39.97259444444445,-86.29963611111111,17897110
dp_adhp,5182,ZUDUX,EUROCONTROL NMOC,ZUDUX,35.88361111111111,126.62083333333332,400005109918710
dp_icao,31202,ZUDUX,EUROCONTROL NMOC,ZUDUX,26.345555555555553,106.16861111111112,400003948622415
